# Sub-step trajectory dumped from cool_segment.
# stride =  5.000E-01 s (min time between samples)
# columns: t[s]   T[K]
0.0000000E+000 2.7250000E+000
3.7976681E+000 2.7249928E+000
3.7976681E+000 2.7249928E+000
3.7976681E+000 1.0387162E+001
3.7976681E+000 1.0387162E+001
1.2739238E+002 1.0306323E+001
1.2739238E+002 1.0306323E+001
1.2739238E+002 1.1692250E+001
1.2739238E+002 1.1692250E+001
1.2794591E+002 1.1691670E+001
1.2794591E+002 1.1691670E+001
1.2794591E+002 1.3481617E+001
1.2794591E+002 1.3481617E+001
1.4922316E+002 1.3443420E+001
1.4922316E+002 1.3443420E+001
1.4922316E+002 1.4953087E+001
1.4922316E+002 1.4953087E+001
1.5385050E+002 1.4940752E+001
1.5385050E+002 1.4940752E+001
1.5385050E+002 1.5585713E+001
1.5385050E+002 1.5585713E+001
1.7111640E+002 1.5532212E+001
1.7111640E+002 1.5532212E+001
1.7111640E+002 1.7361491E+001
1.7111640E+002 1.7361491E+001
2.2992285E+002 1.7095327E+001
2.2992285E+002 1.7095327E+001
2.2992285E+002 1.7605508E+001
2.2992285E+002 1.7605508E+001
3.6962278E+002 1.6967456E+001
3.6962278E+002 1.6967456E+001
3.6962278E+002 1.7855153E+001
3.6962278E+002 1.7855153E+001
4.1904191E+002 1.7606352E+001
4.1904191E+002 1.7606352E+001
4.1904191E+002 1.8732519E+001
4.1904191E+002 1.8732519E+001
4.9643719E+002 1.8277028E+001
4.9643719E+002 1.8277028E+001
4.9643719E+002 2.2391386E+001
4.9643719E+002 2.2391386E+001
5.5067292E+002 2.1784442E+001
5.5067292E+002 2.1784442E+001
5.5067292E+002 2.2595731E+001
5.5067292E+002 2.2595731E+001
5.6114457E+002 2.2469595E+001
5.6114457E+002 2.2469595E+001
5.6114457E+002 2.2785608E+001
5.6114457E+002 2.2785608E+001
6.2674808E+002 2.2014469E+001
6.2674808E+002 2.2014469E+001
6.2674808E+002 2.2204527E+001
6.2674808E+002 2.2204527E+001
6.5605327E+002 2.1878544E+001
6.5605327E+002 2.1878544E+001
6.5605327E+002 2.2433832E+001
6.5605327E+002 2.2433832E+001
6.6987584E+002 2.2272052E+001
6.6987584E+002 2.2272052E+001
6.6987584E+002 2.2928202E+001
6.6987584E+002 2.2928202E+001
7.0617132E+002 2.2479512E+001
7.0617132E+002 2.2479512E+001
7.0617132E+002 2.2890777E+001
7.0617132E+002 2.2890777E+001
7.4468270E+002 2.2418434E+001
7.4468270E+002 2.2418434E+001
7.4468270E+002 2.3968783E+001
7.4468270E+002 2.3968783E+001
7.8071797E+002 2.3449087E+001
7.8071797E+002 2.3449087E+001
7.8071797E+002 2.4210152E+001
7.8071797E+002 2.4210152E+001
8.5806454E+002 2.3107952E+001
8.5806454E+002 2.3107952E+001
8.5806454E+002 2.3844854E+001
8.5806454E+002 2.3844854E+001
9.3894814E+002 2.2753515E+001
9.5739166E+002 2.2527582E+001
9.5739166E+002 2.2527582E+001
9.5739166E+002 2.2830208E+001
9.5739166E+002 2.2830208E+001
9.6652271E+002 2.2715963E+001
9.6652271E+002 2.2715963E+001
9.6652271E+002 2.2865092E+001
9.6652271E+002 2.2865092E+001
1.0565759E+003 2.1819184E+001
1.0639603E+003 2.1740438E+001
1.0639603E+003 2.1740438E+001
1.0639603E+003 2.2089369E+001
1.0639603E+003 2.2089369E+001
1.0941557E+003 2.1759846E+001
1.0941557E+003 2.1759846E+001
1.0941557E+003 2.4417989E+001
1.0941557E+003 2.4417989E+001
1.1703006E+003 2.3300055E+001
1.1732394E+003 2.3260275E+001
1.1732394E+003 2.3260275E+001
1.1732394E+003 2.3442467E+001
1.1732394E+003 2.3442467E+001
1.1893603E+003 2.3222583E+001
1.1893603E+003 2.3222583E+001
1.1893603E+003 2.4808830E+001
1.1893603E+003 2.4808830E+001
1.1982599E+003 2.4659532E+001
1.1982599E+003 2.4659532E+001
1.1982599E+003 2.6675568E+001
1.1982599E+003 2.6675568E+001
1.2087502E+003 2.6449581E+001
1.2087502E+003 2.6449581E+001
1.2087502E+003 2.6695210E+001
1.2087502E+003 2.6695210E+001
1.2474547E+003 2.5892373E+001
1.2474547E+003 2.5892373E+001
1.2474547E+003 2.6969889E+001
1.2474547E+003 2.6969889E+001
1.2699120E+003 2.6476221E+001
1.2699120E+003 2.6476221E+001
1.2699120E+003 2.6626645E+001
1.2699120E+003 2.6626645E+001
1.3180978E+003 2.5648895E+001
1.3180978E+003 2.5648895E+001
1.3180978E+003 2.6647477E+001
1.3180978E+003 2.6647477E+001
1.3206442E+003 2.6592193E+001
1.3206442E+003 2.6592193E+001
1.3206442E+003 2.7537789E+001
1.3206442E+003 2.7537789E+001
1.3407435E+003 2.7061831E+001
1.3407435E+003 2.7061831E+001
1.3407435E+003 2.7238486E+001
1.3407435E+003 2.7238486E+001
1.3632066E+003 2.6727772E+001
1.3632066E+003 2.6727772E+001
1.3632066E+003 2.8022354E+001
1.3632066E+003 2.8022354E+001
1.3725495E+003 2.7783542E+001
1.3725495E+003 2.7783542E+001
1.3725495E+003 2.8959745E+001
1.3725495E+003 2.8959745E+001
1.4223657E+003 2.7630639E+001
1.4368562E+003 2.7280518E+001
1.4368562E+003 2.7280518E+001
1.4368562E+003 2.8719557E+001
1.4368562E+003 2.8719557E+001
1.4475369E+003 2.8423325E+001
1.4475369E+003 2.8423325E+001
1.4475369E+003 2.8933470E+001
1.4475369E+003 2.8933470E+001
1.4601218E+003 2.8576685E+001
1.4601218E+003 2.8576685E+001
1.4601218E+003 2.8735225E+001
1.4601218E+003 2.8735225E+001
1.5108933E+003 2.7416569E+001
1.5189480E+003 2.7225176E+001
1.5189480E+003 2.7225176E+001
1.5189480E+003 2.7857635E+001
1.5189480E+003 2.7857635E+001
1.5737310E+003 2.6579845E+001
1.5758702E+003 2.6533782E+001
1.5758702E+003 2.6533782E+001
1.5758702E+003 2.6765880E+001
1.5758702E+003 2.6765880E+001
1.6363446E+003 2.5538871E+001
1.6782973E+003 2.4792614E+001
1.6782973E+003 2.4792614E+001
1.6782973E+003 2.5650862E+001
1.6782973E+003 2.5650862E+001
1.7062941E+003 2.5136179E+001
1.7062941E+003 2.5136179E+001
1.7062941E+003 2.5716610E+001
1.7062941E+003 2.5716610E+001
1.7178017E+003 2.5498517E+001
1.7178017E+003 2.5498517E+001
1.7178017E+003 2.5594544E+001
1.7178017E+003 2.5594544E+001
1.7291821E+003 2.5382360E+001
1.7291821E+003 2.5382360E+001
1.7291821E+003 2.5608406E+001
1.7291821E+003 2.5608406E+001
1.7691052E+003 2.4889805E+001
1.7691052E+003 2.4889805E+001
1.7691052E+003 2.5242589E+001
1.7691052E+003 2.5242589E+001
1.7787151E+003 2.5071458E+001
1.7787151E+003 2.5071458E+001
1.7787151E+003 2.5275398E+001
1.7787151E+003 2.5275398E+001
1.8485039E+003 2.4117664E+001
1.9270793E+003 2.3013660E+001
2.0156465E+003 2.1960860E+001
2.0546133E+003 2.1547542E+001
2.0546133E+003 2.1547542E+001
2.0546133E+003 2.2172777E+001
2.0546133E+003 2.2172777E+001
2.1520969E+003 2.1158940E+001
2.2621878E+003 2.0192040E+001
2.3124893E+003 1.9798787E+001
2.3124893E+003 1.9798787E+001
2.3124893E+003 2.1422472E+001
2.3124893E+003 2.1422472E+001
2.3463999E+003 2.1091421E+001
2.3463999E+003 2.1091421E+001
2.3463999E+003 2.1574230E+001
2.3463999E+003 2.1574230E+001
2.3851124E+003 2.1188359E+001
2.3851124E+003 2.1188359E+001
2.3851124E+003 2.2429387E+001
2.3851124E+003 2.2429387E+001
2.4797408E+003 2.1403672E+001
2.5506689E+003 2.0734545E+001
2.5506689E+003 2.0734545E+001
2.5506689E+003 2.1058801E+001
2.5506689E+003 2.1058801E+001
2.5840250E+003 2.0752169E+001
2.5840250E+003 2.0752169E+001
2.5840250E+003 2.1442239E+001
2.5840250E+003 2.1442239E+001
2.6044839E+003 2.1239549E+001
2.6044839E+003 2.1239549E+001
2.6044839E+003 2.1523684E+001
2.6044839E+003 2.1523684E+001
2.6269010E+003 2.1298956E+001
2.6269010E+003 2.1298956E+001
2.6269010E+003 2.1550805E+001
2.6269010E+003 2.1550805E+001
2.6312116E+003 2.1506713E+001
2.6312116E+003 2.1506713E+001
2.6312116E+003 2.1701650E+001
2.6312116E+003 2.1701650E+001
2.6527611E+003 2.1479039E+001
2.6527611E+003 2.1479039E+001
2.6527611E+003 2.2127444E+001
2.6527611E+003 2.2127444E+001
2.6675209E+003 2.1963073E+001
2.6675209E+003 2.1963073E+001
2.6675209E+003 2.2545240E+001
2.6675209E+003 2.2545240E+001
2.7332369E+003 2.1800395E+001
2.7332369E+003 2.1800395E+001
2.7332369E+003 2.2005529E+001
2.7332369E+003 2.2005529E+001
2.8326504E+003 2.0999441E+001
2.8413386E+003 2.0918773E+001
2.8413386E+003 2.0918773E+001
2.8413386E+003 2.1823344E+001
2.8413386E+003 2.1823344E+001
2.8590265E+003 2.1636320E+001
2.8590265E+003 2.1636320E+001
2.8590265E+003 2.1862769E+001
2.8590265E+003 2.1862769E+001
2.9601311E+003 2.0863289E+001
3.0743468E+003 1.9910067E+001
3.2035040E+003 1.9000918E+001
3.2557149E+003 1.8672619E+001
3.2557149E+003 1.8672619E+001
3.2557149E+003 2.2636239E+001
3.2557149E+003 2.2636239E+001
3.3438139E+003 2.1645233E+001
3.3438139E+003 2.1645233E+001
3.3438139E+003 2.2074889E+001
3.3438139E+003 2.2074889E+001
3.4412886E+003 2.1076157E+001
3.4412886E+003 2.1076157E+001
3.4412886E+003 2.1292249E+001
3.4412886E+003 2.1292249E+001
3.4994444E+003 2.0747706E+001
3.4994444E+003 2.0747706E+001
3.4994444E+003 2.2835465E+001
3.4994444E+003 2.2835465E+001
3.5897986E+003 2.1790932E+001
3.6917705E+003 2.0794773E+001
3.8069741E+003 1.9844716E+001
3.8597548E+003 1.9457385E+001
3.8597548E+003 1.9457385E+001
3.8597548E+003 2.0051225E+001
3.8597548E+003 2.0051225E+001
3.9364827E+003 1.9477018E+001
3.9364827E+003 1.9477018E+001
3.9364827E+003 1.9933967E+001
3.9364827E+003 1.9933967E+001
4.0311599E+003 1.9248520E+001
4.0311599E+003 1.9248520E+001
4.0311599E+003 1.9789982E+001
4.0311599E+003 1.9789982E+001
4.0503861E+003 1.9646962E+001
4.0503861E+003 1.9646962E+001
4.0503861E+003 2.0305444E+001
4.0503861E+003 2.0305444E+001
4.0988895E+003 1.9918140E+001
4.0988895E+003 1.9918140E+001
4.0988895E+003 2.0382615E+001
4.0988895E+003 2.0382615E+001
4.1259811E+003 2.0159816E+001
4.1259811E+003 2.0159816E+001
4.1259811E+003 2.0457231E+001
4.1259811E+003 2.0457231E+001
4.1466331E+003 2.0284313E+001
4.1466331E+003 2.0284313E+001
4.1466331E+003 2.0799900E+001
4.1466331E+003 2.0799900E+001
4.1773936E+003 2.0528723E+001
4.1773936E+003 2.0528723E+001
4.1773936E+003 2.0929161E+001
4.1773936E+003 2.0929161E+001
4.1915783E+003 2.0799614E+001
4.1915783E+003 2.0799614E+001
4.1915783E+003 2.1196893E+001
4.1915783E+003 2.1196893E+001
4.2309013E+003 2.0828756E+001
4.2309013E+003 2.0828756E+001
4.2309013E+003 2.1072608E+001
4.2309013E+003 2.1072608E+001
4.3386659E+003 2.0137446E+001
4.3386659E+003 2.0137446E+001
4.3386659E+003 2.0510751E+001
4.3386659E+003 2.0510751E+001
4.4089949E+003 1.9938353E+001
4.4089949E+003 1.9938353E+001
4.4089949E+003 2.0332483E+001
4.4089949E+003 2.0332483E+001
4.4302038E+003 2.0158831E+001
4.4302038E+003 2.0158831E+001
4.4302038E+003 2.0968064E+001
4.4302038E+003 2.0968064E+001
4.4848523E+003 2.0481712E+001
4.4848523E+003 2.0481712E+001
4.4848523E+003 2.0809684E+001
4.4848523E+003 2.0809684E+001
4.5998400E+003 1.9858934E+001
4.6117269E+003 1.9768928E+001
4.6117269E+003 1.9768928E+001
4.6117269E+003 2.0216170E+001
4.6117269E+003 2.0216170E+001
4.7357916E+003 1.9292868E+001
4.8761784E+003 1.8412228E+001
4.9330123E+003 1.8093882E+001
4.9330123E+003 1.8093882E+001
4.9330123E+003 1.9128081E+001
4.9330123E+003 1.9128081E+001
4.9494838E+003 1.9019552E+001
4.9494838E+003 1.9019552E+001
4.9494838E+003 1.9390600E+001
4.9494838E+003 1.9390600E+001
5.0880007E+003 1.8505444E+001
5.1877823E+003 1.7950401E+001
5.1877823E+003 1.7950401E+001
5.1877823E+003 1.8793527E+001
5.1877823E+003 1.8793527E+001
5.2315578E+003 1.8527513E+001
5.2315578E+003 1.8527513E+001
5.2315578E+003 1.8899285E+001
5.2315578E+003 1.8899285E+001
5.3798563E+003 1.8036813E+001
5.3922120E+003 1.7970953E+001
5.3922120E+003 1.7970953E+001
5.3922120E+003 1.8536856E+001
5.3922120E+003 1.8536856E+001
5.4424333E+003 1.8247528E+001
5.4424333E+003 1.8247528E+001
5.4424333E+003 1.9328035E+001
5.4424333E+003 1.9328035E+001
5.5821433E+003 1.8445763E+001
5.5848953E+003 1.8429749E+001
5.5848953E+003 1.8429749E+001
5.5848953E+003 1.8786316E+001
5.5848953E+003 1.8786316E+001
5.6951945E+003 1.8143442E+001
5.6951945E+003 1.8143442E+001
5.6951945E+003 2.0134195E+001
5.6951945E+003 2.0134195E+001
5.7372334E+003 1.9806904E+001
5.7372334E+003 1.9806904E+001
5.7372334E+003 2.0306700E+001
5.7372334E+003 2.0306700E+001
5.8540868E+003 1.9419080E+001
5.8540868E+003 1.9419080E+001
5.8540868E+003 2.0326492E+001
5.8540868E+003 2.0326492E+001
5.9763875E+003 1.9398088E+001
6.0083061E+003 1.9179067E+001
6.0083061E+003 1.9179067E+001
6.0083061E+003 1.9729038E+001
6.0083061E+003 1.9729038E+001
6.0650709E+003 1.9322148E+001
6.0650709E+003 1.9322148E+001
6.0650709E+003 2.0782240E+001
6.0650709E+003 2.0782240E+001
6.0797683E+003 2.0651414E+001
6.0797683E+003 2.0651414E+001
6.0797683E+003 2.1203586E+001
6.0797683E+003 2.1203586E+001
6.1360212E+003 2.0683666E+001
6.1360212E+003 2.0683666E+001
6.1360212E+003 2.0765809E+001
6.1360212E+003 2.0765809E+001
6.1667104E+003 2.0496821E+001
6.1667104E+003 2.0496821E+001
6.1667104E+003 2.3538422E+001
6.1667104E+003 2.3538422E+001
6.1846091E+003 2.3291229E+001
6.1846091E+003 2.3291229E+001
6.1846091E+003 2.3704473E+001
6.1846091E+003 2.3704473E+001
6.1906741E+003 2.3617506E+001
6.1906741E+003 2.3617506E+001
6.1906741E+003 2.3939801E+001
6.1906741E+003 2.3939801E+001
6.2546733E+003 2.3048494E+001
6.2546733E+003 2.3048494E+001
6.2546733E+003 2.3576323E+001
6.2546733E+003 2.3576323E+001
6.2550874E+003 2.3570462E+001
6.2550874E+003 2.4069964E+001
6.2550874E+003 2.4069964E+001
6.2966289E+003 2.3465825E+001
6.2966289E+003 2.3465825E+001
6.2966289E+003 2.3660528E+001
6.2966289E+003 2.3660528E+001
6.2984766E+003 2.3634086E+001
6.2984766E+003 2.3634086E+001
6.2984766E+003 2.4241122E+001
6.2984766E+003 2.4241122E+001
6.3731977E+003 2.3168645E+001
6.3731977E+003 2.3168645E+001
6.3731977E+003 2.3293703E+001
6.3731977E+003 2.3293703E+001
6.4590605E+003 2.2227926E+001
6.4841835E+003 2.1946336E+001
6.4841835E+003 2.1946336E+001
6.4841835E+003 2.2204709E+001
6.4841835E+003 2.2204709E+001
6.5177356E+003 2.1832939E+001
6.5177356E+003 2.1832939E+001
6.5177356E+003 2.2011938E+001
6.5177356E+003 2.2011938E+001
6.6170742E+003 2.1005559E+001
6.6373603E+003 2.0818778E+001
6.6373603E+003 2.0818778E+001
6.6373603E+003 2.1256119E+001
6.6373603E+003 2.1256119E+001
6.6873311E+003 2.0787823E+001
6.6873311E+003 2.0787823E+001
6.6873311E+003 2.1377591E+001
6.6873311E+003 2.1377591E+001
6.7123072E+003 2.1133729E+001
6.7123072E+003 2.1133729E+001
6.7123072E+003 2.1744312E+001
6.7123072E+003 2.1744312E+001
6.7181797E+003 2.1682370E+001
6.7181797E+003 2.1682370E+001
6.7181797E+003 2.2334835E+001
6.7181797E+003 2.2334835E+001
6.7217641E+003 2.2293135E+001
6.7217641E+003 2.2293135E+001
6.7217641E+003 2.2394728E+001
6.7217641E+003 2.2394728E+001
6.7398617E+003 2.2185072E+001
6.7398617E+003 2.2185072E+001
6.7398617E+003 2.2359008E+001
6.7398617E+003 2.2359008E+001
6.7642959E+003 2.2079218E+001
6.7642959E+003 2.2079218E+001
6.7642959E+003 2.2854899E+001
6.7642959E+003 2.2854899E+001
6.7919849E+003 2.2513499E+001
6.7919849E+003 2.2513499E+001
6.7919849E+003 2.2955780E+001
6.7919849E+003 2.2955780E+001
6.8577085E+003 2.2163450E+001
6.8577085E+003 2.2163450E+001
6.8577085E+003 2.2972467E+001
6.8577085E+003 2.2972467E+001
6.8850151E+003 2.2629545E+001
6.8850151E+003 2.2629545E+001
6.8850151E+003 2.4098590E+001
6.8850151E+003 2.4098590E+001
6.9637486E+003 2.2995475E+001
6.9800990E+003 2.2787130E+001
6.9800990E+003 2.2787130E+001
6.9800990E+003 2.3478193E+001
6.9800990E+003 2.3478193E+001
7.0642463E+003 2.2403866E+001
7.1591530E+003 2.1379320E+001
7.2663090E+003 2.0402217E+001
7.3104861E+003 2.0042307E+001
7.3104861E+003 2.0042307E+001
7.3104861E+003 2.0395111E+001
7.3104861E+003 2.0395111E+001
7.3795378E+003 1.9843585E+001
7.3795378E+003 1.9843585E+001
7.3795378E+003 2.0590567E+001
7.3795378E+003 2.0590567E+001
7.4977607E+003 1.9649956E+001
7.4998628E+003 1.9634533E+001
7.4998628E+003 1.9634533E+001
7.4998628E+003 2.0227291E+001
7.4998628E+003 2.0227291E+001
7.5206691E+003 2.0060030E+001
7.5206691E+003 2.0060030E+001
7.5206691E+003 2.0606776E+001
7.5206691E+003 2.0606776E+001
7.5340802E+003 2.0490867E+001
7.5340802E+003 2.0490867E+001
7.5340802E+003 2.2575866E+001
7.5340802E+003 2.2575866E+001
7.5699432E+003 2.2155653E+001
7.5699432E+003 2.2155653E+001
7.5699432E+003 2.2277477E+001
7.5699432E+003 2.2277477E+001
7.5932954E+003 2.2013233E+001
7.5932954E+003 2.2013233E+001
7.5932954E+003 2.2296253E+001
7.5932954E+003 2.2296253E+001
7.6305529E+003 2.1878867E+001
7.6305529E+003 2.1878867E+001
7.6305529E+003 2.2738668E+001
7.6305529E+003 2.2738668E+001
7.6582531E+003 2.2403186E+001
7.6582531E+003 2.2403186E+001
7.6582531E+003 2.2576192E+001
7.6582531E+003 2.2576192E+001
7.6978598E+003 2.2113758E+001
7.6978598E+003 2.2113758E+001
7.6978598E+003 2.2492573E+001
7.6978598E+003 2.2492573E+001
7.7369847E+003 2.2041428E+001
7.7369847E+003 2.2041428E+001
7.7369847E+003 2.4826156E+001
7.7369847E+003 2.4826156E+001
7.7388692E+003 2.4794192E+001
7.7388692E+003 2.4794192E+001
7.7388692E+003 2.5445407E+001
7.7388692E+003 2.5445407E+001
7.7602697E+003 2.5059429E+001
7.7602697E+003 2.5059429E+001
7.7602697E+003 2.5853039E+001
7.7602697E+003 2.5853039E+001
7.7655816E+003 2.5749648E+001
7.7655816E+003 2.5749648E+001
7.7655816E+003 2.6431598E+001
7.7655816E+003 2.6431598E+001
7.7806122E+003 2.6119912E+001
7.7806122E+003 2.6119912E+001
7.7806122E+003 2.6262843E+001
7.7806122E+003 2.6262843E+001
7.8440112E+003 2.5059223E+001
7.8738159E+003 2.4554592E+001
7.8738159E+003 2.4554592E+001
7.8738159E+003 2.5766090E+001
7.8738159E+003 2.5766090E+001
7.8834665E+003 2.5581513E+001
7.8834665E+003 2.5581513E+001
7.8834665E+003 2.5689191E+001
7.8834665E+003 2.5689191E+001
7.9143520E+003 2.5120643E+001
7.9143520E+003 2.5120643E+001
7.9143520E+003 2.5335603E+001
7.9143520E+003 2.5335603E+001
7.9651457E+003 2.4465920E+001
7.9651457E+003 2.4465920E+001
7.9651457E+003 2.4672561E+001
7.9651457E+003 2.4672561E+001
8.0139496E+003 2.3906718E+001
8.0139496E+003 2.3906718E+001
8.0139496E+003 2.4545728E+001
8.0139496E+003 2.4545728E+001
8.0890945E+003 2.3421862E+001
8.1228079E+003 2.2971861E+001
8.1228079E+003 2.2971861E+001
8.1228079E+003 2.3265235E+001
8.1228079E+003 2.3265235E+001
8.1597041E+003 2.2785685E+001
8.1597041E+003 2.2785685E+001
8.1597041E+003 2.3921511E+001
8.1597041E+003 2.3921511E+001
8.1642884E+003 2.3853513E+001
8.1642884E+003 2.3853513E+001
8.1642884E+003 2.4045300E+001
8.1642884E+003 2.4045300E+001
8.2434665E+003 2.2944665E+001
8.2758133E+003 2.2542205E+001
8.2758133E+003 2.2542205E+001
8.2758133E+003 2.3158130E+001
8.2758133E+003 2.3158130E+001
8.3629704E+003 2.2098643E+001
8.3678737E+003 2.2043794E+001
8.3678737E+003 2.2043794E+001
8.3678737E+003 2.3504928E+001
8.3678737E+003 2.3504928E+001
8.4178340E+003 2.2841310E+001
8.4178340E+003 2.2841310E+001
8.4178340E+003 2.3279229E+001
8.4178340E+003 2.3279229E+001
8.5038337E+003 2.2214126E+001
8.5622991E+003 2.1580077E+001
8.5622991E+003 2.1580077E+001
8.5622991E+003 2.2065172E+001
8.5622991E+003 2.2065172E+001
8.6043508E+003 2.1612934E+001
8.6043508E+003 2.1612934E+001
8.6043508E+003 2.2388880E+001
8.6043508E+003 2.2388880E+001
8.6302593E+003 2.2091223E+001
8.6302593E+003 2.2091223E+001
8.6302593E+003 2.2540137E+001
8.6302593E+003 2.2540137E+001
8.6890134E+003 2.1870303E+001
8.6890134E+003 2.1870303E+001
8.6890134E+003 2.3063861E+001
8.6890134E+003 2.3063861E+001
8.7164396E+003 2.2714660E+001
8.7164396E+003 2.2714660E+001
8.7164396E+003 2.3143854E+001
8.7164396E+003 2.3143854E+001
8.7485305E+003 2.2732249E+001
8.7485305E+003 2.2732249E+001
8.7485305E+003 2.3192355E+001
8.7485305E+003 2.3192355E+001
8.8353578E+003 2.2131277E+001
8.9100607E+003 2.1343229E+001
8.9100607E+003 2.1343229E+001
8.9100607E+003 2.4248849E+001
8.9100607E+003 2.4248849E+001
8.9848998E+003 2.3173684E+001
8.9848998E+003 2.3173684E+001
8.9848998E+003 2.3569995E+001
8.9848998E+003 2.3569995E+001
9.0682119E+003 2.2491397E+001
9.0767768E+003 2.2389725E+001
9.0767768E+003 2.2389725E+001
9.0767768E+003 2.2631152E+001
9.0767768E+003 2.2631152E+001
9.0829866E+003 2.2555621E+001
9.0829866E+003 2.2555621E+001
9.0829866E+003 2.3262534E+001
9.0829866E+003 2.3262534E+001
9.1345447E+003 2.2602727E+001
9.1345447E+003 2.2602727E+001
9.1345447E+003 2.2994180E+001
9.1345447E+003 2.2994180E+001
9.2093450E+003 2.2095400E+001
9.2093450E+003 2.2095400E+001
9.2093450E+003 2.2462985E+001
9.2093450E+003 2.2462985E+001
9.2467252E+003 2.2033223E+001
9.2467252E+003 2.2033223E+001
9.2467252E+003 2.2291420E+001
9.2467252E+003 2.2291420E+001
9.3144070E+003 2.1554858E+001
9.3144070E+003 2.1554858E+001
9.3144070E+003 2.2073496E+001
9.3144070E+003 2.2073496E+001
9.3799933E+003 2.1382124E+001
9.3799933E+003 2.1382124E+001
9.3799933E+003 2.1584013E+001
9.3799933E+003 2.1584013E+001
9.3958810E+003 2.1422235E+001
9.3958810E+003 2.1422235E+001
9.3958810E+003 2.1882705E+001
9.3958810E+003 2.1882705E+001
9.4595080E+003 2.1230636E+001
9.4595080E+003 2.1230636E+001
9.4595080E+003 2.2479033E+001
9.4595080E+003 2.2479033E+001
9.4678614E+003 2.2380045E+001
9.4678614E+003 2.2380045E+001
9.4678614E+003 2.2804303E+001
9.4678614E+003 2.2804303E+001
9.5043094E+003 2.2362218E+001
9.5043094E+003 2.2362218E+001
9.5043094E+003 2.2791441E+001
9.5043094E+003 2.2791441E+001
9.5123837E+003 2.2690920E+001
9.5123837E+003 2.2690920E+001
9.5123837E+003 2.4147198E+001
9.5123837E+003 2.4147198E+001
9.5907151E+003 2.3041837E+001
9.6372359E+003 2.2462762E+001
9.6372359E+003 2.2462762E+001
9.6372359E+003 2.2642719E+001
9.6372359E+003 2.2642719E+001
9.7295826E+003 2.1607119E+001
9.7513531E+003 2.1385729E+001
9.7513531E+003 2.1385729E+001
9.7513531E+003 2.1634926E+001
9.7513531E+003 2.1634926E+001
9.7517580E+003 2.1630711E+001
9.7517580E+003 2.2088920E+001
9.7517580E+003 2.2088920E+001
9.8431399E+003 2.1145469E+001
9.8431399E+003 2.1145469E+001
9.8431399E+003 2.1581870E+001
9.8431399E+003 2.1581870E+001
9.9021984E+003 2.1002677E+001
9.9021984E+003 2.1002677E+001
9.9021984E+003 2.1463252E+001
9.9021984E+003 2.1463252E+001
1.0008267E+004 2.0482267E+001
1.0128137E+004 1.9546666E+001
1.0263742E+004 1.8654306E+001
1.0270658E+004 1.8612476E+001
1.0270658E+004 1.8612476E+001
1.0270658E+004 1.8862251E+001
1.0270658E+004 1.8862251E+001
1.0388644E+004 1.8168056E+001
1.0388644E+004 1.8168056E+001
1.0388644E+004 2.1449825E+001
1.0388644E+004 2.1449825E+001
1.0427123E+004 2.1073937E+001
1.0427123E+004 2.1073937E+001
1.0427123E+004 2.1810189E+001
1.0427123E+004 2.1810189E+001
1.0437249E+004 2.1702623E+001
1.0437249E+004 2.1702623E+001
1.0437249E+004 2.2179373E+001
1.0437249E+004 2.2179373E+001
1.0524321E+004 2.1264325E+001
1.0524321E+004 2.1264325E+001
1.0524321E+004 2.1628202E+001
1.0524321E+004 2.1628202E+001
1.0549295E+004 2.1374063E+001
1.0549295E+004 2.1374063E+001
1.0549295E+004 2.1692992E+001
1.0549295E+004 2.1692992E+001
1.0564463E+004 2.1535647E+001
1.0564463E+004 2.1535647E+001
1.0564463E+004 2.1826849E+001
1.0564463E+004 2.1826849E+001
1.0633628E+004 2.1127678E+001
1.0633628E+004 2.1127678E+001
1.0633628E+004 2.1391638E+001
1.0633628E+004 2.1391638E+001
1.0633780E+004 2.1390114E+001
1.0633780E+004 2.1582779E+001
1.0633780E+004 2.1582779E+001
1.0681565E+004 2.1109519E+001
1.0681565E+004 2.1109519E+001
1.0681565E+004 2.1406209E+001
1.0681565E+004 2.1406209E+001
1.0757312E+004 2.0694208E+001
1.0757312E+004 2.0694208E+001
1.0757312E+004 2.0979756E+001
1.0757312E+004 2.0979756E+001
1.0794554E+004 2.0642989E+001
1.0794554E+004 2.0642989E+001
1.0794554E+004 2.0977112E+001
1.0794554E+004 2.0977112E+001
1.0799264E+004 2.0933412E+001
1.0799264E+004 2.0933412E+001
1.0799264E+004 2.1633029E+001
1.0799264E+004 2.1633029E+001
1.0903180E+004 2.0644190E+001
1.0930444E+004 2.0409554E+001
1.0930444E+004 2.0409554E+001
1.0930444E+004 2.0696377E+001
1.0930444E+004 2.0696377E+001
1.0951646E+004 2.0511379E+001
1.0951646E+004 2.0511379E+001
1.0951646E+004 2.0852341E+001
1.0951646E+004 2.0852341E+001
1.1020431E+004 2.0258602E+001
1.1020431E+004 2.0258602E+001
1.1020431E+004 2.1536742E+001
1.1020431E+004 2.1536742E+001
1.1033091E+004 2.1408480E+001
1.1033091E+004 2.1408480E+001
1.1033091E+004 2.1658880E+001
1.1033091E+004 2.1658880E+001
1.1072397E+004 2.1261859E+001
1.1072397E+004 2.1261859E+001
1.1072397E+004 2.1669360E+001
1.1072397E+004 2.1669360E+001
1.1090628E+004 2.1481475E+001
1.1090628E+004 2.1481475E+001
1.1090628E+004 2.1755632E+001
1.1090628E+004 2.1755632E+001
1.1165787E+004 2.1008280E+001
1.1165787E+004 2.1008280E+001
1.1165787E+004 2.1999453E+001
1.1165787E+004 2.1999453E+001
1.1251351E+004 2.1123629E+001
1.1251351E+004 2.1123629E+001
1.1251351E+004 2.1428848E+001
1.1251351E+004 2.1428848E+001
1.1276371E+004 2.1182475E+001
1.1276371E+004 2.1182475E+001
1.1276371E+004 2.1844622E+001
1.1276371E+004 2.1844622E+001
1.1321570E+004 2.1376636E+001
1.1321570E+004 2.1376636E+001
1.1321570E+004 2.1747628E+001
1.1321570E+004 2.1747628E+001
1.1398824E+004 2.0981810E+001
1.1398824E+004 2.0981810E+001
1.1398824E+004 2.1608561E+001
1.1398824E+004 2.1608561E+001
1.1447068E+004 2.1128958E+001
1.1447068E+004 2.1128958E+001
1.1447068E+004 2.1346336E+001
1.1447068E+004 2.1346336E+001
1.1488580E+004 2.0948688E+001
1.1488580E+004 2.0948688E+001
1.1488580E+004 2.1585506E+001
1.1488580E+004 2.1585506E+001
1.1500401E+004 2.1464677E+001
1.1500401E+004 2.1464677E+001
1.1500401E+004 2.1734348E+001
1.1500401E+004 2.1734348E+001
1.1569841E+004 2.1042759E+001
1.1569841E+004 2.1042759E+001
1.1569841E+004 2.1431859E+001
1.1569841E+004 2.1431859E+001
1.1676315E+004 2.0452333E+001
1.1704357E+004 2.0219050E+001
1.1704357E+004 2.0219050E+001
1.1704357E+004 2.0619316E+001
1.1704357E+004 2.0619316E+001
1.1813376E+004 1.9741722E+001
1.1813376E+004 1.9741722E+001
1.1813376E+004 2.0052986E+001
1.1813376E+004 2.0052986E+001
1.1841706E+004 1.9833417E+001
1.1841706E+004 1.9833417E+001
1.1841706E+004 2.0387781E+001
1.1841706E+004 2.0387781E+001
1.1963042E+004 1.9456548E+001
1.2100318E+004 1.8568351E+001
1.2147705E+004 1.8293218E+001
1.2147705E+004 1.8293218E+001
1.2147705E+004 1.8928639E+001
1.2147705E+004 1.8928639E+001
1.2231625E+004 1.8418225E+001
1.2231625E+004 1.8418225E+001
1.2231625E+004 2.1234284E+001
1.2231625E+004 2.1234284E+001
1.2304799E+004 2.0563937E+001
1.2304799E+004 2.0563937E+001
1.2304799E+004 2.0994178E+001
1.2304799E+004 2.0994178E+001
1.2390788E+004 2.0244559E+001
1.2390788E+004 2.0244559E+001
1.2390788E+004 2.3019058E+001
1.2390788E+004 2.3019058E+001
1.2419011E+004 2.2662430E+001
1.2419011E+004 2.2662430E+001
1.2419011E+004 2.3351261E+001
1.2419011E+004 2.3351261E+001
1.2424102E+004 2.3281965E+001
1.2424102E+004 2.3281965E+001
1.2424102E+004 2.3530897E+001
1.2424102E+004 2.3530897E+001
1.2464148E+004 2.2991323E+001
1.2464148E+004 2.2991323E+001
1.2464148E+004 2.3761309E+001
1.2464148E+004 2.3761309E+001
1.2529355E+004 2.2877016E+001
1.2529355E+004 2.2877016E+001
1.2529355E+004 2.3170219E+001
1.2529355E+004 2.3170219E+001
1.2579497E+004 2.2536324E+001
1.2579497E+004 2.2536324E+001
1.2579497E+004 2.3016642E+001
1.2579497E+004 2.3016642E+001
1.2668035E+004 2.1963703E+001
1.2708150E+004 2.1538450E+001
1.2708150E+004 2.1538450E+001
1.2708150E+004 2.3414719E+001
1.2708150E+004 2.3414719E+001
1.2708417E+004 2.3411034E+001
1.2708417E+004 2.3743641E+001
1.2708417E+004 2.3743641E+001
1.2774824E+004 2.2846508E+001
1.2774824E+004 2.2846508E+001
1.2774824E+004 2.3113400E+001
1.2774824E+004 2.3113400E+001
1.2842853E+004 2.2275862E+001
1.2842853E+004 2.2275862E+001
1.2842853E+004 2.2574374E+001
1.2842853E+004 2.2574374E+001
1.2935921E+004 2.1541934E+001
1.3040984E+004 2.0557311E+001
1.3042700E+004 2.0542473E+001
1.3042700E+004 2.0542473E+001
1.3042700E+004 2.1094592E+001
1.3042700E+004 2.1094592E+001
1.3046620E+004 2.1057452E+001
1.3046620E+004 2.1057452E+001
1.3046620E+004 2.1586194E+001
1.3046620E+004 2.1586194E+001
1.3063983E+004 2.1409559E+001
1.3063983E+004 2.1409559E+001
1.3063983E+004 2.2272647E+001
1.3063983E+004 2.2272647E+001
1.3073429E+004 2.2164445E+001
1.3073429E+004 2.2164445E+001
1.3073429E+004 2.2388888E+001
1.3073429E+004 2.2388888E+001
1.3168500E+004 2.1365038E+001
1.3186246E+004 2.1191071E+001
1.3186246E+004 2.1191071E+001
1.3186246E+004 2.1532966E+001
1.3186246E+004 2.1532966E+001
1.3291423E+004 2.0548759E+001
1.3302103E+004 2.0457191E+001
1.3302103E+004 2.0457191E+001
1.3302103E+004 2.0613430E+001
1.3302103E+004 2.0613430E+001
1.3377944E+004 1.9987945E+001
1.3377944E+004 1.9987945E+001
1.3377944E+004 2.0423540E+001
1.3377944E+004 2.0423540E+001
1.3426480E+004 2.0027950E+001
1.3426480E+004 2.0027950E+001
1.3426480E+004 2.1740368E+001
1.3426480E+004 2.1740368E+001
1.3432154E+004 2.1680548E+001
1.3432154E+004 2.1680548E+001
1.3432154E+004 2.1832602E+001
1.3432154E+004 2.1832602E+001
1.3479766E+004 2.1341636E+001
1.3479766E+004 2.1341636E+001
1.3479766E+004 2.1655697E+001
1.3479766E+004 2.1655697E+001
1.3571773E+004 2.0768094E+001
1.3571773E+004 2.0768094E+001
1.3571773E+004 2.1376558E+001
1.3571773E+004 2.1376558E+001
1.3593125E+004 2.1167475E+001
1.3593125E+004 2.1167475E+001
1.3593125E+004 2.1700637E+001
1.3593125E+004 2.1700637E+001
1.3601330E+004 2.1614894E+001
1.3601330E+004 2.1614894E+001
1.3601330E+004 2.2067462E+001
1.3601330E+004 2.2067462E+001
1.3700022E+004 2.1058503E+001
1.3700523E+004 2.1053776E+001
1.3700523E+004 2.1053776E+001
1.3700523E+004 2.1428906E+001
1.3700523E+004 2.1428906E+001
1.3708520E+004 2.1349005E+001
1.3708520E+004 2.1349005E+001
1.3708520E+004 2.2296126E+001
1.3708520E+004 2.2296126E+001
1.3736955E+004 2.1974949E+001
1.3736955E+004 2.1974949E+001
1.3736955E+004 2.3544073E+001
1.3736955E+004 2.3544073E+001
1.3763581E+004 2.3179458E+001
1.3763581E+004 2.3179458E+001
1.3763581E+004 2.3500443E+001
1.3763581E+004 2.3500443E+001
1.3847524E+004 2.2425082E+001
1.3854382E+004 2.2344390E+001
1.3854382E+004 2.2344390E+001
1.3854382E+004 2.2838078E+001
1.3854382E+004 2.2838078E+001
1.3863434E+004 2.2724676E+001
1.3863434E+004 2.2724676E+001
1.3863434E+004 2.3101170E+001
1.3863434E+004 2.3101170E+001
1.3945056E+004 2.2111665E+001
1.3945056E+004 2.2111665E+001
1.3945056E+004 2.2261625E+001
1.3945056E+004 2.2261625E+001
1.4000199E+004 2.1657318E+001
1.4000199E+004 2.1657318E+001
1.4000199E+004 2.2106052E+001
1.4000199E+004 2.2106052E+001
1.4023102E+004 2.1853770E+001
1.4023102E+004 2.1853770E+001
1.4023102E+004 2.3471745E+001
1.4023102E+004 2.3471745E+001
1.4037215E+004 2.3277983E+001
1.4037215E+004 2.3277983E+001
1.4037215E+004 2.3527973E+001
1.4037215E+004 2.3527973E+001
1.4120908E+004 2.2451331E+001
1.4123464E+004 2.2421013E+001
1.4123464E+004 2.2421013E+001
1.4123464E+004 2.3826534E+001
1.4123464E+004 2.3826534E+001
1.4125174E+004 2.3801435E+001
1.4125174E+004 2.3801435E+001
1.4125174E+004 2.4013477E+001
1.4125174E+004 2.4013477E+001
1.4204620E+004 2.2914312E+001
1.4221042E+004 2.2707653E+001
1.4221042E+004 2.2707653E+001
1.4221042E+004 2.3342616E+001
1.4221042E+004 2.3342616E+001
1.4270808E+004 2.2696983E+001
1.4270808E+004 2.2696983E+001
1.4270808E+004 2.3981275E+001
1.4270808E+004 2.3981275E+001
1.4287380E+004 2.3736597E+001
1.4287380E+004 2.3736597E+001
1.4287380E+004 2.3973728E+001
1.4287380E+004 2.3973728E+001
1.4353290E+004 2.3053343E+001
1.4353290E+004 2.3053343E+001
1.4353290E+004 2.3748990E+001
1.4353290E+004 2.3748990E+001
1.4364649E+004 2.3585980E+001
1.4364649E+004 2.3585980E+001
1.4364649E+004 2.3954409E+001
1.4364649E+004 2.3954409E+001
1.4444525E+004 2.2858847E+001
1.4444525E+004 2.2858847E+001
1.4444525E+004 2.3103587E+001
1.4444525E+004 2.3103587E+001
1.4466721E+004 2.2817748E+001
1.4466721E+004 2.2817748E+001
1.4466721E+004 2.3735510E+001
1.4466721E+004 2.3735510E+001
1.4535488E+004 2.2809897E+001
1.4535488E+004 2.2809897E+001
1.4535488E+004 2.2990182E+001
1.4535488E+004 2.2990182E+001
1.4539439E+004 2.2939240E+001
1.4539439E+004 2.2939240E+001
1.4539439E+004 2.3220544E+001
1.4539439E+004 2.3220544E+001
1.4556549E+004 2.2995080E+001
1.4556549E+004 2.2995080E+001
1.4556549E+004 2.3315528E+001
1.4556549E+004 2.3315528E+001
1.4581978E+004 2.2978537E+001
1.4581978E+004 2.2978537E+001
1.4581978E+004 2.4413100E+001
1.4581978E+004 2.4413100E+001
1.4658094E+004 2.3296302E+001
1.4658094E+004 2.3296302E+001
1.4658094E+004 2.3433847E+001
1.4658094E+004 2.3433847E+001
1.4742649E+004 2.2361567E+001
1.4748134E+004 2.2297595E+001
1.4748134E+004 2.2297595E+001
1.4748134E+004 2.4045036E+001
1.4748134E+004 2.4045036E+001
1.4780341E+004 2.3573428E+001
1.4780341E+004 2.3573428E+001
1.4780341E+004 2.3930696E+001
1.4780341E+004 2.3930696E+001
1.4843115E+004 2.3056402E+001
1.4843115E+004 2.3056402E+001
1.4843115E+004 2.5626533E+001
1.4843115E+004 2.5626533E+001
1.4871534E+004 2.5106068E+001
1.4871534E+004 2.5106068E+001
1.4871534E+004 2.6421562E+001
1.4871534E+004 2.6421562E+001
1.4930850E+004 2.5266440E+001
1.4930850E+004 2.5266440E+001
1.4930850E+004 2.5951168E+001
1.4930850E+004 2.5951168E+001
1.4932738E+004 2.5913752E+001
1.4932738E+004 2.5913752E+001
1.4932738E+004 2.6359362E+001
1.4932738E+004 2.6359362E+001
1.4990921E+004 2.5233366E+001
1.4990921E+004 2.5233366E+001
1.4990921E+004 2.5640977E+001
1.4990921E+004 2.5640977E+001
1.4991077E+004 2.5637993E+001
1.4991077E+004 2.6621560E+001
1.4991077E+004 2.6621560E+001
1.5052370E+004 2.5401265E+001
1.5097233E+004 2.4620589E+001
1.5097233E+004 2.4620589E+001
1.5097233E+004 2.5924774E+001
1.5097233E+004 2.5924774E+001
1.5112155E+004 2.5635275E+001
1.5112155E+004 2.5635275E+001
1.5112155E+004 2.6411683E+001
1.5112155E+004 2.6411683E+001
1.5174667E+004 2.5201140E+001
1.5234229E+004 2.4210241E+001
1.5234229E+004 2.4210241E+001
1.5234229E+004 2.4639375E+001
1.5234229E+004 2.4639375E+001
1.5284301E+004 2.3858387E+001
1.5284301E+004 2.3858387E+001
1.5284301E+004 2.5434692E+001
1.5284301E+004 2.5434692E+001
1.5294014E+004 2.5257112E+001
1.5294014E+004 2.5257112E+001
1.5294014E+004 2.5487922E+001
1.5294014E+004 2.5487922E+001
1.5362349E+004 2.4320302E+001
1.5402269E+004 2.3717671E+001
1.5402269E+004 2.3717671E+001
1.5402269E+004 2.4125166E+001
1.5402269E+004 2.4125166E+001
1.5447152E+004 2.3469735E+001
1.5447152E+004 2.3469735E+001
1.5447152E+004 2.3923873E+001
1.5447152E+004 2.3923873E+001
1.5451134E+004 2.3864745E+001
1.5451134E+004 2.3864745E+001
1.5451134E+004 2.4099202E+001
1.5451134E+004 2.4099202E+001
1.5455016E+004 2.4040048E+001
1.5455016E+004 2.4040048E+001
1.5455016E+004 2.4909979E+001
1.5455016E+004 2.4909979E+001
1.5495235E+004 2.4251242E+001
1.5495235E+004 2.4251242E+001
1.5495235E+004 2.4410595E+001
1.5495235E+004 2.4410595E+001
1.5541913E+004 2.3702468E+001
1.5541913E+004 2.3702468E+001
1.5541913E+004 2.4031893E+001
1.5541913E+004 2.4031893E+001
1.5591030E+004 2.3327418E+001
1.5591030E+004 2.3327418E+001
1.5591030E+004 2.3762687E+001
1.5591030E+004 2.3762687E+001
1.5620140E+004 2.3352114E+001
1.5620140E+004 2.3352114E+001
1.5620140E+004 2.4067683E+001
1.5620140E+004 2.4067683E+001
1.5653570E+004 2.3577241E+001
1.5653570E+004 2.3577241E+001
1.5653570E+004 2.3787133E+001
1.5653570E+004 2.3787133E+001
1.5656074E+004 2.3750632E+001
1.5656074E+004 2.3750632E+001
1.5656074E+004 2.4202978E+001
1.5656074E+004 2.4202978E+001
1.5673009E+004 2.3944873E+001
1.5673009E+004 2.3944873E+001
1.5673009E+004 2.4410434E+001
1.5673009E+004 2.4410434E+001
1.5722018E+004 2.3668955E+001
1.5722018E+004 2.3668955E+001
1.5722018E+004 2.4019052E+001
1.5722018E+004 2.4019052E+001
1.5725738E+004 2.3963026E+001
1.5725738E+004 2.3963026E+001
1.5725738E+004 2.4147703E+001
1.5725738E+004 2.4147703E+001
1.5804065E+004 2.3042319E+001
1.5825792E+004 2.2764993E+001
1.5825792E+004 2.2764993E+001
1.5825792E+004 2.5032408E+001
1.5825792E+004 2.5032408E+001
1.5853463E+004 2.4564383E+001
1.5853463E+004 2.4564383E+001
1.5853463E+004 2.5314119E+001
1.5853463E+004 2.5314119E+001
1.5922984E+004 2.4154581E+001
1.5955779E+004 2.3667066E+001
1.5955779E+004 2.3667066E+001
1.5955779E+004 2.4025291E+001
1.5955779E+004 2.4025291E+001
1.5979536E+004 2.3675118E+001
1.5979536E+004 2.3675118E+001
1.5979536E+004 2.4347701E+001
1.5979536E+004 2.4347701E+001
1.5982582E+004 2.4299533E+001
1.5982582E+004 2.4299533E+001
1.5982582E+004 2.4610021E+001
1.5982582E+004 2.4610021E+001
1.6057230E+004 2.3483178E+001
1.6083057E+004 2.3132389E+001
1.6083057E+004 2.3132389E+001
1.6083057E+004 2.3762866E+001
1.6083057E+004 2.3762866E+001
1.6109420E+004 2.3389916E+001
1.6109420E+004 2.3389916E+001
1.6109420E+004 2.3916402E+001
1.6109420E+004 2.3916402E+001
1.6136500E+004 2.3524950E+001
1.6136500E+004 2.3524950E+001
1.6136500E+004 2.3669479E+001
1.6136500E+004 2.3669479E+001
1.6211532E+004 2.2675631E+001
1.6211532E+004 2.2675631E+001
1.6211532E+004 2.2822492E+001
1.6211532E+004 2.2822492E+001
1.6276796E+004 2.2050831E+001
1.6276796E+004 2.2050831E+001
1.6276796E+004 2.2458653E+001
1.6276796E+004 2.2458653E+001
1.6371106E+004 2.1431577E+001
1.6462390E+004 2.0581142E+001
1.6462390E+004 2.0581142E+001
1.6462390E+004 2.0986559E+001
1.6462390E+004 2.0986559E+001
1.6500039E+004 2.0645837E+001
1.6500039E+004 2.0645837E+001
1.6500039E+004 2.1224109E+001
1.6500039E+004 2.1224109E+001
1.6549043E+004 2.0766931E+001
1.6549043E+004 2.0766931E+001
1.6549043E+004 2.0867120E+001
1.6549043E+004 2.0867120E+001
1.6619070E+004 2.0261753E+001
1.6619070E+004 2.0261753E+001
1.6619070E+004 2.1169815E+001
1.6619070E+004 2.1169815E+001
1.6646722E+004 2.0909626E+001
1.6646722E+004 2.0909626E+001
1.6646722E+004 2.1310563E+001
1.6646722E+004 2.1310563E+001
1.6650144E+004 2.1276917E+001
1.6650144E+004 2.1276917E+001
1.6650144E+004 2.1696130E+001
1.6650144E+004 2.1696130E+001
1.6656052E+004 2.1634302E+001
1.6656052E+004 2.1634302E+001
1.6656052E+004 2.1973236E+001
1.6656052E+004 2.1973236E+001
1.6755844E+004 2.0968639E+001
1.6868565E+004 2.0010542E+001
1.6897764E+004 1.9786095E+001
1.6897764E+004 1.9786095E+001
1.6897764E+004 2.0524388E+001
1.6897764E+004 2.0524388E+001
1.6910061E+004 2.0419533E+001
1.6910061E+004 2.0419533E+001
1.6910061E+004 2.2036879E+001
1.6910061E+004 2.2036879E+001
1.6919671E+004 2.1930914E+001
1.6919671E+004 2.1930914E+001
1.6919671E+004 2.2671748E+001
1.6919671E+004 2.2671748E+001
1.7011713E+004 2.1634798E+001
1.7089150E+004 2.0880879E+001
1.7089150E+004 2.0880879E+001
1.7089150E+004 2.1510332E+001
1.7089150E+004 2.1510332E+001
1.7110429E+004 2.1297278E+001
1.7110429E+004 2.1297278E+001
1.7110429E+004 2.1381629E+001
1.7110429E+004 2.1381629E+001
1.7187987E+004 2.0656573E+001
1.7187987E+004 2.0656573E+001
1.7187987E+004 2.0844176E+001
1.7187987E+004 2.0844176E+001
1.7256438E+004 2.0253968E+001
1.7256438E+004 2.0253968E+001
1.7256438E+004 2.0879645E+001
1.7256438E+004 2.0879645E+001
1.7272002E+004 2.0738857E+001
1.7272002E+004 2.0738857E+001
1.7272002E+004 2.0739215E+001
1.7272002E+004 2.0739215E+001
1.7292278E+004 2.0560861E+001
1.7292278E+004 2.0560861E+001
1.7292278E+004 2.1664292E+001
1.7292278E+004 2.1664292E+001
1.7395805E+004 2.0674001E+001
1.7424413E+004 2.0426781E+001
1.7424413E+004 2.0426781E+001
1.7424413E+004 2.0769612E+001
1.7424413E+004 2.0769612E+001
1.7470196E+004 2.0372793E+001
1.7470196E+004 2.0372793E+001
1.7470196E+004 2.0568515E+001
1.7470196E+004 2.0568515E+001
1.7483768E+004 2.0452011E+001
1.7483768E+004 2.0452011E+001
1.7483768E+004 2.1706911E+001
1.7483768E+004 2.1706911E+001
1.7577952E+004 2.0792691E+001
1.7577952E+004 2.0792691E+001
1.7577952E+004 2.1086750E+001
1.7577952E+004 2.1086750E+001
1.7669105E+004 2.0283318E+001
1.7669105E+004 2.0283318E+001
1.7669105E+004 2.0931075E+001
1.7669105E+004 2.0931075E+001
1.7679841E+004 2.0832721E+001
1.7679841E+004 2.0832721E+001
1.7679841E+004 2.3733616E+001
1.7679841E+004 2.3733616E+001
1.7696881E+004 2.3491137E+001
1.7696881E+004 2.3491137E+001
1.7696881E+004 2.4372563E+001
1.7696881E+004 2.4372563E+001
1.7706716E+004 2.4217705E+001
1.7706716E+004 2.4217705E+001
1.7706716E+004 2.4755083E+001
1.7706716E+004 2.4755083E+001
1.7766266E+004 2.3821946E+001
1.7766266E+004 2.3821946E+001
1.7766266E+004 2.3996466E+001
1.7766266E+004 2.3996466E+001
1.7845854E+004 2.2898087E+001
1.7864602E+004 2.2663310E+001
1.7864602E+004 2.2663310E+001
1.7864602E+004 2.3203645E+001
1.7864602E+004 2.3203645E+001
1.7866107E+004 2.3183540E+001
1.7866107E+004 2.3183540E+001
1.7866107E+004 2.5826085E+001
1.7866107E+004 2.5826085E+001
1.7932220E+004 2.4642757E+001
1.7962448E+004 2.4159866E+001
1.7962448E+004 2.4159866E+001
1.7962448E+004 2.4420202E+001
1.7962448E+004 2.4420202E+001
1.7974021E+004 2.4237091E+001
1.7974021E+004 2.4237091E+001
1.7974021E+004 2.4811008E+001
1.7974021E+004 2.4811008E+001
1.8047150E+004 2.3674836E+001
1.8066984E+004 2.3395890E+001
1.8066984E+004 2.3395890E+001
1.8066984E+004 2.3734262E+001
1.8066984E+004 2.3734262E+001
1.8148832E+004 2.2648053E+001
1.8158870E+004 2.2526095E+001
1.8158870E+004 2.2526095E+001
1.8158870E+004 2.2806492E+001
1.8158870E+004 2.2806492E+001
1.8160161E+004 2.2790278E+001
1.8160161E+004 2.2790278E+001
1.8160161E+004 2.3565687E+001
1.8160161E+004 2.3565687E+001
1.8243512E+004 2.2487289E+001
1.8264456E+004 2.2241760E+001
1.8264456E+004 2.2241760E+001
1.8264456E+004 2.4698116E+001
1.8264456E+004 2.4698116E+001
1.8338433E+004 2.3567186E+001
1.8354465E+004 2.3344378E+001
1.8354465E+004 2.3344378E+001
1.8354465E+004 2.3853445E+001
1.8354465E+004 2.3853445E+001
1.8421826E+004 2.2930077E+001
1.8421826E+004 2.2930077E+001
1.8421826E+004 2.4254648E+001
1.8421826E+004 2.4254648E+001
1.8499279E+004 2.3144301E+001
1.8584610E+004 2.2107181E+001
1.8584610E+004 2.2107181E+001
1.8584610E+004 2.2281961E+001
1.8584610E+004 2.2281961E+001
1.8610511E+004 2.1989361E+001
1.8610511E+004 2.1989361E+001
1.8610511E+004 2.2399124E+001
1.8610511E+004 2.2399124E+001
1.8635840E+004 2.2107495E+001
1.8635840E+004 2.2107495E+001
1.8635840E+004 2.2411952E+001
1.8635840E+004 2.2411952E+001
1.8639181E+004 2.2372595E+001
1.8639181E+004 2.2372595E+001
1.8639181E+004 2.2614120E+001
1.8639181E+004 2.2614120E+001
1.8724312E+004 2.1656942E+001
1.8724312E+004 2.1656942E+001
1.8724312E+004 2.1784193E+001
1.8724312E+004 2.1784193E+001
1.8826366E+004 2.0788348E+001
1.8941663E+004 1.9838588E+001
1.8980728E+004 1.9549464E+001
1.8980728E+004 1.9549464E+001
1.8980728E+004 1.9818129E+001
1.8980728E+004 1.9818129E+001
1.9029758E+004 1.9459093E+001
1.9029758E+004 1.9459093E+001
1.9029758E+004 2.0012736E+001
1.9029758E+004 2.0012736E+001
1.9108538E+004 1.9427984E+001
1.9108538E+004 1.9427984E+001
1.9108538E+004 2.0493091E+001
1.9108538E+004 2.0493091E+001
1.9228242E+004 1.9556988E+001
1.9270731E+004 1.9258898E+001
1.9270731E+004 1.9258898E+001
1.9270731E+004 2.0734647E+001
1.9270731E+004 2.0734647E+001
1.9280101E+004 2.0651573E+001
1.9280101E+004 2.0651573E+001
1.9280101E+004 2.1662825E+001
1.9280101E+004 2.1662825E+001
1.9332040E+004 2.1143601E+001
1.9332040E+004 2.1143601E+001
1.9332040E+004 2.1468385E+001
1.9332040E+004 2.1468385E+001
1.9438042E+004 2.0487162E+001
1.9501602E+004 1.9969297E+001
1.9501602E+004 1.9969297E+001
1.9501602E+004 2.0210720E+001
1.9501602E+004 2.0210720E+001
1.9506484E+004 2.0171130E+001
1.9506484E+004 2.0171130E+001
1.9506484E+004 2.0845076E+001
1.9506484E+004 2.0845076E+001
1.9620961E+004 1.9892700E+001
1.9661333E+004 1.9591259E+001
1.9661333E+004 1.9591259E+001
1.9661333E+004 1.9997523E+001
1.9661333E+004 1.9997523E+001
1.9667190E+004 1.9951848E+001
1.9667190E+004 1.9951848E+001
1.9667190E+004 2.0108507E+001
1.9667190E+004 2.0108507E+001
1.9793012E+004 1.9190185E+001
1.9800092E+004 1.9142693E+001
1.9800092E+004 1.9142693E+001
1.9800092E+004 2.1194737E+001
1.9800092E+004 2.1194737E+001
1.9808764E+004 2.1111496E+001
1.9808764E+004 2.1111496E+001
1.9808764E+004 2.3616257E+001
1.9808764E+004 2.3616257E+001
1.9891660E+004 2.2535524E+001
1.9980424E+004 2.1552566E+001
1.9980424E+004 2.1552566E+001
1.9980424E+004 2.2050343E+001
1.9980424E+004 2.2050343E+001
2.0002434E+004 2.1809850E+001
2.0002434E+004 2.1809850E+001
2.0002434E+004 2.2261059E+001
2.0002434E+004 2.2261059E+001
2.0004363E+004 2.2238857E+001
2.0004363E+004 2.2238857E+001
2.0004363E+004 2.2868146E+001
2.0004363E+004 2.2868146E+001
2.0022378E+004 2.2643410E+001
2.0022378E+004 2.2643410E+001
2.0022378E+004 2.3183571E+001
2.0022378E+004 2.3183571E+001
2.0088217E+004 2.2362793E+001
2.0088217E+004 2.2362793E+001
2.0088217E+004 2.2406370E+001
2.0088217E+004 2.2406370E+001
2.0124979E+004 2.1987182E+001
2.0124979E+004 2.1987182E+001
2.0124979E+004 2.3629022E+001
2.0124979E+004 2.3629022E+001
2.0168087E+004 2.3041704E+001
2.0168087E+004 2.3041704E+001
2.0168087E+004 2.3364029E+001
2.0168087E+004 2.3364029E+001
2.0191059E+004 2.3056586E+001
2.0191059E+004 2.3056586E+001
2.0191059E+004 2.3387209E+001
2.0191059E+004 2.3387209E+001
2.0276046E+004 2.2317099E+001
2.0294766E+004 2.2103009E+001
2.0294766E+004 2.2103009E+001
2.0294766E+004 2.2451659E+001
2.0294766E+004 2.2451659E+001
2.0324674E+004 2.2105967E+001
2.0324674E+004 2.2105967E+001
2.0324674E+004 2.2469881E+001
2.0324674E+004 2.2469881E+001
2.0418863E+004 2.1442283E+001
2.0448880E+004 2.1147306E+001
2.0448880E+004 2.1147306E+001
2.0448880E+004 2.2736717E+001
2.0448880E+004 2.2736717E+001
2.0468800E+004 2.2493691E+001
2.0468800E+004 2.2493691E+001
2.0468800E+004 2.2739175E+001
2.0468800E+004 2.2739175E+001
2.0514795E+004 2.2191957E+001
2.0514795E+004 2.2191957E+001
2.0514795E+004 2.2639827E+001
2.0514795E+004 2.2639827E+001
2.0607172E+004 2.1604362E+001
2.0613909E+004 2.1534979E+001
2.0613909E+004 2.1534979E+001
2.0613909E+004 2.1658591E+001
2.0613909E+004 2.1658591E+001
2.0645283E+004 2.1339514E+001
2.0645283E+004 2.1339514E+001
2.0645283E+004 2.1665775E+001
2.0645283E+004 2.1665775E+001
2.0712251E+004 2.1004627E+001
2.0712251E+004 2.1004627E+001
2.0712251E+004 2.1432228E+001
2.0712251E+004 2.1432228E+001
2.0772681E+004 2.0854437E+001
2.0772681E+004 2.0854437E+001
2.0772681E+004 2.0954518E+001
2.0772681E+004 2.0954518E+001
2.0773666E+004 2.0945386E+001
2.0773666E+004 2.0945386E+001
2.0773666E+004 2.1596158E+001
2.0773666E+004 2.1596158E+001
2.0808931E+004 2.1242335E+001
2.0808931E+004 2.1242335E+001
2.0808931E+004 2.1617573E+001
2.0808931E+004 2.1617573E+001
2.0913041E+004 2.0629453E+001
2.0936885E+004 2.0424223E+001
2.0936885E+004 2.0424223E+001
2.0936885E+004 2.0771842E+001
2.0936885E+004 2.0771842E+001
2.0970880E+004 2.0474346E+001
2.0970880E+004 2.0474346E+001
2.0970880E+004 2.1889953E+001
2.0970880E+004 2.1889953E+001
2.1023341E+004 2.1346346E+001
2.1023341E+004 2.1346346E+001
2.1023341E+004 2.1756443E+001
2.1023341E+004 2.1756443E+001
2.1125733E+004 2.0761887E+001
2.1130730E+004 2.0717224E+001
2.1130730E+004 2.0717224E+001
2.1130730E+004 2.1176555E+001
2.1130730E+004 2.1176555E+001
2.1176253E+004 2.0753976E+001
2.1176253E+004 2.0753976E+001
2.1176253E+004 2.0940854E+001
2.1176253E+004 2.0940854E+001
2.1289365E+004 1.9984047E+001
2.1311339E+004 1.9815070E+001
2.1311339E+004 1.9815070E+001
2.1311339E+004 1.9968746E+001
2.1311339E+004 1.9968746E+001
2.1342532E+004 1.9731098E+001
2.1342532E+004 1.9731098E+001
2.1342532E+004 1.9892410E+001
2.1342532E+004 1.9892410E+001
2.1354208E+004 1.9803442E+001
2.1354208E+004 1.9803442E+001
2.1354208E+004 2.0446463E+001
2.1354208E+004 2.0446463E+001
2.1364365E+004 2.0360906E+001
2.1364365E+004 2.0360906E+001
2.1364365E+004 2.0569734E+001
2.1364365E+004 2.0569734E+001
2.1381642E+004 2.0421815E+001
2.1381642E+004 2.0421815E+001
2.1381642E+004 2.1050501E+001
2.1381642E+004 2.1050501E+001
2.1484629E+004 2.0156596E+001
2.1484629E+004 2.0156596E+001
2.1484629E+004 2.0420823E+001
2.1484629E+004 2.0420823E+001
2.1540275E+004 1.9969903E+001
2.1540275E+004 1.9969903E+001
2.1540275E+004 2.0239866E+001
2.1540275E+004 2.0239866E+001
2.1568061E+004 2.0017149E+001
2.1568061E+004 2.0017149E+001
2.1568061E+004 2.0554652E+001
2.1568061E+004 2.0554652E+001
2.1632682E+004 2.0022468E+001
2.1632682E+004 2.0022468E+001
2.1632682E+004 2.0511297E+001
2.1632682E+004 2.0511297E+001
2.1651684E+004 2.0350478E+001
2.1651684E+004 2.0350478E+001
2.1651684E+004 2.0711661E+001
2.1651684E+004 2.0711661E+001
2.1766705E+004 1.9775814E+001
2.1766705E+004 1.9775814E+001
2.1766705E+004 2.0127820E+001
2.1766705E+004 2.0127820E+001
2.1809531E+004 1.9794967E+001
2.1809531E+004 1.9794967E+001
2.1809531E+004 2.0315694E+001
2.1809531E+004 2.0315694E+001
2.1829770E+004 2.0150356E+001
2.1829770E+004 2.0150356E+001
2.1829770E+004 2.0959932E+001
2.1829770E+004 2.0959932E+001
2.1858760E+004 2.0696921E+001
2.1858760E+004 2.0696921E+001
2.1858760E+004 2.0891720E+001
2.1858760E+004 2.0891720E+001
2.1910321E+004 2.0437572E+001
2.1910321E+004 2.0437572E+001
2.1910321E+004 2.1298548E+001
2.1910321E+004 2.1298548E+001
2.1959994E+004 2.0829665E+001
2.1959994E+004 2.0829665E+001
2.1959994E+004 2.1244378E+001
2.1959994E+004 2.1244378E+001
2.1984343E+004 2.1011740E+001
2.1984343E+004 2.1011740E+001
2.1984343E+004 2.1567243E+001
2.1984343E+004 2.1567243E+001
2.1998652E+004 2.1421746E+001
2.1998652E+004 2.1421746E+001
2.1998652E+004 2.1732743E+001
2.1998652E+004 2.1732743E+001
2.2100716E+004 2.0744742E+001
2.2100716E+004 2.0744742E+001
2.2100716E+004 2.1158696E+001
2.2100716E+004 2.1158696E+001
2.2175262E+004 2.0484911E+001
2.2175262E+004 2.0484911E+001
2.2175262E+004 2.1178137E+001
2.2175262E+004 2.1178137E+001
2.2199480E+004 2.0949281E+001
2.2199480E+004 2.0949281E+001
2.2199480E+004 2.1440736E+001
2.2199480E+004 2.1440736E+001
2.2229217E+004 2.1148524E+001
2.2229217E+004 2.1148524E+001
2.2229217E+004 2.2830942E+001
2.2229217E+004 2.2830942E+001
2.2235380E+004 2.2753593E+001
2.2235380E+004 2.2753593E+001
2.2235380E+004 2.3402170E+001
2.2235380E+004 2.3402170E+001
2.2320228E+004 2.2331364E+001
2.2375015E+004 2.1724230E+001
2.2375015E+004 2.1724230E+001
2.2375015E+004 2.1995140E+001
2.2375015E+004 2.1995140E+001
2.2474550E+004 2.0989525E+001
2.2486222E+004 2.0881597E+001
2.2486222E+004 2.0881597E+001
2.2486222E+004 2.2324078E+001
2.2486222E+004 2.2324078E+001
2.2572188E+004 2.1399589E+001
2.2572188E+004 2.1399589E+001
2.2572188E+004 2.1705971E+001
2.2572188E+004 2.1705971E+001
2.2647947E+004 2.0958934E+001
2.2647947E+004 2.0958934E+001
2.2647947E+004 2.1269166E+001
2.2647947E+004 2.1269166E+001
2.2683415E+004 2.0932029E+001
2.2683415E+004 2.0932029E+001
2.2683415E+004 2.1329317E+001
2.2683415E+004 2.1329317E+001
2.2742186E+004 2.0775954E+001
2.2742186E+004 2.0775954E+001
2.2742186E+004 2.1562312E+001
2.2742186E+004 2.1562312E+001
2.2779691E+004 2.1188815E+001
2.2779691E+004 2.1188815E+001
2.2779691E+004 2.1748325E+001
2.2779691E+004 2.1748325E+001
2.2868346E+004 2.0878031E+001
2.2868346E+004 2.0878031E+001
2.2868346E+004 2.1155067E+001
2.2868346E+004 2.1155067E+001
2.2978489E+004 2.0188346E+001
2.2987505E+004 2.0115741E+001
2.2987505E+004 2.0115741E+001
2.2987505E+004 2.0665314E+001
2.2987505E+004 2.0665314E+001
2.2992276E+004 2.0623377E+001
2.2992276E+004 2.0623377E+001
2.2992276E+004 2.0934656E+001
2.2992276E+004 2.0934656E+001
2.3014314E+004 2.0734467E+001
2.3014314E+004 2.0734467E+001
2.3014314E+004 2.1038104E+001
2.3014314E+004 2.1038104E+001
2.3126064E+004 2.0076798E+001
2.3135522E+004 2.0002165E+001
2.3135522E+004 2.0002165E+001
2.3135522E+004 2.0195368E+001
2.3135522E+004 2.0195368E+001
2.3140235E+004 2.0157247E+001
2.3140235E+004 2.0157247E+001
2.3140235E+004 2.0482688E+001
2.3140235E+004 2.0482688E+001
2.3260100E+004 1.9547068E+001
2.3294213E+004 1.9306818E+001
2.3294213E+004 1.9306818E+001
2.3294213E+004 1.9527019E+001
2.3294213E+004 1.9527019E+001
2.3294895E+004 1.9522121E+001
2.3294895E+004 1.9522121E+001
2.3294895E+004 1.9870179E+001
2.3294895E+004 1.9870179E+001
2.3371780E+004 1.9312853E+001
2.3371780E+004 1.9312853E+001
2.3371780E+004 1.9391175E+001
2.3371780E+004 1.9391175E+001
2.3376670E+004 1.9357056E+001
2.3376670E+004 1.9357056E+001
2.3376670E+004 2.0721098E+001
2.3376670E+004 2.0721098E+001
2.3402475E+004 2.0495790E+001
2.3402475E+004 2.0495790E+001
2.3402475E+004 2.2014669E+001
2.3402475E+004 2.2014669E+001
2.3501782E+004 2.1008164E+001
2.3537204E+004 2.0685844E+001
2.3537204E+004 2.0685844E+001
2.3537204E+004 2.2294164E+001
2.3537204E+004 2.2294164E+001
2.3574211E+004 2.1879628E+001
2.3574211E+004 2.1879628E+001
2.3574211E+004 2.2259229E+001
2.3574211E+004 2.2259229E+001
2.3584419E+004 2.2142624E+001
2.3584419E+004 2.2142624E+001
2.3584419E+004 2.2925656E+001
2.3584419E+004 2.2925656E+001
2.3673862E+004 2.1876931E+001
2.3741272E+004 2.1189026E+001
2.3741272E+004 2.1189026E+001
2.3741272E+004 2.2045490E+001
2.3741272E+004 2.2045490E+001
2.3795501E+004 2.1470482E+001
2.3795501E+004 2.1470482E+001
2.3795501E+004 2.4168730E+001
2.3795501E+004 2.4168730E+001
2.3831328E+004 2.3636900E+001
2.3831328E+004 2.3636900E+001
2.3831328E+004 2.4539655E+001
2.3831328E+004 2.4539655E+001
2.3857501E+004 2.4125582E+001
2.3857501E+004 2.4125582E+001
2.3857501E+004 2.4976764E+001
2.3857501E+004 2.4976764E+001
2.3883951E+004 2.4532151E+001
2.3883951E+004 2.4532151E+001
2.3883951E+004 2.5825492E+001
2.3883951E+004 2.5825492E+001
2.3930483E+004 2.4971121E+001
2.3930483E+004 2.4971121E+001
2.3930483E+004 2.5133814E+001
2.3930483E+004 2.5133814E+001
2.3934578E+004 2.5061471E+001
2.3934578E+004 2.5061471E+001
2.3934578E+004 2.5410035E+001
2.3934578E+004 2.5410035E+001
2.3957445E+004 2.5000361E+001
2.3957445E+004 2.5000361E+001
2.3957445E+004 2.5676375E+001
2.3957445E+004 2.5676375E+001
2.3968437E+004 2.5469039E+001
2.3968437E+004 2.5469039E+001
2.3968437E+004 2.6579592E+001
2.3968437E+004 2.6579592E+001
2.4017823E+004 2.5585043E+001
2.4017823E+004 2.5585043E+001
2.4017823E+004 2.6621850E+001
2.4017823E+004 2.6621850E+001
2.4079114E+004 2.5401541E+001
2.4148034E+004 2.4237947E+001
2.4225623E+004 2.3128367E+001
2.4298962E+004 2.2228293E+001
2.4298962E+004 2.2228293E+001
2.4298962E+004 2.2731793E+001
2.4298962E+004 2.2731793E+001
2.4334814E+004 2.2301481E+001
2.4334814E+004 2.2301481E+001
2.4334814E+004 2.2417305E+001
2.4334814E+004 2.2417305E+001
2.4417825E+004 2.1509398E+001
2.4417825E+004 2.1509398E+001
2.4417825E+004 2.1701783E+001
2.4417825E+004 2.1701783E+001
2.4444543E+004 2.1427023E+001
2.4444543E+004 2.1427023E+001
2.4444543E+004 2.2692845E+001
2.4444543E+004 2.2692845E+001
2.4505248E+004 2.1985835E+001
2.4505248E+004 2.1985835E+001
2.4505248E+004 2.2186893E+001
2.4505248E+004 2.2186893E+001
2.4539443E+004 2.1809288E+001
2.4539443E+004 2.1809288E+001
2.4539443E+004 2.2295807E+001
2.4539443E+004 2.2295807E+001
2.4610546E+004 2.1523938E+001
2.4610546E+004 2.1523938E+001
2.4610546E+004 2.2542021E+001
2.4610546E+004 2.2542021E+001
2.4654221E+004 2.2036740E+001
2.4654221E+004 2.2036740E+001
2.4654221E+004 2.2831133E+001
2.4654221E+004 2.2831133E+001
2.4660276E+004 2.2755136E+001
2.4660276E+004 2.2755136E+001
2.4660276E+004 2.2981559E+001
2.4660276E+004 2.2981559E+001
2.4749161E+004 2.1930252E+001
2.4770316E+004 2.1703358E+001
2.4770316E+004 2.1703358E+001
2.4770316E+004 2.2107284E+001
2.4770316E+004 2.2107284E+001
2.4868549E+004 2.1096484E+001
2.4897763E+004 2.0825305E+001
2.4897763E+004 2.0825305E+001
2.4897763E+004 2.1249993E+001
2.4897763E+004 2.1249993E+001
2.4935394E+004 2.0894077E+001
2.4935394E+004 2.0894077E+001
2.4935394E+004 2.1199641E+001
2.4935394E+004 2.1199641E+001
2.4961174E+004 2.0955465E+001
2.4961174E+004 2.0955465E+001
2.4961174E+004 2.2210426E+001
2.4961174E+004 2.2210426E+001
2.5028971E+004 2.1481854E+001
2.5028971E+004 2.1481854E+001
2.5028971E+004 2.3409488E+001
2.5028971E+004 2.3409488E+001
2.5075748E+004 2.2794728E+001
2.5075748E+004 2.2794728E+001
2.5075748E+004 2.3004822E+001
2.5075748E+004 2.3004822E+001
2.5114336E+004 2.2523330E+001
2.5114336E+004 2.2523330E+001
2.5114336E+004 2.2665540E+001
2.5114336E+004 2.2665540E+001
2.5136890E+004 2.2394092E+001
2.5136890E+004 2.2394092E+001
2.5136890E+004 2.2529369E+001
2.5136890E+004 2.2529369E+001
2.5142058E+004 2.2467448E+001
2.5142058E+004 2.2467448E+001
2.5142058E+004 2.2820334E+001
2.5142058E+004 2.2820334E+001
2.5155093E+004 2.2658124E+001
2.5155093E+004 2.2658124E+001
2.5155093E+004 2.2846474E+001
2.5155093E+004 2.2846474E+001
2.5218642E+004 2.2091135E+001
2.5218642E+004 2.2091135E+001
2.5218642E+004 2.2496773E+001
2.5218642E+004 2.2496773E+001
2.5265065E+004 2.1964827E+001
2.5265065E+004 2.1964827E+001
2.5265065E+004 2.2322021E+001
2.5265065E+004 2.2322021E+001
2.5285616E+004 2.2087215E+001
2.5285616E+004 2.2087215E+001
2.5285616E+004 2.2648419E+001
2.5285616E+004 2.2648419E+001
2.5336383E+004 2.2055480E+001
2.5336383E+004 2.2055480E+001
2.5336383E+004 2.2478150E+001
2.5336383E+004 2.2478150E+001
2.5355789E+004 2.2250640E+001
2.5355789E+004 2.2250640E+001
2.5355789E+004 2.2424737E+001
2.5355789E+004 2.2424737E+001
2.5389268E+004 2.2040703E+001
2.5389268E+004 2.2040703E+001
2.5389268E+004 2.3982258E+001
2.5389268E+004 2.3982258E+001
2.5412529E+004 2.3641322E+001
2.5412529E+004 2.3641322E+001
2.5412529E+004 2.4093629E+001
2.5412529E+004 2.4093629E+001
2.5429294E+004 2.3842077E+001
2.5429294E+004 2.3842077E+001
2.5429294E+004 2.4358753E+001
2.5429294E+004 2.4358753E+001
2.5505910E+004 2.3243575E+001
2.5527443E+004 2.2960147E+001
2.5527443E+004 2.2960147E+001
2.5527443E+004 2.3552162E+001
2.5527443E+004 2.3552162E+001
2.5570889E+004 2.2967055E+001
2.5570889E+004 2.2967055E+001
2.5570889E+004 2.3274075E+001
2.5570889E+004 2.3274075E+001
2.5613508E+004 2.2722681E+001
2.5613508E+004 2.2722681E+001
2.5613508E+004 2.4023242E+001
2.5613508E+004 2.4023242E+001
2.5692871E+004 2.2923631E+001
2.5774865E+004 2.1955497E+001
2.5774865E+004 2.1955497E+001
2.5774865E+004 2.2245805E+001
2.5774865E+004 2.2245805E+001
2.5871523E+004 2.1228590E+001
2.5887056E+004 2.1079482E+001
2.5887056E+004 2.1079482E+001
2.5887056E+004 2.1432678E+001
2.5887056E+004 2.1432678E+001
2.5956761E+004 2.0771333E+001
2.5956761E+004 2.0771333E+001
2.5956761E+004 2.1733747E+001
2.5956761E+004 2.1733747E+001
2.6059430E+004 2.0740246E+001
2.6108280E+004 2.0319965E+001
2.6108280E+004 2.0319965E+001
2.6108280E+004 2.2087740E+001
2.6108280E+004 2.2087740E+001
2.6206738E+004 2.1077839E+001
2.6243050E+004 2.0743767E+001
2.6243050E+004 2.0743767E+001
2.6243050E+004 2.1035388E+001
2.6243050E+004 2.1035388E+001
2.6309615E+004 2.0442009E+001
2.6309615E+004 2.0442009E+001
2.6309615E+004 2.1095089E+001
2.6309615E+004 2.1095089E+001
2.6330595E+004 2.0899071E+001
2.6330595E+004 2.0899071E+001
2.6330595E+004 2.3754640E+001
2.6330595E+004 2.3754640E+001
2.6341987E+004 2.3591020E+001
2.6341987E+004 2.3591020E+001
2.6341987E+004 2.5898920E+001
2.6341987E+004 2.5898920E+001
2.6386314E+004 2.5074843E+001
2.6386314E+004 2.5074843E+001
2.6386314E+004 2.5335745E+001
2.6386314E+004 2.5335745E+001
2.6400970E+004 2.5073064E+001
2.6400970E+004 2.5073064E+001
2.6400970E+004 2.5484266E+001
2.6400970E+004 2.5484266E+001
2.6407171E+004 2.5369619E+001
2.6407171E+004 2.5369619E+001
2.6407171E+004 2.5622411E+001
2.6407171E+004 2.5622411E+001
2.6474609E+004 2.4448554E+001
2.6533005E+004 2.3569923E+001
2.6533005E+004 2.3569923E+001
2.6533005E+004 2.4717918E+001
2.6533005E+004 2.4717918E+001
2.6606832E+004 2.3586068E+001
2.6613465E+004 2.3492685E+001
2.6613465E+004 2.3492685E+001
2.6613465E+004 2.3919687E+001
2.6613465E+004 2.3919687E+001
2.6636897E+004 2.3579431E+001
2.6636897E+004 2.3579431E+001
2.6636897E+004 2.3762920E+001
2.6636897E+004 2.3762920E+001
2.6713218E+004 2.2739940E+001
2.6713218E+004 2.2739940E+001
2.6713218E+004 2.2936984E+001
2.6713218E+004 2.2936984E+001
2.6755544E+004 2.2416185E+001
2.6755544E+004 2.2416185E+001
2.6755544E+004 2.3116307E+001
2.6755544E+004 2.3116307E+001
2.6843106E+004 2.2058748E+001
2.6928566E+004 2.1175853E+001
2.6928566E+004 2.1175853E+001
2.6928566E+004 2.1974589E+001
2.6928566E+004 2.1974589E+001
2.7028342E+004 2.0969930E+001
2.7067000E+004 2.0621338E+001
2.7067000E+004 2.0621338E+001
2.7067000E+004 2.0962213E+001
2.7067000E+004 2.0962213E+001
2.7086513E+004 2.0783758E+001
2.7086513E+004 2.0783758E+001
2.7086513E+004 2.1208101E+001
2.7086513E+004 2.1208101E+001
2.7139720E+004 2.0714738E+001
2.7139720E+004 2.0714738E+001
2.7139720E+004 2.1493157E+001
2.7139720E+004 2.1493157E+001
2.7146106E+004 2.1428579E+001
2.7146106E+004 2.1428579E+001
2.7146106E+004 2.1916053E+001
2.7146106E+004 2.1916053E+001
2.7236910E+004 2.1002772E+001
2.7236910E+004 2.1002772E+001
2.7236910E+004 2.1318595E+001
2.7236910E+004 2.1318595E+001
2.7291238E+004 2.0806062E+001
2.7291238E+004 2.0806062E+001
2.7291238E+004 2.1142117E+001
2.7291238E+004 2.1142117E+001
2.7292085E+004 2.1134011E+001
2.7292085E+004 2.1134011E+001
2.7292085E+004 2.1546304E+001
2.7292085E+004 2.1546304E+001
2.7397092E+004 2.0561478E+001
2.7424782E+004 2.0326642E+001
2.7424782E+004 2.0326642E+001
2.7424782E+004 2.0998906E+001
2.7424782E+004 2.0998906E+001
2.7502833E+004 2.0313638E+001
2.7502833E+004 2.0313638E+001
2.7502833E+004 2.1148400E+001
2.7502833E+004 2.1148400E+001
2.7613067E+004 2.0181989E+001
2.7630871E+004 2.0039704E+001
2.7630871E+004 2.0039704E+001
2.7630871E+004 2.1033943E+001
2.7630871E+004 2.1033943E+001
2.7635095E+004 2.0994343E+001
2.7635095E+004 2.0994343E+001
2.7635095E+004 2.1269309E+001
2.7635095E+004 2.1269309E+001
2.7665627E+004 2.0977893E+001
2.7665627E+004 2.0977893E+001
2.7665627E+004 2.1852710E+001
2.7665627E+004 2.1852710E+001
2.7701749E+004 2.1475189E+001
2.7701749E+004 2.1475189E+001
2.7701749E+004 2.1754066E+001
2.7701749E+004 2.1754066E+001
2.7804170E+004 2.0759621E+001
2.7823152E+004 2.0591885E+001
2.7823152E+004 2.0591885E+001
2.7823152E+004 2.1202060E+001
2.7823152E+004 2.1202060E+001
2.7892419E+004 2.0568806E+001
2.7892419E+004 2.0568806E+001
2.7892419E+004 2.0976151E+001
2.7892419E+004 2.0976151E+001
2.7902990E+004 2.0878542E+001
2.7902990E+004 2.0878542E+001
2.7902990E+004 2.1200221E+001
2.7902990E+004 2.1200221E+001
2.8012523E+004 2.0231404E+001
2.8119443E+004 1.9423716E+001
2.8119443E+004 1.9423716E+001
2.8119443E+004 2.1104791E+001
2.8119443E+004 2.1104791E+001
2.8122733E+004 2.1073555E+001
2.8122733E+004 2.1073555E+001
2.8122733E+004 2.1194032E+001
2.8122733E+004 2.1194032E+001
2.8151989E+004 2.0917986E+001
2.8151989E+004 2.0917986E+001
2.8151989E+004 2.3674276E+001
2.8151989E+004 2.3674276E+001
2.8234367E+004 2.2590842E+001
2.8327261E+004 2.1557637E+001
2.8432125E+004 2.0572285E+001
2.8446878E+004 2.0445668E+001
2.8446878E+004 2.0445668E+001
2.8446878E+004 2.1063915E+001
2.8446878E+004 2.1063915E+001
2.8460945E+004 2.0932447E+001
2.8460945E+004 2.0932447E+001
2.8460945E+004 2.1205481E+001
2.8460945E+004 2.1205481E+001
2.8531740E+004 2.0558700E+001
2.8531740E+004 2.0558700E+001
2.8531740E+004 2.1421646E+001
2.8531740E+004 2.1421646E+001
2.8638346E+004 2.0442594E+001
2.8650745E+004 2.0338398E+001
2.8650745E+004 2.0338398E+001
2.8650745E+004 2.0891471E+001
2.8650745E+004 2.0891471E+001
2.8668823E+004 2.0727936E+001
2.8668823E+004 2.0727936E+001
2.8668823E+004 2.0996576E+001
2.8668823E+004 2.0996576E+001
2.8679019E+004 2.0902067E+001
2.8679019E+004 2.0902067E+001
2.8679019E+004 2.1058891E+001
2.8679019E+004 2.1058891E+001
2.8686339E+004 2.0990162E+001
2.8686339E+004 2.0990162E+001
2.8686339E+004 2.1727207E+001
2.8686339E+004 2.1727207E+001
2.8789089E+004 2.0734010E+001
2.8905180E+004 1.9786773E+001
2.8912135E+004 1.9734616E+001
2.8912135E+004 1.9734616E+001
2.8912135E+004 1.9845200E+001
2.8912135E+004 1.9845200E+001
2.9042410E+004 1.8939043E+001
2.9189880E+004 1.8074739E+001
2.9190654E+004 1.8070557E+001
2.9190654E+004 1.8070557E+001
2.9190654E+004 2.0262991E+001
2.9190654E+004 2.0262991E+001
2.9223552E+004 1.9999220E+001
2.9223552E+004 1.9999220E+001
2.9223552E+004 2.0727007E+001
2.9223552E+004 2.0727007E+001
2.9277185E+004 2.0268320E+001
2.9277185E+004 2.0268320E+001
2.9277185E+004 2.1018400E+001
2.9277185E+004 2.1018400E+001
2.9288286E+004 2.0915200E+001
2.9288286E+004 2.0915200E+001
2.9288286E+004 2.3114910E+001
2.9288286E+004 2.3114910E+001
2.9357147E+004 2.2267653E+001
2.9357147E+004 2.2267653E+001
2.9357147E+004 2.2505877E+001
2.9357147E+004 2.2505877E+001
2.9363734E+004 2.2427349E+001
2.9363734E+004 2.2427349E+001
2.9363734E+004 2.3025915E+001
2.9363734E+004 2.3025915E+001
2.9399604E+004 2.2575684E+001
2.9399604E+004 2.2575684E+001
2.9399604E+004 2.5098819E+001
2.9399604E+004 2.5098819E+001
2.9470635E+004 2.3949278E+001
2.9472421E+004 2.3922596E+001
2.9472421E+004 2.3922596E+001
2.9472421E+004 2.4146539E+001
2.9472421E+004 2.4146539E+001
2.9490596E+004 2.3872171E+001
2.9490596E+004 2.3872171E+001
2.9490596E+004 2.4133888E+001
2.9490596E+004 2.4133888E+001
2.9541380E+004 2.3396281E+001
2.9541380E+004 2.3396281E+001
2.9541380E+004 2.4090574E+001
2.9541380E+004 2.4090574E+001
2.9546568E+004 2.4011735E+001
2.9546568E+004 2.4011735E+001
2.9546568E+004 2.4171456E+001
2.9546568E+004 2.4171456E+001
2.9572324E+004 2.3784583E+001
2.9572324E+004 2.3784583E+001
2.9572324E+004 2.4197703E+001
2.9572324E+004 2.4197703E+001
2.9599642E+004 2.3786563E+001
2.9599642E+004 2.3786563E+001
2.9599642E+004 2.4114203E+001
2.9599642E+004 2.4114203E+001
2.9677906E+004 2.3014718E+001
2.9677906E+004 2.3014718E+001
2.9677906E+004 2.4163303E+001
2.9677906E+004 2.4163303E+001
2.9690013E+004 2.3978818E+001
2.9690013E+004 2.3978818E+001
2.9690013E+004 2.6093672E+001
2.9690013E+004 2.6093672E+001
2.9701739E+004 2.5860026E+001
2.9701739E+004 2.5860026E+001
2.9701739E+004 2.6838559E+001
2.9701739E+004 2.6838559E+001
2.9761807E+004 2.5608178E+001
2.9829340E+004 2.4434971E+001
2.9835720E+004 2.4333185E+001
2.9835720E+004 2.4333185E+001
2.9835720E+004 2.4528468E+001
2.9835720E+004 2.4528468E+001
2.9886923E+004 2.3742994E+001
2.9886923E+004 2.3742994E+001
2.9886923E+004 2.3852290E+001
2.9886923E+004 2.3852290E+001
2.9948627E+004 2.3001401E+001
2.9948627E+004 2.3001401E+001
2.9948627E+004 2.3230881E+001
2.9948627E+004 2.3230881E+001
3.0035086E+004 2.2168010E+001
3.0080122E+004 2.1677092E+001
3.0080122E+004 2.1677092E+001
3.0080122E+004 2.2057637E+001
3.0080122E+004 2.2057637E+001
3.0178928E+004 2.1049135E+001
3.0203734E+004 2.0819886E+001
3.0203734E+004 2.0819886E+001
3.0203734E+004 2.1586392E+001
3.0203734E+004 2.1586392E+001
3.0206076E+004 2.1562248E+001
3.0206076E+004 2.1562248E+001
3.0206076E+004 2.2039200E+001
3.0206076E+004 2.2039200E+001
3.0272981E+004 2.1338533E+001
3.0272981E+004 2.1338533E+001
3.0272981E+004 2.2078696E+001
3.0272981E+004 2.2078696E+001
3.0321405E+004 2.1559825E+001
3.0321405E+004 2.1559825E+001
3.0321405E+004 2.2053270E+001
3.0321405E+004 2.2053270E+001
3.0324513E+004 2.2018704E+001
3.0324513E+004 2.2018704E+001
3.0324513E+004 2.4190931E+001
3.0324513E+004 2.4190931E+001
3.0373596E+004 2.3470879E+001
3.0373596E+004 2.3470879E+001
3.0373596E+004 2.3764068E+001
3.0373596E+004 2.3764068E+001
3.0373882E+004 2.3759906E+001
3.0373882E+004 2.4280714E+001
3.0373882E+004 2.4280714E+001
3.0418471E+004 2.3614892E+001
3.0418471E+004 2.3614892E+001
3.0418471E+004 2.4133340E+001
3.0418471E+004 2.4133340E+001
3.0496917E+004 2.3028620E+001
3.0528585E+004 2.2629272E+001
3.0528585E+004 2.2629272E+001
3.0528585E+004 2.2944256E+001
3.0528585E+004 2.2944256E+001
3.0581872E+004 2.2295002E+001
3.0581872E+004 2.2295002E+001
3.0581872E+004 2.3064675E+001
3.0581872E+004 2.3064675E+001
3.0669938E+004 2.2009519E+001
3.0720727E+004 2.1472372E+001
3.0720727E+004 2.1472372E+001
3.0720727E+004 2.2778704E+001
3.0720727E+004 2.2778704E+001
3.0811661E+004 2.1736797E+001
3.0825558E+004 2.1591429E+001
3.0825558E+004 2.1591429E+001
3.0825558E+004 2.2885898E+001
3.0825558E+004 2.2885898E+001
3.0900467E+004 2.2000199E+001
3.0900467E+004 2.2000199E+001
3.0900467E+004 2.2596511E+001
3.0900467E+004 2.2596511E+001
3.0954961E+004 2.1967311E+001
3.0954961E+004 2.1967311E+001
3.0954961E+004 2.2206617E+001
3.0954961E+004 2.2206617E+001
3.1020972E+004 2.1496499E+001
3.1020972E+004 2.1496499E+001
3.1020972E+004 2.4211826E+001
3.1020972E+004 2.4211826E+001
3.1023492E+004 2.4172723E+001
3.1023492E+004 2.4172723E+001
3.1023492E+004 2.4518823E+001
3.1023492E+004 2.4518823E+001
3.1070937E+004 2.3788799E+001
3.1070937E+004 2.3788799E+001
3.1070937E+004 2.3972717E+001
3.1070937E+004 2.3972717E+001
3.1136694E+004 2.3054435E+001
3.1136694E+004 2.3054435E+001
3.1136694E+004 2.4311294E+001
3.1136694E+004 2.4311294E+001
3.1213689E+004 2.3198310E+001
3.1276697E+004 2.2408853E+001
3.1276697E+004 2.2408853E+001
3.1276697E+004 2.2720616E+001
3.1276697E+004 2.2720616E+001
3.1289108E+004 2.2568459E+001
3.1289108E+004 2.2568459E+001
3.1289108E+004 2.3175577E+001
3.1289108E+004 2.3175577E+001
3.1295930E+004 2.3085342E+001
3.1295930E+004 2.3085342E+001
3.1295930E+004 2.3339906E+001
3.1295930E+004 2.3339906E+001
3.1301373E+004 2.3265978E+001
3.1301373E+004 2.3265978E+001
3.1301373E+004 2.3560524E+001
3.1301373E+004 2.3560524E+001
3.1376899E+004 2.2576044E+001
3.1376899E+004 2.2576044E+001
3.1376899E+004 2.3078124E+001
3.1376899E+004 2.3078124E+001
3.1460550E+004 2.2069466E+001
3.1460550E+004 2.2069466E+001
3.1460550E+004 2.2401309E+001
3.1460550E+004 2.2401309E+001
3.1555485E+004 2.1376883E+001
3.1627946E+004 2.0697118E+001
3.1627946E+004 2.0697118E+001
3.1627946E+004 2.1049443E+001
3.1627946E+004 2.1049443E+001
3.1646799E+004 2.0874345E+001
3.1646799E+004 2.0874345E+001
3.1646799E+004 2.1146987E+001
3.1646799E+004 2.1146987E+001
3.1757053E+004 2.0180641E+001
3.1881694E+004 1.9258989E+001
3.1898534E+004 1.9145278E+001
3.1898534E+004 1.9145278E+001
3.1898534E+004 1.9340550E+001
3.1898534E+004 1.9340550E+001
3.1908728E+004 1.9270345E+001
3.1908728E+004 1.9270345E+001
3.1908728E+004 1.9779618E+001
3.1908728E+004 1.9779618E+001
3.2002213E+004 1.9120309E+001
3.2002213E+004 1.9120309E+001
3.2002213E+004 1.9955573E+001
3.2002213E+004 1.9955573E+001
3.2022347E+004 1.9801330E+001
3.2022347E+004 1.9801330E+001
3.2022347E+004 2.0370742E+001
3.2022347E+004 2.0370742E+001
3.2140388E+004 1.9465196E+001
3.2140388E+004 1.9465196E+001
3.2140388E+004 2.0740870E+001
3.2140388E+004 2.0740870E+001
3.2156490E+004 2.0598728E+001
3.2156490E+004 2.0598728E+001
3.2156490E+004 2.1103641E+001
3.2156490E+004 2.1103641E+001
3.2175374E+004 2.0926642E+001
3.2175374E+004 2.0926642E+001
3.2175374E+004 2.3295741E+001
3.2175374E+004 2.3295741E+001
3.2261218E+004 2.2229870E+001
3.2358056E+004 2.1213396E+001
3.2373218E+004 2.1068178E+001
3.2373218E+004 2.1068178E+001
3.2373218E+004 2.1621264E+001
3.2373218E+004 2.1621264E+001
3.2452191E+004 2.0855054E+001
3.2452191E+004 2.0855054E+001
3.2452191E+004 2.1487025E+001
3.2452191E+004 2.1487025E+001
3.2456475E+004 2.1443662E+001
3.2456475E+004 2.1443662E+001
3.2456475E+004 2.1829725E+001
3.2456475E+004 2.1829725E+001
3.2477115E+004 2.1611838E+001
3.2477115E+004 2.1611838E+001
3.2477115E+004 2.2235413E+001
3.2477115E+004 2.2235413E+001
3.2513297E+004 2.1833535E+001
3.2513297E+004 2.1833535E+001
3.2513297E+004 2.2242066E+001
3.2513297E+004 2.2242066E+001
3.2562703E+004 2.1699411E+001
3.2562703E+004 2.1699411E+001
3.2562703E+004 2.4422146E+001
3.2562703E+004 2.4422146E+001
3.2638815E+004 2.3304018E+001
3.2712082E+004 2.2381442E+001
3.2712082E+004 2.2381442E+001
3.2712082E+004 2.2511980E+001
3.2712082E+004 2.2511980E+001
3.2714802E+004 2.2479405E+001
3.2714802E+004 2.2479405E+001
3.2714802E+004 2.3128052E+001
3.2714802E+004 2.3128052E+001
3.2752525E+004 2.2648118E+001
3.2752525E+004 2.2648118E+001
3.2752525E+004 2.3009790E+001
3.2752525E+004 2.3009790E+001
3.2841131E+004 2.1957170E+001
3.2854596E+004 2.1811105E+001
3.2854596E+004 2.1811105E+001
3.2854596E+004 2.2020930E+001
3.2854596E+004 2.2020930E+001
3.2900649E+004 2.1530906E+001
3.2900649E+004 2.1530906E+001
3.2900649E+004 2.2124833E+001
3.2900649E+004 2.2124833E+001
3.2935879E+004 2.1739974E+001
3.2935879E+004 2.1739974E+001
3.2935879E+004 2.2140325E+001
3.2935879E+004 2.2140325E+001
3.2939832E+004 2.2095764E+001
3.2939832E+004 2.2095764E+001
3.2939832E+004 2.2608814E+001
3.2939832E+004 2.2608814E+001
3.2990184E+004 2.2024030E+001
3.2990184E+004 2.2024030E+001
3.2990184E+004 2.2372640E+001
3.2990184E+004 2.2372640E+001
3.3001241E+004 2.2244139E+001
3.3001241E+004 2.2244139E+001
3.3001241E+004 2.2932191E+001
3.3001241E+004 2.2932191E+001
3.3044595E+004 2.2399679E+001
3.3044595E+004 2.2399679E+001
3.3044595E+004 2.2847539E+001
3.3044595E+004 2.2847539E+001
3.3060420E+004 2.2650335E+001
3.3060420E+004 2.2650335E+001
3.3060420E+004 2.3283216E+001
3.3060420E+004 2.3283216E+001
3.3086696E+004 2.2936983E+001
3.3086696E+004 2.2936983E+001
3.3086696E+004 2.3217157E+001
3.3086696E+004 2.3217157E+001
3.3094664E+004 2.3111220E+001
3.3094664E+004 2.3111220E+001
3.3094664E+004 2.3512651E+001
3.3094664E+004 2.3512651E+001
3.3118780E+004 2.3183065E+001
3.3118780E+004 2.3183065E+001
3.3118780E+004 2.3809435E+001
3.3118780E+004 2.3809435E+001
3.3121358E+004 2.3771738E+001
3.3121358E+004 2.3771738E+001
3.3121358E+004 2.3978774E+001
3.3121358E+004 2.3978774E+001
3.3136268E+004 2.3758302E+001
3.3136268E+004 2.3758302E+001
3.3136268E+004 2.4104486E+001
3.3136268E+004 2.4104486E+001
3.3212373E+004 2.3034223E+001
3.3212373E+004 2.3034223E+001
3.3212373E+004 2.3797843E+001
3.3212373E+004 2.3797843E+001
3.3293665E+004 2.2708685E+001
3.3322788E+004 2.2358088E+001
3.3322788E+004 2.2358088E+001
3.3322788E+004 2.2697642E+001
3.3322788E+004 2.2697642E+001
3.3398739E+004 2.1825333E+001
3.3398739E+004 2.1825333E+001
3.3398739E+004 2.2506829E+001
3.3398739E+004 2.2506829E+001
3.3441979E+004 2.2009086E+001
3.3441979E+004 2.2009086E+001
3.3441979E+004 2.2583146E+001
3.3441979E+004 2.2583146E+001
3.3442029E+004 2.2582545E+001
3.3442029E+004 2.2952529E+001
3.3442029E+004 2.2952529E+001
3.3446152E+004 2.2899680E+001
3.3446152E+004 2.2899680E+001
3.3446152E+004 2.3231317E+001
3.3446152E+004 2.3231317E+001
3.3467706E+004 2.2948139E+001
3.3467706E+004 2.2948139E+001
3.3467706E+004 2.3175205E+001
3.3467706E+004 2.3175205E+001
3.3491546E+004 2.2865377E+001
3.3491546E+004 2.2865377E+001
3.3491546E+004 2.3231618E+001
3.3491546E+004 2.3231618E+001
3.3509996E+004 2.2988427E+001
3.3509996E+004 2.2988427E+001
3.3509996E+004 2.3413481E+001
3.3509996E+004 2.3413481E+001
3.3515122E+004 2.3343048E+001
3.3515122E+004 2.3343048E+001
3.3515122E+004 2.4469149E+001
3.3515122E+004 2.4469149E+001
3.3532370E+004 2.4196147E+001
3.3532370E+004 2.4196147E+001
3.3532370E+004 2.4381220E+001
3.3532370E+004 2.4381220E+001
3.3608806E+004 2.3264997E+001
3.3661867E+004 2.2586766E+001
3.3661867E+004 2.2586766E+001
3.3661867E+004 2.2990605E+001
3.3661867E+004 2.2990605E+001
3.3745415E+004 2.1995889E+001
3.3745415E+004 2.1995889E+001
3.3745415E+004 2.2210502E+001
3.3745415E+004 2.2210502E+001
3.3751070E+004 2.2146130E+001
3.3751070E+004 2.2146130E+001
3.3751070E+004 2.2496534E+001
3.3751070E+004 2.2496534E+001
3.3763121E+004 2.2353850E+001
3.3763121E+004 2.2353850E+001
3.3763121E+004 2.2633761E+001
3.3763121E+004 2.2633761E+001
3.3842415E+004 2.1734622E+001
3.3842415E+004 2.1734622E+001
3.3842415E+004 2.2213762E+001
3.3842415E+004 2.2213762E+001
3.3934232E+004 2.1247952E+001
3.3934232E+004 2.1247952E+001
3.3934232E+004 2.1529317E+001
3.3934232E+004 2.1529317E+001
3.3938502E+004 2.1485798E+001
3.3938502E+004 2.1485798E+001
3.3938502E+004 2.1794713E+001
3.3938502E+004 2.1794713E+001
3.3986262E+004 2.1305247E+001
3.3986262E+004 2.1305247E+001
3.3986262E+004 2.2447769E+001
3.3986262E+004 2.2447769E+001
3.4012625E+004 2.2142212E+001
3.4012625E+004 2.2142212E+001
3.4012625E+004 2.2624001E+001
3.4012625E+004 2.2624001E+001
3.4035471E+004 2.2350894E+001
3.4035471E+004 2.2350894E+001
3.4035471E+004 2.2614063E+001
3.4035471E+004 2.2614063E+001
3.4109157E+004 2.1776508E+001
3.4109157E+004 2.1776508E+001
3.4109157E+004 2.3537137E+001
3.4109157E+004 2.3537137E+001
3.4157101E+004 2.2895940E+001
3.4157101E+004 2.2895940E+001
3.4157101E+004 2.3286680E+001
3.4157101E+004 2.3286680E+001
3.4243030E+004 2.2221230E+001
3.4339965E+004 2.1205158E+001
3.4443922E+004 2.0280775E+001
3.4443922E+004 2.0280775E+001
3.4443922E+004 2.3668311E+001
3.4443922E+004 2.3668311E+001
3.4457543E+004 2.3475631E+001
3.4457543E+004 2.3475631E+001
3.4457543E+004 2.3749878E+001
3.4457543E+004 2.3749878E+001
3.4462913E+004 2.3672295E+001
3.4462913E+004 2.3672295E+001
3.4462913E+004 2.3929100E+001
3.4462913E+004 2.3929100E+001
3.4464459E+004 2.3906059E+001
3.4464459E+004 2.3906059E+001
3.4464459E+004 2.4147288E+001
3.4464459E+004 2.4147288E+001
3.4466629E+004 2.4113937E+001
3.4466629E+004 2.4113937E+001
3.4466629E+004 2.4693177E+001
3.4466629E+004 2.4693177E+001
3.4487646E+004 2.4351318E+001
3.4487646E+004 2.4351318E+001
3.4487646E+004 2.4876253E+001
3.4487646E+004 2.4876253E+001
3.4560292E+004 2.3737045E+001
3.4570917E+004 2.3584705E+001
3.4570917E+004 2.3584705E+001
3.4570917E+004 2.3739774E+001
3.4570917E+004 2.3739774E+001
3.4590907E+004 2.3455976E+001
3.4590907E+004 2.3455976E+001
3.4590907E+004 2.3541287E+001
3.4590907E+004 2.3541287E+001
3.4626488E+004 2.3058855E+001
3.4626488E+004 2.3058855E+001
3.4626488E+004 2.3686137E+001
3.4626488E+004 2.3686137E+001
3.4631135E+004 2.3619583E+001
3.4631135E+004 2.3619583E+001
3.4631135E+004 2.3710306E+001
3.4631135E+004 2.3710306E+001
3.4713195E+004 2.2625212E+001
3.4805726E+004 2.1590422E+001
3.4910176E+004 2.0603546E+001
3.5028204E+004 1.9662332E+001
3.5146289E+004 1.8860036E+001
3.5146289E+004 1.8860036E+001
3.5146289E+004 1.9351708E+001
3.5146289E+004 1.9351708E+001
3.5174426E+004 1.9159815E+001
3.5174426E+004 1.9159815E+001
3.5174426E+004 1.9402389E+001
3.5174426E+004 1.9402389E+001
3.5211350E+004 1.9149659E+001
3.5211350E+004 1.9149659E+001
3.5211350E+004 2.1358613E+001
3.5211350E+004 2.1358613E+001
3.5247545E+004 2.1009643E+001
3.5247545E+004 2.1009643E+001
3.5247545E+004 2.1378939E+001
3.5247545E+004 2.1378939E+001
3.5257384E+004 2.1281610E+001
3.5257384E+004 2.1281610E+001
3.5257384E+004 2.2055662E+001
3.5257384E+004 2.2055662E+001
3.5342048E+004 2.1180780E+001
3.5342048E+004 2.1180780E+001
3.5342048E+004 2.1552784E+001
3.5342048E+004 2.1552784E+001
3.5408578E+004 2.0907495E+001
3.5408578E+004 2.0907495E+001
3.5408578E+004 2.1232606E+001
3.5408578E+004 2.1232606E+001
3.5434296E+004 2.0987660E+001
3.5434296E+004 2.0987660E+001
3.5434296E+004 2.1565726E+001
3.5434296E+004 2.1565726E+001
3.5494730E+004 2.0975278E+001
3.5494730E+004 2.0975278E+001
3.5494730E+004 2.2033150E+001
3.5494730E+004 2.2033150E+001
3.5563210E+004 2.1317673E+001
3.5563210E+004 2.1317673E+001
3.5563210E+004 2.1430916E+001
3.5563210E+004 2.1430916E+001
3.5574608E+004 2.1317336E+001
3.5574608E+004 2.1317336E+001
3.5574608E+004 2.1768541E+001
3.5574608E+004 2.1768541E+001
3.5676852E+004 2.0773423E+001
3.5713357E+004 2.0454503E+001
3.5713357E+004 2.0454503E+001
3.5713357E+004 2.1182860E+001
3.5713357E+004 2.1182860E+001
3.5760902E+004 2.0741781E+001
3.5760902E+004 2.0741781E+001
3.5760902E+004 2.0930632E+001
3.5760902E+004 2.0930632E+001
3.5867964E+004 2.0022209E+001
3.5867964E+004 2.0022209E+001
3.5867964E+004 2.0440209E+001
3.5867964E+004 2.0440209E+001
3.5953360E+004 1.9761193E+001
3.5953360E+004 1.9761193E+001
3.5953360E+004 2.0017443E+001
3.5953360E+004 2.0017443E+001
3.5972520E+004 1.9868906E+001
3.5972520E+004 1.9868906E+001
3.5972520E+004 2.0228976E+001
3.5972520E+004 2.0228976E+001
3.6063609E+004 1.9533237E+001
3.6063609E+004 1.9533237E+001
3.6063609E+004 2.0400658E+001
3.6063609E+004 2.0400658E+001
3.6095789E+004 2.0136180E+001
3.6095789E+004 2.0136180E+001
3.6095789E+004 2.1698180E+001
3.6095789E+004 2.1698180E+001
3.6105787E+004 2.1593910E+001
3.6105787E+004 2.1593910E+001
3.6105787E+004 2.1823006E+001
3.6105787E+004 2.1823006E+001
3.6116907E+004 2.1704746E+001
3.6116907E+004 2.1704746E+001
3.6116907E+004 2.2264665E+001
3.6116907E+004 2.2264665E+001
3.6142370E+004 2.1977682E+001
3.6142370E+004 2.1977682E+001
3.6142370E+004 2.3334950E+001
3.6142370E+004 2.3334950E+001
3.6202483E+004 2.2564251E+001
3.6202483E+004 2.2564251E+001
3.6202483E+004 2.2914660E+001
3.6202483E+004 2.2914660E+001
3.6289588E+004 2.1892653E+001
3.6289588E+004 2.1892653E+001
3.6289588E+004 2.2106975E+001
3.6289588E+004 2.2106975E+001
3.6296530E+004 2.2029362E+001
3.6296530E+004 2.2029362E+001
3.6296530E+004 2.3199646E+001
3.6296530E+004 2.3199646E+001
3.6383288E+004 2.2138228E+001
3.6416150E+004 2.1777691E+001
3.6416150E+004 2.1777691E+001
3.6416150E+004 2.2955704E+001
3.6416150E+004 2.2955704E+001
3.6445685E+004 2.2586570E+001
3.6445685E+004 2.2586570E+001
3.6445685E+004 2.4227972E+001
3.6445685E+004 2.4227972E+001
3.6469139E+004 2.3871872E+001
3.6469139E+004 2.3871872E+001
3.6469139E+004 2.5702259E+001
3.6469139E+004 2.5702259E+001
3.6536053E+004 2.4524685E+001
3.6605792E+004 2.3478148E+001
3.6605792E+004 2.3478148E+001
3.6605792E+004 2.3555898E+001
3.6605792E+004 2.3555898E+001
3.6689231E+004 2.2477956E+001
3.6736312E+004 2.1940374E+001
3.6736312E+004 2.1940374E+001
3.6736312E+004 2.2052240E+001
3.6736312E+004 2.2052240E+001
3.6746919E+004 2.1935094E+001
3.6746919E+004 2.1935094E+001
3.6746919E+004 2.2731436E+001
3.6746919E+004 2.2731436E+001
3.6755317E+004 2.2627894E+001
3.6755317E+004 2.2627894E+001
3.6755317E+004 2.2920705E+001
3.6755317E+004 2.2920705E+001
3.6837012E+004 2.1956228E+001
3.6837012E+004 2.1956228E+001
3.6837012E+004 2.3484743E+001
3.6837012E+004 2.3484743E+001
3.6878996E+004 2.2924032E+001
3.6878996E+004 2.2924032E+001
3.6878996E+004 2.3224577E+001
3.6878996E+004 2.3224577E+001
3.6912880E+004 2.2785477E+001
3.6912880E+004 2.2785477E+001
3.6912880E+004 2.3075548E+001
3.6912880E+004 2.3075548E+001
3.6913088E+004 2.3072818E+001
3.6913088E+004 2.3427632E+001
3.6913088E+004 2.3427632E+001
3.6952863E+004 2.2899633E+001
3.6952863E+004 2.2899633E+001
3.6952863E+004 2.5156002E+001
3.6952863E+004 2.5156002E+001
3.7023489E+004 2.4003811E+001
3.7103016E+004 2.2905091E+001
3.7171340E+004 2.2089684E+001
3.7171340E+004 2.2089684E+001
3.7171340E+004 2.2338470E+001
3.7171340E+004 2.2338470E+001
3.7191187E+004 2.2110964E+001
3.7191187E+004 2.2110964E+001
3.7191187E+004 2.3246814E+001
3.7191187E+004 2.3246814E+001
3.7227395E+004 2.2777158E+001
3.7227395E+004 2.2777158E+001
3.7227395E+004 2.3080935E+001
3.7227395E+004 2.3080935E+001
3.7273678E+004 2.2501301E+001
3.7273678E+004 2.2501301E+001
3.7273678E+004 2.2986179E+001
3.7273678E+004 2.2986179E+001
3.7301368E+004 2.2637841E+001
3.7301368E+004 2.2637841E+001
3.7301368E+004 2.2853511E+001
3.7301368E+004 2.2853511E+001
3.7318778E+004 2.2636694E+001
3.7318778E+004 2.2636694E+001
3.7318778E+004 2.3963255E+001
3.7318778E+004 2.3963255E+001
3.7323248E+004 2.3896531E+001
3.7323248E+004 2.3896531E+001
3.7323248E+004 2.3896917E+001
3.7323248E+004 2.3896917E+001
3.7391478E+004 2.2956759E+001
3.7391478E+004 2.2956759E+001
3.7391478E+004 2.3610738E+001
3.7391478E+004 2.3610738E+001
3.7392906E+004 2.3590442E+001
3.7392906E+004 2.3590442E+001
3.7392906E+004 2.4133974E+001
3.7392906E+004 2.4133974E+001
3.7471347E+004 2.3029225E+001
3.7538445E+004 2.2212578E+001
3.7538445E+004 2.2212578E+001
3.7538445E+004 2.2565429E+001
3.7538445E+004 2.2565429E+001
3.7540438E+004 2.2541341E+001
3.7540438E+004 2.2541341E+001
3.7540438E+004 2.2636468E+001
3.7540438E+004 2.2636468E+001
3.7630348E+004 2.1626795E+001
3.7630348E+004 2.1626795E+001
3.7630348E+004 2.1970859E+001
3.7630348E+004 2.1970859E+001
3.7697132E+004 2.1278820E+001
3.7697132E+004 2.1278820E+001
3.7697132E+004 2.4180354E+001
3.7697132E+004 2.4180354E+001
3.7705168E+004 2.4057035E+001
3.7705168E+004 2.4057035E+001
3.7705168E+004 2.4295613E+001
3.7705168E+004 2.4295613E+001
3.7730617E+004 2.3906355E+001
3.7730617E+004 2.3906355E+001
3.7730617E+004 2.4189592E+001
3.7730617E+004 2.4189592E+001
3.7808600E+004 2.3082257E+001
3.7896494E+004 2.2026283E+001
3.7898029E+004 2.2009254E+001
3.7898029E+004 2.2009254E+001
3.7898029E+004 2.2364824E+001
3.7898029E+004 2.2364824E+001
3.7930842E+004 2.1991703E+001
3.7930842E+004 2.1991703E+001
3.7930842E+004 2.2833776E+001
3.7930842E+004 2.2833776E+001
3.8021213E+004 2.1789320E+001
3.8051475E+004 2.1474636E+001
3.8051475E+004 2.1474636E+001
3.8051475E+004 2.1837192E+001
3.8051475E+004 2.1837192E+001
3.8082359E+004 2.1513725E+001
3.8082359E+004 2.1513725E+001
3.8082359E+004 2.1877802E+001
3.8082359E+004 2.1877802E+001
3.8096526E+004 2.1726192E+001
3.8096526E+004 2.1726192E+001
3.8096526E+004 2.2062201E+001
3.8096526E+004 2.2062201E+001
3.8113864E+004 2.1871586E+001
3.8113864E+004 2.1871586E+001
3.8113864E+004 2.2201498E+001
3.8113864E+004 2.2201498E+001
3.8150574E+004 2.1796129E+001
3.8150574E+004 2.1796129E+001
3.8150574E+004 2.2844238E+001
3.8150574E+004 2.2844238E+001
3.8203392E+004 2.2210014E+001
3.8203392E+004 2.2210014E+001
3.8203392E+004 2.2411586E+001
3.8203392E+004 2.2411586E+001
3.8273770E+004 2.1633397E+001
3.8273770E+004 2.1633397E+001
3.8273770E+004 2.1926731E+001
3.8273770E+004 2.1926731E+001
3.8325153E+004 2.1390660E+001
3.8325153E+004 2.1390660E+001
3.8325153E+004 2.1942605E+001
3.8325153E+004 2.1942605E+001
3.8404215E+004 2.1135805E+001
3.8404215E+004 2.1135805E+001
3.8404215E+004 2.2801879E+001
3.8404215E+004 2.2801879E+001
3.8494911E+004 2.1758894E+001
3.8533843E+004 2.1359110E+001
3.8533843E+004 2.1359110E+001
3.8533843E+004 2.1552498E+001
3.8533843E+004 2.1552498E+001
3.8572285E+004 2.1170596E+001
3.8572285E+004 2.1170596E+001
3.8572285E+004 2.1484583E+001
3.8572285E+004 2.1484583E+001
3.8615492E+004 2.1061802E+001
3.8615492E+004 2.1061802E+001
3.8615492E+004 2.3722360E+001
3.8615492E+004 2.3722360E+001
3.8625551E+004 2.3578366E+001
3.8625551E+004 2.3578366E+001
3.8625551E+004 2.3742278E+001
3.8625551E+004 2.3742278E+001
3.8675202E+004 2.3059442E+001
3.8675202E+004 2.3059442E+001
3.8675202E+004 2.3686828E+001
3.8675202E+004 2.3686828E+001
3.8725779E+004 2.2997492E+001
3.8725779E+004 2.2997492E+001
3.8725779E+004 2.4483795E+001
3.8725779E+004 2.4483795E+001
3.8738187E+004 2.4285857E+001
3.8738187E+004 2.4285857E+001
3.8738187E+004 2.5312770E+001
3.8738187E+004 2.5312770E+001
3.8807717E+004 2.4153295E+001
3.8885998E+004 2.3047650E+001
3.8947336E+004 2.2294752E+001
3.8947336E+004 2.2294752E+001
3.8947336E+004 2.2839703E+001
3.8947336E+004 2.2839703E+001
3.9017591E+004 2.2010964E+001
3.9017591E+004 2.2010964E+001
3.9017591E+004 2.2811230E+001
3.9017591E+004 2.2811230E+001
3.9036284E+004 2.2580241E+001
3.9036284E+004 2.2580241E+001
3.9036284E+004 2.3103380E+001
3.9036284E+004 2.3103380E+001
3.9078318E+004 2.2572898E+001
3.9078318E+004 2.2572898E+001
3.9078318E+004 2.3801129E+001
3.9078318E+004 2.3801129E+001
3.9159581E+004 2.2711821E+001
3.9183255E+004 2.2425158E+001
3.9183255E+004 2.2425158E+001
3.9183255E+004 2.3233825E+001
3.9183255E+004 2.3233825E+001
3.9269686E+004 2.2170817E+001
3.9276501E+004 2.2093830E+001
3.9276501E+004 2.2093830E+001
3.9276501E+004 2.2491855E+001
3.9276501E+004 2.2491855E+001
3.9343929E+004 2.1735002E+001
3.9343929E+004 2.1735002E+001
3.9343929E+004 2.3303430E+001
3.9343929E+004 2.3303430E+001
3.9429700E+004 2.2237201E+001
3.9466371E+004 2.1829969E+001
3.9466371E+004 2.1829969E+001
3.9466371E+004 2.2375329E+001
3.9466371E+004 2.2375329E+001
3.9533097E+004 2.1639095E+001
3.9533097E+004 2.1639095E+001
3.9533097E+004 2.2924189E+001
3.9533097E+004 2.2924189E+001
3.9622555E+004 2.1875533E+001
3.9636148E+004 2.1730043E+001
3.9636148E+004 2.1730043E+001
3.9636148E+004 2.2320568E+001
3.9636148E+004 2.2320568E+001
3.9647901E+004 2.2185193E+001
3.9647901E+004 2.2185193E+001
3.9647901E+004 2.2379905E+001
3.9647901E+004 2.2379905E+001
3.9743070E+004 2.1356473E+001
3.9823228E+004 2.0611757E+001
3.9823228E+004 2.0611757E+001
3.9823228E+004 2.0906555E+001
3.9823228E+004 2.0906555E+001
3.9859954E+004 2.0578417E+001
3.9859954E+004 2.0578417E+001
3.9859954E+004 2.0972083E+001
3.9859954E+004 2.0972083E+001
3.9862660E+004 2.0946949E+001
3.9862660E+004 2.0946949E+001
3.9862660E+004 2.1282721E+001
3.9862660E+004 2.1282721E+001
3.9922585E+004 2.0723306E+001
3.9922585E+004 2.0723306E+001
3.9922585E+004 2.1082715E+001
3.9922585E+004 2.1082715E+001
4.0033719E+004 2.0119337E+001
4.0158379E+004 1.9207064E+001
4.0158379E+004 1.9207064E+001
4.0158379E+004 2.0977839E+001
4.0158379E+004 2.0977839E+001
4.0197396E+004 2.0625650E+001
4.0197396E+004 2.0625650E+001
4.0197396E+004 2.1137736E+001
4.0197396E+004 2.1137736E+001
4.0307775E+004 2.0171821E+001
4.0307893E+004 2.0170870E+001
4.0307893E+004 2.1612940E+001
4.0307893E+004 2.1612940E+001
4.0412061E+004 2.0625035E+001
4.0529767E+004 1.9682827E+001
4.0662902E+004 1.8784169E+001
4.0745221E+004 1.8296395E+001
4.0745221E+004 1.8296395E+001
4.0745221E+004 1.8985736E+001
4.0745221E+004 1.8985736E+001
4.0764823E+004 1.8860287E+001
4.0764823E+004 1.8860287E+001
4.0764823E+004 1.9379279E+001
4.0764823E+004 1.9379279E+001
4.0849759E+004 1.8818409E+001
4.0849759E+004 1.8818409E+001
4.0849759E+004 2.0284072E+001
4.0849759E+004 2.0284072E+001
4.0853863E+004 2.0250328E+001
4.0853863E+004 2.0250328E+001
4.0853863E+004 2.3777885E+001
4.0853863E+004 2.3777885E+001
4.0858747E+004 2.3706987E+001
4.0858747E+004 2.3706987E+001
4.0858747E+004 2.4834514E+001
4.0858747E+004 2.4834514E+001
4.0871530E+004 2.4620305E+001
4.0871530E+004 2.4620305E+001
4.0871530E+004 2.7192582E+001
4.0871530E+004 2.7192582E+001
4.0912623E+004 2.6289027E+001
4.0912623E+004 2.6289027E+001
4.0912623E+004 2.6696048E+001
4.0912623E+004 2.6696048E+001
4.0922357E+004 2.6485572E+001
4.0922357E+004 2.6485572E+001
4.0922357E+004 2.7122590E+001
4.0922357E+004 2.7122590E+001
4.0932076E+004 2.6900612E+001
4.0932076E+004 2.6900612E+001
4.0932076E+004 2.8509397E+001
4.0932076E+004 2.8509397E+001
4.0983837E+004 2.7201268E+001
4.1009926E+004 2.6614041E+001
4.1009926E+004 2.6614041E+001
4.1009926E+004 2.6812940E+001
4.1009926E+004 2.6812940E+001
4.1046561E+004 2.6039438E+001
4.1046561E+004 2.6039438E+001
4.1046561E+004 2.6229976E+001
4.1046561E+004 2.6229976E+001
4.1053475E+004 2.6088762E+001
4.1053475E+004 2.6088762E+001
4.1053475E+004 2.6433198E+001
4.1053475E+004 2.6433198E+001
4.1060723E+004 2.6281202E+001
4.1060723E+004 2.6281202E+001
4.1060723E+004 2.6430610E+001
4.1060723E+004 2.6430610E+001
4.1088088E+004 2.5872941E+001
4.1088088E+004 2.5872941E+001
4.1088088E+004 2.6032446E+001
4.1088088E+004 2.6032446E+001
4.1120386E+004 2.5411580E+001
4.1120386E+004 2.5411580E+001
4.1120386E+004 2.6401556E+001
4.1120386E+004 2.6401556E+001
4.1182957E+004 2.5191486E+001
4.1234100E+004 2.4332862E+001
4.1234100E+004 2.4332862E+001
4.1234100E+004 2.4578273E+001
4.1234100E+004 2.4578273E+001
4.1308994E+004 2.3452901E+001
4.1320019E+004 2.3301463E+001
4.1320019E+004 2.3301463E+001
4.1320019E+004 2.5260888E+001
4.1320019E+004 2.5260888E+001
4.1389909E+004 2.4103817E+001
4.1426160E+004 2.3570911E+001
4.1426160E+004 2.3570911E+001
4.1426160E+004 2.3819899E+001
4.1426160E+004 2.3819899E+001
4.1451179E+004 2.3462465E+001
4.1451179E+004 2.3462465E+001
4.1451179E+004 2.4258274E+001
4.1451179E+004 2.4258274E+001
4.1460168E+004 2.4118918E+001
4.1460168E+004 2.4118918E+001
4.1460168E+004 2.4264116E+001
4.1460168E+004 2.4264116E+001
4.1537544E+004 2.3153329E+001
4.1624747E+004 2.2094062E+001
4.1702182E+004 2.1283876E+001
4.1702182E+004 2.1283876E+001
4.1702182E+004 2.1689604E+001
4.1702182E+004 2.1689604E+001
4.1714549E+004 2.1561072E+001
4.1714549E+004 2.1561072E+001
4.1714549E+004 2.1907114E+001
4.1714549E+004 2.1907114E+001
4.1732605E+004 2.1713648E+001
4.1732605E+004 2.1713648E+001
4.1732605E+004 2.2330617E+001
4.1732605E+004 2.2330617E+001
4.1773205E+004 2.1874755E+001
4.1773205E+004 2.1874755E+001
4.1773205E+004 2.4053441E+001
4.1773205E+004 2.4053441E+001
4.1775866E+004 2.4013105E+001
4.1775866E+004 2.4013105E+001
4.1775866E+004 2.4870597E+001
4.1775866E+004 2.4870597E+001
4.1776426E+004 2.4861026E+001
4.1776426E+004 2.4861026E+001
4.1776426E+004 2.5123457E+001
4.1776426E+004 2.5123457E+001
4.1776522E+004 2.5121750E+001
4.1776522E+004 2.6277656E+001
4.1776522E+004 2.6277656E+001
4.1795420E+004 2.5895625E+001
4.1795420E+004 2.5895625E+001
4.1795420E+004 2.6213251E+001
4.1795420E+004 2.6213251E+001
4.1808828E+004 2.5942447E+001
4.1808828E+004 2.5942447E+001
4.1808828E+004 2.6420797E+001
4.1808828E+004 2.6420797E+001
4.1816478E+004 2.6260743E+001
4.1816478E+004 2.6260743E+001
4.1816478E+004 2.6681848E+001
4.1816478E+004 2.6681848E+001
4.1818589E+004 2.6635782E+001
4.1818589E+004 2.6635782E+001
4.1818589E+004 2.7253246E+001
4.1818589E+004 2.7253246E+001
4.1876418E+004 2.6003572E+001
4.1916646E+004 2.5241304E+001
4.1916646E+004 2.5241304E+001
4.1916646E+004 2.5439901E+001
4.1916646E+004 2.5439901E+001
4.1922431E+004 2.5333536E+001
4.1922431E+004 2.5333536E+001
4.1922431E+004 2.5821480E+001
4.1922431E+004 2.5821480E+001
4.1988573E+004 2.4638367E+001
4.2030044E+004 2.3985036E+001
4.2030044E+004 2.3985036E+001
4.2030044E+004 2.5783037E+001
4.2030044E+004 2.5783037E+001
4.2038533E+004 2.5620043E+001
4.2038533E+004 2.5620043E+001
4.2038533E+004 2.6139058E+001
4.2038533E+004 2.6139058E+001
4.2056709E+004 2.5777890E+001
4.2056709E+004 2.5777890E+001
4.2056709E+004 2.6030267E+001
4.2056709E+004 2.6030267E+001
4.2121532E+004 2.4837455E+001
4.2194465E+004 2.3700055E+001
4.2276615E+004 2.2615438E+001
4.2290960E+004 2.2442753E+001
4.2290960E+004 2.2442753E+001
4.2290960E+004 2.3331380E+001
4.2290960E+004 2.3331380E+001
4.2357332E+004 2.2486340E+001
4.2357332E+004 2.2486340E+001
4.2357332E+004 2.2672362E+001
4.2357332E+004 2.2672362E+001
4.2414156E+004 2.2010131E+001
4.2414156E+004 2.2010131E+001
4.2414156E+004 2.4938471E+001
4.2414156E+004 2.4938471E+001
4.2432458E+004 2.4629391E+001
4.2432458E+004 2.4629391E+001
4.2432458E+004 2.4855671E+001
4.2432458E+004 2.4855671E+001
4.2504560E+004 2.3727354E+001
4.2504560E+004 2.3727354E+001
4.2504560E+004 2.4006926E+001
4.2504560E+004 2.4006926E+001
4.2584061E+004 2.2908060E+001
4.2673680E+004 2.1860155E+001
4.2721763E+004 2.1362350E+001
4.2721763E+004 2.1362350E+001
4.2721763E+004 2.2299689E+001
4.2721763E+004 2.2299689E+001
4.2817819E+004 2.1279970E+001
4.2885132E+004 2.0655694E+001
4.2885132E+004 2.0655694E+001
4.2885132E+004 2.1102517E+001
4.2885132E+004 2.1102517E+001
4.2913048E+004 2.0842847E+001
4.2913048E+004 2.0842847E+001
4.2913048E+004 2.1822024E+001
4.2913048E+004 2.1822024E+001
4.2936588E+004 2.1574468E+001
4.2936588E+004 2.1574468E+001
4.2936588E+004 2.2258707E+001
4.2936588E+004 2.2258707E+001
4.2950157E+004 2.2104213E+001
4.2950157E+004 2.2104213E+001
4.2950157E+004 2.2379813E+001
4.2950157E+004 2.2379813E+001
4.3045327E+004 2.1356385E+001
4.3085620E+004 2.0969382E+001
4.3085620E+004 2.0969382E+001
4.3085620E+004 2.1849055E+001
4.3085620E+004 2.1849055E+001
4.3096582E+004 2.1731955E+001
4.3096582E+004 2.1731955E+001
4.3096582E+004 2.3664532E+001
4.3096582E+004 2.3664532E+001
4.3123083E+004 2.3295064E+001
4.3123083E+004 2.3295064E+001
4.3123083E+004 2.3606446E+001
4.3123083E+004 2.3606446E+001
4.3156985E+004 2.3141531E+001
4.3156985E+004 2.3141531E+001
4.3156985E+004 2.5181256E+001
4.3156985E+004 2.5181256E+001
4.3161745E+004 2.5096690E+001
4.3161745E+004 2.5096690E+001
4.3161745E+004 2.5509553E+001
4.3161745E+004 2.5509553E+001
4.3225385E+004 2.4412613E+001
4.3225385E+004 2.4412613E+001
4.3225385E+004 2.4997797E+001
4.3225385E+004 2.4997797E+001
4.3231057E+004 2.4899707E+001
4.3231057E+004 2.4899707E+001
4.3231057E+004 2.5975013E+001
4.3231057E+004 2.5975013E+001
4.3283731E+004 2.4996941E+001
4.3283731E+004 2.4996941E+001
4.3283731E+004 2.5244877E+001
4.3283731E+004 2.5244877E+001
4.3338901E+004 2.4316660E+001
4.3338901E+004 2.4316660E+001
4.3338901E+004 2.4609196E+001
4.3338901E+004 2.4609196E+001
4.3347086E+004 2.4475598E+001
4.3347086E+004 2.4475598E+001
4.3347086E+004 2.4621837E+001
4.3347086E+004 2.4621837E+001
4.3401110E+004 2.3785132E+001
4.3401110E+004 2.3785132E+001
4.3401110E+004 2.4904934E+001
4.3401110E+004 2.4904934E+001
4.3472687E+004 2.3776734E+001
4.3472687E+004 2.3776734E+001
4.3472687E+004 2.3994841E+001
4.3472687E+004 2.3994841E+001
4.3552289E+004 2.2896538E+001
4.3642025E+004 2.1849168E+001
4.3664525E+004 2.1611280E+001
4.3664525E+004 2.1611280E+001
4.3664525E+004 2.1709393E+001
4.3664525E+004 2.1709393E+001
4.3667816E+004 2.1674801E+001
4.3667816E+004 2.1674801E+001
4.3667816E+004 2.2266864E+001
4.3667816E+004 2.2266864E+001
4.3742541E+004 2.1461956E+001
4.3742541E+004 2.1461956E+001
4.3742541E+004 2.1755361E+001
4.3742541E+004 2.1755361E+001
4.3844946E+004 2.0760856E+001
4.3897152E+004 2.0311303E+001
4.3897152E+004 2.0311303E+001
4.3897152E+004 2.0586625E+001
4.3897152E+004 2.0586625E+001
4.3918972E+004 2.0399918E+001
4.3918972E+004 2.0399918E+001
4.3918972E+004 2.0930310E+001
4.3918972E+004 2.0930310E+001
4.3974915E+004 2.0436084E+001
4.3974915E+004 2.0436084E+001
4.3974915E+004 2.0781857E+001
4.3974915E+004 2.0781857E+001
4.3990704E+004 2.0641449E+001
4.3990704E+004 2.0641449E+001
4.3990704E+004 2.1097566E+001
4.3990704E+004 2.1097566E+001
4.4004812E+004 2.0964954E+001
4.4004812E+004 2.0964954E+001
4.4004812E+004 2.1299733E+001
4.4004812E+004 2.1299733E+001
4.4113015E+004 2.0326312E+001
4.4154188E+004 1.9994544E+001
4.4154188E+004 1.9994544E+001
4.4154188E+004 2.0169146E+001
4.4154188E+004 2.0169146E+001
4.4216032E+004 1.9691619E+001
4.4216032E+004 1.9691619E+001
4.4216032E+004 2.0077202E+001
4.4216032E+004 2.0077202E+001
4.4234304E+004 1.9933933E+001
4.4234304E+004 1.9933933E+001
4.4234304E+004 2.0357720E+001
4.4234304E+004 2.0357720E+001
4.4241098E+004 2.0301232E+001
4.4241098E+004 2.0301232E+001
4.4241098E+004 2.1403447E+001
4.4241098E+004 2.1403447E+001
4.4289945E+004 2.0934035E+001
4.4289945E+004 2.0934035E+001
4.4289945E+004 2.2047416E+001
4.4289945E+004 2.2047416E+001
4.4299418E+004 2.1942764E+001
4.4299418E+004 2.1942764E+001
4.4299418E+004 2.2482638E+001
4.4299418E+004 2.2482638E+001
4.4337609E+004 2.2042548E+001
4.4337609E+004 2.2042548E+001
4.4337609E+004 2.2226517E+001
4.4337609E+004 2.2226517E+001
4.4357738E+004 2.1999902E+001
4.4357738E+004 2.1999902E+001
4.4357738E+004 2.2248964E+001
4.4357738E+004 2.2248964E+001
4.4454361E+004 2.1231603E+001
4.4563472E+004 2.0261344E+001
4.4567540E+004 2.0228024E+001
4.4567540E+004 2.0228024E+001
4.4567540E+004 2.1718652E+001
4.4567540E+004 2.1718652E+001
4.4596446E+004 2.1421153E+001
4.4596446E+004 2.1421153E+001
4.4596446E+004 2.2175545E+001
4.4596446E+004 2.2175545E+001
4.4604811E+004 2.2081108E+001
4.4604811E+004 2.2081108E+001
4.4604811E+004 2.2796275E+001
4.4604811E+004 2.2796275E+001
4.4639255E+004 2.2378178E+001
4.4639255E+004 2.2378178E+001
4.4639255E+004 2.2529564E+001
4.4639255E+004 2.2529564E+001
4.4656840E+004 2.2321376E+001
4.4656840E+004 2.2321376E+001
4.4656840E+004 2.2549194E+001
4.4656840E+004 2.2549194E+001
4.4659333E+004 2.2519152E+001
4.4659333E+004 2.2519152E+001
4.4659333E+004 2.2787069E+001
4.4659333E+004 2.2787069E+001
4.4694530E+004 2.2360756E+001
4.4694530E+004 2.2360756E+001
4.4694530E+004 2.2846009E+001
4.4694530E+004 2.2846009E+001
4.4755971E+004 2.2114261E+001
4.4755971E+004 2.2114261E+001
4.4755971E+004 2.3170681E+001
4.4755971E+004 2.3170681E+001
4.4810392E+004 2.2485636E+001
4.4810392E+004 2.2485636E+001
4.4810392E+004 2.4761523E+001
4.4810392E+004 2.4761523E+001
4.4866887E+004 2.3872264E+001
4.4866887E+004 2.3872264E+001
4.4866887E+004 2.4407150E+001
4.4866887E+004 2.4407150E+001
4.4893402E+004 2.3995614E+001
4.4893402E+004 2.3995614E+001
4.4893402E+004 2.4363090E+001
4.4893402E+004 2.4363090E+001
4.4962752E+004 2.3344714E+001
4.4962752E+004 2.3344714E+001
4.4962752E+004 2.3772599E+001
4.4962752E+004 2.3772599E+001
4.4970528E+004 2.3660168E+001
4.4970528E+004 2.3660168E+001
4.4970528E+004 2.4047024E+001
4.4970528E+004 2.4047024E+001
4.5049692E+004 2.2946309E+001
4.5072761E+004 2.2656521E+001
4.5072761E+004 2.2656521E+001
4.5072761E+004 2.5169772E+001
4.5072761E+004 2.5169772E+001
4.5106902E+004 2.4586080E+001
4.5106902E+004 2.4586080E+001
4.5106902E+004 2.4889914E+001
4.5106902E+004 2.4889914E+001
4.5172304E+004 2.3853507E+001
4.5172304E+004 2.3853507E+001
4.5172304E+004 2.4555497E+001
4.5172304E+004 2.4555497E+001
4.5211905E+004 2.3937397E+001
4.5211905E+004 2.3937397E+001
4.5211905E+004 2.3937584E+001
4.5211905E+004 2.3937584E+001
4.5272076E+004 2.3096343E+001
4.5272076E+004 2.3096343E+001
4.5272076E+004 2.3687358E+001
4.5272076E+004 2.3687358E+001
4.5298491E+004 2.3317818E+001
4.5298491E+004 2.3317818E+001
4.5298491E+004 2.3425069E+001
4.5298491E+004 2.3425069E+001
4.5362486E+004 2.2597092E+001
4.5362486E+004 2.2597092E+001
4.5362486E+004 2.2868659E+001
4.5362486E+004 2.2868659E+001
4.5452503E+004 2.1822586E+001
4.5554092E+004 2.0824974E+001
4.5565987E+004 2.0718065E+001
4.5565987E+004 2.0718065E+001
4.5565987E+004 2.1430146E+001
4.5565987E+004 2.1430146E+001
4.5597527E+004 2.1121232E+001
4.5597527E+004 2.1121232E+001
4.5597527E+004 2.2367611E+001
4.5597527E+004 2.2367611E+001
4.5692831E+004 2.1344751E+001
4.5729205E+004 2.0994910E+001
4.5729205E+004 2.0994910E+001
4.5729205E+004 2.3879997E+001
4.5729205E+004 2.3879997E+001
4.5731786E+004 2.3841854E+001
4.5731786E+004 2.3841854E+001
4.5731786E+004 2.4496529E+001
4.5731786E+004 2.4496529E+001
4.5751990E+004 2.4176597E+001
4.5751990E+004 2.4176597E+001
4.5751990E+004 2.4404609E+001
4.5751990E+004 2.4404609E+001
4.5805287E+004 2.3602876E+001
4.5805287E+004 2.3602876E+001
4.5805287E+004 2.3984395E+001
4.5805287E+004 2.3984395E+001
4.5884977E+004 2.2886579E+001
4.5893169E+004 2.2783096E+001
4.5893169E+004 2.2783096E+001
4.5893169E+004 2.3092198E+001
4.5893169E+004 2.3092198E+001
4.5980499E+004 2.2040881E+001
4.5980499E+004 2.2040881E+001
4.5980499E+004 2.4174128E+001
4.5980499E+004 2.4174128E+001
4.6013318E+004 2.3684916E+001
4.6013318E+004 2.3684916E+001
4.6013318E+004 2.5069700E+001
4.6013318E+004 2.5069700E+001
4.6084557E+004 2.3921515E+001
4.6148436E+004 2.3034068E+001
4.6148436E+004 2.3034068E+001
4.6148436E+004 2.3429428E+001
4.6148436E+004 2.3429428E+001
4.6172807E+004 2.3100548E+001
4.6172807E+004 2.3100548E+001
4.6172807E+004 2.3215264E+001
4.6172807E+004 2.3215264E+001
4.6259415E+004 2.2153119E+001
4.6268536E+004 2.2050581E+001
4.6268536E+004 2.2050581E+001
4.6268536E+004 2.2271946E+001
4.6268536E+004 2.2271946E+001
4.6311761E+004 2.1792222E+001
4.6311761E+004 2.1792222E+001
4.6311761E+004 2.3537318E+001
4.6311761E+004 2.3537318E+001
4.6315410E+004 2.3486155E+001
4.6315410E+004 2.3486155E+001
4.6315410E+004 2.3822958E+001
4.6315410E+004 2.3822958E+001
4.6360338E+004 2.3194653E+001
4.6360338E+004 2.3194653E+001
4.6360338E+004 2.3996922E+001
4.6360338E+004 2.3996922E+001
4.6439923E+004 2.2898522E+001
4.6521675E+004 2.1936577E+001
4.6521675E+004 2.1936577E+001
4.6521675E+004 2.2214835E+001
4.6521675E+004 2.2214835E+001
4.6578692E+004 2.1595597E+001
4.6578692E+004 2.1595597E+001
4.6578692E+004 2.2228743E+001
4.6578692E+004 2.2228743E+001
4.6675543E+004 2.1212321E+001
4.6679799E+004 2.1171187E+001
4.6679799E+004 2.1171187E+001
4.6679799E+004 2.1475754E+001
4.6679799E+004 2.1475754E+001
4.6731203E+004 2.0976979E+001
4.6731203E+004 2.0976979E+001
4.6731203E+004 2.1160019E+001
4.6731203E+004 2.1160019E+001
4.6804957E+004 2.0492815E+001
4.6804957E+004 2.0492815E+001
4.6804957E+004 2.1047813E+001
4.6804957E+004 2.1047813E+001
4.6807427E+004 2.1024573E+001
4.6807427E+004 2.1024573E+001
4.6807427E+004 2.1866741E+001
4.6807427E+004 2.1866741E+001
4.6900052E+004 2.0943704E+001
4.6900052E+004 2.0943704E+001
4.6900052E+004 2.1240871E+001
4.6900052E+004 2.1240871E+001
4.7009039E+004 2.0270182E+001
4.7024924E+004 2.0141038E+001
4.7024924E+004 2.0141038E+001
4.7024924E+004 2.1753701E+001
4.7024924E+004 2.1753701E+001
4.7027686E+004 2.1724439E+001
4.7027686E+004 2.1724439E+001
4.7027686E+004 2.4251600E+001
4.7027686E+004 2.4251600E+001
4.7105164E+004 2.3141395E+001
4.7108865E+004 2.3092530E+001
4.7108865E+004 2.3092530E+001
4.7108865E+004 2.3429390E+001
4.7108865E+004 2.3429390E+001
4.7128245E+004 2.3166484E+001
4.7128245E+004 2.3166484E+001
4.7128245E+004 2.3621693E+001
4.7128245E+004 2.3621693E+001
4.7146902E+004 2.3361032E+001
4.7146902E+004 2.3361032E+001
4.7146902E+004 2.5667588E+001
4.7146902E+004 2.5667588E+001
4.7176892E+004 2.5116454E+001
4.7176892E+004 2.5116454E+001
4.7176892E+004 2.6275730E+001
4.7176892E+004 2.6275730E+001
4.7178321E+004 2.6246141E+001
4.7178321E+004 2.6246141E+001
4.7178321E+004 2.8549686E+001
4.7178321E+004 2.8549686E+001
4.7229903E+004 2.7239675E+001
4.7231902E+004 2.7192804E+001
4.7231902E+004 2.7192804E+001
4.7231902E+004 2.7992144E+001
4.7231902E+004 2.7992144E+001
4.7286040E+004 2.6708093E+001
4.7346840E+004 2.5483776E+001
4.7366545E+004 2.5125747E+001
4.7366545E+004 2.5125747E+001
4.7366545E+004 2.5428093E+001
4.7366545E+004 2.5428093E+001
4.7434391E+004 2.4277103E+001
4.7434391E+004 2.4277103E+001
4.7434391E+004 2.4652215E+001
4.7434391E+004 2.4652215E+001
4.7508717E+004 2.3523407E+001
4.7575248E+004 2.2652615E+001
4.7575248E+004 2.2652615E+001
4.7575248E+004 2.3084065E+001
4.7575248E+004 2.3084065E+001
4.7578836E+004 2.3037101E+001
4.7578836E+004 2.3037101E+001
4.7578836E+004 2.3466618E+001
4.7578836E+004 2.3466618E+001
4.7604032E+004 2.3125006E+001
4.7604032E+004 2.3125006E+001
4.7604032E+004 2.3185854E+001
4.7604032E+004 2.3185854E+001
4.7605354E+004 2.3168244E+001
4.7605354E+004 2.3168244E+001
4.7605354E+004 2.3303365E+001
4.7605354E+004 2.3303365E+001
4.7673298E+004 2.2443222E+001
4.7673298E+004 2.2443222E+001
4.7673298E+004 2.3250096E+001
4.7673298E+004 2.3250096E+001
4.7719272E+004 2.2659445E+001
4.7719272E+004 2.2659445E+001
4.7719272E+004 2.4141181E+001
4.7719272E+004 2.4141181E+001
4.7797654E+004 2.3036101E+001
4.7804802E+004 2.2943586E+001
4.7804802E+004 2.2943586E+001
4.7804802E+004 2.5428585E+001
4.7804802E+004 2.5428585E+001
4.7861671E+004 2.4450348E+001
4.7861671E+004 2.4450348E+001
4.7861671E+004 2.6552832E+001
4.7861671E+004 2.6552832E+001
4.7923358E+004 2.5335725E+001
4.7935596E+004 2.5115731E+001
4.7935596E+004 2.5115731E+001
4.7935596E+004 2.5403051E+001
4.7935596E+004 2.5403051E+001
4.8004506E+004 2.4239386E+001
4.8021637E+004 2.3976977E+001
4.8021637E+004 2.3976977E+001
4.8021637E+004 2.4092790E+001
4.8021637E+004 2.4092790E+001
4.8056145E+004 2.3585314E+001
4.8056145E+004 2.3585314E+001
4.8056145E+004 2.3979332E+001
4.8056145E+004 2.3979332E+001
4.8093009E+004 2.3447360E+001
4.8093009E+004 2.3447360E+001
4.8093009E+004 2.4130920E+001
4.8093009E+004 2.4130920E+001
4.8127615E+004 2.3619280E+001
4.8127615E+004 2.3619280E+001
4.8127615E+004 2.4155118E+001
4.8127615E+004 2.4155118E+001
4.8205881E+004 2.3049389E+001
4.8241472E+004 2.2600945E+001
4.8241472E+004 2.2600945E+001
4.8241472E+004 2.3068545E+001
4.8241472E+004 2.3068545E+001
4.8329500E+004 2.2013208E+001
4.8395466E+004 2.1324598E+001
4.8395466E+004 2.1324598E+001
4.8395466E+004 2.1559532E+001
4.8395466E+004 2.1559532E+001
4.8421373E+004 2.1299063E+001
4.8421373E+004 2.1299063E+001
4.8421373E+004 2.1991029E+001
4.8421373E+004 2.1991029E+001
4.8499302E+004 2.1188954E+001
4.8499302E+004 2.1188954E+001
4.8499302E+004 2.1674494E+001
4.8499302E+004 2.1674494E+001
4.8552525E+004 2.1142022E+001
4.8552525E+004 2.1142022E+001
4.8552525E+004 2.1684270E+001
4.8552525E+004 2.1684270E+001
4.8553402E+004 2.1675070E+001
4.8553402E+004 2.1675070E+001
4.8553402E+004 2.2224122E+001
4.8553402E+004 2.2224122E+001
4.8589426E+004 2.1824652E+001
4.8589426E+004 2.1824652E+001
4.8589426E+004 2.2106519E+001
4.8589426E+004 2.2106519E+001
4.8687668E+004 2.1095753E+001
4.8728407E+004 2.0721181E+001
4.8728407E+004 2.0721181E+001
4.8728407E+004 2.1205642E+001
4.8728407E+004 2.1205642E+001
4.8798762E+004 2.0562637E+001
4.8798762E+004 2.0562637E+001
4.8798762E+004 2.1078806E+001
4.8798762E+004 2.1078806E+001
4.8805124E+004 2.1018821E+001
4.8805124E+004 2.1018821E+001
4.8805124E+004 2.4256231E+001
4.8805124E+004 2.4256231E+001
4.8826285E+004 2.3932799E+001
4.8826285E+004 2.3932799E+001
4.8826285E+004 2.4261507E+001
4.8826285E+004 2.4261507E+001
4.8866119E+004 2.3665083E+001
4.8866119E+004 2.3665083E+001
4.8866119E+004 2.5252470E+001
4.8866119E+004 2.5252470E+001
4.8915917E+004 2.4408167E+001
4.8915917E+004 2.4408167E+001
4.8915917E+004 2.4737034E+001
4.8915917E+004 2.4737034E+001
4.8924245E+004 2.4598633E+001
4.8924245E+004 2.4598633E+001
4.8924245E+004 2.4851124E+001
4.8924245E+004 2.4851124E+001
4.8936930E+004 2.4638035E+001
4.8936930E+004 2.4638035E+001
4.8936930E+004 2.5165879E+001
4.8936930E+004 2.5165879E+001
4.8951564E+004 2.4909667E+001
4.8951564E+004 2.4909667E+001
4.8951564E+004 2.5143926E+001
4.8951564E+004 2.5143926E+001
4.8984700E+004 2.4578691E+001
4.8984700E+004 2.4578691E+001
4.8984700E+004 2.5579743E+001
4.8984700E+004 2.5579743E+001
4.9052421E+004 2.4407861E+001
4.9059494E+004 2.4295546E+001
4.9059494E+004 2.4295546E+001
4.9059494E+004 2.5126387E+001
4.9059494E+004 2.5126387E+001
4.9073051E+004 2.4889995E+001
4.9073051E+004 2.4889995E+001
4.9073051E+004 2.5257318E+001
4.9073051E+004 2.5257318E+001
4.9089694E+004 2.4962975E+001
4.9089694E+004 2.4962975E+001
4.9089694E+004 2.6417682E+001
4.9089694E+004 2.6417682E+001
4.9100177E+004 2.6199302E+001
4.9100177E+004 2.6199302E+001
4.9100177E+004 2.6999050E+001
4.9100177E+004 2.6999050E+001
4.9110536E+004 2.6766369E+001
4.9110536E+004 2.6766369E+001
4.9110536E+004 2.6908628E+001
4.9110536E+004 2.6908628E+001
4.9111728E+004 2.6881821E+001
4.9111728E+004 2.6881821E+001
4.9111728E+004 2.7306309E+001
4.9111728E+004 2.7306309E+001
4.9169279E+004 2.6054160E+001
4.9233954E+004 2.4860235E+001
4.9306718E+004 2.3721773E+001
4.9336044E+004 2.3310720E+001
4.9336044E+004 2.3310720E+001
4.9336044E+004 2.4334647E+001
4.9336044E+004 2.4334647E+001
4.9374107E+004 2.3757646E+001
4.9374107E+004 2.3757646E+001
4.9374107E+004 2.4268632E+001
4.9374107E+004 2.4268632E+001
4.9451447E+004 2.3157634E+001
4.9452468E+004 2.3144081E+001
4.9452468E+004 2.3144081E+001
4.9452468E+004 2.3635747E+001
4.9452468E+004 2.3635747E+001
4.9465937E+004 2.3446123E+001
4.9465937E+004 2.3446123E+001
4.9465937E+004 2.3982430E+001
4.9465937E+004 2.3982430E+001
4.9486325E+004 2.3682639E+001
4.9486325E+004 2.3682639E+001
4.9486325E+004 2.3873844E+001
4.9486325E+004 2.3873844E+001
4.9519104E+004 2.3405867E+001
4.9519104E+004 2.3405867E+001
4.9519104E+004 2.3688350E+001
4.9519104E+004 2.3688350E+001
4.9569400E+004 2.3002482E+001
4.9569400E+004 2.3002482E+001
4.9569400E+004 2.3466216E+001
4.9569400E+004 2.3466216E+001
4.9627787E+004 2.2701816E+001
4.9627787E+004 2.2701816E+001
4.9627787E+004 2.3255711E+001
4.9627787E+004 2.3255711E+001
4.9670569E+004 2.2703813E+001
4.9670569E+004 2.2703813E+001
4.9670569E+004 2.2965789E+001
4.9670569E+004 2.2965789E+001
4.9758143E+004 2.1931044E+001
4.9758143E+004 2.1931044E+001
4.9758143E+004 2.2151194E+001
4.9758143E+004 2.2151194E+001
4.9804302E+004 2.1649873E+001
4.9804302E+004 2.1649873E+001
4.9804302E+004 2.2249487E+001
4.9804302E+004 2.2249487E+001
4.9900919E+004 2.1232102E+001
4.9909810E+004 2.1146232E+001
4.9909810E+004 2.1146232E+001
4.9909810E+004 2.2560698E+001
4.9909810E+004 2.2560698E+001
4.9984255E+004 2.1721907E+001
4.9984255E+004 2.1721907E+001
4.9984255E+004 2.2346914E+001
4.9984255E+004 2.2346914E+001
4.9995885E+004 2.2212385E+001
4.9995885E+004 2.2212385E+001
4.9995885E+004 2.2377218E+001
4.9995885E+004 2.2377218E+001
5.0043156E+004 2.1845913E+001
5.0043156E+004 2.1845913E+001
5.0043156E+004 2.2058124E+001
5.0043156E+004 2.2058124E+001
5.0116982E+004 2.1287491E+001
5.0116982E+004 2.1287491E+001
5.0116982E+004 2.1688153E+001
5.0116982E+004 2.1688153E+001
5.0175618E+004 2.1102988E+001
5.0175618E+004 2.1102988E+001
5.0175618E+004 2.2439018E+001
5.0175618E+004 2.2439018E+001
5.0216742E+004 2.1969646E+001
5.0216742E+004 2.1969646E+001
5.0216742E+004 2.2218949E+001
5.0216742E+004 2.2218949E+001
5.0305951E+004 2.1277601E+001
5.0305951E+004 2.1277601E+001
5.0305951E+004 2.2233635E+001
5.0305951E+004 2.2233635E+001
5.0345639E+004 2.1794366E+001
5.0345639E+004 2.1794366E+001
5.0345639E+004 2.2640852E+001
5.0345639E+004 2.2640852E+001
5.0346532E+004 2.2629923E+001
5.0346532E+004 2.2629923E+001
5.0346532E+004 2.3685404E+001
5.0346532E+004 2.3685404E+001
5.0389068E+004 2.3100752E+001
5.0389068E+004 2.3100752E+001
5.0389068E+004 2.4026653E+001
5.0389068E+004 2.4026653E+001
5.0414641E+004 2.3650397E+001
5.0414641E+004 2.3650397E+001
5.0414641E+004 2.4280023E+001
5.0414641E+004 2.4280023E+001
5.0420054E+004 2.4195485E+001
5.0420054E+004 2.4195485E+001
5.0420054E+004 2.4449774E+001
5.0420054E+004 2.4449774E+001
5.0458047E+004 2.3864377E+001
5.0458047E+004 2.3864377E+001
5.0458047E+004 2.4979037E+001
5.0458047E+004 2.4979037E+001
5.0529941E+004 2.3835058E+001
5.0564327E+004 2.3347759E+001
5.0564327E+004 2.3347759E+001
5.0564327E+004 2.3987492E+001
5.0564327E+004 2.3987492E+001
5.0643991E+004 2.2889532E+001
5.0694976E+004 2.2272001E+001
5.0694976E+004 2.2272001E+001
5.0694976E+004 2.4919886E+001
5.0694976E+004 2.4919886E+001
5.0736346E+004 2.4242316E+001
5.0736346E+004 2.4242316E+001
5.0736346E+004 2.4517289E+001
5.0736346E+004 2.4517289E+001
5.0811712E+004 2.3394747E+001
5.0896628E+004 2.2324287E+001
5.0953330E+004 2.1697741E+001
5.0953330E+004 2.1697741E+001
5.0953330E+004 2.2065990E+001
5.0953330E+004 2.2065990E+001
5.0966760E+004 2.1917719E+001
5.0966760E+004 2.1917719E+001
5.0966760E+004 2.2225558E+001
5.0966760E+004 2.2225558E+001
5.0977705E+004 2.2101306E+001
5.0977705E+004 2.2101306E+001
5.0977705E+004 2.3353537E+001
5.0977705E+004 2.3353537E+001
5.0991704E+004 2.3164708E+001
5.0991704E+004 2.3164708E+001
5.0991704E+004 2.3705841E+001
5.0991704E+004 2.3705841E+001
5.1029761E+004 2.3178661E+001
5.1029761E+004 2.3178661E+001
5.1029761E+004 2.5009300E+001
5.1029761E+004 2.5009300E+001
5.1055507E+004 2.4574188E+001
5.1055507E+004 2.4574188E+001
5.1055507E+004 2.5059088E+001
5.1055507E+004 2.5059088E+001
5.1126823E+004 2.3911397E+001
5.1157457E+004 2.3470630E+001
5.1157457E+004 2.3470630E+001
5.1157457E+004 2.5214487E+001
5.1157457E+004 2.5214487E+001
5.1219093E+004 2.4189889E+001
5.1219093E+004 2.4189889E+001
5.1219093E+004 2.4432949E+001
5.1219093E+004 2.4432949E+001
5.1245734E+004 2.4018006E+001
5.1245734E+004 2.4018006E+001
5.1245734E+004 2.5130650E+001
5.1245734E+004 2.5130650E+001
5.1255713E+004 2.4955755E+001
5.1255713E+004 2.4955755E+001
5.1255713E+004 2.4955927E+001
5.1255713E+004 2.4955927E+001
5.1327775E+004 2.3813025E+001
5.1371705E+004 2.3198878E+001
5.1371705E+004 2.3198878E+001
5.1371705E+004 2.4251823E+001
5.1371705E+004 2.4251823E+001
5.1378912E+004 2.4139969E+001
5.1378912E+004 2.4139969E+001
5.1378912E+004 2.5894205E+001
5.1378912E+004 2.5894205E+001
5.1390813E+004 2.5663326E+001
5.1390813E+004 2.5663326E+001
5.1390813E+004 2.6192868E+001
5.1390813E+004 2.6192868E+001
5.1412376E+004 2.5763356E+001
5.1412376E+004 2.5763356E+001
5.1412376E+004 2.6371575E+001
5.1412376E+004 2.6371575E+001
5.1475125E+004 2.5162903E+001
5.1485884E+004 2.4973688E+001
5.1485884E+004 2.4973688E+001
5.1485884E+004 2.5276563E+001
5.1485884E+004 2.5276563E+001
5.1486699E+004 2.5261818E+001
5.1486699E+004 2.5261818E+001
5.1486699E+004 2.5397480E+001
5.1486699E+004 2.5397480E+001
5.1546477E+004 2.4377134E+001
5.1546477E+004 2.4377134E+001
5.1546477E+004 2.4690169E+001
5.1546477E+004 2.4690169E+001
5.1550500E+004 2.4623416E+001
5.1550500E+004 2.4623416E+001
5.1550500E+004 2.4623724E+001
5.1550500E+004 2.4623724E+001
5.1587618E+004 2.4037157E+001
5.1587618E+004 2.4037157E+001
5.1587618E+004 2.4932598E+001
5.1587618E+004 2.4932598E+001
5.1590749E+004 2.4878774E+001
5.1590749E+004 2.4878774E+001
5.1590749E+004 2.5109761E+001
5.1590749E+004 2.5109761E+001
5.1661702E+004 2.3959710E+001
5.1695071E+004 2.3477674E+001
5.1695071E+004 2.3477674E+001
5.1695071E+004 2.3834574E+001
5.1695071E+004 2.3834574E+001
5.1776044E+004 2.2743714E+001
5.1866649E+004 2.1710602E+001
5.1866649E+004 2.1710602E+001
5.1866649E+004 2.1955986E+001
5.1866649E+004 2.1955986E+001
5.1961510E+004 2.0999411E+001
5.1961510E+004 2.0999411E+001
5.1961510E+004 2.1686767E+001
5.1961510E+004 2.1686767E+001
5.1966956E+004 2.1629849E+001
5.1966956E+004 2.1629849E+001
5.1966956E+004 2.1892548E+001
5.1966956E+004 2.1892548E+001
5.1969189E+004 2.1868331E+001
5.1969189E+004 2.1868331E+001
5.1969189E+004 2.2216141E+001
5.1969189E+004 2.2216141E+001
5.2018451E+004 2.1677195E+001
5.2018451E+004 2.1677195E+001
5.2018451E+004 2.1965331E+001
5.2018451E+004 2.1965331E+001
5.2045156E+004 2.1678719E+001
5.2045156E+004 2.1678719E+001
5.2045156E+004 2.1912096E+001
5.2045156E+004 2.1912096E+001
5.2138905E+004 2.0972212E+001
5.2138905E+004 2.0972212E+001
5.2138905E+004 2.1066575E+001
5.2138905E+004 2.1066575E+001
5.2146826E+004 2.0992137E+001
5.2146826E+004 2.0992137E+001
5.2146826E+004 2.4226978E+001
5.2146826E+004 2.4226978E+001
5.2183228E+004 2.3682466E+001
5.2183228E+004 2.3682466E+001
5.2183228E+004 2.4475417E+001
5.2183228E+004 2.4475417E+001
5.2201690E+004 2.4183357E+001
5.2201690E+004 2.4183357E+001
5.2201690E+004 2.4555949E+001
5.2201690E+004 2.4555949E+001
5.2227863E+004 2.4140912E+001
5.2227863E+004 2.4140912E+001
5.2227863E+004 2.4597139E+001
5.2227863E+004 2.4597139E+001
5.2248156E+004 2.4271227E+001
5.2248156E+004 2.4271227E+001
5.2248156E+004 2.5197882E+001
5.2248156E+004 2.5197882E+001
5.2254108E+004 2.5092047E+001
5.2254108E+004 2.5092047E+001
5.2254108E+004 2.5404499E+001
5.2254108E+004 2.5404499E+001
5.2286558E+004 2.4830623E+001
5.2286558E+004 2.4830623E+001
5.2286558E+004 2.4998933E+001
5.2286558E+004 2.4998933E+001
5.2341575E+004 2.4103088E+001
5.2341575E+004 2.4103088E+001
5.2341575E+004 2.4211203E+001
5.2341575E+004 2.4211203E+001
5.2419381E+004 2.3102863E+001
5.2495762E+004 2.2171786E+001
5.2495762E+004 2.2171786E+001
5.2495762E+004 2.2501621E+001
5.2495762E+004 2.2501621E+001
5.2502612E+004 2.2420041E+001
5.2502612E+004 2.2420041E+001
5.2502612E+004 2.2754900E+001
5.2502612E+004 2.2754900E+001
5.2507348E+004 2.2696076E+001
5.2507348E+004 2.2696076E+001
5.2507348E+004 2.3152397E+001
5.2507348E+004 2.3152397E+001
5.2541224E+004 2.2718135E+001
5.2541224E+004 2.2718135E+001
5.2541224E+004 2.3601114E+001
5.2541224E+004 2.3601114E+001
5.2599041E+004 2.2828787E+001
5.2599041E+004 2.2828787E+001
5.2599041E+004 2.4687737E+001
5.2599041E+004 2.4687737E+001
5.2673097E+004 2.3557281E+001
5.2689231E+004 2.3333409E+001
5.2689231E+004 2.3333409E+001
5.2689231E+004 2.3570141E+001
5.2689231E+004 2.3570141E+001
5.2708629E+004 2.3301399E+001
5.2708629E+004 2.3301399E+001
5.2708629E+004 2.3647093E+001
5.2708629E+004 2.3647093E+001
5.2735447E+004 2.3274284E+001
5.2735447E+004 2.3274284E+001
5.2735447E+004 2.3686767E+001
5.2735447E+004 2.3686767E+001
5.2793890E+004 2.2896919E+001
5.2793890E+004 2.2896919E+001
5.2793890E+004 2.3672930E+001
5.2793890E+004 2.3672930E+001
5.2876280E+004 2.2589559E+001
5.2954540E+004 2.1707131E+001
5.2954540E+004 2.1707131E+001
5.2954540E+004 2.2484682E+001
5.2954540E+004 2.2484682E+001
5.2988565E+004 2.2090921E+001
5.2988565E+004 2.2090921E+001
5.2988565E+004 2.2570505E+001
5.2988565E+004 2.2570505E+001
5.3004841E+004 2.2376328E+001
5.3004841E+004 2.2376328E+001
5.3004841E+004 2.2792167E+001
5.3004841E+004 2.2792167E+001
5.3018632E+004 2.2621420E+001
5.3018632E+004 2.2621420E+001
5.3018632E+004 2.3980836E+001
5.3018632E+004 2.3980836E+001
5.3070662E+004 2.3242350E+001
5.3070662E+004 2.3242350E+001
5.3070662E+004 2.3559652E+001
5.3070662E+004 2.3559652E+001
5.3078860E+004 2.3444879E+001
5.3078860E+004 2.3444879E+001
5.3078860E+004 2.3643621E+001
5.3078860E+004 2.3643621E+001
5.3121901E+004 2.3055942E+001
5.3121901E+004 2.3055942E+001
5.3121901E+004 2.3305400E+001
5.3121901E+004 2.3305400E+001
5.3150233E+004 2.2931638E+001
5.3150233E+004 2.2931638E+001
5.3150233E+004 2.3162843E+001
5.3150233E+004 2.3162843E+001
5.3196079E+004 2.2581356E+001
5.3196079E+004 2.2581356E+001
5.3196079E+004 2.2985972E+001
5.3196079E+004 2.2985972E+001
5.3215140E+004 2.2744101E+001
5.3215140E+004 2.2744101E+001
5.3215140E+004 2.3571547E+001
5.3215140E+004 2.3571547E+001
5.3298438E+004 2.2492878E+001
5.3304498E+004 2.2420750E+001
5.3304498E+004 2.2420750E+001
5.3304498E+004 2.2966837E+001
5.3304498E+004 2.2966837E+001
5.3348016E+004 2.2429602E+001
5.3348016E+004 2.2429602E+001
5.3348016E+004 2.2931547E+001
5.3348016E+004 2.2931547E+001
5.3356945E+004 2.2818036E+001
5.3356945E+004 2.2818036E+001
5.3356945E+004 2.3030802E+001
5.3356945E+004 2.3030802E+001
5.3371820E+004 2.2839939E+001
5.3371820E+004 2.2839939E+001
5.3371820E+004 2.3550871E+001
5.3371820E+004 2.3550871E+001
5.3455305E+004 2.2473163E+001
5.3480524E+004 2.2179378E+001
5.3480524E+004 2.2179378E+001
5.3480524E+004 2.2519560E+001
5.3480524E+004 2.2519560E+001
5.3543994E+004 2.1801453E+001
5.3543994E+004 2.1801453E+001
5.3543994E+004 2.2090724E+001
5.3543994E+004 2.2090724E+001
5.3595026E+004 2.1544161E+001
5.3595026E+004 2.1544161E+001
5.3595026E+004 2.2000444E+001
5.3595026E+004 2.2000444E+001
5.3601370E+004 2.1930695E+001
5.3601370E+004 2.1930695E+001
5.3601370E+004 2.2066579E+001
5.3601370E+004 2.2066579E+001
5.3624219E+004 2.1816461E+001
5.3624219E+004 2.1816461E+001
5.3624219E+004 2.2490363E+001
5.3624219E+004 2.2490363E+001
5.3662760E+004 2.2045857E+001
5.3662760E+004 2.2045857E+001
5.3662760E+004 2.2268273E+001
5.3662760E+004 2.2268273E+001
5.3697529E+004 2.1879576E+001
5.3697529E+004 2.1879576E+001
5.3697529E+004 2.2238990E+001
5.3697529E+004 2.2238990E+001
5.3708161E+004 2.2117979E+001
5.3708161E+004 2.2117979E+001
5.3708161E+004 2.2166781E+001
5.3708161E+004 2.2166781E+001
5.3747340E+004 2.1737488E+001
5.3747340E+004 2.1737488E+001
5.3747340E+004 2.2487822E+001
5.3747340E+004 2.2487822E+001
5.3772884E+004 2.2189668E+001
5.3772884E+004 2.2189668E+001
5.3772884E+004 2.2599493E+001
5.3772884E+004 2.2599493E+001
5.3865686E+004 2.1565886E+001
5.3905087E+004 2.1173919E+001
5.3905087E+004 2.1173919E+001
5.3905087E+004 2.1647749E+001
5.3905087E+004 2.1647749E+001
5.3923569E+004 2.1457993E+001
5.3923569E+004 2.1457993E+001
5.3923569E+004 2.1780386E+001
5.3923569E+004 2.1780386E+001
5.3971836E+004 2.1287082E+001
5.3971836E+004 2.1287082E+001
5.3971836E+004 2.1545066E+001
5.3971836E+004 2.1545066E+001
5.4041376E+004 2.0873141E+001
5.4041376E+004 2.0873141E+001
5.4041376E+004 2.1294511E+001
5.4041376E+004 2.1294511E+001
5.4053548E+004 2.1176040E+001
5.4053548E+004 2.1176040E+001
5.4053548E+004 2.1648194E+001
5.4053548E+004 2.1648194E+001
5.4133925E+004 2.0865955E+001
5.4133925E+004 2.0865955E+001
5.4133925E+004 2.1753361E+001
5.4133925E+004 2.1753361E+001
5.4150966E+004 2.1575121E+001
5.4150966E+004 2.1575121E+001
5.4150966E+004 2.2087775E+001
5.4150966E+004 2.2087775E+001
5.4160131E+004 2.1985833E+001
5.4160131E+004 2.1985833E+001
5.4160131E+004 2.2499422E+001
5.4160131E+004 2.2499422E+001
5.4254001E+004 2.1470451E+001
5.4359977E+004 2.0489132E+001
5.4479742E+004 1.9553212E+001
5.4513365E+004 1.9316071E+001
5.4513365E+004 1.9316071E+001
5.4513365E+004 1.9799236E+001
5.4513365E+004 1.9799236E+001
5.4532571E+004 1.9656119E+001
5.4532571E+004 1.9656119E+001
5.4532571E+004 2.3041576E+001
5.4532571E+004 2.3041576E+001
5.4620864E+004 2.1987485E+001
5.4720488E+004 2.0982227E+001
5.4767971E+004 2.0556201E+001
5.4767971E+004 2.0556201E+001
5.4767971E+004 2.1016501E+001
5.4767971E+004 2.1016501E+001
5.4787633E+004 2.0835038E+001
5.4787633E+004 2.0835038E+001
5.4787633E+004 2.1169590E+001
5.4787633E+004 2.1169590E+001
5.4888278E+004 2.0277369E+001
5.4888278E+004 2.0277369E+001
5.4888278E+004 2.2030751E+001
5.4888278E+004 2.2030751E+001
5.4891108E+004 2.1999382E+001
5.4891108E+004 2.1999382E+001
5.4891108E+004 2.2485521E+001
5.4891108E+004 2.2485521E+001
5.4925505E+004 2.2087537E+001
5.4925505E+004 2.2087537E+001
5.4925505E+004 2.2252759E+001
5.4925505E+004 2.2252759E+001
5.5022085E+004 2.1235221E+001
5.5050049E+004 2.0969262E+001
5.5050049E+004 2.0969262E+001
5.5050049E+004 2.1911662E+001
5.5050049E+004 2.1911662E+001
5.5096970E+004 2.1421375E+001
5.5096970E+004 2.1421375E+001
5.5096970E+004 2.2100613E+001
5.5096970E+004 2.2100613E+001
5.5125684E+004 2.1786269E+001
5.5125684E+004 2.1786269E+001
5.5125684E+004 2.2029695E+001
5.5125684E+004 2.2029695E+001
5.5217716E+004 2.1088697E+001
5.5217716E+004 2.1088697E+001
5.5217716E+004 2.3615623E+001
5.5217716E+004 2.3615623E+001
5.5257009E+004 2.3079152E+001
5.5257009E+004 2.3079152E+001
5.5257009E+004 2.3473667E+001
5.5257009E+004 2.3473667E+001
5.5341197E+004 2.2399546E+001
5.5416188E+004 2.1575422E+001
5.5416188E+004 2.1575422E+001
5.5416188E+004 2.2478828E+001
5.5416188E+004 2.2478828E+001
5.5437148E+004 2.2233446E+001
5.5437148E+004 2.2233446E+001
5.5437148E+004 2.2593212E+001
5.5437148E+004 2.2593212E+001
5.5453930E+004 2.2392378E+001
5.5453930E+004 2.2392378E+001
5.5453930E+004 2.2562172E+001
5.5453930E+004 2.2562172E+001
5.5547128E+004 2.1530300E+001
5.5652339E+004 2.0546218E+001
5.5682204E+004 2.0294027E+001
5.5682204E+004 2.0294027E+001
5.5682204E+004 2.0648916E+001
5.5682204E+004 2.0648916E+001
5.5700219E+004 2.0492627E+001
5.5700219E+004 2.0492627E+001
5.5700219E+004 2.2202542E+001
5.5700219E+004 2.2202542E+001
5.5766084E+004 2.1494346E+001
5.5766084E+004 2.1494346E+001
5.5766084E+004 2.1801717E+001
5.5766084E+004 2.1801717E+001
5.5867925E+004 2.0805065E+001
5.5887696E+004 2.0629089E+001
5.5887696E+004 2.0629089E+001
5.5887696E+004 2.0968770E+001
5.5887696E+004 2.0968770E+001
5.5954658E+004 2.0378595E+001
5.5954658E+004 2.0378595E+001
5.5954658E+004 2.0520041E+001
5.5954658E+004 2.0520041E+001
5.6073950E+004 1.9582687E+001
5.6089478E+004 1.9471213E+001
5.6089478E+004 1.9471213E+001
5.6089478E+004 1.9933602E+001
5.6089478E+004 1.9933602E+001
5.6218233E+004 1.9023361E+001
5.6350466E+004 1.8229013E+001
5.6350466E+004 1.8229013E+001
5.6350466E+004 1.9144813E+001
5.6350466E+004 1.9144813E+001
5.6449538E+004 1.8523597E+001
5.6449538E+004 1.8523597E+001
5.6449538E+004 1.9901823E+001
5.6449538E+004 1.9901823E+001
5.6488732E+004 1.9608453E+001
5.6488732E+004 1.9608453E+001
5.6488732E+004 2.0615745E+001
5.6488732E+004 2.0615745E+001
5.6606577E+004 1.9673965E+001
5.6733875E+004 1.8812664E+001
5.6733875E+004 1.8812664E+001
5.6733875E+004 1.9666503E+001
5.6733875E+004 1.9666503E+001
5.6748382E+004 1.9560651E+001
5.6748382E+004 1.9560651E+001
5.6748382E+004 1.9857448E+001
5.6748382E+004 1.9857448E+001
5.6834785E+004 1.9236660E+001
5.6834785E+004 1.9236660E+001
5.6834785E+004 1.9845751E+001
5.6834785E+004 1.9845751E+001
5.6932723E+004 1.9149115E+001
5.6932723E+004 1.9149115E+001
5.6932723E+004 1.9644644E+001
5.6932723E+004 1.9644644E+001
5.6941300E+004 1.9582061E+001
5.6941300E+004 1.9582061E+001
5.6941300E+004 2.0055505E+001
5.6941300E+004 2.0055505E+001
5.6952803E+004 1.9965220E+001
5.6952803E+004 1.9965220E+001
5.6952803E+004 2.0383728E+001
5.6952803E+004 2.0383728E+001
5.6961714E+004 2.0309414E+001
5.6961714E+004 2.0309414E+001
5.6961714E+004 2.2148865E+001
5.6961714E+004 2.2148865E+001
5.6981401E+004 2.1929869E+001
5.6981401E+004 2.1929869E+001
5.6981401E+004 2.2294782E+001
5.6981401E+004 2.2294782E+001
5.6981792E+004 2.2290251E+001
5.6981792E+004 2.2809504E+001
5.6981792E+004 2.2809504E+001
5.7016040E+004 2.2392870E+001
5.7016040E+004 2.2392870E+001
5.7016040E+004 2.3763437E+001
5.7016040E+004 2.3763437E+001
5.7080505E+004 2.2888244E+001
5.7080505E+004 2.2888244E+001
5.7080505E+004 2.3623881E+001
5.7080505E+004 2.3623881E+001
5.7104564E+004 2.3289586E+001
5.7104564E+004 2.3289586E+001
5.7104564E+004 2.5294970E+001
5.7104564E+004 2.5294970E+001
5.7108825E+004 2.5218020E+001
5.7108825E+004 2.5218020E+001
5.7108825E+004 2.6116678E+001
5.7108825E+004 2.6116678E+001
5.7118250E+004 2.5927709E+001
5.7118250E+004 2.5927709E+001
5.7118250E+004 2.6132426E+001
5.7118250E+004 2.6132426E+001
5.7182441E+004 2.4934869E+001
5.7207546E+004 2.4514619E+001
5.7207546E+004 2.4514619E+001
5.7207546E+004 2.4791193E+001
5.7207546E+004 2.4791193E+001
5.7267273E+004 2.3850883E+001
5.7267273E+004 2.3850883E+001
5.7267273E+004 2.4456522E+001
5.7267273E+004 2.4456522E+001
5.7287511E+004 2.4137874E+001
5.7287511E+004 2.4137874E+001
5.7287511E+004 2.4243487E+001
5.7287511E+004 2.4243487E+001
5.7294195E+004 2.4139806E+001
5.7294195E+004 2.4139806E+001
5.7294195E+004 2.4532937E+001
5.7294195E+004 2.4532937E+001
5.7326455E+004 2.4026671E+001
5.7326455E+004 2.4026671E+001
5.7326455E+004 2.4341151E+001
5.7326455E+004 2.4341151E+001
5.7333608E+004 2.4228673E+001
5.7333608E+004 2.4228673E+001
5.7333608E+004 2.4792594E+001
5.7333608E+004 2.4792594E+001
5.7373021E+004 2.4156759E+001
5.7373021E+004 2.4156759E+001
5.7373021E+004 2.4528494E+001
5.7373021E+004 2.4528494E+001
5.7448299E+004 2.3405430E+001
5.7533117E+004 2.2334473E+001
5.7611502E+004 2.1484235E+001
5.7611502E+004 2.1484235E+001
5.7611502E+004 2.2805528E+001
5.7611502E+004 2.2805528E+001
5.7702161E+004 2.1762374E+001
5.7728466E+004 2.1489079E+001
5.7728466E+004 2.1489079E+001
5.7728466E+004 2.3981386E+001
5.7728466E+004 2.3981386E+001
5.7750056E+004 2.3664401E+001
5.7750056E+004 2.3664401E+001
5.7750056E+004 2.3965553E+001
5.7750056E+004 2.3965553E+001
5.7769997E+004 2.3672906E+001
5.7769997E+004 2.3672906E+001
5.7769997E+004 2.4333421E+001
5.7769997E+004 2.4333421E+001
5.7786722E+004 2.4073622E+001
5.7786722E+004 2.4073622E+001
5.7786722E+004 2.4625141E+001
5.7786722E+004 2.4625141E+001
5.7790201E+004 2.4567916E+001
5.7790201E+004 2.4567916E+001
5.7790201E+004 2.4906928E+001
5.7790201E+004 2.4906928E+001
5.7862621E+004 2.3766291E+001
5.7882467E+004 2.3483385E+001
5.7882467E+004 2.3483385E+001
5.7882467E+004 2.3748464E+001
5.7882467E+004 2.3748464E+001
5.7891586E+004 2.3617280E+001
5.7891586E+004 2.3617280E+001
5.7891586E+004 2.4080745E+001
5.7891586E+004 2.4080745E+001
5.7970468E+004 2.2978461E+001
5.7980819E+004 2.2846108E+001
5.7980819E+004 2.2846108E+001
5.7980819E+004 2.3594338E+001
5.7980819E+004 2.3594338E+001
5.7984170E+004 2.3546937E+001
5.7984170E+004 2.3546937E+001
5.7984170E+004 2.4546323E+001
5.7984170E+004 2.4546323E+001
5.8041938E+004 2.3664710E+001
5.8041938E+004 2.3664710E+001
5.8041938E+004 2.5156869E+001
5.8041938E+004 2.5156869E+001
5.8048346E+004 2.5043656E+001
5.8048346E+004 2.5043656E+001
5.8048346E+004 2.5143552E+001
5.8048346E+004 2.5143552E+001
5.8076366E+004 2.4662570E+001
5.8076366E+004 2.4662570E+001
5.8076366E+004 2.5193161E+001
5.8076366E+004 2.5193161E+001
5.8105120E+004 2.4696678E+001
5.8105120E+004 2.4696678E+001
5.8105120E+004 2.4954230E+001
5.8105120E+004 2.4954230E+001
5.8166370E+004 2.3970306E+001
5.8166370E+004 2.3970306E+001
5.8166370E+004 2.4191617E+001
5.8166370E+004 2.4191617E+001
5.8244336E+004 2.3084188E+001
5.8332211E+004 2.2028124E+001
5.8431360E+004 2.1020994E+001
5.8466982E+004 2.0696212E+001
5.8466982E+004 2.0696212E+001
5.8466982E+004 2.0898311E+001
5.8466982E+004 2.0898311E+001
5.8491302E+004 2.0679156E+001
5.8491302E+004 2.0679156E+001
5.8491302E+004 2.0799477E+001
5.8491302E+004 2.0799477E+001
5.8570242E+004 2.0129407E+001
5.8570242E+004 2.0129407E+001
5.8570242E+004 2.1082288E+001
5.8570242E+004 2.1082288E+001
5.8663782E+004 2.0259985E+001
5.8663782E+004 2.0259985E+001
5.8663782E+004 2.0501092E+001
5.8663782E+004 2.0501092E+001
5.8754610E+004 1.9774359E+001
5.8754610E+004 1.9774359E+001
5.8754610E+004 2.0164037E+001
5.8754610E+004 2.0164037E+001
5.8762924E+004 2.0097340E+001
5.8762924E+004 2.0097340E+001
5.8762924E+004 2.0847024E+001
5.8762924E+004 2.0847024E+001
5.8856314E+004 2.0056980E+001
5.8856314E+004 2.0056980E+001
5.8856314E+004 2.0730226E+001
5.8856314E+004 2.0730226E+001
5.8874853E+004 2.0567181E+001
5.8874853E+004 2.0567181E+001
5.8874853E+004 2.0882785E+001
5.8874853E+004 2.0882785E+001
5.8983640E+004 1.9968116E+001
5.8983640E+004 1.9968116E+001
5.8983640E+004 2.1656158E+001
5.8983640E+004 2.1656158E+001
5.9000848E+004 2.1479044E+001
5.9000848E+004 2.1479044E+001
5.9000848E+004 2.1601121E+001
5.9000848E+004 2.1601121E+001
5.9023107E+004 2.1375076E+001
5.9023107E+004 2.1375076E+001
5.9023107E+004 2.1844501E+001
5.9023107E+004 2.1844501E+001
5.9032219E+004 2.1747084E+001
5.9032219E+004 2.1747084E+001
5.9032219E+004 2.2077067E+001
5.9032219E+004 2.2077067E+001
5.9105920E+004 2.1305387E+001
5.9105920E+004 2.1305387E+001
5.9105920E+004 2.2067785E+001
5.9105920E+004 2.2067785E+001
5.9109455E+004 2.2028390E+001
5.9109455E+004 2.2028390E+001
5.9109455E+004 2.2360859E+001
5.9109455E+004 2.2360859E+001
5.9204833E+004 2.1338313E+001
5.9312527E+004 2.0363115E+001
5.9331758E+004 2.0204572E+001
5.9331758E+004 2.0204572E+001
5.9331758E+004 2.0729246E+001
5.9331758E+004 2.0729246E+001
5.9423980E+004 1.9963449E+001
5.9423980E+004 1.9963449E+001
5.9423980E+004 2.2806252E+001
5.9423980E+004 2.2806252E+001
5.9495121E+004 2.1971945E+001
5.9495121E+004 2.1971945E+001
5.9495121E+004 2.2381873E+001
5.9495121E+004 2.2381873E+001
5.9571628E+004 2.1544528E+001
5.9571628E+004 2.1544528E+001
5.9571628E+004 2.1907580E+001
5.9571628E+004 2.1907580E+001
5.9641131E+004 2.1196206E+001
5.9641131E+004 2.1196206E+001
5.9641131E+004 2.1510398E+001
5.9641131E+004 2.1510398E+001
5.9746596E+004 2.0527239E+001
5.9836155E+004 1.9806802E+001
5.9836155E+004 1.9806802E+001
5.9836155E+004 2.0191788E+001
5.9836155E+004 2.0191788E+001
5.9960615E+004 1.9269618E+001
6.0038896E+004 1.8760721E+001
6.0038896E+004 1.8760721E+001
6.0038896E+004 2.1735712E+001
6.0038896E+004 2.1735712E+001
6.0048879E+004 2.1630939E+001
6.0048879E+004 2.1630939E+001
6.0048879E+004 2.2533127E+001
6.0048879E+004 2.2533127E+001
6.0076075E+004 2.2213941E+001
6.0076075E+004 2.2213941E+001
6.0076075E+004 2.4052070E+001
6.0076075E+004 2.4052070E+001
6.0085001E+004 2.3917752E+001
6.0085001E+004 2.3917752E+001
6.0085001E+004 2.4132456E+001
6.0085001E+004 2.4132456E+001
6.0093344E+004 2.4005360E+001
6.0093344E+004 2.4005360E+001
6.0093344E+004 2.4170172E+001
6.0093344E+004 2.4170172E+001
6.0123745E+004 2.3716024E+001
6.0123745E+004 2.3716024E+001
6.0123745E+004 2.4034201E+001
6.0123745E+004 2.4034201E+001
6.0139432E+004 2.3800562E+001
6.0139432E+004 2.3800562E+001
6.0139432E+004 2.6373776E+001
6.0139432E+004 2.6373776E+001
6.0158520E+004 2.5983137E+001
6.0158520E+004 2.5983137E+001
6.0158520E+004 2.6328171E+001
6.0158520E+004 2.6328171E+001
6.0221528E+004 2.5121508E+001
6.0245851E+004 2.4703322E+001
6.0245851E+004 2.4703322E+001
6.0245851E+004 2.4816599E+001
6.0245851E+004 2.4816599E+001
6.0299493E+004 2.3963021E+001
6.0299493E+004 2.3963021E+001
6.0299493E+004 2.4324088E+001
6.0299493E+004 2.4324088E+001
6.0301858E+004 2.4286770E+001
6.0301858E+004 2.4286770E+001
6.0301858E+004 2.4478366E+001
6.0301858E+004 2.4478366E+001
6.0373529E+004 2.3411996E+001
6.0373529E+004 2.3411996E+001
6.0373529E+004 2.5813810E+001
6.0373529E+004 2.5813810E+001
6.0376083E+004 2.5764169E+001
6.0376083E+004 2.5764169E+001
6.0376083E+004 2.6015751E+001
6.0376083E+004 2.6015751E+001
6.0424763E+004 2.5102249E+001
6.0424763E+004 2.5102249E+001
6.0424763E+004 2.5631958E+001
6.0424763E+004 2.5631958E+001
6.0492139E+004 2.4457661E+001
6.0567971E+004 2.3337881E+001
6.0653418E+004 2.2270049E+001
6.0658351E+004 2.2213324E+001
6.0658351E+004 2.2213324E+001
6.0658351E+004 2.2609171E+001
6.0658351E+004 2.2609171E+001
6.0695235E+004 2.2175200E+001
6.0695235E+004 2.2175200E+001
6.0695235E+004 2.2492981E+001
6.0695235E+004 2.2492981E+001
6.0718590E+004 2.2219569E+001
6.0718590E+004 2.2219569E+001
6.0718590E+004 2.2442094E+001
6.0718590E+004 2.2442094E+001
6.0775784E+004 2.1798826E+001
6.0775784E+004 2.1798826E+001
6.0775784E+004 2.2368119E+001
6.0775784E+004 2.2368119E+001
6.0816016E+004 2.1913571E+001
6.0816016E+004 2.1913571E+001
6.0816016E+004 2.2252076E+001
6.0816016E+004 2.2252076E+001
6.0836390E+004 2.2021823E+001
6.0836390E+004 2.2021823E+001
6.0836390E+004 2.2520171E+001
6.0836390E+004 2.2520171E+001
6.0875924E+004 2.2062543E+001
6.0875924E+004 2.2062543E+001
6.0875924E+004 2.2400407E+001
6.0875924E+004 2.2400407E+001
6.0892689E+004 2.2205760E+001
6.0892689E+004 2.2205760E+001
6.0892689E+004 2.2344441E+001
6.0892689E+004 2.2344441E+001
6.0988249E+004 2.1322658E+001
6.1044154E+004 2.0795596E+001
6.1044154E+004 2.0795596E+001
6.1044154E+004 2.1646881E+001
6.1044154E+004 2.1646881E+001
6.1045356E+004 2.1634353E+001
6.1045356E+004 2.1634353E+001
6.1045356E+004 2.1960987E+001
6.1045356E+004 2.1960987E+001
6.1144553E+004 2.0963737E+001
6.1144553E+004 2.0963737E+001
6.1144553E+004 2.1219514E+001
6.1144553E+004 2.1219514E+001
6.1159962E+004 2.1071815E+001
6.1159962E+004 2.1071815E+001
6.1159962E+004 2.1629878E+001
6.1159962E+004 2.1629878E+001
6.1184849E+004 2.1376536E+001
6.1184849E+004 2.1376536E+001
6.1184849E+004 2.1850912E+001
6.1184849E+004 2.1850912E+001
6.1286096E+004 2.0851983E+001
6.1312139E+004 2.0619468E+001
6.1312139E+004 2.0619468E+001
6.1312139E+004 2.3325223E+001
6.1312139E+004 2.3325223E+001
6.1396959E+004 2.2266476E+001
6.1396959E+004 2.2266476E+001
6.1396959E+004 2.3106541E+001
6.1396959E+004 2.3106541E+001
6.1484616E+004 2.2049437E+001
6.1507002E+004 2.1804954E+001
6.1507002E+004 2.1804954E+001
6.1507002E+004 2.2156047E+001
6.1507002E+004 2.2156047E+001
6.1520064E+004 2.2009687E+001
6.1520064E+004 2.2009687E+001
6.1520064E+004 2.2746841E+001
6.1520064E+004 2.2746841E+001
6.1520841E+004 2.2737166E+001
6.1520841E+004 2.2737166E+001
6.1520841E+004 2.3169367E+001
6.1520841E+004 2.3169367E+001
6.1530122E+004 2.3047024E+001
6.1530122E+004 2.3047024E+001
6.1530122E+004 2.3107002E+001
6.1530122E+004 2.3107002E+001
6.1598507E+004 2.2266184E+001
6.1598507E+004 2.2266184E+001
6.1598507E+004 2.4537905E+001
6.1598507E+004 2.4537905E+001
6.1616931E+004 2.4243812E+001
6.1616931E+004 2.4243812E+001
6.1616931E+004 2.4597496E+001
6.1616931E+004 2.4597496E+001
6.1635478E+004 2.4298991E+001
6.1635478E+004 2.4298991E+001
6.1635478E+004 2.4752183E+001
6.1635478E+004 2.4752183E+001
6.1695314E+004 2.3815252E+001
6.1695314E+004 2.3815252E+001
6.1695314E+004 2.5588956E+001
6.1695314E+004 2.5588956E+001
6.1762974E+004 2.4416646E+001
6.1818357E+004 2.3584134E+001
6.1818357E+004 2.3584134E+001
6.1818357E+004 2.3819221E+001
6.1818357E+004 2.3819221E+001
6.1872086E+004 2.3075380E+001
6.1872086E+004 2.3075380E+001
6.1872086E+004 2.3282418E+001
6.1872086E+004 2.3282418E+001
6.1897118E+004 2.2952204E+001
6.1897118E+004 2.2952204E+001
6.1897118E+004 2.4556137E+001
6.1897118E+004 2.4556137E+001
6.1924600E+004 2.4120997E+001
6.1924600E+004 2.4120997E+001
6.1924600E+004 2.4295620E+001
6.1924600E+004 2.4295620E+001
6.2001722E+004 2.3183366E+001
6.2013716E+004 2.3025371E+001
6.2013716E+004 2.3025371E+001
6.2013716E+004 2.3148645E+001
6.2013716E+004 2.3148645E+001
6.2056583E+004 2.2604450E+001
6.2056583E+004 2.2604450E+001
6.2056583E+004 2.3266279E+001
6.2056583E+004 2.3266279E+001
6.2059548E+004 2.3226347E+001
6.2059548E+004 2.3226347E+001
6.2059548E+004 2.3729147E+001
6.2059548E+004 2.3729147E+001
6.2079691E+004 2.3443671E+001
6.2079691E+004 2.3443671E+001
6.2079691E+004 2.3748063E+001
6.2079691E+004 2.3748063E+001
6.2132290E+004 2.3026394E+001
6.2132290E+004 2.3026394E+001
6.2132290E+004 2.3554228E+001
6.2132290E+004 2.3554228E+001
6.2150709E+004 2.3299390E+001
6.2150709E+004 2.3299390E+001
6.2150709E+004 2.5872826E+001
6.2150709E+004 2.5872826E+001
6.2216523E+004 2.4687337E+001
6.2290582E+004 2.3556899E+001
6.2340708E+004 2.2886127E+001
6.2340708E+004 2.2886127E+001
6.2340708E+004 2.3215105E+001
6.2340708E+004 2.3215105E+001
6.2378154E+004 2.2732311E+001
6.2378154E+004 2.2732311E+001
6.2378154E+004 2.4066369E+001
6.2378154E+004 2.4066369E+001
6.2400985E+004 2.3727481E+001
6.2400985E+004 2.3727481E+001
6.2400985E+004 2.4264783E+001
6.2400985E+004 2.4264783E+001
6.2478355E+004 2.3153965E+001
6.2565553E+004 2.2094669E+001
6.2591411E+004 2.1811116E+001
6.2591411E+004 2.1811116E+001
6.2591411E+004 2.1811462E+001
6.2591411E+004 2.1811462E+001
6.2659732E+004 2.1121982E+001
6.2659732E+004 2.1121982E+001
6.2659732E+004 2.1634238E+001
6.2659732E+004 2.1634238E+001
6.2712870E+004 2.1106012E+001
6.2712870E+004 2.1106012E+001
6.2712870E+004 2.2707276E+001
6.2712870E+004 2.2707276E+001
6.2732232E+004 2.2472008E+001
6.2732232E+004 2.2472008E+001
6.2732232E+004 2.2815177E+001
6.2732232E+004 2.2815177E+001
6.2782055E+004 2.2217773E+001
6.2782055E+004 2.2217773E+001
6.2782055E+004 2.2441360E+001
6.2782055E+004 2.2441360E+001
6.2860226E+004 2.1579374E+001
6.2860226E+004 2.1579374E+001
6.2860226E+004 2.2524892E+001
6.2860226E+004 2.2524892E+001
6.2887359E+004 2.2206834E+001
6.2887359E+004 2.2206834E+001
6.2887359E+004 2.2478813E+001
6.2887359E+004 2.2478813E+001
6.2963372E+004 2.1634140E+001
6.2963372E+004 2.1634140E+001
6.2963372E+004 2.2682590E+001
6.2963372E+004 2.2682590E+001
6.2977995E+004 2.2504753E+001
6.2977995E+004 2.2504753E+001
6.2977995E+004 2.2866213E+001
6.2977995E+004 2.2866213E+001
6.2984818E+004 2.2780170E+001
6.2984818E+004 2.2780170E+001
6.2984818E+004 2.3191590E+001
6.2984818E+004 2.3191590E+001
6.3047014E+004 2.2412436E+001
6.3047014E+004 2.2412436E+001
6.3047014E+004 2.3024168E+001
6.3047014E+004 2.3024168E+001
6.3103676E+004 2.2327836E+001
6.3103676E+004 2.2327836E+001
6.3103676E+004 2.2740259E+001
6.3103676E+004 2.2740259E+001
6.3156077E+004 2.2120595E+001
6.3156077E+004 2.2120595E+001
6.3156077E+004 2.2609553E+001
6.3156077E+004 2.2609553E+001
6.3188676E+004 2.2224388E+001
6.3188676E+004 2.2224388E+001
6.3188676E+004 2.2976188E+001
6.3188676E+004 2.2976188E+001
6.3199578E+004 2.2836916E+001
6.3199578E+004 2.2836916E+001
6.3199578E+004 2.3997663E+001
6.3199578E+004 2.3997663E+001
6.3279156E+004 2.2899229E+001
6.3281206E+004 2.2873125E+001
6.3281206E+004 2.2873125E+001
6.3281206E+004 2.3217092E+001
6.3281206E+004 2.3217092E+001
6.3324917E+004 2.2656967E+001
6.3324917E+004 2.2656967E+001
6.3324917E+004 2.3017274E+001
6.3324917E+004 2.3017274E+001
6.3339344E+004 2.2832458E+001
6.3339344E+004 2.2832458E+001
6.3339344E+004 2.3167247E+001
6.3339344E+004 2.3167247E+001
6.3351039E+004 2.3013523E+001
6.3351039E+004 2.3013523E+001
6.3351039E+004 2.3968850E+001
6.3351039E+004 2.3968850E+001
6.3357652E+004 2.3870303E+001
6.3357652E+004 2.3870303E+001
6.3357652E+004 2.4295767E+001
6.3357652E+004 2.4295767E+001
6.3434772E+004 2.3183506E+001
6.3521685E+004 2.2122839E+001
6.3527420E+004 2.2058476E+001
6.3527420E+004 2.2058476E+001
6.3527420E+004 2.2773000E+001
6.3527420E+004 2.2773000E+001
6.3538963E+004 2.2630198E+001
6.3538963E+004 2.2630198E+001
6.3538963E+004 2.2870877E+001
6.3538963E+004 2.2870877E+001
6.3555811E+004 2.2660375E+001
6.3555811E+004 2.2660375E+001
6.3555811E+004 2.3690762E+001
6.3555811E+004 2.3690762E+001
6.3585540E+004 2.3276140E+001
6.3585540E+004 2.3276140E+001
6.3585540E+004 2.3838520E+001
6.3585540E+004 2.3838520E+001
6.3666478E+004 2.2747477E+001
6.3718196E+004 2.2134829E+001
6.3718196E+004 2.2134829E+001
6.3718196E+004 2.2465448E+001
6.3718196E+004 2.2465448E+001
6.3728072E+004 2.2348837E+001
6.3728072E+004 2.2348837E+001
6.3728072E+004 2.2716279E+001
6.3728072E+004 2.2716279E+001
6.3752043E+004 2.2425903E+001
6.3752043E+004 2.2425903E+001
6.3752043E+004 2.2912909E+001
6.3752043E+004 2.2912909E+001
6.3809594E+004 2.2217922E+001
6.3809594E+004 2.2217922E+001
6.3809594E+004 2.2461689E+001
6.3809594E+004 2.2461689E+001
6.3816273E+004 2.2382631E+001
6.3816273E+004 2.2382631E+001
6.3816273E+004 2.2583152E+001
6.3816273E+004 2.2583152E+001
6.3839000E+004 2.2313153E+001
6.3839000E+004 2.2313153E+001
6.3839000E+004 2.3054868E+001
6.3839000E+004 2.3054868E+001
6.3927162E+004 2.2000167E+001
6.3952113E+004 2.1730455E+001
6.3952113E+004 2.1730455E+001
6.3952113E+004 2.2051344E+001
6.3952113E+004 2.2051344E+001
6.4012194E+004 2.1417055E+001
6.4012194E+004 2.1417055E+001
6.4012194E+004 2.2379581E+001
6.4012194E+004 2.2379581E+001
6.4027262E+004 2.2204940E+001
6.4027262E+004 2.2204940E+001
6.4027262E+004 2.2329655E+001
6.4027262E+004 2.2329655E+001
6.4030786E+004 2.2288685E+001
6.4030786E+004 2.2288685E+001
6.4030786E+004 2.3590337E+001
6.4030786E+004 2.3590337E+001
6.4113915E+004 2.2510809E+001
6.4115015E+004 2.2497626E+001
6.4115015E+004 2.2497626E+001
6.4115015E+004 2.2634836E+001
6.4115015E+004 2.2634836E+001
6.4128127E+004 2.2476324E+001
6.4128127E+004 2.2476324E+001
6.4128127E+004 2.3271999E+001
6.4128127E+004 2.3271999E+001
6.4214195E+004 2.2207232E+001
6.4285115E+004 2.1447648E+001
6.4285115E+004 2.1447648E+001
6.4285115E+004 2.2238228E+001
6.4285115E+004 2.2238228E+001
6.4287459E+004 2.2211348E+001
6.4287459E+004 2.2211348E+001
6.4287459E+004 2.4212120E+001
6.4287459E+004 2.4212120E+001
6.4361805E+004 2.3148833E+001
6.4361805E+004 2.3148833E+001
6.4361805E+004 2.3285789E+001
6.4361805E+004 2.3285789E+001
6.4370502E+004 2.3169030E+001
6.4370502E+004 2.3169030E+001
6.4370502E+004 2.4080840E+001
6.4370502E+004 2.4080840E+001
6.4443176E+004 2.3058305E+001
6.4443176E+004 2.3058305E+001
6.4443176E+004 2.3320119E+001
6.4443176E+004 2.3320119E+001
6.4528790E+004 2.2253113E+001
6.4625366E+004 2.1235559E+001
6.4703950E+004 2.0518693E+001
6.4703950E+004 2.0518693E+001
6.4703950E+004 2.2156916E+001
6.4703950E+004 2.2156916E+001
6.4710925E+004 2.2078307E+001
6.4710925E+004 2.2078307E+001
6.4710925E+004 2.2378052E+001
6.4710925E+004 2.2378052E+001
6.4786978E+004 2.1545805E+001
6.4786978E+004 2.1545805E+001
6.4786978E+004 2.1867314E+001
6.4786978E+004 2.1867314E+001
6.4788689E+004 2.1848835E+001
6.4788689E+004 2.1848835E+001
6.4788689E+004 2.2056165E+001
6.4788689E+004 2.2056165E+001
6.4807834E+004 2.1846237E+001
6.4807834E+004 2.1846237E+001
6.4807834E+004 2.1992437E+001
6.4807834E+004 2.1992437E+001
6.4887370E+004 2.1174814E+001
6.4887370E+004 2.1174814E+001
6.4887370E+004 2.1455478E+001
6.4887370E+004 2.1455478E+001
6.4927359E+004 2.1064978E+001
6.4927359E+004 2.1064978E+001
6.4927359E+004 2.1606256E+001
6.4927359E+004 2.1606256E+001
6.5018741E+004 2.0731061E+001
6.5018741E+004 2.0731061E+001
6.5018741E+004 2.1447701E+001
6.5018741E+004 2.1447701E+001
6.5036032E+004 2.1275779E+001
6.5036032E+004 2.1275779E+001
6.5036032E+004 2.1401432E+001
6.5036032E+004 2.1401432E+001
6.5142900E+004 2.0423307E+001
6.5164284E+004 2.0245427E+001
6.5164284E+004 2.0245427E+001
6.5164284E+004 2.2104958E+001
6.5164284E+004 2.2104958E+001
6.5262543E+004 2.1094264E+001
6.5324572E+004 2.0533857E+001
6.5324572E+004 2.0533857E+001
6.5324572E+004 2.0882058E+001
6.5324572E+004 2.0882058E+001
6.5371250E+004 2.0469991E+001
6.5371250E+004 2.0469991E+001
6.5371250E+004 2.0892651E+001
6.5371250E+004 2.0892651E+001
6.5420844E+004 2.0455074E+001
6.5420844E+004 2.0455074E+001
6.5420844E+004 2.0579625E+001
6.5420844E+004 2.0579625E+001
6.5456355E+004 2.0279316E+001
6.5456355E+004 2.0279316E+001
6.5456355E+004 2.2341338E+001
6.5456355E+004 2.2341338E+001
6.5551949E+004 2.1319699E+001
6.5608751E+004 2.0784840E+001
6.5608751E+004 2.0784840E+001
6.5608751E+004 2.1207292E+001
6.5608751E+004 2.1207292E+001
6.5626243E+004 2.1040264E+001
6.5626243E+004 2.1040264E+001
6.5626243E+004 2.1265942E+001
6.5626243E+004 2.1265942E+001
6.5651373E+004 2.1025131E+001
6.5651373E+004 2.1025131E+001
6.5651373E+004 2.1555508E+001
6.5651373E+004 2.1555508E+001
6.5729803E+004 2.0802128E+001
6.5729803E+004 2.0802128E+001
6.5729803E+004 2.2448956E+001
6.5729803E+004 2.2448956E+001
6.5742646E+004 2.2298139E+001
6.5742646E+004 2.2298139E+001
6.5742646E+004 2.2565123E+001
6.5742646E+004 2.2565123E+001
6.5804588E+004 2.1858400E+001
6.5804588E+004 2.1858400E+001
6.5804588E+004 2.1920920E+001
6.5804588E+004 2.1920920E+001
6.5814494E+004 2.1813752E+001
6.5814494E+004 2.1813752E+001
6.5814494E+004 2.2195459E+001
6.5814494E+004 2.2195459E+001
6.5911720E+004 2.1180567E+001
6.5964262E+004 2.0695313E+001
6.5964262E+004 2.0695313E+001
6.5964262E+004 2.1044432E+001
6.5964262E+004 2.1044432E+001
6.6075925E+004 2.0082832E+001
6.6102060E+004 1.9878871E+001
6.6102060E+004 1.9878871E+001
6.6102060E+004 2.1710595E+001
6.6102060E+004 2.1710595E+001
6.6118675E+004 2.1537957E+001
6.6118675E+004 2.1537957E+001
6.6118675E+004 2.1854910E+001
6.6118675E+004 2.1854910E+001
6.6170346E+004 2.1322099E+001
6.6170346E+004 2.1322099E+001
6.6170346E+004 2.1761953E+001
6.6170346E+004 2.1761953E+001
6.6189336E+004 2.1563382E+001
6.6189336E+004 2.1563382E+001
6.6189336E+004 2.1790990E+001
6.6189336E+004 2.1790990E+001
6.6195354E+004 2.1727032E+001
6.6195354E+004 2.1727032E+001
6.6195354E+004 2.1814098E+001
6.6195354E+004 2.1814098E+001
6.6297046E+004 2.0816880E+001
6.6299563E+004 2.0794124E+001
6.6299563E+004 2.0794124E+001
6.6299563E+004 2.1203703E+001
6.6299563E+004 2.1203703E+001
6.6403781E+004 2.0277404E+001
6.6403781E+004 2.0277404E+001
6.6403781E+004 2.0737909E+001
6.6403781E+004 2.0737909E+001
6.6486368E+004 2.0046006E+001
6.6486368E+004 2.0046006E+001
6.6486368E+004 2.0419585E+001
6.6486368E+004 2.0419585E+001
6.6607209E+004 1.9486876E+001
6.6638093E+004 1.9271293E+001
6.6638093E+004 1.9271293E+001
6.6638093E+004 1.9456811E+001
6.6638093E+004 1.9456811E+001
6.6647065E+004 1.9393610E+001
6.6647065E+004 1.9393610E+001
6.6647065E+004 1.9654412E+001
6.6647065E+004 1.9654412E+001
6.6780710E+004 1.8757072E+001
6.6827125E+004 1.8477434E+001
6.6827125E+004 1.8477434E+001
6.6827125E+004 1.9036148E+001
6.6827125E+004 1.9036148E+001
6.6871860E+004 1.8751645E+001
6.6871860E+004 1.8751645E+001
6.6871860E+004 2.0539178E+001
6.6871860E+004 2.0539178E+001
6.6887100E+004 2.0409190E+001
6.6887100E+004 2.0409190E+001
6.6887100E+004 2.0891309E+001
6.6887100E+004 2.0891309E+001
6.6905764E+004 2.0722559E+001
6.6905764E+004 2.0722559E+001
6.6905764E+004 2.3937166E+001
6.6905764E+004 2.3937166E+001
6.6929926E+004 2.3585697E+001
6.6929926E+004 2.3585697E+001
6.6929926E+004 2.4122910E+001
6.6929926E+004 2.4122910E+001
6.6998015E+004 2.3154355E+001
6.6998015E+004 2.3154355E+001
6.6998015E+004 2.3677839E+001
6.6998015E+004 2.3677839E+001
6.7013512E+004 2.3458766E+001
6.7013512E+004 2.3458766E+001
6.7013512E+004 2.3918886E+001
6.7013512E+004 2.3918886E+001
6.7051061E+004 2.3382142E+001
6.7051061E+004 2.3382142E+001
6.7051061E+004 2.3822513E+001
6.7051061E+004 2.3822513E+001
6.7096248E+004 2.3190799E+001
6.7096248E+004 2.3190799E+001
6.7096248E+004 2.3491690E+001
6.7096248E+004 2.3491690E+001
6.7144631E+004 2.2849198E+001
6.7144631E+004 2.2849198E+001
6.7144631E+004 2.3458022E+001
6.7144631E+004 2.3458022E+001
6.7164548E+004 2.3186822E+001
6.7164548E+004 2.3186822E+001
6.7164548E+004 2.3788760E+001
6.7164548E+004 2.3788760E+001
6.7245919E+004 2.2700015E+001
6.7337666E+004 2.1661751E+001
6.7363655E+004 2.1396055E+001
6.7363655E+004 2.1396055E+001
6.7363655E+004 2.1924947E+001
6.7363655E+004 2.1924947E+001
6.7368908E+004 2.1867843E+001
6.7368908E+004 2.1867843E+001
6.7368908E+004 2.2230315E+001
6.7368908E+004 2.2230315E+001
6.7446072E+004 2.1405641E+001
6.7446072E+004 2.1405641E+001
6.7446072E+004 2.1720855E+001
6.7446072E+004 2.1720855E+001
6.7548900E+004 2.0727953E+001
6.7643150E+004 1.9946711E+001
6.7643150E+004 1.9946711E+001
6.7643150E+004 2.0394234E+001
6.7643150E+004 2.0394234E+001
6.7661094E+004 2.0245339E+001
6.7661094E+004 2.0245339E+001
6.7661094E+004 2.2439521E+001
6.7661094E+004 2.2439521E+001
6.7699467E+004 2.2000361E+001
6.7699467E+004 2.2000361E+001
6.7699467E+004 2.2566461E+001
6.7699467E+004 2.2566461E+001
6.7730484E+004 2.2201863E+001
6.7730484E+004 2.2201863E+001
6.7730484E+004 2.3689330E+001
6.7730484E+004 2.3689330E+001
6.7812729E+004 2.2605206E+001
6.7879616E+004 2.1841008E+001
6.7879616E+004 2.1841008E+001
6.7879616E+004 2.3073459E+001
6.7879616E+004 2.3073459E+001
6.7967596E+004 2.2017894E+001
6.7969515E+004 2.1996650E+001
6.7969515E+004 2.1996650E+001
6.7969515E+004 2.2209629E+001
6.7969515E+004 2.2209629E+001
6.7979036E+004 2.2101662E+001
6.7979036E+004 2.2101662E+001
6.7979036E+004 2.2758772E+001
6.7979036E+004 2.2758772E+001
6.8065356E+004 2.1768249E+001
6.8065356E+004 2.1768249E+001
6.8065356E+004 2.1966767E+001
6.8065356E+004 2.1966767E+001
6.8156943E+004 2.1038991E+001
6.8156943E+004 2.1038991E+001
6.8156943E+004 2.1704697E+001
6.8156943E+004 2.1704697E+001
6.8210670E+004 2.1164802E+001
6.8210670E+004 2.1164802E+001
6.8210670E+004 2.3904472E+001
6.8210670E+004 2.3904472E+001
6.8291041E+004 2.2810365E+001
6.8310524E+004 2.2569830E+001
6.8310524E+004 2.2569830E+001
6.8310524E+004 2.4422505E+001
6.8310524E+004 2.4422505E+001
6.8378794E+004 2.3410512E+001
6.8378794E+004 2.3410512E+001
6.8378794E+004 2.3682816E+001
6.8378794E+004 2.3682816E+001
6.8444095E+004 2.2807201E+001
6.8444095E+004 2.2807201E+001
6.8444095E+004 2.2977083E+001
6.8444095E+004 2.2977083E+001
6.8453332E+004 2.2858873E+001
6.8453332E+004 2.2858873E+001
6.8453332E+004 2.2996312E+001
6.8453332E+004 2.2996312E+001
6.8506400E+004 2.2344510E+001
6.8506400E+004 2.2344510E+001
6.8506400E+004 2.2547259E+001
6.8506400E+004 2.2547259E+001
6.8599758E+004 2.1516080E+001
6.8638881E+004 2.1129941E+001
6.8638881E+004 2.1129941E+001
6.8638881E+004 2.1803785E+001
6.8638881E+004 2.1803785E+001
6.8664119E+004 2.1539556E+001
6.8664119E+004 2.1539556E+001
6.8664119E+004 2.2733374E+001
6.8664119E+004 2.2733374E+001
6.8736525E+004 2.1894467E+001
6.8736525E+004 2.1894467E+001
6.8736525E+004 2.2323935E+001
6.8736525E+004 2.2323935E+001
6.8832312E+004 2.1303106E+001
6.8873049E+004 2.0915403E+001
6.8873049E+004 2.0915403E+001
6.8873049E+004 2.1415124E+001
6.8873049E+004 2.1415124E+001
6.8909764E+004 2.1057986E+001
6.8909764E+004 2.1057986E+001
6.8909764E+004 2.1544767E+001
6.8909764E+004 2.1544767E+001
6.8930121E+004 2.1339617E+001
6.8930121E+004 2.1339617E+001
6.8930121E+004 2.1479775E+001
6.8930121E+004 2.1479775E+001
6.8934242E+004 2.1438112E+001
6.8934242E+004 2.1438112E+001
6.8934242E+004 2.2179825E+001
6.8934242E+004 2.2179825E+001
6.9031645E+004 2.1165660E+001
6.9129589E+004 2.0296034E+001
6.9129589E+004 2.0296034E+001
6.9129589E+004 2.0948916E+001
6.9129589E+004 2.0948916E+001
6.9242588E+004 1.9991735E+001
6.9245929E+004 1.9965656E+001
6.9245929E+004 1.9965656E+001
6.9245929E+004 2.0408888E+001
6.9245929E+004 2.0408888E+001
6.9249608E+004 2.0377948E+001
6.9249608E+004 2.0377948E+001
6.9249608E+004 2.0834877E+001
6.9249608E+004 2.0834877E+001
6.9254097E+004 2.0794228E+001
6.9254097E+004 2.0794228E+001
6.9254097E+004 2.1712703E+001
6.9254097E+004 2.1712703E+001
6.9278740E+004 2.1458371E+001
6.9278740E+004 2.1458371E+001
6.9278740E+004 2.1719243E+001
6.9278740E+004 2.1719243E+001
6.9381588E+004 2.0726416E+001
6.9383720E+004 2.0707434E+001
6.9383720E+004 2.0707434E+001
6.9383720E+004 2.1019827E+001
6.9383720E+004 2.1019827E+001
6.9479575E+004 2.0187254E+001
6.9479575E+004 2.0187254E+001
6.9479575E+004 2.1742442E+001
6.9479575E+004 2.1742442E+001
6.9582138E+004 2.0748536E+001
6.9698016E+004 1.9800626E+001
6.9759423E+004 1.9356203E+001
6.9759423E+004 1.9356203E+001
6.9759423E+004 1.9605085E+001
6.9759423E+004 1.9605085E+001
6.9891978E+004 1.8722044E+001
6.9891978E+004 1.8722044E+001
6.9891978E+004 1.9084549E+001
6.9891978E+004 1.9084549E+001
6.9955278E+004 1.8683055E+001
6.9955278E+004 1.8683055E+001
6.9955278E+004 1.9422683E+001
6.9955278E+004 1.9422683E+001
6.9998733E+004 1.9125423E+001
6.9998733E+004 1.9125423E+001
6.9998733E+004 1.9450425E+001
6.9998733E+004 1.9450425E+001
7.0021041E+004 1.9294864E+001
7.0021041E+004 1.9294864E+001
7.0021041E+004 2.0345454E+001
7.0021041E+004 2.0345454E+001
7.0143043E+004 1.9416177E+001
7.0199866E+004 1.9031363E+001
7.0199866E+004 1.9031363E+001
7.0199866E+004 1.9332097E+001
7.0199866E+004 1.9332097E+001
7.0206789E+004 1.9284387E+001
7.0206789E+004 1.9284387E+001
7.0206789E+004 2.0039821E+001
7.0206789E+004 2.0039821E+001
7.0233925E+004 1.9829822E+001
7.0233925E+004 1.9829822E+001
7.0233925E+004 2.0192714E+001
7.0233925E+004 2.0192714E+001
7.0330731E+004 1.9460928E+001
7.0330731E+004 1.9460928E+001
7.0330731E+004 2.0909249E+001
7.0330731E+004 2.0909249E+001
7.0373652E+004 2.0527465E+001
7.0373652E+004 2.0527465E+001
7.0373652E+004 2.0910319E+001
7.0373652E+004 2.0910319E+001
7.0392114E+004 2.0742822E+001
7.0392114E+004 2.0742822E+001
7.0392114E+004 2.2126656E+001
7.0392114E+004 2.2126656E+001
7.0446383E+004 2.1543866E+001
7.0446383E+004 2.1543866E+001
7.0446383E+004 2.1611397E+001
7.0446383E+004 2.1611397E+001
7.0531050E+004 2.0795210E+001
7.0531050E+004 2.0795210E+001
7.0531050E+004 2.1331697E+001
7.0531050E+004 2.1331697E+001
7.0638830E+004 2.0356806E+001
7.0705695E+004 1.9825393E+001
7.0705695E+004 1.9825393E+001
7.0705695E+004 2.0208829E+001
7.0705695E+004 2.0208829E+001
7.0802936E+004 1.9471947E+001
7.0802936E+004 1.9471947E+001
7.0802936E+004 2.0029297E+001
7.0802936E+004 2.0029297E+001
7.0813959E+004 1.9943164E+001
7.0813959E+004 1.9943164E+001
7.0813959E+004 2.1097146E+001
7.0813959E+004 2.1097146E+001
7.0828611E+004 2.0959485E+001
7.0828611E+004 2.0959485E+001
7.0828611E+004 2.1637318E+001
7.0828611E+004 2.1637318E+001
7.0932474E+004 2.0648281E+001
7.0983828E+004 2.0214167E+001
7.0983828E+004 2.0214167E+001
7.0983828E+004 2.0578102E+001
7.0983828E+004 2.0578102E+001
7.1000696E+004 2.0433434E+001
7.1000696E+004 2.0433434E+001
7.1000696E+004 2.0819706E+001
7.1000696E+004 2.0819706E+001
7.1022423E+004 2.0626137E+001
7.1022423E+004 2.0626137E+001
7.1022423E+004 2.1020496E+001
7.1022423E+004 2.1020496E+001
7.1044501E+004 2.0816994E+001
7.1044501E+004 2.0816994E+001
7.1044501E+004 2.1263394E+001
7.1044501E+004 2.1263394E+001
7.1065321E+004 2.1063258E+001
7.1065321E+004 2.1063258E+001
7.1065321E+004 2.1277794E+001
7.1065321E+004 2.1277794E+001
7.1120524E+004 2.0760859E+001
7.1120524E+004 2.0760859E+001
7.1120524E+004 2.1026109E+001
7.1120524E+004 2.1026109E+001
7.1190158E+004 2.0407844E+001
7.1190158E+004 2.0407844E+001
7.1190158E+004 2.1679289E+001
7.1190158E+004 2.1679289E+001
7.1192178E+004 2.1658143E+001
7.1192178E+004 2.1658143E+001
7.1192178E+004 2.3611910E+001
7.1192178E+004 2.3611910E+001
7.1219771E+004 2.3230642E+001
7.1219771E+004 2.3230642E+001
7.1219771E+004 2.3882033E+001
7.1219771E+004 2.3882033E+001
7.1258828E+004 2.3327604E+001
7.1258828E+004 2.3327604E+001
7.1258828E+004 2.3734740E+001
7.1258828E+004 2.3734740E+001
7.1290752E+004 2.3287683E+001
7.1290752E+004 2.3287683E+001
7.1290752E+004 2.3287945E+001
7.1290752E+004 2.3287945E+001
7.1375414E+004 2.2236661E+001
7.1375414E+004 2.2236661E+001
7.1375414E+004 2.3337197E+001
7.1375414E+004 2.3337197E+001
7.1457722E+004 2.2305392E+001
7.1457722E+004 2.2305392E+001
7.1457722E+004 2.2800685E+001
7.1457722E+004 2.2800685E+001
7.1548431E+004 2.1757756E+001
7.1585610E+004 2.1375449E+001
7.1585610E+004 2.1375449E+001
7.1585610E+004 2.1641719E+001
7.1585610E+004 2.1641719E+001
7.1611199E+004 2.1380882E+001
7.1611199E+004 2.1380882E+001
7.1611199E+004 2.1516421E+001
7.1611199E+004 2.1516421E+001
7.1716587E+004 2.0532984E+001
7.1783277E+004 1.9986639E+001
7.1783277E+004 1.9986639E+001
7.1783277E+004 2.3368457E+001
7.1783277E+004 2.3368457E+001
7.1863634E+004 2.2354556E+001
7.1863634E+004 2.2354556E+001
7.1863634E+004 2.3113337E+001
7.1863634E+004 2.3113337E+001
7.1906911E+004 2.2567057E+001
7.1906911E+004 2.2567057E+001
7.1906911E+004 2.3051849E+001
7.1906911E+004 2.3051849E+001
7.1908198E+004 2.3035050E+001
7.1908198E+004 2.3035050E+001
7.1908198E+004 2.3509867E+001
7.1908198E+004 2.3509867E+001
7.1954141E+004 2.2896572E+001
7.1954141E+004 2.2896572E+001
7.1954141E+004 2.3253266E+001
7.1954141E+004 2.3253266E+001
7.2015357E+004 2.2478630E+001
7.2015357E+004 2.2478630E+001
7.2015357E+004 2.2674270E+001
7.2015357E+004 2.2674270E+001
7.2058511E+004 2.2164511E+001
7.2058511E+004 2.2164511E+001
7.2058511E+004 2.2772117E+001
7.2058511E+004 2.2772117E+001
7.2068377E+004 2.2649874E+001
7.2068377E+004 2.2649874E+001
7.2068377E+004 2.2835892E+001
7.2068377E+004 2.2835892E+001
7.2158727E+004 2.1791339E+001
7.2208925E+004 2.1278279E+001
7.2208925E+004 2.1278279E+001
7.2208925E+004 2.2005179E+001
7.2208925E+004 2.2005179E+001
7.2245464E+004 2.1614009E+001
7.2245464E+004 2.1614009E+001
7.2245464E+004 2.1933014E+001
7.2245464E+004 2.1933014E+001
7.2275925E+004 2.1608886E+001
7.2275925E+004 2.1608886E+001
7.2275925E+004 2.2812958E+001
7.2275925E+004 2.2812958E+001
7.2366508E+004 2.1769458E+001
7.2396193E+004 2.1461616E+001
7.2396193E+004 2.1461616E+001
7.2396193E+004 2.1906373E+001
7.2396193E+004 2.1906373E+001
7.2496777E+004 2.0904879E+001
7.2610399E+004 1.9949726E+001
7.2706993E+004 1.9249417E+001
7.2706993E+004 1.9249417E+001
7.2706993E+004 1.9800784E+001
7.2706993E+004 1.9800784E+001
7.2747230E+004 1.9505252E+001
7.2747230E+004 1.9505252E+001
7.2747230E+004 1.9589172E+001
7.2747230E+004 1.9589172E+001
7.2801159E+004 1.9211524E+001
7.2801159E+004 1.9211524E+001
7.2801159E+004 2.0966809E+001
7.2801159E+004 2.0966809E+001
7.2809819E+004 2.0886844E+001
7.2809819E+004 2.0886844E+001
7.2809819E+004 2.2182471E+001
7.2809819E+004 2.2182471E+001
7.2841429E+004 2.1832831E+001
7.2841429E+004 2.1832831E+001
7.2841429E+004 2.2321031E+001
7.2841429E+004 2.2321031E+001
7.2855336E+004 2.2161164E+001
7.2855336E+004 2.2161164E+001
7.2855336E+004 2.2289852E+001
7.2855336E+004 2.2289852E+001
7.2951501E+004 2.1270590E+001
7.3060091E+004 2.0298520E+001
7.3180899E+004 1.9384751E+001
7.3180899E+004 1.9384751E+001
7.3180899E+004 1.9929602E+001
7.3180899E+004 1.9929602E+001
7.3193417E+004 1.9833638E+001
7.3193417E+004 1.9833638E+001
7.3193417E+004 2.0427984E+001
7.3193417E+004 2.0427984E+001
7.3198947E+004 2.0381387E+001
7.3198947E+004 2.0381387E+001
7.3198947E+004 2.1134739E+001
7.3198947E+004 2.1134739E+001
7.3209989E+004 2.1030020E+001
7.3209989E+004 2.1030020E+001
7.3209989E+004 2.1465329E+001
7.3209989E+004 2.1465329E+001
7.3212509E+004 2.1439882E+001
7.3212509E+004 2.1439882E+001
7.3212509E+004 2.2188592E+001
7.3212509E+004 2.2188592E+001
7.3309813E+004 2.1174020E+001
7.3377185E+004 2.0559964E+001
7.3377185E+004 2.0559964E+001
7.3377185E+004 2.1287994E+001
7.3377185E+004 2.1287994E+001
7.3485543E+004 2.0315116E+001
7.3541985E+004 1.9866313E+001
7.3541985E+004 1.9866313E+001
7.3541985E+004 2.0517946E+001
7.3541985E+004 2.0517946E+001
7.3611731E+004 1.9949340E+001
7.3611731E+004 1.9949340E+001
7.3611731E+004 2.0234604E+001
7.3611731E+004 2.0234604E+001
7.3735499E+004 1.9310447E+001
7.3875547E+004 1.8428991E+001
7.3895210E+004 1.8316069E+001
7.3895210E+004 1.8316069E+001
7.3895210E+004 1.8687658E+001
7.3895210E+004 1.8687658E+001
7.3988447E+004 1.8148709E+001
7.3988447E+004 1.8148709E+001
7.3988447E+004 1.9659698E+001
7.3988447E+004 1.9659698E+001
7.4046455E+004 1.9249407E+001
7.4046455E+004 1.9249407E+001
7.4046455E+004 2.1194939E+001
7.4046455E+004 2.1194939E+001
7.4076065E+004 2.0915593E+001
7.4076065E+004 2.0915593E+001
7.4076065E+004 2.2039507E+001
7.4076065E+004 2.2039507E+001
7.4144150E+004 2.1327192E+001
7.4144150E+004 2.1327192E+001
7.4144150E+004 2.3944921E+001
7.4144150E+004 2.3944921E+001
7.4183279E+004 2.3384464E+001
7.4183279E+004 2.3384464E+001
7.4183279E+004 2.3557778E+001
7.4183279E+004 2.3557778E+001
7.4218032E+004 2.3085020E+001
7.4218032E+004 2.3085020E+001
7.4218032E+004 2.3541428E+001
7.4218032E+004 2.3541428E+001
7.4301602E+004 2.2464159E+001
7.4357359E+004 2.1834061E+001
7.4357359E+004 2.1834061E+001
7.4357359E+004 2.3389796E+001
7.4357359E+004 2.3389796E+001
7.4384645E+004 2.3024868E+001
7.4384645E+004 2.3024868E+001
7.4384645E+004 2.3204122E+001
7.4384645E+004 2.3204122E+001
7.4389770E+004 2.3135917E+001
7.4389770E+004 2.3135917E+001
7.4389770E+004 2.3290590E+001
7.4389770E+004 2.3290590E+001
7.4412090E+004 2.2994956E+001
7.4412090E+004 2.2994956E+001
7.4412090E+004 2.3606622E+001
7.4412090E+004 2.3606622E+001
7.4467368E+004 2.2865619E+001
7.4467368E+004 2.2865619E+001
7.4467368E+004 2.3259581E+001
7.4467368E+004 2.3259581E+001
7.4502147E+004 2.2806936E+001
7.4502147E+004 2.2806936E+001
7.4502147E+004 2.3876683E+001
7.4502147E+004 2.3876683E+001
7.4581643E+004 2.2797669E+001
7.4581643E+004 2.2797669E+001
7.4581643E+004 2.4011020E+001
7.4581643E+004 2.4011020E+001
7.4628862E+004 2.3334335E+001
7.4628862E+004 2.3334335E+001
7.4628862E+004 2.5856151E+001
7.4628862E+004 2.5856151E+001
7.4694783E+004 2.4671432E+001
7.4768963E+004 2.3541729E+001
7.4852530E+004 2.2464446E+001
7.4858891E+004 2.2389099E+001
7.4858891E+004 2.2389099E+001
7.4858891E+004 2.2734345E+001
7.4858891E+004 2.2734345E+001
7.4950283E+004 2.1694501E+001
7.5016880E+004 2.1033789E+001
7.5016880E+004 2.1033789E+001
7.5016880E+004 2.1408626E+001
7.5016880E+004 2.1408626E+001
7.5073557E+004 2.0867075E+001
7.5073557E+004 2.0867075E+001
7.5073557E+004 2.1195654E+001
7.5073557E+004 2.1195654E+001
7.5078178E+004 2.1151148E+001
7.5078178E+004 2.1151148E+001
7.5078178E+004 2.1259758E+001
7.5078178E+004 2.1259758E+001
7.5186912E+004 2.0288192E+001
7.5200729E+004 2.0175318E+001
7.5200729E+004 2.0175318E+001
7.5200729E+004 2.0953227E+001
7.5200729E+004 2.0953227E+001
7.5313667E+004 1.9995845E+001
7.5375944E+004 1.9529525E+001
7.5375944E+004 1.9529525E+001
7.5375944E+004 2.0097381E+001
7.5375944E+004 2.0097381E+001
7.5431830E+004 1.9669408E+001
7.5431830E+004 1.9669408E+001
7.5431830E+004 1.9949387E+001
7.5431830E+004 1.9949387E+001
7.5560316E+004 1.9038414E+001
7.5615104E+004 1.8692034E+001
7.5615104E+004 1.8692034E+001
7.5615104E+004 2.0212966E+001
7.5615104E+004 2.0212966E+001
7.5638401E+004 2.0026504E+001
7.5638401E+004 2.0026504E+001
7.5638401E+004 2.0213269E+001
7.5638401E+004 2.0213269E+001
7.5641637E+004 2.0186977E+001
7.5641637E+004 2.0186977E+001
7.5641637E+004 2.0734777E+001
7.5641637E+004 2.0734777E+001
7.5731815E+004 1.9984088E+001
7.5731815E+004 1.9984088E+001
7.5731815E+004 2.0463975E+001
7.5731815E+004 2.0463975E+001
7.5784083E+004 2.0036188E+001
7.5784083E+004 2.0036188E+001
7.5784083E+004 2.1790831E+001
7.5784083E+004 2.1790831E+001
7.5822739E+004 2.1391725E+001
7.5822739E+004 2.1391725E+001
7.5822739E+004 2.2042962E+001
7.5822739E+004 2.2042962E+001
7.5898581E+004 2.1254585E+001
7.5898581E+004 2.1254585E+001
7.5898581E+004 2.1993028E+001
7.5898581E+004 2.1993028E+001
7.5922899E+004 2.1730306E+001
7.5922899E+004 2.1730306E+001
7.5922899E+004 2.2451838E+001
7.5922899E+004 2.2451838E+001
7.5925123E+004 2.2425441E+001
7.5925123E+004 2.2425441E+001
7.5925123E+004 2.2666614E+001
7.5925123E+004 2.2666614E+001
7.5935180E+004 2.2544071E+001
7.5935180E+004 2.2544071E+001
7.5935180E+004 2.4831849E+001
7.5935180E+004 2.4831849E+001
7.6008154E+004 2.3694709E+001
7.6053905E+004 2.3067192E+001
7.6053905E+004 2.3067192E+001
7.6053905E+004 2.3800153E+001
7.6053905E+004 2.3800153E+001
7.6071283E+004 2.3550531E+001
7.6071283E+004 2.3550531E+001
7.6071283E+004 2.4076318E+001
7.6071283E+004 2.4076318E+001
7.6098633E+004 2.3671810E+001
7.6098633E+004 2.3671810E+001
7.6098633E+004 2.4216573E+001
7.6098633E+004 2.4216573E+001
7.6142822E+004 2.3562370E+001
7.6142822E+004 2.3562370E+001
7.6142822E+004 2.3814052E+001
7.6142822E+004 2.3814052E+001
7.6172408E+004 2.3393857E+001
7.6172408E+004 2.3393857E+001
7.6172408E+004 2.4512576E+001
7.6172408E+004 2.4512576E+001
7.6177475E+004 2.4430706E+001
7.6177475E+004 2.4430706E+001
7.6177475E+004 2.4781853E+001
7.6177475E+004 2.4781853E+001
7.6181626E+004 2.4712086E+001
7.6181626E+004 2.4712086E+001
7.6181626E+004 2.4981513E+001
7.6181626E+004 2.4981513E+001
7.6253501E+004 2.3837419E+001
7.6334449E+004 2.2746426E+001
7.6425716E+004 2.1706021E+001
7.6448019E+004 2.1475612E+001
7.6448019E+004 2.1475612E+001
7.6448019E+004 2.1748757E+001
7.6448019E+004 2.1748757E+001
7.6512288E+004 2.1104312E+001
7.6512288E+004 2.1104312E+001
7.6512288E+004 2.1775747E+001
7.6512288E+004 2.1775747E+001
7.6530760E+004 2.1582070E+001
7.6530760E+004 2.1582070E+001
7.6530760E+004 2.1940763E+001
7.6530760E+004 2.1940763E+001
7.6557899E+004 2.1650756E+001
7.6557899E+004 2.1650756E+001
7.6557899E+004 2.2266015E+001
7.6557899E+004 2.2266015E+001
7.6574191E+004 2.2080788E+001
7.6574191E+004 2.2080788E+001
7.6574191E+004 2.2466508E+001
7.6574191E+004 2.2466508E+001
7.6668416E+004 2.1439067E+001
7.6710824E+004 2.1026904E+001
7.6710824E+004 2.1026904E+001
7.6710824E+004 2.1303109E+001
7.6710824E+004 2.1303109E+001
7.6818982E+004 2.0329535E+001
7.6829452E+004 2.0243165E+001
7.6829452E+004 2.0243165E+001
7.6829452E+004 2.0639098E+001
7.6829452E+004 2.0639098E+001
7.6852952E+004 2.0436438E+001
7.6852952E+004 2.0436438E+001
7.6852952E+004 2.0987105E+001
7.6852952E+004 2.0987105E+001
7.6860750E+004 2.0914801E+001
7.6860750E+004 2.0914801E+001
7.6860750E+004 2.1277808E+001
7.6860750E+004 2.1277808E+001
7.6869360E+004 2.1193989E+001
7.6869360E+004 2.1193989E+001
7.6869360E+004 2.2777160E+001
7.6869360E+004 2.2777160E+001
7.6919201E+004 2.2182982E+001
7.6919201E+004 2.2182982E+001
7.6919201E+004 2.2660022E+001
7.6919201E+004 2.2660022E+001
7.6944987E+004 2.2350927E+001
7.6944987E+004 2.2350927E+001
7.6944987E+004 2.4906800E+001
7.6944987E+004 2.4906800E+001
7.6949654E+004 2.4826995E+001
7.6949654E+004 2.4826995E+001
7.6949654E+004 2.7304200E+001
7.6949654E+004 2.7304200E+001
7.6971074E+004 2.6812437E+001
7.6971074E+004 2.6812437E+001
7.6971074E+004 2.7053600E+001
7.6971074E+004 2.7053600E+001
7.7029965E+004 2.5813206E+001
7.7096161E+004 2.4630478E+001
7.7122225E+004 2.4212760E+001
7.7122225E+004 2.4212760E+001
7.7122225E+004 2.4369291E+001
7.7122225E+004 2.4369291E+001
7.7123793E+004 2.4344373E+001
7.7123793E+004 2.4344373E+001
7.7123793E+004 2.5036574E+001
7.7123793E+004 2.5036574E+001
7.7148434E+004 2.4618015E+001
7.7148434E+004 2.4618015E+001
7.7148434E+004 2.5285507E+001
7.7148434E+004 2.5285507E+001
7.7162186E+004 2.5040448E+001
7.7162186E+004 2.5040448E+001
7.7162186E+004 2.5312250E+001
7.7162186E+004 2.5312250E+001
7.7176129E+004 2.5062933E+001
7.7176129E+004 2.5062933E+001
7.7176129E+004 2.5346470E+001
7.7176129E+004 2.5346470E+001
7.7210569E+004 2.4743653E+001
7.7210569E+004 2.4743653E+001
7.7210569E+004 2.5113531E+001
7.7210569E+004 2.5113531E+001
7.7281496E+004 2.3963304E+001
7.7361365E+004 2.2866469E+001
7.7424332E+004 2.2115374E+001
7.7424332E+004 2.2115374E+001
7.7424332E+004 2.2442228E+001
7.7424332E+004 2.2442228E+001
7.7428811E+004 2.2389259E+001
7.7428811E+004 2.2389259E+001
7.7428811E+004 2.2759727E+001
7.7428811E+004 2.2759727E+001
7.7479775E+004 2.2154432E+001
7.7479775E+004 2.2154432E+001
7.7479775E+004 2.2454824E+001
7.7479775E+004 2.2454824E+001
7.7574127E+004 2.1427927E+001
7.7584453E+004 2.1324983E+001
7.7584453E+004 2.1324983E+001
7.7584453E+004 2.1888618E+001
7.7584453E+004 2.1888618E+001
7.7605910E+004 2.1660089E+001
7.7605910E+004 2.1660089E+001
7.7605910E+004 2.1935497E+001
7.7605910E+004 2.1935497E+001
7.7626486E+004 2.1714513E+001
7.7626486E+004 2.1714513E+001
7.7626486E+004 2.2208928E+001
7.7626486E+004 2.2208928E+001
7.7723560E+004 2.1193420E+001
7.7765533E+004 2.0801560E+001
7.7765533E+004 2.0801560E+001
7.7765533E+004 2.0944849E+001
7.7765533E+004 2.0944849E+001
7.7790377E+004 2.0719282E+001
7.7790377E+004 2.0719282E+001
7.7790377E+004 2.1155621E+001
7.7790377E+004 2.1155621E+001
7.7817650E+004 2.0899524E+001
7.7817650E+004 2.0899524E+001
7.7817650E+004 2.1156268E+001
7.7817650E+004 2.1156268E+001
7.7909597E+004 2.0337167E+001
7.7909597E+004 2.0337167E+001
7.7909597E+004 2.1103096E+001
7.7909597E+004 2.1103096E+001
7.7909687E+004 2.1102241E+001
7.7909687E+004 2.1715792E+001
7.7909687E+004 2.1715792E+001
7.7910152E+004 2.1710883E+001
7.7910152E+004 2.2809777E+001
7.7910152E+004 2.2809777E+001
7.7934523E+004 2.2510383E+001
7.7934523E+004 2.2510383E+001
7.7934523E+004 2.3656883E+001
7.7934523E+004 2.3656883E+001
7.7949804E+004 2.3441485E+001
7.7949804E+004 2.3441485E+001
7.7949804E+004 2.3656085E+001
7.7949804E+004 2.3656085E+001
7.8006166E+004 2.2896007E+001
7.8006166E+004 2.2896007E+001
7.8006166E+004 2.3314066E+001
7.8006166E+004 2.3314066E+001
7.8087627E+004 2.2295396E+001
7.8087627E+004 2.2295396E+001
7.8087627E+004 2.3264067E+001
7.8087627E+004 2.3264067E+001
7.8106365E+004 2.3015942E+001
7.8106365E+004 2.3015942E+001
7.8106365E+004 2.3211733E+001
7.8106365E+004 2.3211733E+001
7.8110489E+004 2.3156731E+001
7.8110489E+004 2.3156731E+001
7.8110489E+004 2.3658311E+001
7.8110489E+004 2.3658311E+001
7.8193009E+004 2.2575620E+001
7.8201713E+004 2.2470933E+001
7.8201713E+004 2.2470933E+001
7.8201713E+004 2.2918691E+001
7.8201713E+004 2.2918691E+001
7.8291226E+004 2.1870290E+001
7.8381411E+004 2.0969155E+001
7.8381411E+004 2.0969155E+001
7.8381411E+004 2.1575118E+001
7.8381411E+004 2.1575118E+001
7.8399072E+004 2.1395819E+001
7.8399072E+004 2.1395819E+001
7.8399072E+004 2.1696502E+001
7.8399072E+004 2.1696502E+001
7.8461002E+004 2.1079406E+001
7.8461002E+004 2.1079406E+001
7.8461002E+004 2.1432886E+001
7.8461002E+004 2.1432886E+001
7.8465343E+004 2.1389348E+001
7.8465343E+004 2.1389348E+001
7.8465343E+004 2.1639551E+001
7.8465343E+004 2.1639551E+001
7.8509516E+004 2.1196647E+001
7.8509516E+004 2.1196647E+001
7.8509516E+004 2.1299630E+001
7.8509516E+004 2.1299630E+001
7.8524145E+004 2.1157414E+001
7.8524145E+004 2.1157414E+001
7.8524145E+004 2.1621841E+001
7.8524145E+004 2.1621841E+001
7.8559635E+004 2.1264338E+001
7.8559635E+004 2.1264338E+001
7.8559635E+004 2.1513725E+001
7.8559635E+004 2.1513725E+001
7.8625877E+004 2.0875100E+001
7.8625877E+004 2.0875100E+001
7.8625877E+004 2.1346998E+001
7.8625877E+004 2.1346998E+001
7.8733456E+004 2.0371396E+001
7.8749111E+004 2.0241802E+001
7.8749111E+004 2.0241802E+001
7.8749111E+004 2.0602415E+001
7.8749111E+004 2.0602415E+001
7.8758797E+004 2.0518522E+001
7.8758797E+004 2.0518522E+001
7.8758797E+004 2.3916365E+001
7.8758797E+004 2.3916365E+001
7.8826433E+004 2.2981241E+001
7.8826433E+004 2.2981241E+001
7.8826433E+004 2.3292921E+001
7.8826433E+004 2.3292921E+001
7.8827085E+004 2.3284077E+001
7.8827085E+004 2.3284077E+001
7.8827085E+004 2.3553061E+001
7.8827085E+004 2.3553061E+001
7.8910550E+004 2.2475250E+001
7.8927003E+004 2.2281913E+001
7.8927003E+004 2.2281913E+001
7.8927003E+004 2.2486070E+001
7.8927003E+004 2.2486070E+001
7.9021017E+004 2.1457719E+001
7.9055313E+004 2.1121060E+001
7.9055313E+004 2.1121060E+001
7.9055313E+004 2.1479517E+001
7.9055313E+004 2.1479517E+001
7.9063081E+004 2.1401232E+001
7.9063081E+004 2.1401232E+001
7.9063081E+004 2.1656210E+001
7.9063081E+004 2.1656210E+001
7.9065015E+004 2.1636039E+001
7.9065015E+004 2.1636039E+001
7.9065015E+004 2.2245901E+001
7.9065015E+004 2.2245901E+001
7.9106280E+004 2.1788970E+001
7.9106280E+004 2.1788970E+001
7.9106280E+004 2.2641040E+001
7.9106280E+004 2.2641040E+001
7.9121735E+004 2.2454449E+001
7.9121735E+004 2.2454449E+001
7.9121735E+004 2.2782103E+001
7.9121735E+004 2.2782103E+001
7.9149902E+004 2.2438836E+001
7.9149902E+004 2.2438836E+001
7.9149902E+004 2.2742560E+001
7.9149902E+004 2.2742560E+001
7.9241209E+004 2.1702334E+001
7.9302734E+004 2.1088481E+001
7.9302734E+004 2.1088481E+001
7.9302734E+004 2.1368023E+001
7.9302734E+004 2.1368023E+001
7.9313700E+004 2.1259857E+001
7.9313700E+004 2.1259857E+001
7.9313700E+004 2.1801396E+001
7.9313700E+004 2.1801396E+001
7.9318427E+004 2.1751011E+001
7.9318427E+004 2.1751011E+001
7.9318427E+004 2.2350698E+001
7.9318427E+004 2.2350698E+001
7.9327130E+004 2.2249676E+001
7.9327130E+004 2.2249676E+001
7.9327130E+004 2.2909782E+001
7.9327130E+004 2.2909782E+001
7.9396760E+004 2.2079282E+001
7.9396760E+004 2.2079282E+001
7.9396760E+004 2.2674592E+001
7.9396760E+004 2.2674592E+001
7.9488773E+004 2.1637510E+001
7.9586524E+004 2.0701781E+001
7.9586524E+004 2.0701781E+001
7.9586524E+004 2.1219243E+001
7.9586524E+004 2.1219243E+001
7.9586657E+004 2.1217958E+001
7.9586657E+004 2.1495150E+001
7.9586657E+004 2.1495150E+001
7.9614401E+004 2.1219582E+001
7.9614401E+004 2.1219582E+001
7.9614401E+004 2.4193007E+001
7.9614401E+004 2.4193007E+001
7.9678154E+004 2.3272784E+001
7.9678154E+004 2.3272784E+001
7.9678154E+004 2.3427472E+001
7.9678154E+004 2.3427472E+001
7.9762768E+004 2.2355489E+001
7.9858206E+004 2.1333192E+001
7.9881393E+004 2.1108121E+001
7.9881393E+004 2.1108121E+001
7.9881393E+004 2.4010345E+001
7.9881393E+004 2.4010345E+001
7.9960865E+004 2.2911322E+001
7.9974379E+004 2.2740855E+001
7.9974379E+004 2.2740855E+001
7.9974379E+004 2.3578666E+001
7.9974379E+004 2.3578666E+001
8.0001483E+004 2.3205785E+001
8.0001483E+004 2.3205785E+001
8.0001483E+004 2.3769779E+001
8.0001483E+004 2.3769779E+001
8.0041083E+004 2.3217021E+001
8.0041083E+004 2.3217021E+001
8.0041083E+004 2.4363284E+001
8.0041083E+004 2.4363284E+001
8.0076529E+004 2.3822159E+001
8.0076529E+004 2.3822159E+001
8.0076529E+004 2.4011102E+001
8.0076529E+004 2.4011102E+001
8.0076646E+004 2.4009337E+001
8.0076646E+004 2.4195093E+001
8.0076646E+004 2.4195093E+001
8.0154584E+004 2.3087502E+001
8.0231849E+004 2.2148606E+001
8.0231849E+004 2.2148606E+001
8.0231849E+004 2.2393812E+001
8.0231849E+004 2.2393812E+001
8.0326865E+004 2.1369734E+001
8.0385250E+004 2.0816189E+001
8.0385250E+004 2.0816189E+001
8.0385250E+004 2.1140260E+001
8.0385250E+004 2.1140260E+001
8.0461969E+004 2.0450135E+001
8.0461969E+004 2.0450135E+001
8.0461969E+004 2.0628979E+001
8.0461969E+004 2.0628979E+001
8.0470996E+004 2.0550390E+001
8.0470996E+004 2.0550390E+001
8.0470996E+004 2.1888142E+001
8.0470996E+004 2.1888142E+001
8.0571797E+004 2.0887483E+001
8.0584153E+004 2.0775274E+001
8.0584153E+004 2.0775274E+001
8.0584153E+004 2.1085948E+001
8.0584153E+004 2.1085948E+001
8.0588434E+004 2.1045462E+001
8.0588434E+004 2.1045462E+001
8.0588434E+004 2.1936892E+001
8.0588434E+004 2.1936892E+001
8.0618368E+004 2.1618032E+001
8.0618368E+004 2.1618032E+001
8.0618368E+004 2.1758005E+001
8.0618368E+004 2.1758005E+001
8.0646969E+004 2.1461665E+001
8.0646969E+004 2.1461665E+001
8.0646969E+004 2.1548389E+001
8.0646969E+004 2.1548389E+001
8.0702501E+004 2.1005079E+001
8.0702501E+004 2.1005079E+001
8.0702501E+004 2.1497199E+001
8.0702501E+004 2.1497199E+001
8.0721235E+004 2.1309624E+001
8.0721235E+004 2.1309624E+001
8.0721235E+004 2.1394108E+001
8.0721235E+004 2.1394108E+001
8.0722776E+004 2.1378712E+001
8.0722776E+004 2.1378712E+001
8.0722776E+004 2.1646264E+001
8.0722776E+004 2.1646264E+001
8.0768600E+004 2.1186965E+001
8.0768600E+004 2.1186965E+001
8.0768600E+004 2.1350377E+001
8.0768600E+004 2.1350377E+001
8.0772709E+004 2.1309721E+001
8.0772709E+004 2.1309721E+001
8.0772709E+004 2.1651977E+001
8.0772709E+004 2.1651977E+001
8.0807977E+004 2.1294905E+001
8.0807977E+004 2.1294905E+001
8.0807977E+004 2.1767089E+001
8.0807977E+004 2.1767089E+001
8.0851108E+004 2.1325229E+001
8.0851108E+004 2.1325229E+001
8.0851108E+004 2.1682191E+001
8.0851108E+004 2.1682191E+001
8.0852004E+004 2.1672796E+001
8.0852004E+004 2.1672796E+001
8.0852004E+004 2.1960230E+001
8.0852004E+004 2.1960230E+001
8.0877038E+004 2.1691371E+001
8.0877038E+004 2.1691371E+001
8.0877038E+004 2.2315296E+001
8.0877038E+004 2.2315296E+001
8.0907011E+004 2.1976208E+001
8.0907011E+004 2.1976208E+001
8.0907011E+004 2.2262136E+001
8.0907011E+004 2.2262136E+001
8.0911998E+004 2.2204868E+001
8.0911998E+004 2.2204868E+001
8.0911998E+004 2.4290521E+001
8.0911998E+004 2.4290521E+001
8.0963306E+004 2.3529161E+001
8.0963306E+004 2.3529161E+001
8.0963306E+004 2.4860395E+001
8.0963306E+004 2.4860395E+001
8.1036068E+004 2.3721926E+001
8.1103702E+004 2.2812235E+001
8.1103702E+004 2.2812235E+001
8.1103702E+004 2.3023048E+001
8.1103702E+004 2.3023048E+001
8.1144360E+004 2.2515391E+001
8.1144360E+004 2.2515391E+001
8.1144360E+004 2.3472820E+001
8.1144360E+004 2.3472820E+001
8.1182235E+004 2.2965665E+001
8.1182235E+004 2.2965665E+001
8.1182235E+004 2.3268349E+001
8.1182235E+004 2.3268349E+001
8.1268338E+004 2.2203752E+001
8.1278620E+004 2.2087362E+001
8.1278620E+004 2.2087362E+001
8.1278620E+004 2.2586198E+001
8.1278620E+004 2.2586198E+001
8.1370471E+004 2.1564287E+001
8.1370471E+004 2.1564287E+001
8.1370471E+004 2.2021415E+001
8.1370471E+004 2.2021415E+001
8.1445047E+004 2.1247918E+001
8.1445047E+004 2.1247918E+001
8.1445047E+004 2.1349040E+001
8.1445047E+004 2.1349040E+001
8.1492601E+004 2.0895610E+001
8.1492601E+004 2.0895610E+001
8.1492601E+004 2.1126720E+001
8.1492601E+004 2.1126720E+001
8.1522343E+004 2.0849355E+001
8.1522343E+004 2.0849355E+001
8.1522343E+004 2.1235753E+001
8.1522343E+004 2.1235753E+001
8.1547732E+004 2.0993738E+001
8.1547732E+004 2.0993738E+001
8.1547732E+004 2.2532345E+001
8.1547732E+004 2.2532345E+001
8.1572289E+004 2.2243426E+001
8.1572289E+004 2.2243426E+001
8.1572289E+004 2.3512702E+001
8.1572289E+004 2.3512702E+001
8.1597446E+004 2.3169267E+001
8.1597446E+004 2.3169267E+001
8.1597446E+004 2.3894460E+001
8.1597446E+004 2.3894460E+001
8.1614181E+004 2.3650534E+001
8.1614181E+004 2.3650534E+001
8.1614181E+004 2.5702491E+001
8.1614181E+004 2.5702491E+001
8.1681094E+004 2.4524906E+001
8.1685408E+004 2.4455013E+001
8.1685408E+004 2.4455013E+001
8.1685408E+004 2.4959676E+001
8.1685408E+004 2.4959676E+001
8.1757442E+004 2.3816599E+001
8.1824965E+004 2.2895997E+001
8.1824965E+004 2.2895997E+001
8.1824965E+004 2.3413298E+001
8.1824965E+004 2.3413298E+001
8.1834506E+004 2.3282829E+001
8.1834506E+004 2.3282829E+001
8.1834506E+004 2.3903643E+001
8.1834506E+004 2.3903643E+001
8.1914884E+004 2.2809574E+001
8.1921280E+004 2.2729588E+001
8.1921280E+004 2.2729588E+001
8.1921280E+004 2.3874915E+001
8.1921280E+004 2.3874915E+001
8.1965266E+004 2.3254521E+001
8.1965266E+004 2.3254521E+001
8.1965266E+004 2.3928775E+001
8.1965266E+004 2.3928775E+001
8.2045429E+004 2.2833547E+001
8.2059817E+004 2.2654374E+001
8.2059817E+004 2.2654374E+001
8.2059817E+004 2.2971922E+001
8.2059817E+004 2.2971922E+001
8.2068729E+004 2.2857916E+001
8.2068729E+004 2.2857916E+001
8.2068729E+004 2.3187362E+001
8.2068729E+004 2.3187362E+001
8.2071166E+004 2.3154921E+001
8.2071166E+004 2.3154921E+001
8.2071166E+004 2.3629356E+001
8.2071166E+004 2.3629356E+001
8.2093905E+004 2.3312702E+001
8.2093905E+004 2.3312702E+001
8.2093905E+004 2.3917011E+001
8.2093905E+004 2.3917011E+001
8.2100847E+004 2.3814379E+001
8.2100847E+004 2.3814379E+001
8.2100847E+004 2.4246097E+001
8.2100847E+004 2.4246097E+001
8.2154371E+004 2.3458760E+001
8.2154371E+004 2.3458760E+001
8.2154371E+004 2.3690904E+001
8.2154371E+004 2.3690904E+001
8.2186331E+004 2.3246226E+001
8.2186331E+004 2.3246226E+001
8.2186331E+004 2.3662514E+001
8.2186331E+004 2.3662514E+001
8.2265780E+004 2.2616105E+001
8.2265780E+004 2.2616105E+001
8.2265780E+004 2.2714300E+001
8.2265780E+004 2.2714300E+001
8.2325705E+004 2.2013574E+001
8.2325705E+004 2.2013574E+001
8.2325705E+004 2.2591346E+001
8.2325705E+004 2.2591346E+001
8.2342026E+004 2.2396005E+001
8.2342026E+004 2.2396005E+001
8.2342026E+004 2.2840735E+001
8.2342026E+004 2.2840735E+001
8.2425824E+004 2.1865048E+001
8.2425824E+004 2.1865048E+001
8.2425824E+004 2.2551616E+001
8.2425824E+004 2.2551616E+001
8.2431256E+004 2.2486317E+001
8.2431256E+004 2.2486317E+001
8.2431256E+004 2.5004444E+001
8.2431256E+004 2.5004444E+001
8.2502966E+004 2.3859282E+001
8.2575005E+004 2.2875963E+001
8.2575005E+004 2.2875963E+001
8.2575005E+004 2.3075432E+001
8.2575005E+004 2.3075432E+001
8.2593484E+004 2.2837576E+001
8.2593484E+004 2.2837576E+001
8.2593484E+004 2.3138679E+001
8.2593484E+004 2.3138679E+001
8.2633596E+004 2.2628779E+001
8.2633596E+004 2.2628779E+001
8.2633596E+004 2.2928679E+001
8.2633596E+004 2.2928679E+001
8.2655949E+004 2.2648452E+001
8.2655949E+004 2.2648452E+001
8.2655949E+004 2.3917734E+001
8.2655949E+004 2.3917734E+001
8.2676341E+004 2.3620696E+001
8.2676341E+004 2.3620696E+001
8.2676341E+004 2.4172513E+001
8.2676341E+004 2.4172513E+001
8.2681747E+004 2.4089401E+001
8.2681747E+004 2.4089401E+001
8.2681747E+004 2.4474259E+001
8.2681747E+004 2.4474259E+001
8.2698764E+004 2.4204639E+001
8.2698764E+004 2.4204639E+001
8.2698764E+004 2.4716854E+001
8.2698764E+004 2.4716854E+001
8.2737995E+004 2.4090398E+001
8.2737995E+004 2.4090398E+001
8.2737995E+004 2.4231793E+001
8.2737995E+004 2.4231793E+001
8.2815633E+004 2.3122495E+001
8.2825909E+004 2.2988157E+001
8.2825909E+004 2.2988157E+001
8.2825909E+004 2.4183526E+001
8.2825909E+004 2.4183526E+001
8.2836037E+004 2.4028394E+001
8.2836037E+004 2.4028394E+001
8.2836037E+004 2.4430174E+001
8.2836037E+004 2.4430174E+001
8.2882395E+004 2.3724713E+001
8.2882395E+004 2.3724713E+001
8.2882395E+004 2.4825366E+001
8.2882395E+004 2.4825366E+001
8.2908426E+004 2.4396657E+001
8.2908426E+004 2.4396657E+001
8.2908426E+004 2.4498268E+001
8.2908426E+004 2.4498268E+001
8.2948787E+004 2.3873890E+001
8.2948787E+004 2.3873890E+001
8.2948787E+004 2.4111048E+001
8.2948787E+004 2.4111048E+001
8.2977689E+004 2.3682200E+001
8.2977689E+004 2.3682200E+001
8.2977689E+004 2.4131760E+001
8.2977689E+004 2.4131760E+001
8.3009130E+004 2.3665195E+001
8.3009130E+004 2.3665195E+001
8.3009130E+004 2.3787004E+001
8.3009130E+004 2.3787004E+001
8.3090516E+004 2.2698341E+001
8.3182281E+004 2.1660154E+001
8.3285859E+004 2.0670055E+001
8.3304348E+004 2.0509125E+001
8.3304348E+004 2.0509125E+001
8.3304348E+004 2.0851989E+001
8.3304348E+004 2.0851989E+001
8.3334975E+004 2.0579547E+001
8.3334975E+004 2.0579547E+001
8.3334975E+004 2.0943377E+001
8.3334975E+004 2.0943377E+001
8.3340647E+004 2.0891093E+001
8.3340647E+004 2.0891093E+001
8.3340647E+004 2.1221114E+001
8.3340647E+004 2.1221114E+001
8.3383708E+004 2.0817610E+001
8.3383708E+004 2.0817610E+001
8.3383708E+004 2.2177375E+001
8.3383708E+004 2.2177375E+001
8.3473631E+004 2.1235096E+001
8.3473631E+004 2.1235096E+001
8.3473631E+004 2.1626459E+001
8.3473631E+004 2.1626459E+001
8.3481814E+004 2.1541976E+001
8.3481814E+004 2.1541976E+001
8.3481814E+004 2.4206916E+001
8.3481814E+004 2.4206916E+001
8.3559655E+004 2.3098775E+001
8.3590781E+004 2.2701867E+001
8.3590781E+004 2.2701867E+001
8.3590781E+004 2.3049178E+001
8.3590781E+004 2.3049178E+001
8.3678999E+004 2.1994742E+001
8.3727712E+004 2.1479778E+001
8.3727712E+004 2.1479778E+001
8.3727712E+004 2.2005141E+001
8.3727712E+004 2.2005141E+001
8.3827130E+004 2.0999071E+001
8.3834101E+004 2.0934266E+001
8.3834101E+004 2.0934266E+001
8.3834101E+004 2.2401901E+001
8.3834101E+004 2.2401901E+001
8.3890204E+004 2.1774139E+001
8.3890204E+004 2.1774139E+001
8.3890204E+004 2.2821921E+001
8.3890204E+004 2.2821921E+001
8.3926931E+004 2.2375372E+001
8.3926931E+004 2.2375372E+001
8.3926931E+004 2.2891690E+001
8.3926931E+004 2.2891690E+001
8.3983411E+004 2.2211088E+001
8.3983411E+004 2.2211088E+001
8.3983411E+004 2.4127243E+001
8.3983411E+004 2.4127243E+001
8.4022254E+004 2.3555985E+001
8.4022254E+004 2.3555985E+001
8.4022254E+004 2.4061300E+001
8.4022254E+004 2.4061300E+001
8.4101299E+004 2.2959921E+001
8.4129296E+004 2.2609239E+001
8.4129296E+004 2.2609239E+001
8.4129296E+004 2.3913526E+001
8.4129296E+004 2.3913526E+001
8.4209590E+004 2.2819006E+001
8.4245986E+004 2.2376535E+001
8.4245986E+004 2.2376535E+001
8.4245986E+004 2.2589291E+001
8.4245986E+004 2.2589291E+001
8.4269333E+004 2.2311834E+001
8.4269333E+004 2.2311834E+001
8.4269333E+004 2.2661526E+001
8.4269333E+004 2.2661526E+001
8.4329763E+004 2.1960858E+001
8.4329763E+004 2.1960858E+001
8.4329763E+004 2.2172479E+001
8.4329763E+004 2.2172479E+001
8.4358839E+004 2.1850617E+001
8.4358839E+004 2.1850617E+001
8.4358839E+004 2.2391499E+001
8.4358839E+004 2.2391499E+001
8.4397690E+004 2.1950392E+001
8.4397690E+004 2.1950392E+001
8.4397690E+004 2.2308248E+001
8.4397690E+004 2.2308248E+001
8.4398071E+004 2.2303816E+001
8.4398071E+004 2.8194630E+001
8.4398071E+004 2.8194630E+001
8.4451259E+004 2.6901145E+001
8.4469788E+004 2.6495027E+001
8.4469788E+004 2.6495027E+001
8.4469788E+004 2.6766856E+001
8.4469788E+004 2.6766856E+001
8.4497671E+004 2.6174131E+001
8.4497671E+004 2.6174131E+001
8.4497671E+004 2.6292322E+001
8.4497671E+004 2.6292322E+001
8.4513353E+004 2.5973298E+001
8.4513353E+004 2.5973298E+001
8.4513353E+004 2.6254937E+001
8.4513353E+004 2.6254937E+001
8.4528284E+004 2.5952327E+001
8.4528284E+004 2.5952327E+001
8.4528284E+004 2.6390101E+001
8.4528284E+004 2.6390101E+001
8.4564528E+004 2.5664345E+001
8.4564528E+004 2.5664345E+001
8.4564528E+004 2.5802755E+001
8.4564528E+004 2.5802755E+001
8.4591703E+004 2.5292433E+001
8.4591703E+004 2.5292433E+001
8.4591703E+004 2.5440250E+001
8.4591703E+004 2.5440250E+001
8.4660360E+004 2.4274852E+001
8.4688604E+004 2.3845506E+001
8.4688604E+004 2.3845506E+001
8.4688604E+004 2.4130422E+001
8.4688604E+004 2.4130422E+001
8.4694088E+004 2.4046633E+001
8.4694088E+004 2.4046633E+001
8.4694088E+004 2.4376567E+001
8.4694088E+004 2.4376567E+001
8.4713633E+004 2.4072072E+001
8.4713633E+004 2.4072072E+001
8.4713633E+004 2.4294749E+001
8.4713633E+004 2.4294749E+001
8.4728492E+004 2.4064721E+001
8.4728492E+004 2.4064721E+001
8.4728492E+004 2.5261199E+001
8.4728492E+004 2.5261199E+001
8.4798011E+004 2.4109685E+001
8.4798011E+004 2.4109685E+001
8.4798011E+004 2.4464609E+001
8.4798011E+004 2.4464609E+001
8.4808413E+004 2.4298738E+001
8.4808413E+004 2.4298738E+001
8.4808413E+004 2.6615969E+001
8.4808413E+004 2.6615969E+001
8.4863417E+004 2.5511979E+001
8.4863417E+004 2.5511979E+001
8.4863417E+004 2.5649301E+001
8.4863417E+004 2.5649301E+001
8.4930678E+004 2.4474195E+001
8.5006381E+004 2.3353661E+001
8.5011153E+004 2.3288659E+001
8.5011153E+004 2.3288659E+001
8.5011153E+004 2.3569845E+001
8.5011153E+004 2.3569845E+001
8.5038230E+004 2.3197815E+001
8.5038230E+004 2.3197815E+001
8.5038230E+004 2.3305665E+001
8.5038230E+004 2.3305665E+001
8.5102409E+004 2.2489761E+001
8.5102409E+004 2.2489761E+001
8.5102409E+004 2.2779223E+001
8.5102409E+004 2.2779223E+001
8.5172423E+004 2.1960551E+001
8.5172423E+004 2.1960551E+001
8.5172423E+004 2.2238784E+001
8.5172423E+004 2.2238784E+001
8.5199967E+004 2.1930217E+001
8.5199967E+004 2.1930217E+001
8.5199967E+004 2.2348592E+001
8.5199967E+004 2.2348592E+001
8.5215933E+004 2.2164604E+001
8.5215933E+004 2.2164604E+001
8.5215933E+004 2.2768811E+001
8.5215933E+004 2.2768811E+001
8.5229549E+004 2.2600818E+001
8.5229549E+004 2.2600818E+001
8.5229549E+004 2.3855635E+001
8.5229549E+004 2.3855635E+001
8.5232717E+004 2.3809038E+001
8.5232717E+004 2.3809038E+001
8.5232717E+004 2.3862898E+001
8.5232717E+004 2.3862898E+001
8.5248320E+004 2.3636235E+001
8.5248320E+004 2.3636235E+001
8.5248320E+004 2.3837380E+001
8.5248320E+004 2.3837380E+001
8.5296584E+004 2.3163464E+001
8.5296584E+004 2.3163464E+001
8.5296584E+004 2.3681100E+001
8.5296584E+004 2.3681100E+001
8.5378902E+004 2.2597350E+001
8.5471727E+004 2.1563843E+001
8.5516432E+004 2.1121277E+001
8.5516432E+004 2.1121277E+001
8.5516432E+004 2.1294963E+001
8.5516432E+004 2.1294963E+001
8.5525406E+004 2.1207379E+001
8.5525406E+004 2.1207379E+001
8.5525406E+004 2.1855750E+001
8.5525406E+004 2.1855750E+001
8.5626595E+004 2.0856596E+001
8.5710617E+004 2.0139438E+001
8.5710617E+004 2.0139438E+001
8.5710617E+004 2.0345865E+001
8.5710617E+004 2.0345865E+001
8.5832612E+004 1.9416569E+001
8.5871965E+004 1.9146945E+001
8.5871965E+004 1.9146945E+001
8.5871965E+004 2.0259934E+001
8.5871965E+004 2.0259934E+001
8.5916386E+004 1.9906973E+001
8.5916386E+004 1.9906973E+001
8.5916386E+004 2.0225948E+001
8.5916386E+004 2.0225948E+001
8.5931694E+004 2.0102419E+001
8.5931694E+004 2.0102419E+001
8.5931694E+004 2.0698335E+001
8.5931694E+004 2.0698335E+001
8.5970426E+004 2.0364860E+001
8.5970426E+004 2.0364860E+001
8.5970426E+004 2.1241153E+001
8.5970426E+004 2.1241153E+001
8.6010256E+004 2.0865676E+001
8.6010256E+004 2.0865676E+001
8.6010256E+004 2.3121037E+001
8.6010256E+004 2.3121037E+001
8.6019247E+004 2.3003362E+001
8.6019247E+004 2.3003362E+001
8.6019247E+004 2.3147738E+001
8.6019247E+004 2.3147738E+001
8.6081210E+004 2.2376310E+001
8.6081210E+004 2.2376310E+001
8.6081210E+004 2.2604953E+001
8.6081210E+004 2.2604953E+001
8.6143774E+004 2.1887219E+001
8.6143774E+004 2.1887219E+001
8.6143774E+004 2.2152187E+001
8.6143774E+004 2.2152187E+001
8.6177851E+004 2.1777902E+001
8.6177851E+004 2.1777902E+001
8.6177851E+004 2.2019872E+001
8.6177851E+004 2.2019872E+001
8.6248158E+004 2.1288036E+001
8.6248158E+004 2.1288036E+001
8.6248158E+004 2.1450392E+001
8.6248158E+004 2.1450392E+001
8.6354392E+004 2.0470004E+001
8.6371232E+004 2.0328271E+001
8.6371232E+004 2.0328271E+001
8.6371232E+004 2.0530462E+001
8.6371232E+004 2.0530462E+001
8.6483079E+004 1.9645183E+001
8.6483079E+004 1.9645183E+001
8.6483079E+004 2.0050723E+001
8.6483079E+004 2.0050723E+001
8.6559553E+004 1.9478363E+001
8.6559553E+004 1.9478363E+001
8.6559553E+004 2.0192406E+001
8.6559553E+004 2.0192406E+001
8.6621439E+004 1.9712628E+001
8.6621439E+004 1.9712628E+001
8.6621439E+004 2.0509568E+001
8.6621439E+004 2.0509568E+001
8.6637892E+004 2.0370087E+001
8.6637892E+004 2.0370087E+001
8.6637892E+004 2.0956271E+001
8.6637892E+004 2.0956271E+001
8.6661457E+004 2.0741686E+001
8.6661457E+004 2.0741686E+001
8.6661457E+004 2.2584411E+001
8.6661457E+004 2.2584411E+001
8.6754419E+004 2.1551505E+001
8.6790116E+004 2.1196084E+001
8.6790116E+004 2.1196084E+001
8.6790116E+004 2.1768219E+001
8.6790116E+004 2.1768219E+001
8.6892365E+004 2.0773116E+001
8.6892592E+004 2.0771073E+001
8.6892592E+004 2.1135967E+001
8.6892592E+004 2.1135967E+001
8.6942659E+004 2.0676045E+001
8.6942659E+004 2.0676045E+001
8.6942659E+004 2.1509357E+001
8.6942659E+004 2.1509357E+001
8.6963272E+004 2.1302888E+001
8.6963272E+004 2.1302888E+001
8.6963272E+004 2.1888771E+001
8.6963272E+004 2.1888771E+001
8.6995874E+004 2.1544973E+001
8.6995874E+004 2.1544973E+001
8.6995874E+004 2.1902081E+001
8.6995874E+004 2.1902081E+001
8.7010749E+004 2.1742376E+001
8.7010749E+004 2.1742376E+001
8.7010749E+004 2.3032927E+001
8.7010749E+004 2.3032927E+001
8.7060812E+004 2.2412800E+001
8.7060812E+004 2.2412800E+001
8.7060812E+004 2.2697748E+001
8.7060812E+004 2.2697748E+001
8.7095886E+004 2.2278655E+001
8.7095886E+004 2.2278655E+001
8.7095886E+004 2.2577344E+001
8.7095886E+004 2.2577344E+001
8.7099137E+004 2.2538017E+001
8.7099137E+004 2.2538017E+001
8.7099137E+004 2.4391134E+001
8.7099137E+004 2.4391134E+001
8.7124190E+004 2.4002515E+001
8.7124190E+004 2.4002515E+001
8.7124190E+004 2.4214245E+001
8.7124190E+004 2.4214245E+001
8.7201972E+004 2.3105763E+001
8.7228986E+004 2.2759472E+001
8.7228986E+004 2.2759472E+001
8.7228986E+004 2.2917932E+001
8.7228986E+004 2.2917932E+001
8.7318506E+004 2.1869567E+001
8.7344115E+004 2.1598674E+001
8.7344115E+004 2.1598674E+001
8.7344115E+004 2.1982641E+001
8.7344115E+004 2.1982641E+001
8.7348115E+004 2.1938693E+001
8.7348115E+004 2.1938693E+001
8.7348115E+004 2.2172847E+001
8.7348115E+004 2.2172847E+001
8.7356676E+004 2.2076252E+001
8.7356676E+004 2.2076252E+001
8.7356676E+004 2.3591922E+001
8.7356676E+004 2.3591922E+001
8.7439791E+004 2.2512321E+001
8.7533522E+004 2.1482753E+001
8.7568226E+004 2.1140807E+001
8.7568226E+004 2.1140807E+001
8.7568226E+004 2.4005313E+001
8.7568226E+004 2.4005313E+001
8.7570995E+004 2.3963656E+001
8.7570995E+004 2.3963656E+001
8.7570995E+004 2.4158937E+001
8.7570995E+004 2.4158937E+001
8.7595240E+004 2.3794790E+001
8.7595240E+004 2.3794790E+001
8.7595240E+004 2.4075264E+001
8.7595240E+004 2.4075264E+001
8.7643385E+004 2.3379703E+001
8.7643385E+004 2.3379703E+001
8.7643385E+004 2.4293767E+001
8.7643385E+004 2.4293767E+001
8.7650123E+004 2.4188491E+001
8.7650123E+004 2.4188491E+001
8.7650123E+004 2.4673477E+001
8.7650123E+004 2.4673477E+001
8.7703991E+004 2.3833100E+001
8.7703991E+004 2.3833100E+001
8.7703991E+004 2.4319115E+001
8.7703991E+004 2.4319115E+001
8.7717716E+004 2.4105607E+001
8.7717716E+004 2.4105607E+001
8.7717716E+004 2.4473381E+001
8.7717716E+004 2.4473381E+001
8.7793425E+004 2.3352884E+001
8.7878732E+004 2.2284354E+001
8.7889303E+004 2.2163168E+001
8.7889303E+004 2.2163168E+001
8.7889303E+004 2.5202762E+001
8.7889303E+004 2.5202762E+001
8.7926232E+004 2.4570772E+001
8.7926232E+004 2.4570772E+001
8.7926232E+004 2.4882215E+001
8.7926232E+004 2.4882215E+001
8.7949194E+004 2.4499627E+001
8.7949194E+004 2.4499627E+001
8.7949194E+004 2.5918045E+001
8.7949194E+004 2.5918045E+001
8.7978886E+004 2.5353780E+001
8.7978886E+004 2.5353780E+001
8.7978886E+004 2.6945074E+001
8.7978886E+004 2.6945074E+001
8.8000546E+004 2.6469869E+001
8.8000546E+004 2.6469869E+001
8.8000546E+004 2.7147310E+001
8.8000546E+004 2.7147310E+001
8.8009555E+004 2.6940695E+001
8.8009555E+004 2.6940695E+001
8.8009555E+004 2.7346196E+001
8.8009555E+004 2.7346196E+001
8.8066900E+004 2.6092203E+001
8.8131339E+004 2.4896511E+001
8.8154674E+004 2.4507111E+001
8.8154674E+004 2.4507111E+001
8.8154674E+004 2.5025348E+001
8.8154674E+004 2.5025348E+001
8.8156456E+004 2.4994257E+001
8.8156456E+004 2.4994257E+001
8.8156456E+004 2.5592890E+001
8.8156456E+004 2.5592890E+001
8.8224089E+004 2.4420396E+001
8.8300215E+004 2.3302350E+001
8.8385996E+004 2.2236171E+001
8.8400542E+004 2.2071307E+001
8.8400542E+004 2.2071307E+001
8.8400542E+004 2.2427890E+001
8.8400542E+004 2.2427890E+001
8.8413524E+004 2.2275969E+001
8.8413524E+004 2.2275969E+001
8.8413524E+004 2.2557948E+001
8.8413524E+004 2.2557948E+001
8.8506768E+004 2.1526272E+001
8.8542960E+004 2.1167565E+001
8.8542960E+004 2.1167565E+001
8.8542960E+004 2.1476993E+001
8.8542960E+004 2.1476993E+001
8.8558383E+004 2.1322639E+001
8.8558383E+004 2.1322639E+001
8.8558383E+004 2.1620946E+001
8.8558383E+004 2.1620946E+001
8.8596970E+004 2.1233357E+001
8.8596970E+004 2.1233357E+001
8.8596970E+004 2.2230681E+001
8.8596970E+004 2.2230681E+001
8.8598296E+004 2.2215468E+001
8.8598296E+004 2.2215468E+001
8.8598296E+004 2.2320855E+001
8.8598296E+004 2.2320855E+001
8.8645682E+004 2.1792973E+001
8.8645682E+004 2.1792973E+001
8.8645682E+004 2.2210284E+001
8.8645682E+004 2.2210284E+001
8.8732788E+004 2.1290585E+001
8.8732788E+004 2.1290585E+001
8.8732788E+004 2.1360082E+001
8.8732788E+004 2.1360082E+001
8.8745461E+004 2.1235414E+001
8.8745461E+004 2.1235414E+001
8.8745461E+004 2.3912894E+001
8.8745461E+004 2.3912894E+001
8.8767251E+004 2.3596221E+001
8.8767251E+004 2.3596221E+001
8.8767251E+004 2.3793448E+001
8.8767251E+004 2.3793448E+001
8.8780532E+004 2.3601996E+001
8.8780532E+004 2.3601996E+001
8.8780532E+004 2.3880980E+001
8.8780532E+004 2.3880980E+001
8.8834688E+004 2.3124926E+001
8.8834688E+004 2.3124926E+001
8.8834688E+004 2.3454580E+001
8.8834688E+004 2.3454580E+001
8.8901833E+004 2.2584984E+001
8.8901833E+004 2.2584984E+001
8.8901833E+004 2.2801441E+001
8.8901833E+004 2.2801441E+001
8.8969495E+004 2.2005817E+001
8.8969495E+004 2.2005817E+001
8.8969495E+004 2.3805070E+001
8.8969495E+004 2.3805070E+001
8.9019404E+004 2.3112646E+001
8.9019404E+004 2.3112646E+001
8.9019404E+004 2.3361275E+001
8.9019404E+004 2.3361275E+001
8.9030330E+004 2.3213250E+001
8.9030330E+004 2.3213250E+001
8.9030330E+004 2.3594337E+001
8.9030330E+004 2.3594337E+001
8.9113423E+004 2.2514623E+001
8.9207130E+004 2.1484951E+001
8.9238624E+004 2.1173668E+001
8.9238624E+004 2.1173668E+001
8.9238624E+004 2.1547737E+001
8.9238624E+004 2.1547737E+001
8.9243147E+004 2.1501504E+001
8.9243147E+004 2.1501504E+001
8.9243147E+004 2.1900934E+001
8.9243147E+004 2.1900934E+001
8.9259503E+004 2.1725591E+001
8.9259503E+004 2.1725591E+001
8.9259503E+004 2.3270250E+001
8.9259503E+004 2.3270250E+001
8.9333541E+004 2.2343261E+001
8.9333541E+004 2.2343261E+001
8.9333541E+004 2.2672172E+001
8.9333541E+004 2.2672172E+001
8.9370053E+004 2.2238219E+001
8.9370053E+004 2.2238219E+001
8.9370053E+004 2.2627373E+001
8.9370053E+004 2.2627373E+001
8.9405650E+004 2.2206844E+001
8.9405650E+004 2.2206844E+001
8.9405650E+004 2.2715125E+001
8.9405650E+004 2.2715125E+001
8.9422831E+004 2.2505643E+001
8.9422831E+004 2.2505643E+001
8.9422831E+004 2.2844672E+001
8.9422831E+004 2.2844672E+001
8.9441010E+004 2.2618767E+001
8.9441010E+004 2.2618767E+001
8.9441010E+004 2.3108670E+001
8.9441010E+004 2.3108670E+001
8.9452148E+004 2.2963491E+001
8.9452148E+004 2.2963491E+001
8.9452148E+004 2.5190326E+001
8.9452148E+004 2.5190326E+001
8.9522136E+004 2.4042463E+001
8.9522136E+004 2.4042463E+001
8.9522136E+004 2.5305120E+001
8.9522136E+004 2.5305120E+001
8.9591718E+004 2.4146002E+001
8.9670059E+004 2.3040696E+001
8.9688465E+004 2.2805030E+001
8.9688465E+004 2.2805030E+001
8.9688465E+004 2.3070965E+001
8.9688465E+004 2.3070965E+001
8.9776468E+004 2.2015516E+001
8.9780142E+004 2.1974925E+001
8.9780142E+004 2.1974925E+001
8.9780142E+004 2.2208266E+001
8.9780142E+004 2.2208266E+001
8.9784716E+004 2.2156180E+001
8.9784716E+004 2.2156180E+001
8.9784716E+004 2.2383996E+001
8.9784716E+004 2.2383996E+001
8.9792393E+004 2.2294329E+001
8.9792393E+004 2.2294329E+001
8.9792393E+004 2.2716398E+001
8.9792393E+004 2.2716398E+001
8.9825101E+004 2.2323543E+001
8.9825101E+004 2.2323543E+001
8.9825101E+004 2.3142859E+001
8.9825101E+004 2.3142859E+001
8.9912406E+004 2.2084069E+001
8.9995056E+004 2.1224697E+001
8.9995056E+004 2.1224697E+001
8.9995056E+004 2.1554448E+001
8.9995056E+004 2.1554448E+001
9.0093980E+004 2.0620709E+001
9.0093980E+004 2.0620709E+001
9.0093980E+004 2.1598053E+001
9.0093980E+004 2.1598053E+001
9.0105784E+004 2.1477149E+001
9.0105784E+004 2.1477149E+001
9.0105784E+004 2.2754605E+001
9.0105784E+004 2.2754605E+001
9.0119118E+004 2.2590407E+001
9.0119118E+004 2.2590407E+001
9.0119118E+004 2.4590478E+001
9.0119118E+004 2.4590478E+001
9.0149280E+004 2.4112128E+001
9.0149280E+004 2.4112128E+001
9.0149280E+004 2.4422798E+001
9.0149280E+004 2.4422798E+001
9.0225387E+004 2.3304639E+001
9.0311147E+004 2.2238354E+001
9.0407889E+004 2.1221486E+001
9.0421091E+004 2.1094660E+001
9.0421091E+004 2.1094660E+001
9.0421091E+004 2.2498928E+001
9.0421091E+004 2.2498928E+001
9.0463386E+004 2.2012223E+001
9.0463386E+004 2.2012223E+001
9.0463386E+004 2.2321083E+001
9.0463386E+004 2.2321083E+001
9.0467270E+004 2.2276011E+001
9.0467270E+004 2.2276011E+001
9.0467270E+004 2.2925988E+001
9.0467270E+004 2.2925988E+001
9.0524120E+004 2.2237643E+001
9.0524120E+004 2.2237643E+001
9.0524120E+004 2.2435286E+001
9.0524120E+004 2.2435286E+001
9.0524884E+004 2.2426232E+001
9.0524884E+004 2.2426232E+001
9.0524884E+004 2.3891228E+001
9.0524884E+004 2.3891228E+001
9.0564987E+004 2.3321845E+001
9.0564987E+004 2.3321845E+001
9.0564987E+004 2.3612870E+001
9.0564987E+004 2.3612870E+001
9.0647913E+004 2.2532294E+001
9.0675434E+004 2.2209430E+001
9.0675434E+004 2.2209430E+001
9.0675434E+004 2.2448634E+001
9.0675434E+004 2.2448634E+001
9.0681924E+004 2.2371963E+001
9.0681924E+004 2.2371963E+001
9.0681924E+004 2.2617998E+001
9.0681924E+004 2.2617998E+001
9.0703345E+004 2.2361805E+001
9.0703345E+004 2.2361805E+001
9.0703345E+004 2.3351713E+001
9.0703345E+004 2.3351713E+001
9.0776906E+004 2.2419303E+001
9.0776906E+004 2.2419303E+001
9.0776906E+004 2.3283179E+001
9.0776906E+004 2.3283179E+001
9.0862868E+004 2.2217892E+001
9.0895819E+004 2.1851819E+001
9.0895819E+004 2.1851819E+001
9.0895819E+004 2.4153778E+001
9.0895819E+004 2.4153778E+001
9.0944458E+004 2.3443629E+001
9.0944458E+004 2.3443629E+001
9.0944458E+004 2.3591273E+001
9.0944458E+004 2.3591273E+001
9.1027578E+004 2.2511702E+001
9.1111238E+004 2.1584122E+001
9.1111238E+004 2.1584122E+001
9.1111238E+004 2.1944701E+001
9.1111238E+004 2.1944701E+001
9.1165840E+004 2.1375068E+001
9.1165840E+004 2.1375068E+001
9.1165840E+004 2.2115257E+001
9.1165840E+004 2.2115257E+001
9.1171410E+004 2.2052817E+001
9.1171410E+004 2.2052817E+001
9.1171410E+004 2.4369468E+001
9.1171410E+004 2.4369468E+001
9.1246542E+004 2.3272442E+001
9.1246542E+004 2.3272442E+001
9.1246542E+004 2.3352831E+001
9.1246542E+004 2.3352831E+001
9.1330351E+004 2.2301453E+001
9.1330351E+004 2.2301453E+001
9.1330351E+004 2.4486048E+001
9.1330351E+004 2.4486048E+001
9.1405961E+004 2.3364962E+001
9.1436928E+004 2.2953928E+001
9.1436928E+004 2.2953928E+001
9.1436928E+004 2.3509404E+001
9.1436928E+004 2.3509404E+001
9.1452297E+004 2.3297487E+001
9.1452297E+004 2.3297487E+001
9.1452297E+004 2.3601058E+001
9.1452297E+004 2.3601058E+001
9.1471061E+004 2.3339727E+001
9.1471061E+004 2.3339727E+001
9.1471061E+004 2.3887600E+001
9.1471061E+004 2.3887600E+001
9.1541113E+004 2.2925521E+001
9.1541113E+004 2.2925521E+001
9.1541113E+004 2.3431482E+001
9.1541113E+004 2.3431482E+001
9.1573868E+004 2.2993209E+001
9.1573868E+004 2.2993209E+001
9.1573868E+004 2.3371933E+001
9.1573868E+004 2.3371933E+001
9.1601488E+004 2.3003638E+001
9.1601488E+004 2.3003638E+001
9.1601488E+004 2.3386681E+001
9.1601488E+004 2.3386681E+001
9.1616738E+004 2.3180228E+001
9.1616738E+004 2.3180228E+001
9.1616738E+004 2.3526472E+001
9.1616738E+004 2.3526472E+001
9.1650110E+004 2.3073920E+001
9.1650110E+004 2.3073920E+001
9.1650110E+004 2.3173959E+001
9.1650110E+004 2.3173959E+001
9.1696037E+004 2.2590531E+001
9.1696037E+004 2.2590531E+001
9.1696037E+004 2.2892800E+001
9.1696037E+004 2.2892800E+001
9.1741284E+004 2.2341367E+001
9.1741284E+004 2.2341367E+001
9.1741284E+004 2.2665597E+001
9.1741284E+004 2.2665597E+001
9.1791811E+004 2.2073773E+001
9.1791811E+004 2.2073773E+001
9.1791811E+004 2.3445925E+001
9.1791811E+004 2.3445925E+001
9.1792588E+004 2.3435153E+001
9.1792588E+004 2.3435153E+001
9.1792588E+004 2.3682932E+001
9.1792588E+004 2.3682932E+001
9.1827891E+004 2.3194076E+001
9.1827891E+004 2.3194076E+001
9.1827891E+004 2.3787836E+001
9.1827891E+004 2.3787836E+001
9.1854221E+004 2.3413974E+001
9.1854221E+004 2.3413974E+001
9.1854221E+004 2.3796064E+001
9.1854221E+004 2.3796064E+001
9.1856801E+004 2.3758418E+001
9.1856801E+004 2.3758418E+001
9.1856801E+004 2.4209314E+001
9.1856801E+004 2.4209314E+001
9.1934623E+004 2.3101061E+001
9.1944088E+004 2.2977623E+001
9.1944088E+004 2.2977623E+001
9.1944088E+004 2.3582811E+001
9.1944088E+004 2.3582811E+001
9.2027284E+004 2.2503629E+001
9.2121109E+004 2.1474462E+001
9.2199009E+004 2.0735474E+001
9.2199009E+004 2.0735474E+001
9.2199009E+004 2.1068304E+001
9.2199009E+004 2.1068304E+001
9.2227932E+004 2.0801038E+001
9.2227932E+004 2.0801038E+001
9.2227932E+004 2.1018905E+001
9.2227932E+004 2.1018905E+001
9.2264423E+004 2.0686554E+001
9.2264423E+004 2.0686554E+001
9.2264423E+004 2.1142498E+001
9.2264423E+004 2.1142498E+001
9.2374737E+004 2.0176361E+001
9.2434648E+004 1.9712529E+001
9.2434648E+004 1.9712529E+001
9.2434648E+004 2.0443798E+001
9.2434648E+004 2.0443798E+001
9.2494730E+004 1.9956632E+001
9.2494730E+004 1.9956632E+001
9.2494730E+004 2.0109162E+001
9.2494730E+004 2.0109162E+001
9.2620541E+004 1.9190809E+001
9.2711625E+004 1.8611936E+001
9.2711625E+004 1.8611936E+001
9.2711625E+004 1.9014689E+001
9.2711625E+004 1.9014689E+001
9.2739754E+004 1.8834644E+001
9.2739754E+004 1.8834644E+001
9.2739754E+004 1.9273665E+001
9.2739754E+004 1.9273665E+001
9.2801786E+004 1.8865833E+001
9.2801786E+004 1.8865833E+001
9.2801786E+004 1.9797733E+001
9.2801786E+004 1.9797733E+001
9.2805450E+004 1.9770134E+001
9.2805450E+004 1.9770134E+001
9.2805450E+004 2.0829947E+001
9.2805450E+004 2.0829947E+001
9.2847264E+004 2.0462653E+001
9.2847264E+004 2.0462653E+001
9.2847264E+004 2.3126169E+001
9.2847264E+004 2.3126169E+001
9.2867531E+004 2.2863759E+001
9.2867531E+004 2.2863759E+001
9.2867531E+004 2.4359733E+001
9.2867531E+004 2.4359733E+001
9.2903471E+004 2.3811665E+001
9.2903471E+004 2.3811665E+001
9.2903471E+004 2.4168325E+001
9.2903471E+004 2.4168325E+001
9.2921551E+004 2.3894493E+001
9.2921551E+004 2.3894493E+001
9.2921551E+004 2.4266759E+001
9.2921551E+004 2.4266759E+001
9.2923941E+004 2.4229376E+001
9.2923941E+004 2.4229376E+001
9.2923941E+004 2.6579168E+001
9.2923941E+004 2.6579168E+001
9.2978153E+004 2.5494827E+001
9.2978153E+004 2.5494827E+001
9.2978153E+004 2.6012148E+001
9.2978153E+004 2.6012148E+001
9.2984403E+004 2.5888022E+001
9.2984403E+004 2.5888022E+001
9.2984403E+004 2.6099108E+001
9.2984403E+004 2.6099108E+001
9.3048800E+004 2.4903100E+001
9.3114951E+004 2.3853901E+001
9.3114951E+004 2.3853901E+001
9.3114951E+004 2.3999924E+001
9.3114951E+004 2.3999924E+001
9.3194511E+004 2.2901384E+001
9.3232784E+004 2.2431088E+001
9.3232784E+004 2.2431088E+001
9.3232784E+004 2.2666614E+001
9.3232784E+004 2.2666614E+001
9.3235239E+004 2.2636477E+001
9.3235239E+004 2.2636477E+001
9.3235239E+004 2.2830393E+001
9.3235239E+004 2.2830393E+001
9.3258141E+004 2.2547740E+001
9.3258141E+004 2.2547740E+001
9.3258141E+004 2.3197285E+001
9.3258141E+004 2.3197285E+001
9.3294689E+004 2.2726889E+001
9.3294689E+004 2.2726889E+001
9.3294689E+004 2.2993867E+001
9.3294689E+004 2.2993867E+001
9.3331171E+004 2.2538445E+001
9.3331171E+004 2.2538445E+001
9.3331171E+004 2.5157367E+001
9.3331171E+004 2.5157367E+001
9.3387834E+004 2.4216818E+001
9.3387834E+004 2.4216818E+001
9.3387834E+004 2.6382163E+001
9.3387834E+004 2.6382163E+001
9.3450521E+004 2.5172997E+001
9.3490291E+004 2.4497510E+001
9.3490291E+004 2.4497510E+001
9.3490291E+004 2.6521142E+001
9.3490291E+004 2.6521142E+001
9.3498495E+004 2.6347354E+001
9.3498495E+004 2.6347354E+001
9.3498495E+004 2.7347711E+001
9.3498495E+004 2.7347711E+001
9.3551815E+004 2.6174501E+001
9.3551815E+004 2.6174501E+001
9.3551815E+004 2.6718938E+001
9.3551815E+004 2.6718938E+001
9.3594417E+004 2.5837534E+001
9.3594417E+004 2.5837534E+001
9.3594417E+004 2.5966720E+001
9.3594417E+004 2.5966720E+001
9.3636228E+004 2.5179897E+001
9.3636228E+004 2.5179897E+001
9.3636228E+004 2.5598907E+001
9.3636228E+004 2.5598907E+001
9.3703822E+004 2.4426132E+001
9.3751072E+004 2.3708248E+001
9.3751072E+004 2.3708248E+001
9.3751072E+004 2.4041177E+001
9.3751072E+004 2.4041177E+001
9.3830285E+004 2.2940734E+001
9.3834840E+004 2.2882488E+001
9.3834840E+004 2.2882488E+001
9.3834840E+004 2.3524448E+001
9.3834840E+004 2.3524448E+001
9.3918564E+004 2.2447970E+001
9.3960426E+004 2.1969847E+001
9.3960426E+004 2.1969847E+001
9.3960426E+004 2.2717594E+001
9.3960426E+004 2.2717594E+001
9.4051991E+004 2.1678513E+001
9.4072656E+004 2.1465678E+001
9.4072656E+004 2.1465678E+001
9.4072656E+004 2.1834266E+001
9.4072656E+004 2.1834266E+001
9.4087947E+004 2.1671948E+001
9.4087947E+004 2.1671948E+001
9.4087947E+004 2.1993012E+001
9.4087947E+004 2.1993012E+001
9.4184917E+004 2.1011401E+001
9.4184917E+004 2.1011401E+001
9.4184917E+004 2.2168519E+001
9.4184917E+004 2.2168519E+001
9.4282449E+004 2.1154880E+001
9.4298473E+004 2.1003031E+001
9.4298473E+004 2.1003031E+001
9.4298473E+004 2.2255084E+001
9.4298473E+004 2.2255084E+001
9.4304375E+004 2.2187443E+001
9.4304375E+004 2.2187443E+001
9.4304375E+004 2.2617954E+001
9.4304375E+004 2.2617954E+001
9.4324002E+004 2.2382811E+001
9.4324002E+004 2.2382811E+001
9.4324002E+004 2.3122138E+001
9.4324002E+004 2.3122138E+001
9.4411507E+004 2.2064309E+001
9.4414927E+004 2.2026210E+001
9.4414927E+004 2.2026210E+001
9.4414927E+004 2.3375665E+001
9.4414927E+004 2.3375665E+001
9.4417583E+004 2.3339288E+001
9.4417583E+004 2.3339288E+001
9.4417583E+004 2.4396986E+001
9.4417583E+004 2.4396986E+001
9.4493895E+004 2.3280029E+001
9.4519951E+004 2.2936790E+001
9.4519951E+004 2.2936790E+001
9.4519951E+004 2.2937112E+001
9.4519951E+004 2.2937112E+001
9.4529710E+004 2.2813048E+001
9.4529710E+004 2.2813048E+001
9.4529710E+004 2.3124172E+001
9.4529710E+004 2.3124172E+001
9.4559999E+004 2.2736114E+001
9.4559999E+004 2.2736114E+001
9.4559999E+004 2.3955787E+001
9.4559999E+004 2.3955787E+001
9.4639932E+004 2.2859303E+001
9.4688145E+004 2.2276409E+001
9.4688145E+004 2.2276409E+001
9.4688145E+004 2.3597174E+001
9.4688145E+004 2.3597174E+001
9.4771212E+004 2.2517328E+001
9.4777094E+004 2.2447042E+001
9.4777094E+004 2.2447042E+001
9.4777094E+004 2.2538653E+001
9.4777094E+004 2.2538653E+001
9.4804830E+004 2.2213006E+001
9.4804830E+004 2.2213006E+001
9.4804830E+004 2.2676078E+001
9.4804830E+004 2.2676078E+001
9.4806768E+004 2.2652234E+001
9.4806768E+004 2.2652234E+001
9.4806768E+004 2.3168617E+001
9.4806768E+004 2.3168617E+001
9.4867400E+004 2.2410415E+001
9.4867400E+004 2.2410415E+001
9.4867400E+004 2.2608800E+001
9.4867400E+004 2.2608800E+001
9.4879243E+004 2.2466043E+001
9.4879243E+004 2.2466043E+001
9.4879243E+004 2.4982358E+001
9.4879243E+004 2.4982358E+001
9.4939011E+004 2.4016882E+001
9.4939011E+004 2.4016882E+001
9.4939011E+004 2.4168549E+001
9.4939011E+004 2.4168549E+001
9.4941903E+004 2.4123995E+001
9.4941903E+004 2.4123995E+001
9.4941903E+004 2.4388946E+001
9.4941903E+004 2.4388946E+001
9.4945998E+004 2.4323876E+001
9.4945998E+004 2.4323876E+001
9.4945998E+004 2.4548697E+001
9.4945998E+004 2.4548697E+001
9.4969963E+004 2.4168068E+001
9.4969963E+004 2.4168068E+001
9.4969963E+004 2.4328936E+001
9.4969963E+004 2.4328936E+001
9.5026909E+004 2.3484809E+001
9.5026909E+004 2.3484809E+001
9.5026909E+004 2.4915961E+001
9.5026909E+004 2.4915961E+001
9.5060036E+004 2.4368241E+001
9.5060036E+004 2.4368241E+001
9.5060036E+004 2.4853543E+001
9.5060036E+004 2.4853543E+001
9.5127612E+004 2.3790644E+001
9.5127612E+004 2.3790644E+001
9.5127612E+004 2.5072657E+001
9.5127612E+004 2.5072657E+001
9.5128359E+004 2.5059532E+001
9.5128359E+004 2.5059532E+001
9.5128359E+004 2.5718707E+001
9.5128359E+004 2.5718707E+001
9.5195165E+004 2.4540367E+001
9.5195269E+004 2.4538679E+001
9.5195269E+004 2.4657648E+001
9.5195269E+004 2.4657648E+001
9.5249208E+004 2.3818050E+001
9.5249208E+004 2.3818050E+001
9.5249208E+004 2.4402497E+001
9.5249208E+004 2.4402497E+001
9.5258961E+004 2.4248235E+001
9.5258961E+004 2.4248235E+001
9.5258961E+004 2.4668133E+001
9.5258961E+004 2.4668133E+001
9.5333166E+004 2.3538584E+001
9.5416762E+004 2.2461447E+001
9.5423880E+004 2.2377241E+001
9.5423880E+004 2.2377241E+001
9.5423880E+004 2.3435783E+001
9.5423880E+004 2.3435783E+001
9.5438039E+004 2.3242445E+001
9.5438039E+004 2.3242445E+001
9.5438039E+004 2.3434174E+001
9.5438039E+004 2.3434174E+001
9.5460233E+004 2.3133769E+001
9.5460233E+004 2.3133769E+001
9.5460233E+004 2.3462752E+001
9.5460233E+004 2.3462752E+001
9.5465176E+004 2.3394314E+001
9.5465176E+004 2.3394314E+001
9.5465176E+004 2.3791173E+001
9.5465176E+004 2.3791173E+001
9.5534873E+004 2.2846543E+001
9.5534873E+004 2.2846543E+001
9.5534873E+004 2.4219463E+001
9.5534873E+004 2.4219463E+001
9.5580222E+004 2.3548702E+001
9.5580222E+004 2.3548702E+001
9.5580222E+004 2.5685520E+001
9.5580222E+004 2.5685520E+001
9.5627302E+004 2.4837332E+001
9.5627302E+004 2.4837332E+001
9.5627302E+004 2.6959258E+001
9.5627302E+004 2.6959258E+001
9.5685193E+004 2.5752130E+001
9.5685193E+004 2.5752130E+001
9.5685193E+004 2.6316878E+001
9.5685193E+004 2.6316878E+001
9.5748267E+004 2.5110739E+001
9.5810805E+004 2.4086512E+001
9.5810805E+004 2.4086512E+001
9.5810805E+004 2.4497893E+001
9.5810805E+004 2.4497893E+001
9.5886322E+004 2.3376254E+001
9.5890842E+004 2.3314455E+001
9.5890842E+004 2.3314455E+001
9.5890842E+004 2.3976421E+001
9.5890842E+004 2.3976421E+001
9.5907020E+004 2.3737627E+001
9.5907020E+004 2.3737627E+001
9.5907020E+004 2.3971274E+001
9.5907020E+004 2.3971274E+001
9.5919991E+004 2.3779272E+001
9.5919991E+004 2.3779272E+001
9.5919991E+004 2.4288993E+001
9.5919991E+004 2.4288993E+001
9.5997166E+004 2.3177048E+001
9.6022866E+004 2.2843579E+001
9.6022866E+004 2.2843579E+001
9.6022866E+004 2.2936698E+001
9.6022866E+004 2.2936698E+001
9.6041666E+004 2.2699883E+001
9.6041666E+004 2.2699883E+001
9.6041666E+004 2.3297079E+001
9.6041666E+004 2.3297079E+001
9.6055610E+004 2.3110580E+001
9.6055610E+004 2.3110580E+001
9.6055610E+004 2.4601475E+001
9.6055610E+004 2.4601475E+001
9.6069023E+004 2.4384149E+001
9.6069023E+004 2.4384149E+001
9.6069023E+004 2.5377063E+001
9.6069023E+004 2.5377063E+001
9.6138111E+004 2.4214595E+001
9.6204234E+004 2.3259829E+001
9.6204234E+004 2.3259829E+001
9.6204234E+004 2.4811844E+001
9.6204234E+004 2.4811844E+001
9.6269357E+004 2.3790294E+001
9.6269357E+004 2.3790294E+001
9.6269357E+004 2.4497942E+001
9.6269357E+004 2.4497942E+001
9.6336065E+004 2.3497054E+001
9.6336065E+004 2.3497054E+001
9.6336065E+004 2.3978173E+001
9.6336065E+004 2.3978173E+001
9.6415808E+004 2.2880646E+001
9.6417325E+004 2.2861371E+001
9.6417325E+004 2.2861371E+001
9.6417325E+004 2.3077493E+001
9.6417325E+004 2.3077493E+001
9.6467160E+004 2.2455923E+001
9.6467160E+004 2.2455923E+001
9.6467160E+004 2.3158860E+001
9.6467160E+004 2.3158860E+001
9.6518498E+004 2.2511728E+001
9.6518498E+004 2.2511728E+001
9.6518498E+004 2.2777324E+001
9.6518498E+004 2.2777324E+001
9.6518968E+004 2.2771444E+001
9.6518968E+004 2.3015212E+001
9.6518968E+004 2.3015212E+001
9.6555523E+004 2.2557437E+001
9.6555523E+004 2.2557437E+001
9.6555523E+004 2.2917936E+001
9.6555523E+004 2.2917936E+001
9.6645043E+004 2.1869570E+001
9.6647615E+004 2.1841792E+001
9.6647615E+004 2.1841792E+001
9.6647615E+004 2.4301794E+001
9.6647615E+004 2.4301794E+001
9.6724687E+004 2.3189252E+001
9.6783889E+004 2.2445598E+001
9.6783889E+004 2.2445598E+001
9.6783889E+004 2.2729617E+001
9.6783889E+004 2.2729617E+001
9.6875330E+004 2.1689989E+001
9.6924347E+004 2.1196570E+001
9.6924347E+004 2.1196570E+001
9.6924347E+004 2.3924895E+001
9.6924347E+004 2.3924895E+001
9.7004543E+004 2.2829848E+001
9.7027150E+004 2.2550781E+001
9.7027150E+004 2.2550781E+001
9.7027150E+004 2.2999307E+001
9.7027150E+004 2.2999307E+001
9.7108081E+004 2.2032014E+001
9.7108081E+004 2.2032014E+001
9.7108081E+004 2.2374850E+001
9.7108081E+004 2.2374850E+001
9.7137364E+004 2.2040238E+001
9.7137364E+004 2.2040238E+001
9.7137364E+004 2.4385430E+001
9.7137364E+004 2.4385430E+001
9.7155481E+004 2.4102363E+001
9.7155481E+004 2.4102363E+001
9.7155481E+004 2.4304967E+001
9.7155481E+004 2.4304967E+001
9.7160881E+004 2.4220314E+001
9.7160881E+004 2.4220314E+001
9.7160881E+004 2.5365376E+001
9.7160881E+004 2.5365376E+001
9.7204801E+004 2.4603850E+001
9.7204801E+004 2.4603850E+001
9.7204801E+004 2.4982523E+001
9.7204801E+004 2.4982523E+001
9.7206147E+004 2.4959161E+001
9.7206147E+004 2.4959161E+001
9.7206147E+004 2.5238907E+001
9.7206147E+004 2.5238907E+001
9.7270089E+004 2.4175570E+001
9.7270089E+004 2.4175570E+001
9.7270089E+004 2.5210342E+001
9.7270089E+004 2.5210342E+001
9.7314510E+004 2.4456420E+001
9.7314510E+004 2.4456420E+001
9.7314510E+004 2.4664077E+001
9.7314510E+004 2.4664077E+001
9.7388746E+004 2.3534717E+001
9.7440620E+004 2.2844069E+001
9.7440620E+004 2.2844069E+001
9.7440620E+004 2.5282636E+001
9.7440620E+004 2.5282636E+001
9.7510359E+004 2.4124565E+001
9.7549962E+004 2.3542849E+001
9.7549962E+004 2.3542849E+001
9.7549962E+004 2.3791048E+001
9.7549962E+004 2.3791048E+001
9.7602639E+004 2.3063882E+001
9.7602639E+004 2.3063882E+001
9.7602639E+004 2.3361841E+001
9.7602639E+004 2.3361841E+001
9.7687863E+004 2.2292902E+001
9.7700688E+004 2.2145972E+001
9.7700688E+004 2.2145972E+001
9.7700688E+004 2.2268124E+001
9.7700688E+004 2.2268124E+001
9.7797096E+004 2.1249872E+001
9.7864730E+004 2.0625862E+001
9.7864730E+004 2.0625862E+001
9.7864730E+004 2.1035120E+001
9.7864730E+004 2.1035120E+001
9.7976522E+004 2.0073953E+001
9.7991705E+004 1.9954714E+001
9.7991705E+004 1.9954714E+001
9.7991705E+004 2.0227735E+001
9.7991705E+004 2.0227735E+001
9.8115583E+004 1.9303897E+001
9.8121237E+004 1.9265110E+001
9.8121237E+004 1.9265110E+001
9.8121237E+004 1.9693775E+001
9.8121237E+004 1.9693775E+001
9.8166349E+004 1.9369877E+001
9.8166349E+004 1.9369877E+001
9.8166349E+004 1.9922740E+001
9.8166349E+004 1.9922740E+001
9.8183450E+004 1.9792221E+001
9.8183450E+004 1.9792221E+001
9.8183450E+004 1.9995249E+001
9.8183450E+004 1.9995249E+001
9.8242840E+004 1.9549683E+001
9.8242840E+004 1.9549683E+001
9.8242840E+004 1.9924107E+001
9.8242840E+004 1.9924107E+001
9.8320998E+004 1.9352657E+001
9.8320998E+004 1.9352657E+001
9.8320998E+004 1.9526965E+001
9.8320998E+004 1.9526965E+001
9.8448739E+004 1.8684904E+001
9.8448739E+004 1.8684904E+001
9.8448739E+004 1.9061670E+001
9.8448739E+004 1.9061670E+001
9.8474952E+004 1.8892179E+001
9.8474952E+004 1.8892179E+001
9.8474952E+004 2.0143313E+001
9.8474952E+004 2.0143313E+001
9.8494499E+004 1.9988362E+001
9.8494499E+004 1.9988362E+001
9.8494499E+004 2.0284196E+001
9.8494499E+004 2.0284196E+001
9.8507861E+004 2.0175091E+001
9.8507861E+004 2.0175091E+001
9.8507861E+004 2.0475758E+001
9.8507861E+004 2.0475758E+001
9.8550048E+004 2.0127126E+001
9.8550048E+004 2.0127126E+001
9.8550048E+004 2.0479368E+001
9.8550048E+004 2.0479368E+001
9.8669963E+004 1.9543902E+001
9.8688494E+004 1.9412091E+001
9.8688494E+004 1.9412091E+001
9.8688494E+004 1.9819714E+001
9.8688494E+004 1.9819714E+001
9.8785996E+004 1.9129124E+001
9.8785996E+004 1.9129124E+001
9.8785996E+004 2.0666784E+001
9.8785996E+004 2.0666784E+001
9.8903079E+004 1.9722651E+001
9.8906842E+004 1.9694705E+001
9.8906842E+004 1.9694705E+001
9.8906842E+004 2.2868424E+001
9.8906842E+004 2.2868424E+001
9.8921404E+004 2.2686132E+001
9.8921404E+004 2.2686132E+001
9.8921404E+004 2.4957835E+001
9.8921404E+004 2.4957835E+001
9.8993452E+004 2.3814844E+001
9.9017265E+004 2.3474450E+001
9.9017265E+004 2.3474450E+001
9.9017265E+004 2.3670026E+001
9.9017265E+004 2.3670026E+001
9.9099681E+004 2.2586790E+001
9.9145611E+004 2.2052904E+001
9.9145611E+004 2.2052904E+001
9.9145611E+004 2.3322309E+001
9.9145611E+004 2.3322309E+001
9.9168845E+004 2.3013386E+001
9.9168845E+004 2.3013386E+001
9.9168845E+004 2.4156063E+001
9.9168845E+004 2.4156063E+001
9.9199349E+004 2.3701345E+001
9.9199349E+004 2.3701345E+001
9.9199349E+004 2.4645015E+001
9.9199349E+004 2.4645015E+001
9.9269631E+004 2.3573612E+001
9.9269631E+004 2.3573612E+001
9.9269631E+004 2.3658943E+001
9.9269631E+004 2.3658943E+001
9.9310625E+004 2.3096731E+001
9.9310625E+004 2.3096731E+001
9.9310625E+004 2.3489089E+001
9.9310625E+004 2.3489089E+001
9.9333711E+004 2.3174327E+001
9.9333711E+004 2.3174327E+001
9.9333711E+004 2.3612884E+001
9.9333711E+004 2.3612884E+001
9.9416637E+004 2.2532307E+001
9.9420552E+004 2.2485323E+001
9.9420552E+004 2.2485323E+001
9.9420552E+004 2.3232089E+001
9.9420552E+004 2.3232089E+001
9.9445391E+004 2.2906822E+001
9.9445391E+004 2.2906822E+001
9.9445391E+004 2.3143029E+001
9.9445391E+004 2.3143029E+001
9.9450373E+004 2.3077336E+001
9.9450373E+004 2.3077336E+001
9.9450373E+004 2.3625555E+001
9.9450373E+004 2.3625555E+001
9.9533185E+004 2.2544388E+001
9.9543597E+004 2.2419982E+001
9.9543597E+004 2.2419982E+001
9.9543597E+004 2.2574862E+001
9.9543597E+004 2.2574862E+001
9.9574511E+004 2.2210957E+001
9.9574511E+004 2.2210957E+001
9.9574511E+004 2.3751421E+001
9.9574511E+004 2.3751421E+001
9.9656209E+004 2.2664414E+001
9.9742633E+004 2.1686590E+001
9.9742633E+004 2.1686590E+001
9.9742633E+004 2.1904038E+001
9.9742633E+004 2.1904038E+001
9.9744933E+004 2.1879048E+001
9.9744933E+004 2.1879048E+001
9.9744933E+004 2.2336289E+001
9.9744933E+004 2.2336289E+001
9.9840583E+004 2.1314885E+001
9.9892102E+004 2.0828023E+001
9.9892102E+004 2.0828023E+001
9.9892102E+004 2.1083836E+001
9.9892102E+004 2.1083836E+001
9.9895120E+004 2.1055276E+001
9.9895120E+004 2.1055276E+001
9.9895120E+004 2.2063669E+001
9.9895120E+004 2.2063669E+001
9.9911055E+004 2.1888210E+001
9.9911055E+004 2.1888210E+001
9.9911055E+004 2.2144805E+001
9.9911055E+004 2.2144805E+001
9.9945568E+004 2.1766332E+001
9.9945568E+004 2.1766332E+001
9.9945568E+004 2.1910456E+001
9.9945568E+004 2.1910456E+001
9.9946845E+004 2.1896558E+001
9.9946845E+004 2.1896558E+001
9.9946845E+004 2.2269790E+001
9.9946845E+004 2.2269790E+001
9.9951500E+004 2.2216241E+001
9.9951500E+004 2.2216241E+001
9.9951500E+004 2.2266517E+001
9.9951500E+004 2.2266517E+001
1.0000000E+005 2.1731334E+001
1.0000000E+005 2.1731334E+001
