# Sub-step trajectory dumped from cool_segment.
# stride =  5.000E-01 s (min time between samples)
# columns: t[s]   T[K]
0.0000000E+000 2.7250000E+000
1.0368290E+003 2.7226653E+000
1.0368290E+003 2.7226653E+000
1.0368290E+003 9.2297202E+001
1.0368290E+003 9.2297202E+001
1.0412466E+003 8.8001190E+001
1.0460745E+003 8.3903849E+001
1.0513487E+003 7.9996590E+001
1.0571096E+003 7.6271089E+001
1.0634021E+003 7.2719290E+001
1.0702769E+003 6.9333446E+001
1.0777910E+003 6.6106067E+001
1.0860082E+003 6.3029932E+001
1.0950006E+003 6.0098115E+001
1.1048491E+003 5.7303952E+001
1.1156447E+003 5.4641046E+001
1.1274900E+003 5.2103284E+001
1.1405006E+003 4.9684807E+001
1.1548068E+003 4.7380004E+001
1.1705554E+003 4.5183533E+001
1.1879127E+003 4.3090283E+001
1.2070662E+003 4.1095367E+001
1.2282281E+003 3.9194142E+001
1.2516389E+003 3.7382171E+001
1.2775709E+003 3.5655216E+001
1.3063329E+003 3.4009240E+001
1.3382758E+003 3.2440406E+001
1.3737980E+003 3.0945048E+001
1.4133525E+003 2.9519670E+001
1.4574546E+003 2.8160944E+001
1.5066913E+003 2.6865707E+001
1.5617313E+003 2.5630942E+001
1.6233371E+003 2.4453775E+001
1.6923782E+003 2.3331455E+001
1.7698473E+003 2.2261389E+001
1.8568784E+003 2.1241098E+001
1.9547671E+003 2.0268218E+001
2.0649945E+003 1.9340503E+001
2.1892543E+003 1.8455804E+001
2.3294843E+003 1.7612085E+001
2.4879030E+003 1.6807416E+001
2.5843452E+003 1.6376733E+001
2.5843452E+003 1.6376733E+001
2.5843452E+003 6.1304637E+001
2.5843452E+003 6.1304637E+001
2.5938259E+003 5.8453814E+001
2.6042145E+003 5.5736888E+001
2.6156084E+003 5.3147621E+001
2.6281177E+003 5.0680053E+001
2.6418663E+003 4.8328475E+001
2.6569939E+003 4.6087423E+001
2.6736583E+003 4.3951697E+001
2.6920377E+003 4.1916322E+001
2.7123339E+003 3.9976544E+001
2.7347749E+003 3.8127846E+001
2.7596192E+003 3.6365910E+001
2.7871600E+003 3.4686618E+001
2.8177298E+003 3.3086042E+001
2.8517063E+003 3.1560450E+001
2.8895190E+003 3.0106280E+001
2.9316561E+003 2.8720134E+001
2.9517146E+003 2.8129042E+001
2.9517146E+003 2.8129042E+001
2.9517146E+003 9.8567277E+001
2.9517146E+003 9.8567277E+001
2.9556181E+003 9.3982442E+001
2.9570130E+003 9.2483297E+001
2.9570130E+003 9.2483297E+001
2.9570130E+003 1.0937319E+002
2.9570130E+003 1.0937319E+002
2.9602082E+003 1.0429386E+002
2.9637125E+003 9.9446456E+001
2.9675508E+003 9.4821237E+001
2.9717504E+003 9.0408791E+001
2.9763418E+003 8.6200026E+001
2.9813587E+003 8.2186182E+001
2.9868388E+003 7.8358765E+001
2.9928244E+003 7.4709578E+001
2.9993629E+003 7.1230706E+001
3.0065076E+003 6.7914496E+001
3.0143184E+003 6.4753588E+001
3.0228626E+003 6.1740892E+001
3.0322158E+003 5.8869580E+001
3.0424632E+003 5.6133119E+001
3.0537009E+003 5.3525236E+001
3.0660366E+003 5.1039914E+001
3.0795922E+003 4.8671416E+001
3.0945050E+003 4.6414250E+001
3.1109299E+003 4.4263164E+001
3.1290418E+003 4.2213152E+001
3.1490389E+003 4.0259438E+001
3.1711450E+003 3.8397465E+001
3.1956139E+003 3.6622873E+001
3.2227332E+003 3.4931528E+001
3.2528293E+003 3.3319479E+001
3.2862728E+003 3.1782958E+001
3.3234850E+003 3.0318369E+001
3.3649447E+003 2.8922302E+001
3.4111975E+003 2.7591499E+001
3.4628643E+003 2.6322860E+001
3.5206526E+003 2.5113415E+001
3.5853698E+003 2.3960364E+001
3.6579369E+003 2.2861027E+001
3.7394056E+003 2.1812854E+001
3.8309772E+003 2.0813416E+001
3.8375597E+003 2.0747318E+001
3.8375597E+003 2.0747318E+001
3.8375597E+003 1.2897207E+002
3.8375597E+003 1.2897207E+002
3.8398464E+003 1.2300547E+002
3.8423704E+003 1.1730782E+002
3.8451506E+003 1.1186791E+002
3.8482071E+003 1.0667497E+002
3.8515618E+003 1.0171873E+002
3.8552383E+003 9.6989266E+001
3.8592628E+003 9.2476979E+001
3.8636643E+003 8.8172658E+001
3.8684748E+003 8.4067385E+001
3.8737301E+003 8.0152522E+001
3.8794702E+003 7.6419753E+001
3.8857400E+003 7.2861023E+001
3.8925900E+003 6.9468546E+001
3.9000768E+003 6.6234835E+001
3.9082640E+003 6.3152668E+001
3.9172232E+003 6.0215086E+001
3.9270350E+003 5.7415426E+001
3.9377900E+003 5.4747288E+001
3.9495903E+003 5.2204529E+001
3.9625509E+003 4.9781289E+001
3.9768013E+003 4.7471956E+001
3.9789254E+003 4.7153863E+001
3.9789254E+003 4.7153863E+001
3.9789254E+003 8.1645666E+001
3.9789254E+003 8.1645666E+001
3.9844729E+003 7.7843393E+001
3.9905320E+003 7.4218242E+001
3.9971511E+003 7.0762320E+001
4.0043843E+003 6.7468035E+001
4.0122923E+003 6.4328055E+001
4.0209437E+003 6.1335317E+001
4.0304154E+003 5.8483052E+001
4.0407939E+003 5.5764754E+001
4.0521767E+003 5.3174176E+001
4.0646737E+003 5.0705359E+001
4.0784085E+003 4.8352590E+001
4.0935208E+003 4.6110404E+001
4.1101682E+003 4.3973597E+001
4.1285287E+003 4.1937193E+001
4.1488036E+003 3.9996437E+001
4.1712207E+003 3.8146803E+001
4.1960384E+003 3.6383977E+001
4.2235492E+003 3.4703840E+001
4.2540853E+003 3.3102455E+001
4.2880239E+003 3.1576093E+001
4.3257938E+003 3.0121190E+001
4.3678828E+003 2.8734349E+001
4.4148458E+003 2.7412321E+001
4.4673151E+003 2.6152039E+001
4.5260117E+003 2.4950567E+001
4.5917575E+003 2.3805110E+001
4.6225744E+003 2.3325366E+001
4.6225744E+003 2.3325366E+001
4.6225744E+003 1.3160213E+002
4.6225744E+003 1.3160213E+002
4.6247652E+003 1.2551732E+002
4.6271857E+003 1.1970632E+002
4.6298543E+003 1.1415778E+002
4.6327904E+003 1.0886078E+002
4.6360150E+003 1.0380481E+002
4.6395512E+003 9.8979780E+001
4.6434239E+003 9.4375995E+001
4.6476608E+003 8.9984068E+001
4.6522927E+003 8.5794946E+001
4.6573536E+003 8.1799894E+001
4.6628817E+003 7.7990444E+001
4.6689197E+003 7.4358430E+001
4.6755156E+003 7.0895965E+001
4.6827234E+003 6.7595420E+001
4.6906035E+003 6.4449465E+001
4.6992241E+003 6.1451037E+001
4.7086617E+003 5.8593335E+001
4.7190025E+003 5.5869851E+001
4.7303436E+003 5.3274340E+001
4.7427942E+003 5.0800811E+001
4.7564775E+003 4.8443552E+001
4.7715325E+003 4.6197096E+001
4.7881159E+003 4.4056214E+001
4.8064049E+003 4.2015925E+001
4.8265998E+003 4.0071474E+001
4.8489276E+003 3.8218325E+001
4.8736449E+003 3.6452138E+001
4.9010431E+003 3.4768800E+001
4.9314526E+003 3.3164378E+001
4.9652489E+003 3.1635120E+001
5.0028583E+003 3.0177449E+001
5.0447662E+003 2.8787972E+001
5.0525248E+003 2.8552445E+001
5.0525248E+003 2.8552445E+001
5.0525248E+003 7.0761257E+001
5.0525248E+003 7.0761257E+001
5.0597582E+003 6.7467021E+001
5.0676665E+003 6.4327089E+001
5.0763181E+003 6.1334396E+001
5.0857900E+003 5.8482174E+001
5.0961688E+003 5.5763917E+001
5.1075520E+003 5.3173379E+001
5.1200493E+003 5.0704599E+001
5.1337846E+003 4.8351866E+001
5.1488974E+003 4.6109714E+001
5.1655452E+003 4.3972940E+001
5.1839063E+003 4.1936566E+001
5.2041818E+003 3.9995840E+001
5.2265997E+003 3.8146234E+001
5.2514181E+003 3.6383435E+001
5.2789299E+003 3.4703323E+001
5.3094670E+003 3.3101962E+001
5.3434067E+003 3.1575624E+001
5.3811779E+003 3.0120742E+001
5.3903401E+003 2.9798805E+001
5.3903401E+003 2.9798805E+001
5.3903401E+003 1.3632556E+002
5.3903401E+003 1.3632556E+002
5.3923708E+003 1.3002875E+002
5.3946183E+003 1.2401464E+002
5.3971002E+003 1.1827145E+002
5.3998348E+003 1.1278787E+002
5.4028422E+003 1.0755310E+002
5.4061438E+003 1.0255678E+002
5.4097630E+003 9.7788915E+001
5.4137256E+003 9.3239850E+001
5.4180599E+003 8.8900324E+001
5.4227974E+003 8.4761358E+001
5.4279732E+003 8.0814270E+001
5.4336267E+003 7.7050692E+001
5.4398018E+003 7.3462515E+001
5.4465479E+003 7.0041917E+001
5.4539205E+003 6.6781360E+001
5.4619821E+003 6.3673562E+001
5.4708027E+003 6.0711537E+001
5.4804614E+003 5.7888565E+001
5.4910468E+003 5.5198190E+001
5.5026591E+003 5.2634241E+001
5.5154108E+003 5.0190804E+001
5.5294289E+003 4.7862218E+001
5.5448567E+003 4.5643081E+001
5.5618560E+003 4.3528236E+001
5.5806096E+003 4.1512755E+001
5.6013241E+003 3.9591929E+001
5.6242336E+003 3.7761285E+001
5.6496033E+003 3.6016548E+001
5.6777340E+003 3.4353632E+001
5.7089669E+003 3.2768659E+001
5.7436898E+003 3.1257931E+001
5.7823434E+003 2.9817918E+001
5.8254292E+003 2.8445249E+001
5.8735178E+003 2.7136730E+001
5.9272597E+003 2.5889315E+001
5.9873963E+003 2.4700098E+001
6.0547732E+003 2.3566314E+001
6.1303551E+003 2.2485316E+001
6.2152443E+003 2.1454611E+001
6.2600324E+003 2.0971699E+001
6.2600324E+003 2.0971699E+001
6.2600324E+003 9.6294386E+001
6.2600324E+003 9.6294386E+001
6.2641120E+003 9.1814087E+001
6.2685731E+003 8.7540384E+001
6.2734483E+003 8.3464395E+001
6.2787741E+003 7.9577557E+001
6.2845912E+003 7.5871569E+001
6.2909452E+003 7.2338424E+001
6.2978875E+003 6.8970394E+001
6.3054758E+003 6.5760013E+001
6.3137747E+003 6.2700107E+001
6.3228572E+003 5.9783772E+001
6.3328054E+003 5.7004367E+001
6.3437113E+003 5.4355539E+001
6.3556791E+003 5.1831197E+001
6.3688257E+003 4.9425503E+001
6.3832831E+003 4.7132889E+001
6.3992005E+003 4.4948033E+001
6.4167460E+003 4.2865847E+001
6.4361098E+003 4.0881474E+001
6.4575070E+003 3.8990294E+001
6.4811815E+003 3.7187890E+001
6.5074093E+003 3.5470043E+001
6.5365037E+003 3.3832749E+001
6.5688203E+003 3.2272184E+001
6.6047634E+003 3.0784704E+001
6.6447922E+003 2.9366822E+001
6.6894296E+003 2.8015241E+001
6.7392711E+003 2.6726811E+001
6.7949951E+003 2.5498529E+001
6.8573750E+003 2.4327529E+001
6.9272932E+003 2.3211090E+001
7.0057571E+003 2.2146628E+001
7.0939173E+003 2.1131673E+001
7.1930888E+003 2.0163877E+001
7.1941423E+003 2.0154375E+001
7.1941423E+003 2.0154375E+001
7.1941423E+003 1.7115410E+002
7.1941423E+003 1.7115410E+002
7.1953409E+003 1.6330684E+002
7.1966846E+003 1.5580741E+002
7.1981870E+003 1.4864106E+002
7.1998620E+003 1.4179381E+002
7.2017246E+003 1.3525227E+002
7.2037903E+003 1.2900362E+002
7.2060758E+003 1.2303561E+002
7.2085986E+003 1.1733659E+002
7.2113775E+003 1.1189538E+002
7.2144325E+003 1.0670120E+002
7.2177855E+003 1.0174376E+002
7.2214603E+003 9.7013146E+001
7.2254830E+003 9.2499766E+001
7.2298824E+003 8.8194392E+001
7.2346907E+003 8.4088112E+001
7.2399436E+003 8.0172290E+001
7.2456811E+003 7.6438599E+001
7.2519481E+003 7.2878989E+001
7.2587949E+003 6.9485671E+001
7.2662782E+003 6.6251158E+001
7.2744616E+003 6.3168224E+001
7.2834167E+003 6.0229912E+001
7.2932238E+003 5.7429556E+001
7.3039737E+003 5.4760753E+001
7.3157683E+003 5.2217360E+001
7.3287226E+003 4.9793517E+001
7.3429660E+003 4.7483609E+001
7.3586449E+003 4.5282265E+001
7.3759242E+003 4.3184371E+001
7.3949906E+003 4.1185041E+001
7.4160551E+003 3.9279609E+001
7.4393567E+003 3.7463621E+001
7.4651662E+003 3.5732844E+001
7.4937907E+003 3.4083235E+001
7.5037329E+003 3.3563621E+001
7.5037329E+003 3.3563621E+001
7.5037329E+003 7.7144927E+001
7.5037329E+003 7.7144927E+001
7.5098940E+003 7.3552357E+001
7.5166248E+003 7.0127556E+001
7.5239806E+003 6.6862986E+001
7.5320237E+003 6.3751367E+001
7.5408239E+003 6.0785688E+001
7.5504600E+003 5.7959231E+001
7.5610205E+003 5.5265542E+001
7.5726051E+003 5.2698425E+001
7.5853261E+003 5.0251969E+001
7.5993100E+003 4.7920512E+001
7.6146998E+003 4.5698633E+001
7.6316566E+003 4.3581175E+001
7.6503627E+003 4.1563206E+001
7.6710242E+003 3.9640015E+001
7.6938743E+003 3.7807112E+001
7.7191773E+003 3.6060222E+001
7.7472332E+003 3.4395264E+001
7.7783820E+003 3.2808340E+001
7.8130101E+003 3.1295750E+001
7.8515570E+003 2.9853965E+001
7.8945224E+003 2.8479617E+001
7.9424751E+003 2.7169495E+001
7.9960633E+003 2.5920547E+001
8.0000457E+003 2.5834961E+001
8.0000457E+003 2.5834961E+001
8.0000457E+003 6.1972930E+001
8.0000457E+003 6.1972930E+001
8.0093323E+003 5.9090726E+001
8.0195060E+003 5.6343879E+001
8.0306619E+003 5.3726092E+001
8.0429069E+003 5.1231331E+001
8.0563617E+003 4.8853837E+001
8.0711622E+003 4.6588098E+001
8.0874619E+003 4.4428840E+001
8.1054342E+003 4.2371046E+001
8.1252750E+003 4.0409919E+001
8.1472062E+003 3.8540873E+001
8.1714790E+003 3.6759554E+001
8.1983783E+003 3.5061801E+001
8.2282272E+003 3.3443649E+001
8.2613925E+003 3.1901305E+001
8.2982912E+003 3.0431179E+001
8.3393977E+003 2.9029838E+001
8.3852516E+003 2.7694014E+001
8.4364674E+003 2.6420577E+001
8.4937458E+003 2.5206576E+001
8.5578855E+003 2.4049186E+001
8.6297981E+003 2.2945716E+001
8.7105245E+003 2.1893607E+001
8.8012529E+003 2.0890405E+001
8.9033418E+003 1.9933804E+001
9.0183448E+003 1.9021596E+001
9.1480385E+003 1.8151678E+001
9.1684886E+003 1.8026518E+001
9.1684886E+003 1.8026518E+001
9.1684886E+003 8.6829092E+001
9.1684886E+003 8.6829092E+001
9.1734382E+003 8.2786068E+001
9.1788451E+003 7.8930755E+001
9.1847506E+003 7.5254910E+001
9.1912016E+003 7.1750558E+001
9.1982501E+003 6.8410026E+001
9.2059552E+003 6.5225903E+001
9.2143828E+003 6.2191045E+001
9.2236074E+003 5.9298604E+001
9.2337126E+003 5.6541994E+001
9.2447925E+003 5.3914892E+001
9.2569533E+003 5.1411258E+001
9.2703144E+003 4.9025309E+001
9.2850107E+003 4.6751504E+001
9.3011941E+003 4.4584569E+001
9.3190366E+003 4.2519461E+001
9.3387324E+003 4.0551358E+001
9.3605012E+003 3.8675674E+001
9.3845921E+003 3.6888032E+001
9.4112871E+003 3.5184257E+001
9.4409064E+003 3.3560357E+001
9.4738135E+003 3.2012549E+001
9.5104215E+003 3.0537219E+001
9.5512001E+003 2.9130922E+001
9.5966837E+003 2.7790364E+001
9.6474812E+003 2.6512432E+001
9.7042865E+003 2.5294149E+001
9.7678905E+003 2.4132680E+001
9.8391962E+003 2.3025322E+001
9.9192335E+003 2.1969499E+001
1.0009180E+004 2.0962773E+001
1.0110380E+004 2.0002817E+001
1.0224373E+004 1.9087411E+001
1.0352918E+004 1.8214447E+001
1.0498027E+004 1.7381905E+001
1.0590766E+004 1.6915018E+001
1.0590766E+004 1.6915018E+001
1.0590766E+004 6.8907561E+001
1.0590766E+004 6.8907561E+001
1.0598368E+004 6.5700124E+001
1.0606681E+004 6.2643029E+001
1.0615779E+004 5.9729374E+001
1.0625745E+004 5.6952525E+001
1.0636670E+004 5.4306135E+001
1.0648659E+004 5.1784117E+001
1.0661829E+004 4.9380636E+001
1.0676313E+004 4.7090133E+001
1.0692260E+004 4.4907288E+001
1.0709838E+004 4.2827011E+001
1.0729239E+004 4.0844465E+001
1.0750677E+004 3.8955024E+001
1.0774398E+004 3.7154270E+001
1.0800678E+004 3.5438002E+001
1.0829830E+004 3.3802212E+001
1.0845161E+004 3.3032228E+001
1.0845161E+004 3.3032228E+001
1.0845161E+004 1.3495125E+002
1.0845161E+004 1.3495125E+002
1.0847237E+004 1.2871608E+002
1.0848225E+004 1.2603852E+002
1.0848225E+004 1.2603852E+002
1.0848225E+004 1.5552267E+002
1.0848225E+004 1.5552267E+002
1.0849734E+004 1.4836902E+002
1.0851416E+004 1.4153393E+002
1.0853286E+004 1.3500398E+002
1.0855360E+004 1.2876644E+002
1.0857654E+004 1.2280912E+002
1.0860187E+004 1.1712035E+002
1.0862976E+004 1.1168891E+002
1.0866042E+004 1.0650413E+002
1.0869407E+004 1.0155570E+002
1.0873095E+004 9.6833690E+001
1.0877132E+004 9.2328565E+001
1.0881547E+004 8.8031104E+001
1.0886371E+004 8.3932376E+001
1.0891642E+004 8.0023791E+001
1.0897400E+004 7.6297021E+001
1.0903688E+004 7.2744012E+001
1.0910559E+004 6.9357010E+001
1.0918068E+004 6.6128527E+001
1.0926280E+004 6.3051338E+001
1.0935266E+004 6.0118515E+001
1.0945109E+004 5.7323395E+001
1.0955897E+004 5.4659575E+001
1.0967735E+004 5.2120941E+001
1.0980736E+004 4.9701633E+001
1.0995033E+004 4.7396039E+001
1.1010771E+004 4.5198813E+001
1.1028116E+004 4.3104845E+001
1.1029311E+004 4.2970902E+001
1.1029311E+004 4.2970902E+001
1.1029311E+004 9.8961227E+001
1.1029311E+004 9.8961227E+001
1.1033185E+004 9.4358295E+001
1.1037424E+004 8.9967180E+001
1.1042057E+004 8.5778840E+001
1.1047120E+004 8.1784535E+001
1.1052650E+004 7.7975797E+001
1.1058690E+004 7.4344467E+001
1.1065288E+004 7.0882654E+001
1.1072498E+004 6.7582732E+001
1.1080381E+004 6.4437373E+001
1.1089005E+004 6.1439512E+001
1.1098446E+004 5.8582351E+001
1.1108790E+004 5.5859384E+001
1.1117404E+004 5.3854343E+001
1.1117404E+004 5.3854343E+001
1.1117404E+004 1.3466347E+002
1.1117404E+004 1.3466347E+002
1.1119489E+004 1.2844123E+002
1.1121796E+004 1.2249852E+002
1.1124342E+004 1.1682376E+002
1.1127145E+004 1.1140579E+002
1.1130227E+004 1.0623389E+002
1.1133608E+004 1.0129780E+002
1.1137314E+004 9.6587625E+001
1.1141370E+004 9.2093831E+001
1.1145806E+004 8.7807200E+001
1.1150654E+004 8.3718855E+001
1.1155950E+004 7.9820191E+001
1.1161734E+004 7.6102898E+001
1.1168052E+004 7.2558958E+001
1.1174956E+004 6.9180608E+001
1.1182501E+004 6.5960382E+001
1.1190752E+004 6.2891083E+001
1.1199782E+004 5.9965778E+001
1.1209673E+004 5.7177827E+001
1.1220514E+004 5.4520852E+001
1.1232411E+004 5.1988735E+001
1.1245479E+004 4.9575637E+001
1.1259848E+004 4.7275970E+001
1.1275667E+004 4.5084387E+001
1.1293104E+004 4.2995790E+001
1.1312345E+004 4.1005318E+001
1.1333606E+004 3.9108326E+001
1.1357127E+004 3.7300376E+001
1.1383183E+004 3.5577256E+001
1.1412084E+004 3.3934941E+001
1.1444183E+004 3.2369589E+001
1.1479882E+004 3.0877540E+001
1.1519635E+004 2.9455319E+001
1.1563961E+004 2.8099607E+001
1.1609879E+004 2.6893367E+001
1.1609879E+004 2.6893367E+001
1.1609879E+004 1.7856115E+002
1.1609879E+004 1.7856115E+002
1.1610957E+004 1.7038614E+002
1.1612169E+004 1.6257290E+002
1.1613528E+004 1.5510604E+002
1.1615046E+004 1.4797089E+002
1.1616738E+004 1.4115352E+002
1.1618620E+004 1.3464060E+002
1.1620706E+004 1.2841939E+002
1.1623013E+004 1.2247767E+002
1.1625560E+004 1.1680385E+002
1.1628364E+004 1.1138678E+002
1.1631447E+004 1.0621574E+002
1.1634830E+004 1.0128048E+002
1.1638537E+004 9.6571101E+001
1.1642594E+004 9.2078063E+001
1.1647031E+004 8.7792161E+001
1.1651881E+004 8.3704513E+001
1.1657178E+004 7.9806512E+001
1.1662964E+004 7.6089858E+001
1.1669285E+004 7.2546526E+001
1.1676190E+004 6.9168756E+001
1.1683738E+004 6.5949085E+001
1.1691992E+004 6.2880317E+001
1.1701025E+004 5.9955517E+001
1.1710918E+004 5.7168048E+001
1.1721764E+004 5.4511533E+001
1.1733664E+004 5.1979853E+001
1.1746736E+004 4.9567174E+001
1.1761111E+004 4.7267905E+001
1.1776936E+004 4.5076699E+001
1.1794378E+004 4.2988464E+001
1.1813626E+004 4.0998336E+001
1.1834894E+004 3.9101671E+001
1.1858424E+004 3.7294034E+001
1.1884490E+004 3.5571212E+001
1.1913402E+004 3.3929180E+001
1.1945513E+004 3.2364096E+001
1.1981226E+004 3.0872305E+001
1.2020994E+004 2.9450329E+001
1.2065338E+004 2.8094851E+001
1.2114848E+004 2.6802704E+001
1.2170196E+004 2.5570872E+001
1.2232151E+004 2.4396499E+001
1.2301588E+004 2.3276853E+001
1.2379506E+004 2.2209336E+001
1.2467047E+004 2.1191466E+001
1.2565515E+004 2.0220884E+001
1.2629998E+004 1.9662564E+001
1.2629998E+004 1.9662564E+001
1.2629998E+004 8.8448426E+001
1.2629998E+004 8.8448426E+001
1.2634781E+004 8.4330372E+001
1.2640006E+004 8.0403299E+001
1.2645713E+004 7.6658856E+001
1.2651946E+004 7.3088958E+001
1.2658757E+004 6.9685827E+001
1.2666200E+004 6.6441944E+001
1.2674339E+004 6.3350059E+001
1.2683245E+004 6.0403216E+001
1.2692999E+004 5.7594724E+001
1.2703689E+004 5.4918155E+001
1.2715417E+004 5.2367368E+001
1.2728298E+004 4.9936477E+001
1.2742460E+004 4.7619844E+001
1.2758048E+004 4.5412099E+001
1.2775225E+004 4.3308109E+001
1.2794178E+004 4.1302962E+001
1.2815116E+004 3.9391989E+001
1.2838275E+004 3.7570731E+001
1.2863925E+004 3.5834934E+001
1.2883058E+004 3.4692962E+001
1.2883058E+004 3.4692962E+001
1.2883058E+004 9.3854066E+001
1.2883058E+004 9.3854066E+001
1.2887339E+004 8.9486197E+001
1.2892019E+004 8.5320112E+001
1.2897132E+004 8.1347096E+001
1.2902718E+004 7.7558712E+001
1.2908818E+004 7.3946837E+001
1.2915482E+004 7.0503607E+001
1.2922765E+004 6.7221430E+001
1.2930728E+004 6.4093007E+001
1.2939439E+004 6.1111302E+001
1.2948977E+004 5.8269554E+001
1.2959429E+004 5.5561284E+001
1.2970894E+004 5.2980273E+001
1.2983481E+004 5.0520568E+001
1.2997317E+004 4.8176483E+001
1.3012541E+004 4.5942582E+001
1.3029314E+004 4.3813659E+001
1.3047814E+004 4.1784766E+001
1.3068245E+004 3.9851173E+001
1.3090837E+004 3.8008356E+001
1.3115850E+004 3.6252023E+001
1.3143581E+004 3.4578071E+001
1.3174365E+004 3.2982589E+001
1.3208582E+004 3.1461838E+001
1.3246665E+004 3.0012279E+001
1.3282750E+004 2.8823076E+001
1.3282750E+004 2.8823076E+001
1.3282750E+004 1.3267298E+002
1.3282750E+004 1.3267298E+002
1.3284903E+004 1.2654004E+002
1.3287283E+004 1.2068295E+002
1.3289908E+004 1.1509025E+002
1.3292797E+004 1.0975092E+002
1.3295971E+004 1.0465437E+002
1.3299452E+004 9.9790480E+001
1.3303265E+004 9.5149471E+001
1.3307437E+004 9.0721890E+001
1.3311999E+004 8.6498654E+001
1.3316984E+004 8.2470965E+001
1.3322429E+004 7.8630300E+001
1.3328376E+004 7.4968458E+001
1.3334873E+004 7.1477493E+001
1.3341972E+004 6.8149735E+001
1.3349732E+004 6.4977807E+001
1.3358221E+004 6.1954590E+001
1.3367513E+004 5.9073248E+001
1.3377692E+004 5.6327222E+001
1.3388854E+004 5.3710215E+001
1.3401107E+004 5.1216201E+001
1.3414569E+004 4.8839419E+001
1.3429379E+004 4.6574356E+001
1.3445688E+004 4.4415745E+001
1.3463671E+004 4.2358566E+001
1.3483525E+004 4.0398026E+001
1.3505469E+004 3.8529539E+001
1.3529758E+004 3.6748752E+001
1.3556674E+004 3.5051507E+001
1.3586543E+004 3.3433836E+001
1.3619730E+004 3.1891952E+001
1.3656653E+004 3.0422264E+001
1.3697787E+004 2.9021342E+001
1.3717911E+004 2.8407894E+001
1.3717911E+004 2.8407894E+001
1.3717911E+004 1.6495753E+002
1.3717911E+004 1.6495753E+002
1.3719223E+004 1.5738489E+002
1.3720690E+004 1.5014844E+002
1.3722327E+004 1.4323399E+002
1.3724148E+004 1.3662807E+002
1.3726169E+004 1.3031774E+002
1.3728406E+004 1.2429065E+002
1.3730876E+004 1.1853498E+002
1.3733598E+004 1.1303947E+002
1.3736592E+004 1.0779328E+002
1.3739880E+004 1.0278599E+002
1.3743484E+004 9.8007610E+001
1.3747429E+004 9.3448503E+001
1.3751746E+004 8.9099340E+001
1.3756463E+004 8.4951157E+001
1.3761618E+004 8.0995266E+001
1.3767248E+004 7.7223255E+001
1.3773398E+004 7.3627028E+001
1.3780116E+004 7.0198746E+001
1.3787458E+004 6.6930840E+001
1.3795485E+004 6.3816038E+001
1.3804269E+004 6.0847332E+001
1.3813886E+004 5.8017979E+001
1.3824426E+004 5.5321527E+001
1.3835988E+004 5.2751787E+001
1.3848683E+004 5.0302821E+001
1.3862639E+004 4.7968971E+001
1.3877997E+004 4.5744822E+001
1.3894919E+004 4.3625191E+001
1.3913585E+004 4.1605152E+001
1.3934203E+004 3.9679993E+001
1.3957004E+004 3.7845213E+001
1.3982252E+004 3.6096533E+001
1.4010246E+004 3.4429871E+001
1.4041325E+004 3.2841333E+001
1.4075874E+004 3.1327195E+001
1.4114333E+004 2.9883936E+001
1.4157199E+004 2.8508184E+001
1.4205039E+004 2.7196732E+001
1.4258500E+004 2.5946515E+001
1.4318318E+004 2.4754624E+001
1.4385335E+004 2.3618293E+001
1.4460508E+004 2.2534883E+001
1.4544934E+004 2.1501880E+001
1.4639864E+004 2.0516884E+001
1.4733757E+004 1.9682857E+001
1.4733757E+004 1.9682857E+001
1.4733757E+004 8.3483940E+001
1.4733757E+004 8.3483940E+001
1.4739081E+004 7.9596193E+001
1.4744895E+004 7.5889341E+001
1.4751246E+004 7.2355365E+001
1.4758186E+004 6.8986542E+001
1.4765771E+004 6.5775408E+001
1.4774066E+004 6.2714779E+001
1.4783144E+004 5.9797755E+001
1.4793088E+004 5.7017695E+001
1.4803989E+004 5.4368241E+001
1.4815951E+004 5.1843302E+001
1.4829092E+004 4.9437041E+001
1.4843543E+004 4.7143885E+001
1.4859452E+004 4.4958511E+001
1.4876989E+004 4.2875835E+001
1.4896344E+004 4.0890993E+001
1.4917730E+004 3.8999365E+001
1.4941393E+004 3.7196535E+001
1.4967608E+004 3.5478283E+001
1.4990585E+004 3.4162615E+001
1.4990585E+004 3.4162615E+001
1.4990585E+004 7.6721721E+001
1.4990585E+004 7.6721721E+001
1.4996809E+004 7.3148899E+001
1.5003609E+004 6.9742963E+001
1.5011041E+004 6.6496403E+001
1.5019168E+004 6.3401969E+001
1.5028060E+004 6.0452688E+001
1.5037798E+004 5.7641872E+001
1.5048471E+004 5.4963091E+001
1.5060181E+004 5.2410190E+001
1.5073041E+004 4.9977285E+001
1.5087179E+004 4.7658739E+001
1.5102741E+004 4.5449165E+001
1.5119890E+004 4.3343431E+001
1.5138811E+004 4.1336631E+001
1.5159712E+004 3.9424075E+001
1.5182831E+004 3.7601309E+001
1.5208436E+004 3.5864075E+001
1.5236830E+004 3.4208312E+001
1.5268360E+004 3.2630148E+001
1.5303416E+004 3.1125904E+001
1.5342446E+004 2.9692067E+001
1.5385956E+004 2.8325287E+001
1.5434524E+004 2.7022371E+001
1.5488808E+004 2.5780292E+001
1.5549558E+004 2.4596158E+001
1.5617630E+004 2.3467215E+001
1.5694000E+004 2.2390832E+001
1.5779783E+004 2.1364519E+001
1.5876254E+004 2.0385903E+001
1.5984870E+004 1.9452724E+001
1.6107297E+004 1.8562827E+001
1.6245440E+004 1.7714163E+001
1.6401482E+004 1.6904769E+001
1.6577919E+004 1.6132802E+001
1.6590257E+004 1.6083250E+001
1.6590257E+004 1.6083250E+001
1.6590257E+004 9.4473926E+001
1.6590257E+004 9.4473926E+001
1.6594486E+004 9.0077489E+001
1.6599109E+004 8.5884042E+001
1.6604160E+004 8.1884852E+001
1.6609677E+004 7.8071456E+001
1.6615704E+004 7.4435662E+001
1.6622287E+004 7.0969585E+001
1.6629481E+004 6.7665602E+001
1.6637345E+004 6.4516356E+001
1.6645949E+004 6.1514787E+001
1.6655368E+004 5.8654099E+001
1.6665688E+004 5.5927759E+001
1.6677006E+004 5.3329525E+001
1.6689432E+004 5.0853409E+001
1.6703087E+004 4.8493676E+001
1.6718110E+004 4.6244862E+001
1.6734658E+004 4.4101739E+001
1.6752908E+004 4.2059309E+001
1.6773059E+004 4.0112818E+001
1.6795338E+004 3.8257726E+001
1.6820001E+004 3.6489697E+001
1.6847337E+004 3.4804595E+001
1.6877677E+004 3.3198492E+001
1.6911395E+004 3.1667637E+001
1.6948917E+004 3.0208450E+001
1.6990725E+004 2.8817520E+001
1.7037372E+004 2.7491611E+001
1.7089484E+004 2.6227632E+001
1.7147776E+004 2.5022640E+001
1.7213064E+004 2.3873816E+001
1.7286277E+004 2.2778506E+001
1.7368479E+004 2.1734168E+001
1.7460883E+004 2.0738384E+001
1.7564877E+004 1.9788849E+001
1.7682045E+004 1.8883362E+001
1.7814204E+004 1.8019842E+001
1.7876930E+004 1.7655277E+001
1.7876930E+004 1.7655277E+001
1.7876930E+004 9.5423187E+001
1.7876930E+004 9.5423187E+001
1.7881080E+004 9.0983004E+001
1.7885617E+004 8.6747705E+001
1.7890576E+004 8.2708457E+001
1.7895992E+004 7.8856756E+001
1.7901908E+004 7.5184358E+001
1.7908370E+004 7.1683303E+001
1.7915431E+004 6.8345920E+001
1.7923149E+004 6.5164796E+001
1.7931592E+004 6.2132807E+001
1.7940833E+004 5.9243102E+001
1.7950956E+004 5.6489094E+001
1.7962057E+004 5.3864479E+001
1.7974240E+004 5.1363217E+001
1.7987626E+004 4.8979522E+001
1.8002350E+004 4.6707870E+001
1.8018564E+004 4.4542988E+001
1.8036441E+004 4.2479834E+001
1.8039641E+004 4.2139787E+001
1.8039641E+004 4.2139787E+001
1.8039641E+004 9.4227647E+001
1.8039641E+004 9.4227647E+001
1.8043890E+004 8.9842555E+001
1.8048536E+004 8.5659985E+001
1.8053611E+004 8.1671190E+001
1.8059156E+004 7.7867728E+001
1.8065211E+004 7.4241442E+001
1.8071827E+004 7.0784436E+001
1.8079055E+004 6.7489114E+001
1.8086959E+004 6.4348146E+001
1.8095605E+004 6.1354465E+001
1.8105071E+004 5.8501300E+001
1.8115443E+004 5.5782144E+001
1.8126819E+004 5.3190748E+001
1.8139309E+004 5.0721151E+001
1.8153035E+004 4.8367640E+001
1.8168138E+004 4.6124747E+001
1.8184774E+004 4.3987265E+001
1.8203123E+004 4.1950218E+001
1.8223385E+004 4.0008854E+001
1.8245787E+004 3.8158637E+001
1.8270588E+004 3.6395255E+001
1.8298080E+004 3.4714588E+001
1.8328595E+004 3.3112701E+001
1.8362510E+004 3.1585858E+001
1.8400254E+004 3.0130497E+001
1.8427714E+004 2.9198683E+001
1.8427714E+004 2.9198683E+001
1.8427714E+004 9.7405616E+001
1.8427714E+004 9.7405616E+001
1.8431706E+004 9.2874174E+001
1.8436072E+004 8.8551520E+001
1.8440845E+004 8.4428704E+001
1.8446058E+004 8.0497060E+001
1.8451753E+004 7.6748248E+001
1.8457973E+004 7.3174188E+001
1.8464769E+004 6.9767069E+001
1.8472196E+004 6.6519379E+001
1.8480317E+004 6.3423871E+001
1.8489204E+004 6.0473561E+001
1.8498936E+004 5.7661764E+001
1.8509602E+004 5.4982052E+001
1.8521303E+004 5.2428260E+001
1.8534155E+004 4.9994504E+001
1.8548283E+004 4.7675150E+001
1.8563834E+004 4.5464804E+001
1.8577941E+004 4.3707591E+001
1.8577941E+004 4.3707591E+001
1.8577941E+004 9.2203837E+001
1.8577941E+004 9.2203837E+001
1.8582366E+004 8.7912126E+001
1.8587203E+004 8.3818915E+001
1.8592488E+004 7.9915605E+001
1.8598259E+004 7.6193864E+001
1.8604564E+004 7.2645674E+001
1.8611451E+004 6.9263275E+001
1.8618980E+004 6.6039174E+001
1.8627213E+004 6.2966178E+001
1.8636222E+004 6.0037355E+001
1.8646090E+004 5.7246039E+001
1.8656907E+004 5.4585857E+001
1.8668776E+004 5.2050691E+001
1.8681812E+004 4.9634678E+001
1.8696147E+004 4.7332234E+001
1.8711929E+004 4.5138010E+001
1.8729322E+004 4.3046892E+001
1.8748516E+004 4.1054017E+001
1.8769723E+004 3.9154736E+001
1.8793184E+004 3.7344616E+001
1.8819173E+004 3.5619418E+001
1.8847999E+004 3.3975123E+001
1.8880013E+004 3.2407889E+001
1.8915616E+004 3.0914053E+001
1.8955262E+004 2.9490121E+001
1.8999467E+004 2.8132778E+001
1.9048819E+004 2.6838860E+001
1.9103991E+004 2.5605351E+001
1.9165745E+004 2.4429367E+001
1.9234954E+004 2.3308186E+001
1.9312614E+004 2.2239206E+001
1.9399862E+004 2.1219949E+001
1.9497997E+004 2.0248055E+001
1.9608504E+004 1.9321266E+001
1.9733081E+004 1.8437455E+001
1.9768186E+004 1.8212426E+001
1.9768186E+004 1.8212426E+001
1.9768186E+004 9.8749751E+001
1.9768186E+004 9.8749751E+001
1.9772075E+004 9.4156521E+001
1.9776331E+004 8.9774712E+001
1.9780983E+004 8.5595284E+001
1.9786066E+004 8.1609487E+001
1.9791618E+004 7.7808898E+001
1.9797682E+004 7.4185357E+001
1.9804306E+004 7.0730973E+001
1.9811546E+004 6.7438156E+001
1.9819460E+004 6.4299577E+001
1.9828119E+004 6.1308177E+001
1.9837598E+004 5.8457187E+001
1.9847986E+004 5.5740103E+001
1.9859378E+004 5.3150685E+001
1.9871886E+004 5.0682973E+001
1.9885633E+004 4.8331258E+001
1.9900759E+004 4.6090075E+001
1.9917422E+004 4.3954224E+001
1.9935799E+004 4.1918731E+001
1.9956093E+004 3.9978839E+001
1.9978531E+004 3.8130033E+001
2.0003372E+004 3.6367995E+001
2.0030909E+004 3.4688606E+001
2.0061475E+004 3.3087936E+001
2.0095447E+004 3.1562255E+001
2.0133255E+004 3.0108001E+001
2.0175387E+004 2.8721775E+001
2.0222398E+004 2.7400336E+001
2.0274922E+004 2.6140615E+001
2.0333680E+004 2.4939677E+001
2.0399495E+004 2.3794729E+001
2.0440664E+004 2.3162453E+001
2.0440664E+004 2.3162453E+001
2.0440664E+004 7.6447670E+001
2.0440664E+004 7.6447670E+001
2.0446929E+004 7.2887636E+001
2.0453775E+004 6.9493915E+001
2.0461256E+004 6.6259015E+001
2.0469438E+004 6.3175713E+001
2.0478391E+004 6.0237049E+001
2.0488196E+004 5.7436357E+001
2.0498943E+004 5.4767235E+001
2.0499616E+004 5.4611786E+001
2.0499616E+004 5.4611786E+001
2.0499616E+004 7.7316591E+001
2.0499616E+004 7.7316591E+001
2.0505751E+004 7.3716006E+001
2.0512454E+004 7.0283562E+001
2.0519780E+004 6.7011691E+001
2.0527789E+004 6.3893096E+001
2.0536553E+004 6.0920771E+001
2.0546148E+004 5.8087973E+001
2.0556663E+004 5.5388230E+001
2.0568198E+004 5.2815352E+001
2.0580863E+004 5.0363402E+001
2.0594785E+004 4.8026703E+001
2.0610106E+004 4.5799838E+001
2.0626986E+004 4.3677629E+001
2.0645606E+004 4.1655124E+001
2.0666171E+004 3.9727615E+001
2.0688914E+004 3.7890605E+001
2.0714096E+004 3.6139795E+001
2.0742016E+004 3.4471101E+001
2.0773013E+004 3.2880628E+001
2.0807470E+004 3.1364660E+001
2.0845823E+004 2.9919644E+001
2.0888570E+004 2.8542220E+001
2.0936277E+004 2.7229175E+001
2.0989587E+004 2.5977448E+001
2.1049234E+004 2.4784120E+001
2.1116057E+004 2.3646411E+001
2.1191011E+004 2.2561688E+001
2.1275188E+004 2.1527436E+001
2.1369835E+004 2.0541257E+001
2.1410454E+004 2.0162749E+001
2.1410454E+004 2.0162749E+001
2.1410454E+004 7.4730031E+001
2.1410454E+004 7.4730031E+001
2.1416989E+004 7.1250203E+001
2.1424131E+004 6.7933084E+001
2.1431937E+004 6.4771304E+001
2.1440477E+004 6.1757776E+001
2.1449825E+004 5.8885675E+001
2.1460067E+004 5.6148458E+001
2.1471299E+004 5.3539853E+001
2.1483628E+004 5.1053847E+001
2.1497176E+004 4.8684693E+001
2.1512081E+004 4.6426902E+001
2.1528497E+004 4.4275225E+001
2.1546598E+004 4.2224646E+001
2.1559671E+004 4.0912012E+001
2.1559671E+004 4.0912012E+001
2.1559671E+004 1.1625682E+002
2.1559671E+004 1.1625682E+002
2.1562502E+004 1.1086455E+002
2.1565614E+004 1.0571729E+002
2.1569028E+004 1.0080480E+002
2.1572768E+004 9.6117236E+001
2.1576862E+004 9.1645088E+001
2.1581338E+004 8.7379185E+001
2.1586230E+004 8.3310673E+001
2.1591574E+004 7.9430971E+001
2.1597411E+004 7.5731812E+001
2.1603787E+004 7.2205197E+001
2.1610753E+004 6.8843392E+001
2.1618367E+004 6.5638962E+001
2.1626695E+004 6.2584738E+001
2.1635810E+004 5.9673812E+001
2.1645793E+004 5.6899575E+001
2.1656738E+004 5.4255675E+001
2.1668749E+004 5.1736021E+001
2.1681944E+004 4.9334803E+001
2.1696455E+004 4.7046456E+001
2.1701916E+004 4.6263057E+001
2.1701916E+004 4.6263057E+001
2.1701916E+004 1.2501232E+002
2.1701916E+004 1.2501232E+002
2.1704357E+004 1.1922412E+002
2.1707048E+004 1.1369739E+002
2.1710008E+004 1.0842130E+002
2.1713258E+004 1.0338538E+002
2.1716822E+004 9.8579549E+001
2.1720724E+004 9.3994149E+001
2.1724994E+004 8.9619834E+001
2.1729661E+004 8.5447560E+001
2.1734760E+004 8.1468624E+001
2.1740329E+004 7.7674595E+001
2.1746413E+004 7.4057310E+001
2.1753059E+004 7.0608915E+001
2.1760321E+004 6.7321813E+001
2.1768262E+004 6.4188681E+001
2.1776949E+004 6.1202487E+001
2.1786460E+004 5.8356460E+001
2.1796882E+004 5.5644104E+001
2.1808313E+004 5.3059200E+001
2.1820863E+004 5.0595789E+001
2.1834658E+004 4.8248166E+001
2.1849836E+004 4.6010892E+001
2.1866558E+004 4.3878766E+001
2.1885001E+004 4.1846811E+001
2.1905368E+004 3.9910301E+001
2.1927888E+004 3.8064716E+001
2.1952822E+004 3.6305737E+001
2.1980463E+004 3.4629262E+001
2.2011145E+004 3.3031378E+001
2.2045249E+004 3.1508350E+001
2.2048572E+004 3.1371395E+001
2.2048572E+004 3.1371395E+001
2.2048572E+004 8.5101733E+001
2.2048572E+004 8.5101733E+001
2.2053710E+004 8.1138846E+001
2.2059322E+004 7.7360162E+001
2.2065451E+004 7.3757542E+001
2.2072147E+004 7.0323155E+001
2.2079465E+004 6.7049432E+001
2.2087466E+004 6.3929067E+001
2.2096220E+004 6.0955053E+001
2.2105805E+004 5.8120647E+001
2.2116309E+004 5.5419368E+001
2.2127830E+004 5.2845026E+001
2.2140482E+004 5.0391683E+001
2.2154388E+004 4.8053653E+001
2.2169691E+004 4.5825520E+001
2.2186552E+004 4.3702103E+001
2.2205150E+004 4.1678447E+001
2.2225691E+004 3.9749842E+001
2.2248407E+004 3.7911788E+001
2.2273559E+004 3.6159991E+001
2.2301445E+004 3.4490349E+001
2.2332403E+004 3.2898972E+001
2.2366816E+004 3.1382143E+001
2.2405121E+004 2.9936317E+001
2.2447813E+004 2.8558112E+001
2.2495457E+004 2.7244323E+001
2.2548697E+004 2.5991887E+001
2.2608265E+004 2.4797889E+001
2.2674998E+004 2.3659539E+001
2.2749850E+004 2.2574203E+001
2.2833910E+004 2.1539367E+001
2.2928425E+004 2.0552632E+001
2.3034818E+004 1.9611719E+001
2.3154715E+004 1.8714448E+001
2.3289979E+004 1.7858752E+001
2.3303660E+004 1.7779433E+001
2.3303660E+004 1.7779433E+001
2.3303660E+004 1.3030331E+002
2.3303660E+004 1.3030331E+002
2.3305898E+004 1.2427687E+002
2.3308369E+004 1.1852182E+002
2.3311092E+004 1.1302691E+002
2.3314086E+004 1.0778129E+002
2.3317374E+004 1.0277454E+002
2.3320979E+004 9.7996692E+001
2.3324926E+004 9.3438087E+001
2.3329243E+004 8.9089405E+001
2.3333961E+004 8.4941682E+001
2.3339117E+004 8.0986232E+001
2.3344748E+004 7.7214642E+001
2.3350899E+004 7.3618817E+001
2.3357619E+004 7.0190919E+001
2.3364962E+004 6.6923380E+001
2.3372991E+004 6.3808928E+001
2.3381777E+004 6.0840555E+001
2.3391396E+004 5.8011520E+001
2.3401938E+004 5.5315372E+001
2.3413502E+004 5.2745920E+001
2.3426201E+004 5.0297230E+001
2.3440159E+004 4.7963644E+001
2.3455521E+004 4.5739745E+001
2.3472447E+004 4.3620354E+001
2.3491118E+004 4.1600541E+001
2.3511740E+004 3.9675599E+001
2.3534546E+004 3.7841025E+001
2.3559800E+004 3.6092541E+001
2.3587801E+004 3.4426067E+001
2.3618888E+004 3.2837707E+001
2.3653446E+004 3.1323740E+001
2.3691914E+004 2.9880642E+001
2.3696344E+004 2.9727624E+001
2.3696344E+004 2.9727624E+001
2.3696344E+004 1.2736586E+002
2.3696344E+004 1.2736586E+002
2.3698692E+004 1.2147161E+002
2.3701282E+004 1.1584323E+002
2.3704133E+004 1.1046972E+002
2.3707266E+004 1.0534045E+002
2.3710704E+004 1.0044517E+002
2.3714470E+004 9.5774107E+001
2.3718591E+004 9.1317766E+001
2.3723097E+004 8.7066982E+001
2.3728022E+004 8.3012936E+001
2.3733401E+004 7.9147083E+001
2.3739277E+004 7.5461148E+001
2.3745696E+004 7.1947169E+001
2.3752708E+004 6.8597443E+001
2.3760374E+004 6.5404534E+001
2.3768758E+004 6.2361302E+001
2.3777935E+004 5.9460872E+001
2.3787987E+004 5.6696634E+001
2.3799008E+004 5.4062269E+001
2.3811104E+004 5.1551712E+001
2.3824393E+004 4.9159156E+001
2.3839008E+004 4.6879063E+001
2.3855102E+004 4.4706137E+001
2.3872844E+004 4.2635311E+001
2.3892428E+004 4.0661769E+001
2.3914071E+004 3.8780905E+001
2.3938022E+004 3.6988324E+001
2.3964559E+004 3.5279838E+001
2.3994001E+004 3.3651463E+001
2.4026709E+004 3.2099392E+001
2.4063092E+004 3.0619993E+001
2.4103618E+004 2.9209817E+001
2.4148816E+004 2.7865577E+001
2.4199290E+004 2.6584138E+001
2.4255730E+004 2.5362511E+001
2.4318921E+004 2.4197848E+001
2.4342567E+004 2.3805493E+001
2.4342567E+004 2.3805493E+001
2.4342567E+004 1.3117273E+002
2.4342567E+004 1.3117273E+002
2.4344773E+004 1.2510720E+002
2.4347210E+004 1.1931473E+002
2.4349896E+004 1.1378390E+002
2.4352852E+004 1.0850387E+002
2.4356097E+004 1.0346418E+002
2.4359656E+004 9.8654744E+001
2.4363553E+004 9.4065885E+001
2.4367816E+004 8.9688259E+001
2.4372476E+004 8.5512820E+001
2.4377568E+004 8.1530853E+001
2.4383130E+004 7.7733926E+001
2.4389205E+004 7.4113872E+001
2.4395841E+004 7.0662831E+001
2.4403093E+004 6.7373205E+001
2.4411022E+004 6.4237663E+001
2.4419697E+004 6.1249169E+001
2.4429194E+004 5.8400952E+001
2.4439601E+004 5.5686504E+001
2.4451015E+004 5.3099607E+001
2.4463546E+004 5.0634297E+001
2.4477320E+004 4.8284863E+001
2.4492475E+004 4.6045863E+001
2.4509170E+004 4.3912091E+001
2.4527584E+004 4.1878572E+001
2.4547919E+004 3.9940569E+001
2.4570403E+004 3.8093561E+001
2.4595296E+004 3.6333236E+001
2.4622891E+004 3.4655471E+001
2.4653522E+004 3.3056356E+001
2.4687567E+004 3.1532157E+001
2.4725457E+004 3.0079313E+001
2.4767682E+004 2.8694421E+001
2.4814798E+004 2.7374263E+001
2.4867440E+004 2.6115762E+001
2.4926332E+004 2.4915986E+001
2.4992300E+004 2.3772135E+001
2.5066284E+004 2.2681558E+001
2.5149360E+004 2.1641728E+001
2.5242757E+004 2.0650238E+001
2.5347879E+004 1.9704794E+001
2.5466331E+004 1.8803210E+001
2.5599950E+004 1.7943401E+001
2.5750838E+004 1.7123403E+001
2.5921401E+004 1.6341333E+001
2.6028495E+004 1.5910435E+001
2.6028495E+004 1.5910435E+001
2.6028495E+004 4.8798587E+001
2.6028495E+004 4.8798587E+001
2.6043329E+004 4.6535438E+001
2.6059667E+004 4.4378658E+001
2.6077681E+004 4.2323224E+001
2.6097569E+004 4.0364338E+001
2.6119553E+004 3.8497434E+001
2.6143885E+004 3.6718155E+001
2.6170851E+004 3.5022347E+001
2.6185160E+004 3.4216629E+001
2.6185160E+004 3.4216629E+001
2.6185160E+004 8.2675986E+001
2.6185160E+004 8.2675986E+001
2.6190581E+004 7.8825796E+001
2.6196501E+004 7.5154835E+001
2.6202968E+004 7.1655160E+001
2.6210034E+004 6.8319094E+001
2.6217758E+004 6.5139225E+001
2.6226207E+004 6.2108436E+001
2.6235455E+004 5.9219876E+001
2.6245586E+004 5.6466957E+001
2.6256694E+004 5.3843383E+001
2.6268887E+004 5.1343114E+001
2.6282284E+004 4.8960361E+001
2.6297019E+004 4.6689611E+001
2.6313246E+004 4.4525588E+001
2.6331138E+004 4.2463247E+001
2.6350888E+004 4.0497784E+001
2.6372719E+004 3.8624618E+001
2.6383906E+004 3.7762500E+001
2.6383906E+004 3.7762500E+001
2.6383906E+004 8.1652904E+001
2.6383906E+004 8.1652904E+001
2.6389453E+004 7.7850293E+001
2.6395511E+004 7.4224821E+001
2.6402129E+004 7.0768591E+001
2.6409361E+004 6.7474012E+001
2.6417268E+004 6.4333752E+001
2.6425918E+004 6.1340746E+001
2.6435388E+004 5.8488226E+001
2.6445764E+004 5.5769685E+001
2.6457145E+004 5.3178875E+001
2.6469640E+004 5.0709837E+001
2.6483372E+004 4.8356858E+001
2.6498482E+004 4.6114471E+001
2.6515126E+004 4.3977472E+001
2.6533484E+004 4.1940886E+001
2.6553755E+004 3.9999958E+001
2.6576168E+004 3.8150159E+001
2.6600981E+004 3.6387175E+001
2.6628486E+004 3.4706887E+001
2.6659016E+004 3.3105359E+001
2.6692948E+004 3.1578861E+001
2.6730710E+004 3.0123828E+001
2.6772791E+004 2.8736863E+001
2.6819744E+004 2.7414719E+001
2.6872203E+004 2.6154325E+001
2.6930887E+004 2.4952746E+001
2.6996619E+004 2.3807188E+001
2.7070336E+004 2.2714988E+001
2.7153110E+004 2.1673599E+001
2.7246163E+004 2.0680623E+001
2.7304357E+004 2.0133677E+001
2.7304357E+004 2.0133677E+001
2.7304357E+004 8.9054646E+001
2.7304357E+004 8.9054646E+001
2.7309079E+004 8.4908534E+001
2.7314238E+004 8.0954623E+001
2.7319874E+004 7.7184506E+001
2.7326029E+004 7.3590087E+001
2.7332753E+004 7.0163530E+001
2.7340102E+004 6.6897274E+001
2.7348137E+004 6.3784046E+001
2.7356929E+004 6.0816837E+001
2.7366556E+004 5.7988916E+001
2.7377106E+004 5.5293831E+001
2.7388679E+004 5.2725388E+001
2.7401387E+004 5.0277663E+001
2.7415357E+004 4.7944998E+001
2.7430730E+004 4.5721973E+001
2.7447669E+004 4.3603417E+001
2.7466356E+004 4.1584402E+001
2.7486995E+004 3.9660218E+001
2.7509820E+004 3.7826365E+001
2.7535095E+004 3.6078571E+001
2.7563120E+004 3.4412752E+001
2.7594233E+004 3.2825015E+001
2.7628822E+004 3.1311643E+001
2.7655311E+004 3.0293778E+001
2.7655311E+004 3.0293778E+001
2.7655311E+004 9.2728173E+001
2.7655311E+004 9.2728173E+001
2.7659690E+004 8.8412265E+001
2.7664476E+004 8.4295885E+001
2.7669705E+004 8.0370415E+001
2.7671658E+004 7.9029430E+001
2.7671658E+004 7.9029430E+001
2.7671658E+004 1.5673252E+002
2.7671658E+004 1.5673252E+002
2.7673140E+004 1.4952510E+002
2.7674792E+004 1.4263842E+002
2.7676631E+004 1.3605911E+002
2.7678670E+004 1.2977427E+002
2.7680927E+004 1.2377163E+002
2.7683419E+004 1.1803937E+002
2.7686164E+004 1.1256630E+002
2.7689183E+004 1.0734163E+002
2.7692498E+004 1.0235495E+002
2.7696130E+004 9.7596312E+001
2.7700108E+004 9.3056114E+001
2.7704458E+004 8.8725059E+001
2.7709213E+004 8.4594201E+001
2.7714408E+004 8.0654881E+001
2.7720082E+004 7.6898715E+001
2.7726280E+004 7.3317628E+001
2.7733051E+004 6.9903809E+001
2.7740451E+004 6.6649712E+001
2.7748542E+004 6.3548089E+001
2.7757396E+004 6.0591956E+001
2.7767091E+004 5.7774594E+001
2.7777717E+004 5.5089577E+001
2.7789374E+004 5.2530736E+001
2.7802175E+004 5.0092160E+001
2.7816249E+004 4.7768211E+001
2.7831739E+004 4.5553497E+001
2.7848807E+004 4.3442856E+001
2.7867637E+004 4.1431381E+001
2.7888438E+004 3.9514381E+001
2.7911444E+004 3.7687380E+001
2.7936921E+004 3.5946104E+001
2.7965173E+004 3.4286493E+001
2.7996543E+004 3.2704672E+001
2.8031419E+004 3.1196939E+001
2.8070246E+004 2.9759773E+001
2.8113527E+004 2.8389825E+001
2.8161836E+004 2.7083901E+001
2.8215828E+004 2.5838957E+001
2.8276246E+004 2.4652080E+001
2.8343942E+004 2.3520525E+001
2.8419887E+004 2.2441664E+001
2.8430957E+004 2.2297696E+001
2.8430957E+004 2.2297696E+001
2.8430957E+004 7.2188022E+001
2.8430957E+004 7.2188022E+001
2.8437926E+004 6.8827021E+001
2.8445544E+004 6.5623359E+001
2.8453876E+004 6.2569867E+001
2.8462994E+004 5.9659640E+001
2.8472982E+004 5.6886068E+001
2.8483932E+004 5.4242804E+001
2.8495949E+004 5.1723755E+001
2.8509150E+004 4.9323114E+001
2.8523668E+004 4.7035318E+001
2.8539653E+004 4.4855042E+001
2.8557273E+004 4.2777222E+001
2.8576721E+004 4.0797017E+001
2.8598212E+004 3.8909801E+001
2.8621992E+004 3.7111169E+001
2.8648338E+004 3.5396925E+001
2.8677566E+004 3.3763064E+001
2.8710032E+004 3.2205757E+001
2.8746143E+004 3.0721379E+001
2.8786362E+004 2.9306465E+001
2.8831213E+004 2.7957711E+001
2.8881297E+004 2.6671965E+001
2.8937294E+004 2.5446235E+001
2.8999984E+004 2.4277672E+001
2.9070253E+004 2.3163562E+001
2.9149116E+004 2.2101317E+001
2.9237728E+004 2.1088463E+001
2.9318896E+004 2.0289298E+001
2.9318896E+004 2.0289298E+001
2.9318896E+004 8.4935794E+001
2.9318896E+004 8.4935794E+001
2.9324052E+004 8.0980617E+001
2.9329684E+004 7.7209289E+001
2.9335835E+004 7.3613713E+001
2.9342556E+004 7.0186054E+001
2.9349900E+004 6.6918743E+001
2.9357931E+004 6.3804509E+001
2.9366717E+004 6.0836342E+001
2.9376338E+004 5.8007505E+001
2.9378269E+004 5.7483262E+001
2.9378269E+004 5.7483262E+001
2.9378269E+004 8.2823785E+001
2.9378269E+004 8.2823785E+001
2.9383672E+004 7.8966717E+001
2.9389572E+004 7.5289195E+001
2.9396018E+004 7.1783245E+001
2.9403060E+004 6.8441182E+001
2.9410759E+004 6.5255598E+001
2.9419179E+004 6.2219348E+001
2.9428396E+004 5.9325577E+001
2.9438492E+004 5.6567699E+001
2.9449562E+004 5.3939388E+001
2.9461712E+004 5.1434603E+001
2.9475061E+004 4.9047555E+001
2.9489744E+004 4.6772706E+001
2.9505913E+004 4.4604774E+001
2.9523738E+004 4.2538715E+001
2.9543415E+004 4.0569714E+001
2.9565163E+004 3.8693167E+001
2.9589231E+004 3.6904703E+001
2.9615899E+004 3.5200145E+001
2.9645489E+004 3.3575502E+001
2.9678363E+004 3.2026984E+001
2.9714933E+004 3.0550977E+001
2.9755670E+004 2.9144035E+001
2.9801106E+004 2.7802868E+001
2.9851849E+004 2.6524351E+001
2.9908594E+004 2.5305511E+001
2.9972129E+004 2.4143511E+001
3.0043356E+004 2.3035651E+001
3.0123305E+004 2.1979348E+001
3.0213150E+004 2.0972163E+001
3.0314237E+004 2.0011769E+001
3.0428099E+004 1.9095947E+001
3.0556496E+004 1.8222586E+001
3.0564333E+004 1.8173557E+001
3.0564333E+004 1.8173557E+001
3.0564333E+004 7.3848620E+001
3.0564333E+004 7.3848620E+001
3.0571014E+004 7.0409973E+001
3.0578315E+004 6.7132182E+001
3.0586297E+004 6.4007946E+001
3.0595031E+004 6.1030228E+001
3.0604593E+004 5.8192289E+001
3.0615072E+004 5.5487651E+001
3.0626566E+004 5.2910097E+001
3.0639187E+004 5.0453693E+001
3.0653059E+004 4.8112755E+001
3.0668324E+004 4.5881842E+001
3.0685142E+004 4.3755776E+001
3.0703693E+004 4.1729606E+001
3.0724181E+004 3.9798596E+001
3.0746837E+004 3.7958250E+001
3.0771922E+004 3.6204271E+001
3.0799734E+004 3.4532560E+001
3.0830608E+004 3.2939202E+001
3.0864926E+004 3.1420487E+001
3.0903124E+004 2.9972866E+001
3.0945696E+004 2.8592961E+001
3.0993205E+004 2.7277540E+001
3.1046291E+004 2.6023550E+001
3.1105685E+004 2.4828072E+001
3.1172221E+004 2.3688324E+001
3.1246849E+004 2.2601652E+001
3.1330657E+004 2.1565535E+001
3.1424884E+004 2.0577581E+001
3.1530949E+004 1.9635506E+001
3.1650475E+004 1.8737135E+001
3.1738433E+004 1.8160810E+001
3.1738433E+004 1.8160810E+001
3.1738433E+004 8.5431107E+001
3.1738433E+004 8.5431107E+001
3.1743534E+004 8.1452936E+001
3.1749106E+004 7.7659635E+001
3.1755192E+004 7.4043049E+001
3.1761840E+004 7.0595320E+001
3.1769105E+004 6.7308852E+001
3.1777048E+004 6.4176328E+001
3.1785738E+004 6.1190714E+001
3.1795253E+004 5.8345238E+001
3.1805679E+004 5.5633409E+001
3.1817114E+004 5.3049009E+001
3.1829669E+004 5.0586074E+001
3.1843469E+004 4.8238908E+001
3.1858653E+004 4.6002070E+001
3.1875381E+004 4.3870357E+001
3.1893832E+004 4.1838798E+001
3.1914207E+004 3.9902665E+001
3.1936737E+004 3.8057439E+001
3.1961681E+004 3.6298800E+001
3.1989333E+004 3.4622651E+001
3.2020029E+004 3.3025076E+001
3.2054147E+004 3.1502345E+001
3.2072051E+004 3.0787957E+001
3.2072051E+004 3.0787957E+001
3.2072051E+004 8.0185315E+001
3.2072051E+004 8.0185315E+001
3.2077787E+004 7.6451017E+001
3.2084052E+004 7.2890826E+001
3.2090896E+004 6.9496957E+001
3.2098378E+004 6.6261914E+001
3.2106558E+004 6.3178476E+001
3.2115511E+004 6.0239682E+001
3.2125315E+004 5.7438867E+001
3.2136061E+004 5.4769626E+001
3.2147852E+004 5.2225816E+001
3.2160802E+004 4.9801575E+001
3.2175041E+004 4.7491288E+001
3.2190715E+004 4.5289585E+001
3.2207988E+004 4.3191347E+001
3.2227048E+004 4.1191689E+001
3.2248106E+004 3.9285946E+001
3.2271399E+004 3.7469660E+001
3.2285327E+004 3.6500835E+001
3.2285327E+004 3.6500835E+001
3.2285327E+004 7.1960343E+001
3.2285327E+004 7.1960343E+001
3.2292337E+004 6.8610000E+001
3.2300000E+004 6.5416502E+001
3.2308381E+004 6.2372708E+001
3.2311775E+004 6.1249613E+001
3.2311775E+004 6.1249613E+001
3.2311775E+004 1.0041545E+002
3.2311775E+004 1.0041545E+002
3.2315543E+004 9.5745752E+001
3.2319667E+004 9.1290718E+001
3.2324176E+004 8.7041185E+001
3.2329103E+004 8.2988336E+001
3.2334486E+004 7.9123627E+001
3.2340365E+004 7.5438787E+001
3.2346787E+004 7.1925853E+001
3.2353803E+004 6.8577123E+001
3.2361473E+004 6.5385166E+001
3.2369862E+004 6.2342843E+001
3.2379044E+004 5.9443278E+001
3.2389102E+004 5.6679867E+001
3.2400129E+004 5.4046290E+001
3.2412232E+004 5.1536482E+001
3.2425529E+004 4.9144642E+001
3.2440153E+004 4.6865232E+001
3.2456256E+004 4.4692957E+001
3.2474010E+004 4.2622751E+001
3.2493605E+004 4.0649799E+001
3.2515262E+004 3.8769498E+001
3.2539228E+004 3.6977448E+001
3.2565782E+004 3.5269474E+001
3.2595243E+004 3.3641584E+001
3.2627973E+004 3.2089978E+001
3.2664380E+004 3.0611017E+001
3.2704933E+004 2.9201262E+001
3.2750162E+004 2.7857422E+001
3.2800671E+004 2.6576365E+001
3.2857151E+004 2.5355097E+001
3.2920386E+004 2.4190780E+001
3.2991273E+004 2.3080713E+001
3.3070837E+004 2.2022319E+001
3.3160245E+004 2.1013146E+001
3.3260834E+004 2.0050849E+001
3.3374132E+004 1.9133209E+001
3.3501884E+004 1.8258114E+001
3.3646092E+004 1.7423553E+001
3.3809043E+004 1.6627609E+001
3.3960014E+004 1.5995614E+001
3.3960014E+004 1.5995614E+001
3.3960014E+004 7.9753697E+001
3.3960014E+004 7.9753697E+001
3.3965807E+004 7.6039504E+001
3.3972136E+004 7.2498525E+001
3.3979049E+004 6.9123001E+001
3.3986606E+004 6.5905476E+001
3.3994871E+004 6.2838754E+001
3.4003915E+004 5.9915906E+001
3.4013821E+004 5.7130299E+001
3.4024681E+004 5.4475558E+001
3.4036597E+004 5.1945571E+001
3.4049686E+004 4.9534504E+001
3.4064079E+004 4.7236772E+001
3.4079925E+004 4.5047029E+001
3.4097391E+004 4.2960190E+001
3.4116666E+004 4.0971391E+001
3.4137964E+004 3.9075984E+001
3.4161527E+004 3.7269554E+001
3.4187630E+004 3.5547882E+001
3.4216584E+004 3.3906945E+001
3.4248743E+004 3.2342899E+001
3.4284508E+004 3.0852103E+001
3.4324336E+004 2.9431074E+001
3.4368747E+004 2.8076497E+001
3.4418333E+004 2.6785200E+001
3.4473768E+004 2.5554188E+001
3.4535821E+004 2.4380594E+001
3.4605368E+004 2.3261691E+001
3.4683412E+004 2.2194879E+001
3.4771095E+004 2.1177675E+001
3.4869724E+004 2.0207736E+001
3.4980793E+004 1.9282822E+001
3.5106010E+004 1.8400798E+001
3.5247331E+004 1.7559636E+001
3.5406992E+004 1.6757398E+001
3.5587556E+004 1.5992239E+001
3.5636108E+004 1.5806427E+001
3.5636108E+004 1.5806427E+001
3.5636108E+004 8.6059934E+001
3.5636108E+004 8.6059934E+001
3.5641140E+004 8.2052585E+001
3.5646637E+004 7.8231380E+001
3.5652641E+004 7.4588136E+001
3.5659199E+004 7.1114932E+001
3.5666365E+004 6.7804142E+001
3.5674200E+004 6.4648409E+001
3.5682771E+004 6.1640641E+001
3.5692153E+004 5.8774039E+001
3.5702432E+004 5.6042070E+001
3.5713706E+004 5.3438460E+001
3.5726081E+004 5.0957219E+001
3.5739680E+004 4.8592611E+001
3.5754642E+004 4.6339145E+001
3.5771122E+004 4.4191588E+001
3.5789294E+004 4.2144941E+001
3.5809360E+004 4.0194433E+001
3.5825495E+004 3.8813517E+001
3.5825495E+004 3.8813517E+001
3.5825495E+004 7.0653279E+001
3.5825495E+004 7.0653279E+001
3.5832749E+004 6.7364101E+001
3.5840680E+004 6.4228986E+001
3.5849356E+004 6.1240899E+001
3.5858856E+004 5.8393071E+001
3.5869265E+004 5.5678993E+001
3.5880682E+004 5.3092449E+001
3.5893217E+004 5.0627476E+001
3.5906994E+004 4.8278363E+001
3.5922154E+004 4.6039668E+001
3.5938854E+004 4.3906189E+001
3.5957273E+004 4.1872945E+001
3.5977613E+004 3.9935207E+001
3.6000104E+004 3.8088451E+001
3.6025004E+004 3.6328366E+001
3.6052607E+004 3.4650829E+001
3.6083247E+004 3.3051932E+001
3.6117303E+004 3.1527940E+001
3.6155204E+004 3.0075292E+001
3.6197442E+004 2.8690589E+001
3.6244572E+004 2.7370610E+001
3.6297231E+004 2.6112279E+001
3.6356143E+004 2.4912666E+001
3.6422131E+004 2.3768968E+001
3.6496140E+004 2.2678539E+001
3.6579243E+004 2.1638850E+001
3.6672672E+004 2.0647494E+001
3.6759222E+004 1.9857370E+001
3.6759222E+004 1.9857370E+001
3.6759222E+004 9.2346551E+001
3.6759222E+004 9.2346551E+001
3.6763636E+004 8.8048258E+001
3.6768459E+004 8.3948739E+001
3.6773728E+004 8.0039392E+001
3.6779483E+004 7.6311896E+001
3.6785769E+004 7.2758191E+001
3.6792637E+004 6.9370526E+001
3.6800144E+004 6.6141410E+001
3.6808353E+004 6.3063616E+001
3.6817336E+004 6.0130216E+001
3.6827174E+004 5.7334546E+001
3.6837959E+004 5.4670202E+001
3.6849792E+004 5.2131068E+001
3.6862789E+004 4.9711284E+001
3.6877079E+004 4.7405235E+001
3.6892811E+004 4.5207577E+001
3.6893197E+004 4.5157316E+001
3.6893197E+004 7.7418850E+001
3.6893197E+004 7.7418850E+001
3.6899318E+004 7.3813500E+001
3.6906005E+004 7.0376495E+001
3.6913312E+004 6.7100273E+001
3.6921302E+004 6.3977527E+001
3.6930043E+004 6.1001238E+001
3.6939614E+004 5.8164661E+001
3.6950103E+004 5.5461316E+001
3.6961607E+004 5.2885001E+001
3.6966368E+004 5.1916197E+001
3.6966368E+004 5.1916197E+001
3.6966368E+004 1.1584336E+002
3.6966368E+004 1.1584336E+002
3.6969219E+004 1.1046984E+002
3.6972352E+004 1.0534056E+002
3.6975790E+004 1.0044528E+002
3.6979556E+004 9.5774211E+001
3.6983677E+004 9.1317865E+001
3.6988184E+004 8.7067076E+001
3.6993108E+004 8.3013026E+001
3.6998488E+004 7.9147168E+001
3.7004363E+004 7.5461230E+001
3.7010782E+004 7.1947247E+001
3.7017794E+004 6.8597518E+001
3.7025460E+004 6.5404604E+001
3.7033844E+004 6.2361369E+001
3.7043021E+004 5.9460936E+001
3.7053073E+004 5.6696696E+001
3.7064094E+004 5.4062327E+001
3.7076190E+004 5.1551768E+001
3.7089479E+004 4.9159209E+001
3.7104094E+004 4.6879113E+001
3.7120188E+004 4.4706185E+001
3.7137930E+004 4.2635357E+001
3.7157514E+004 4.0661813E+001
3.7179157E+004 3.8780947E+001
3.7203107E+004 3.6988364E+001
3.7229645E+004 3.5279876E+001
3.7259087E+004 3.3651499E+001
3.7291794E+004 3.2099427E+001
3.7328178E+004 3.0620025E+001
3.7332813E+004 3.0446553E+001
3.7332813E+004 3.0446553E+001
3.7332813E+004 7.0459964E+001
3.7332813E+004 7.0459964E+001
3.7340105E+004 6.7179831E+001
3.7348077E+004 6.4053359E+001
3.7356798E+004 6.1073509E+001
3.7366348E+004 5.8233537E+001
3.7376812E+004 5.5526960E+001
3.7388290E+004 5.2947557E+001
3.7400893E+004 5.0489391E+001
3.7414746E+004 4.8146774E+001
3.7429989E+004 4.5914262E+001
3.7446783E+004 4.3786671E+001
3.7465307E+004 4.1759047E+001
3.7485764E+004 3.9826662E+001
3.7508386E+004 3.7984997E+001
3.7533433E+004 3.6229761E+001
3.7561201E+004 3.4556854E+001
3.7592027E+004 3.2962359E+001
3.7626291E+004 3.1442557E+001
3.7664428E+004 2.9993902E+001
3.7706931E+004 2.8613011E+001
3.7754362E+004 2.7296658E+001
3.7807359E+004 2.6041774E+001
3.7866654E+004 2.4845444E+001
3.7933077E+004 2.3704884E+001
3.8007578E+004 2.2617446E+001
3.8091240E+004 2.1580597E+001
3.8092149E+004 2.1570177E+001
3.8092149E+004 2.1570177E+001
3.8092149E+004 1.0246538E+002
3.8092149E+004 1.0246538E+002
3.8095774E+004 9.7701675E+001
3.8099744E+004 9.3156627E+001
3.8104085E+004 8.8820945E+001
3.8108831E+004 8.4685643E+001
3.8114015E+004 8.0742074E+001
3.8119678E+004 7.6981859E+001
3.8125863E+004 7.3396890E+001
3.8132621E+004 6.9979363E+001
3.8140006E+004 6.6721736E+001
3.8148081E+004 6.3616733E+001
3.8156916E+004 6.0657377E+001
3.8166591E+004 5.7836950E+001
3.8177195E+004 5.5149001E+001
3.8188828E+004 5.2587365E+001
3.8201602E+004 5.0146134E+001
3.8215645E+004 4.7819647E+001
3.8231101E+004 4.5602513E+001
3.8248131E+004 4.3489576E+001
3.8266919E+004 4.1475904E+001
3.8287673E+004 3.9556811E+001
3.8310626E+004 3.7727817E+001
3.8336045E+004 3.5984648E+001
3.8364230E+004 3.4323227E+001
3.8395525E+004 3.2739682E+001
3.8409264E+004 3.2113781E+001
3.8409264E+004 3.2113781E+001
3.8409264E+004 8.7194278E+001
3.8409264E+004 8.7194278E+001
3.8414176E+004 8.3134326E+001
3.8419541E+004 7.9262825E+001
3.8425401E+004 7.5571507E+001
3.8431801E+004 7.2052371E+001
3.8438795E+004 6.8697720E+001
3.8446440E+004 6.5500119E+001
3.8454801E+004 6.2452401E+001
3.8463952E+004 5.9547692E+001
3.8473976E+004 5.6779382E+001
3.8484966E+004 5.4141125E+001
3.8497027E+004 5.1626859E+001
3.8510278E+004 4.9230777E+001
3.8524851E+004 4.6947315E+001
3.8540896E+004 4.4771178E+001
3.8558585E+004 4.2697303E+001
3.8578110E+004 4.0720846E+001
3.8599686E+004 3.8837206E+001
3.8623562E+004 3.7041985E+001
3.8650016E+004 3.5330987E+001
3.8679364E+004 3.3700210E+001
3.8711965E+004 3.2145852E+001
3.8748230E+004 3.0664284E+001
3.8788621E+004 2.9252041E+001
3.8833667E+004 2.7905823E+001
3.8883970E+004 2.6622501E+001
3.8885902E+004 2.6576901E+001
3.8885902E+004 2.6576901E+001
3.8885902E+004 7.4631892E+001
3.8885902E+004 7.4631892E+001
3.8892453E+004 7.1156652E+001
3.8899612E+004 6.7843908E+001
3.8907438E+004 6.4686310E+001
3.8915999E+004 6.1676769E+001
3.8925371E+004 5.8808471E+001
3.8935639E+004 5.6074883E+001
3.8946899E+004 5.3469735E+001
3.8959260E+004 5.0987024E+001
3.8972844E+004 4.8621014E+001
3.8987788E+004 4.6366218E+001
3.9004248E+004 4.4217388E+001
3.9022399E+004 4.2169528E+001
3.9042439E+004 4.0217866E+001
3.9064594E+004 3.8357836E+001
3.9089117E+004 3.6585106E+001
3.9116298E+004 3.4895535E+001
3.9146463E+004 3.3285175E+001
3.9179984E+004 3.1750254E+001
3.9217283E+004 3.0287198E+001
3.9258842E+004 2.8892591E+001
3.9305206E+004 2.7563180E+001
3.9356998E+004 2.6295853E+001
3.9414929E+004 2.5087670E+001
3.9479807E+004 2.3935822E+001
3.9552556E+004 2.2837631E+001
3.9634232E+004 2.1790548E+001
3.9726039E+004 2.0792136E+001
3.9829352E+004 1.9840098E+001
3.9945748E+004 1.8932236E+001
4.0077027E+004 1.8066458E+001
4.0225251E+004 1.7240773E+001
4.0392778E+004 1.6453281E+001
4.0582309E+004 1.5702172E+001
4.0796941E+004 1.4985740E+001
4.1040219E+004 1.4302352E+001
4.1316209E+004 1.3650453E+001
4.1385404E+004 1.3502844E+001
4.1385404E+004 1.3502844E+001
4.1385404E+004 8.0571555E+001
4.1385404E+004 8.0571555E+001
4.1391089E+004 7.6819271E+001
4.1397299E+004 7.3241895E+001
4.1404083E+004 6.9831613E+001
4.1411497E+004 6.6580898E+001
4.1419604E+004 6.3482504E+001
4.1428475E+004 6.0529443E+001
4.1438190E+004 5.7715019E+001
4.1448837E+004 5.5032803E+001
4.1460518E+004 5.2476626E+001
4.1473345E+004 5.0040595E+001
4.1487448E+004 4.7719072E+001
4.1502970E+004 4.5506665E+001
4.1520074E+004 4.3398227E+001
4.1538945E+004 4.1388850E+001
4.1559791E+004 3.9473850E+001
4.1582847E+004 3.7648744E+001
4.1608382E+004 3.5909283E+001
4.1636698E+004 3.4251401E+001
4.1668139E+004 3.2671224E+001
4.1703096E+004 3.1165053E+001
4.1742013E+004 2.9729381E+001
4.1785397E+004 2.8360857E+001
4.1833822E+004 2.7056289E+001
4.1887945E+004 2.5812623E+001
4.1948512E+004 2.4626977E+001
4.2016376E+004 2.3496595E+001
4.2092511E+004 2.2418851E+001
4.2178028E+004 2.1391243E+001
4.2274196E+004 2.0411382E+001
4.2382468E+004 1.9477016E+001
4.2498890E+004 1.8623542E+001
4.2498890E+004 1.8623542E+001
4.2498890E+004 1.5830628E+002
4.2498890E+004 1.5830628E+002
4.2500337E+004 1.5102890E+002
4.2501952E+004 1.4407527E+002
4.2503749E+004 1.3743175E+002
4.2505744E+004 1.3108539E+002
4.2507954E+004 1.2502380E+002
4.2510394E+004 1.1923508E+002
4.2513084E+004 1.1370786E+002
4.2516044E+004 1.0843129E+002
4.2519293E+004 1.0339492E+002
4.2522856E+004 9.8588648E+001
4.2526758E+004 9.4002829E+001
4.2531027E+004 8.9628114E+001
4.2535693E+004 8.5455456E+001
4.2540791E+004 8.1476154E+001
4.2546360E+004 7.7681774E+001
4.2552443E+004 7.4064154E+001
4.2559087E+004 7.0615438E+001
4.2566348E+004 6.7328032E+001
4.2574287E+004 6.4194608E+001
4.2582973E+004 6.1208136E+001
4.2592482E+004 5.8361845E+001
4.2602902E+004 5.5649235E+001
4.2614331E+004 5.3064091E+001
4.2626880E+004 5.0600450E+001
4.2640671E+004 4.8252608E+001
4.2655847E+004 4.6015125E+001
4.2672565E+004 4.3882800E+001
4.2691005E+004 4.1850656E+001
4.2711368E+004 3.9913965E+001
4.2733884E+004 3.8068208E+001
4.2758813E+004 3.6309066E+001
4.2786448E+004 3.4632435E+001
4.2817125E+004 3.3034401E+001
4.2851221E+004 3.1511232E+001
4.2889168E+004 3.0059359E+001
4.2931458E+004 2.8675402E+001
4.2978647E+004 2.7356134E+001
4.3031372E+004 2.6098481E+001
4.3090358E+004 2.4899509E+001
4.3156431E+004 2.3756424E+001
4.3230535E+004 2.2666580E+001
4.3276533E+004 2.2069644E+001
4.3276533E+004 2.2069644E+001
4.3276533E+004 8.3112154E+001
4.3276533E+004 8.3112154E+001
4.3281900E+004 7.9241685E+001
4.3287763E+004 7.5551353E+001
4.3294167E+004 7.2033158E+001
4.3301164E+004 6.8679407E+001
4.3308813E+004 6.5482662E+001
4.3317178E+004 6.2435763E+001
4.3326334E+004 5.9531835E+001
4.3336363E+004 5.6764267E+001
4.3347359E+004 5.4126721E+001
4.3359426E+004 5.1613133E+001
4.3372684E+004 4.9217693E+001
4.3387264E+004 4.6934847E+001
4.3403319E+004 4.4759297E+001
4.3421018E+004 4.2685981E+001
4.3440553E+004 4.0710056E+001
4.3462142E+004 3.8826923E+001
4.3486031E+004 3.7032185E+001
4.3512500E+004 3.5321643E+001
4.3541865E+004 3.3691305E+001
4.3560977E+004 3.2750159E+001
4.3560977E+004 3.2750159E+001
4.3560977E+004 7.2300809E+001
4.3560977E+004 7.2300809E+001
4.3567926E+004 6.8934540E+001
4.3575522E+004 6.5725837E+001
4.3583829E+004 6.2667536E+001
4.3592921E+004 5.9752731E+001
4.3602879E+004 5.6974784E+001
4.3613796E+004 5.4327347E+001
4.3625776E+004 5.1804331E+001
4.3638936E+004 4.9399899E+001
4.3653408E+004 4.7108490E+001
4.3669343E+004 4.4924782E+001
4.3686907E+004 4.2843683E+001
4.3706291E+004 4.0860352E+001
4.3727712E+004 3.8970165E+001
4.3751413E+004 3.7168705E+001
4.3777670E+004 3.5451758E+001
4.3806798E+004 3.3815323E+001
4.3839152E+004 3.2255576E+001
4.3875137E+004 3.0768869E+001
4.3915213E+004 2.9351729E+001
4.3959904E+004 2.8000855E+001
4.4009806E+004 2.6713099E+001
4.4065598E+004 2.5485458E+001
4.4097893E+004 2.4855105E+001
4.4097893E+004 2.4855105E+001
4.4097893E+004 8.8019906E+001
4.4097893E+004 8.8019906E+001
4.4102719E+004 8.3921698E+001
4.4107991E+004 8.0013608E+001
4.4113749E+004 7.6287314E+001
4.4120039E+004 7.2734758E+001
4.4126912E+004 6.9348189E+001
4.4134423E+004 6.6120120E+001
4.4142637E+004 6.3043325E+001
4.4151625E+004 6.0110879E+001
4.4161470E+004 5.7316117E+001
4.4172261E+004 5.4652639E+001
4.4184101E+004 5.2114332E+001
4.4197106E+004 4.9695335E+001
4.4211407E+004 4.7390037E+001
4.4227148E+004 4.5193093E+001
4.4244498E+004 4.3099394E+001
4.4263643E+004 4.1104050E+001
4.4284796E+004 3.9202417E+001
4.4308196E+004 3.7390056E+001
4.4334116E+004 3.5662734E+001
4.4362865E+004 3.4016405E+001
4.4394792E+004 3.2447235E+001
4.4430298E+004 3.0951557E+001
4.4469833E+004 2.9525877E+001
4.4501729E+004 2.8520006E+001
4.4501729E+004 2.8520006E+001
4.4501729E+004 1.3394007E+002
4.4501729E+004 1.3394007E+002
4.4503838E+004 1.2775027E+002
4.4506171E+004 1.2183867E+002
4.4508745E+004 1.1619373E+002
4.4511579E+004 1.1080433E+002
4.4514694E+004 1.0565980E+002
4.4518111E+004 1.0074994E+002
4.4521856E+004 9.6064898E+001
4.4525954E+004 9.1595152E+001
4.4530435E+004 8.7331558E+001
4.4534904E+004 8.3597312E+001
4.4534904E+004 8.3597312E+001
4.4534904E+004 1.1021873E+002
4.4534904E+004 1.1021873E+002
4.4538051E+004 1.0510087E+002
4.4541504E+004 1.0021657E+002
4.4545286E+004 9.5555999E+001
4.4549425E+004 9.1109692E+001
4.4553951E+004 8.6868533E+001
4.4558897E+004 8.2823689E+001
4.4564299E+004 7.8966626E+001
4.4570200E+004 7.5289108E+001
4.4576645E+004 7.1783161E+001
4.4583688E+004 6.8441103E+001
4.4591386E+004 6.5255523E+001
4.4599807E+004 6.2219276E+001
4.4609023E+004 5.9325509E+001
4.4619120E+004 5.6567634E+001
4.4630190E+004 5.3939326E+001
4.4642340E+004 5.1434543E+001
4.4655689E+004 4.9047499E+001
4.4670372E+004 4.6772652E+001
4.4686540E+004 4.4604722E+001
4.4704366E+004 4.2538666E+001
4.4724043E+004 4.0569667E+001
4.4745791E+004 3.8693122E+001
4.4769858E+004 3.6904661E+001
4.4796527E+004 3.5200104E+001
4.4826117E+004 3.3575463E+001
4.4858991E+004 3.2026947E+001
4.4895562E+004 3.0550942E+001
4.4936298E+004 2.9144002E+001
4.4981734E+004 2.7802836E+001
4.5032478E+004 2.6524321E+001
4.5089222E+004 2.5305482E+001
4.5152757E+004 2.4143483E+001
4.5223985E+004 2.3035625E+001
4.5225495E+004 2.3013907E+001
4.5225495E+004 2.3013907E+001
4.5225495E+004 7.4632362E+001
4.5225495E+004 7.4632362E+001
4.5232046E+004 7.1157100E+001
4.5239205E+004 6.7844334E+001
4.5247031E+004 6.4686717E+001
4.5255591E+004 6.1677157E+001
4.5264963E+004 5.8808840E+001
4.5275231E+004 5.6075235E+001
4.5286491E+004 5.3470071E+001
4.5298852E+004 5.0987343E+001
4.5312436E+004 4.8621319E+001
4.5327380E+004 4.6366509E+001
4.5343839E+004 4.4217664E+001
4.5361990E+004 4.2169792E+001
4.5382030E+004 4.0218117E+001
4.5404184E+004 3.8358075E+001
4.5428708E+004 3.6585334E+001
4.5455888E+004 3.4895752E+001
4.5486052E+004 3.3285383E+001
4.5519573E+004 3.1750452E+001
4.5556872E+004 3.0287386E+001
4.5598430E+004 2.8892771E+001
4.5644793E+004 2.7563352E+001
4.5696584E+004 2.6296016E+001
4.5754514E+004 2.5087826E+001
4.5819391E+004 2.3935970E+001
4.5892140E+004 2.2837772E+001
4.5973814E+004 2.1790683E+001
4.6005941E+004 2.1420998E+001
4.6005941E+004 2.1420998E+001
4.6005941E+004 1.4103078E+002
4.6005941E+004 1.4103078E+002
4.6007826E+004 1.3452337E+002
4.6009916E+004 1.2830738E+002
4.6012227E+004 1.2237070E+002
4.6014778E+004 1.1670172E+002
4.6017588E+004 1.1128929E+002
4.6020676E+004 1.0612269E+002
4.6024064E+004 1.0119168E+002
4.6027777E+004 9.6486378E+001
4.6031842E+004 9.1997232E+001
4.6036286E+004 8.7715066E+001
4.6041143E+004 8.3630993E+001
4.6046450E+004 7.9736406E+001
4.6052245E+004 7.6023020E+001
4.6058576E+004 7.2482811E+001
4.6065492E+004 6.9108023E+001
4.6073052E+004 6.5891199E+001
4.6081320E+004 6.2825145E+001
4.6090368E+004 5.9902936E+001
4.6100279E+004 5.7117939E+001
4.6111142E+004 5.4463777E+001
4.6123064E+004 5.1934344E+001
4.6136158E+004 4.9523805E+001
4.6150558E+004 4.7226575E+001
4.6166411E+004 4.5037312E+001
4.6183885E+004 4.2950930E+001
4.6190353E+004 4.2249167E+001
4.6190353E+004 4.2249167E+001
4.6190353E+004 6.2246663E+001
4.6190353E+004 6.2246663E+001
4.6199562E+004 5.9351609E+001
4.6209649E+004 5.6592508E+001
4.6220710E+004 5.3963035E+001
4.6232850E+004 5.1457137E+001
4.6246187E+004 4.9069030E+001
4.6260857E+004 4.6793176E+001
4.6277011E+004 4.4624281E+001
4.6294820E+004 4.2557305E+001
4.6314480E+004 4.0587430E+001
4.6336207E+004 3.8710051E+001
4.6360252E+004 3.6920793E+001
4.6386895E+004 3.5215480E+001
4.6416457E+004 3.3590124E+001
4.6449298E+004 3.2040919E+001
4.6485833E+004 3.0564259E+001
4.6526528E+004 2.9156695E+001
4.6571918E+004 2.7814943E+001
4.6585884E+004 2.7440615E+001
4.6585884E+004 2.7440615E+001
4.6585884E+004 8.2729386E+001
4.6585884E+004 8.2729386E+001
4.6591298E+004 7.8876711E+001
4.6597211E+004 7.5203387E+001
4.6603670E+004 7.1701443E+001
4.6610727E+004 6.8363210E+001
4.6618442E+004 6.5181279E+001
4.6626881E+004 6.2148516E+001
4.6636118E+004 5.9258073E+001
4.6646236E+004 5.6503364E+001
4.6657331E+004 5.3878078E+001
4.6669508E+004 5.1376177E+001
4.6682887E+004 4.8991875E+001
4.6697604E+004 4.6719643E+001
4.6713810E+004 4.4554207E+001
4.6731677E+004 4.2490526E+001
4.6751401E+004 4.0523781E+001
4.6773202E+004 3.8649394E+001
4.6797328E+004 3.6862986E+001
4.6824062E+004 3.5160381E+001
4.6853726E+004 3.3537601E+001
4.6886683E+004 3.1990861E+001
4.6923348E+004 3.0516548E+001
4.6964190E+004 2.9111212E+001
4.7009745E+004 2.7771576E+001
4.7060624E+004 2.6494523E+001
4.7117521E+004 2.5277078E+001
4.7181229E+004 2.4116407E+001
4.7243501E+004 2.3141056E+001
4.7243501E+004 2.3141056E+001
4.7243501E+004 1.2954474E+002
4.7243501E+004 1.2954474E+002
4.7245766E+004 1.2355239E+002
4.7248267E+004 1.1783005E+002
4.7251023E+004 1.1236648E+002
4.7254052E+004 1.0715086E+002
4.7257378E+004 1.0217290E+002
4.7261023E+004 9.7422614E+001
4.7265014E+004 9.2890390E+001
4.7269379E+004 8.8566987E+001
4.7274150E+004 8.4443454E+001
4.7279362E+004 8.0511124E+001
4.7285055E+004 7.6761657E+001
4.7291273E+004 7.3186971E+001
4.7298066E+004 6.9779253E+001
4.7305491E+004 6.6530992E+001
4.7313610E+004 6.3434939E+001
4.7322493E+004 6.0484110E+001
4.7332222E+004 5.7671817E+001
4.7342884E+004 5.4991632E+001
4.7354582E+004 5.2437389E+001
4.7367429E+004 5.0003204E+001
4.7381553E+004 4.7683441E+001
4.7397098E+004 4.5472705E+001
4.7414229E+004 4.3365864E+001
4.7433129E+004 4.1358009E+001
4.7454008E+004 3.9444450E+001
4.7477101E+004 3.7620726E+001
4.7502677E+004 3.5882581E+001
4.7531039E+004 3.4225953E+001
4.7562532E+004 3.2646961E+001
4.7597548E+004 3.1141928E+001
4.7636532E+004 2.9707341E+001
4.7679990E+004 2.8339849E+001
4.7728500E+004 2.7036251E+001
4.7782717E+004 2.5793523E+001
4.7843392E+004 2.4608770E+001
4.7911379E+004 2.3479238E+001
4.7911538E+004 2.3476784E+001
4.7911538E+004 8.1211836E+001
4.7911538E+004 8.1211836E+001
4.7917141E+004 7.7429752E+001
4.7923260E+004 7.3823895E+001
4.7929945E+004 7.0386405E+001
4.7937250E+004 6.7109718E+001
4.7945238E+004 6.3986531E+001
4.7953977E+004 6.1009819E+001
4.7963545E+004 5.8172839E+001
4.7974031E+004 5.5469112E+001
4.7985533E+004 5.2892429E+001
4.7998161E+004 5.0436857E+001
4.8012043E+004 4.8096708E+001
4.8027319E+004 4.5866549E+001
4.8044148E+004 4.3741203E+001
4.8062712E+004 4.1715718E+001
4.8083214E+004 3.9785361E+001
4.8105886E+004 3.7945637E+001
4.8130990E+004 3.6192250E+001
4.8158821E+004 3.4521099E+001
4.8189718E+004 3.2928279E+001
4.8224062E+004 3.1410076E+001
4.8235205E+004 3.0963173E+001
4.8235205E+004 3.0963173E+001
4.8235205E+004 8.0236350E+001
4.8235205E+004 8.0236350E+001
4.8240934E+004 7.6499673E+001
4.8247192E+004 7.2937210E+001
4.8254029E+004 6.9541179E+001
4.8261501E+004 6.6304064E+001
4.8269672E+004 6.3218649E+001
4.8278613E+004 6.0277976E+001
4.8288406E+004 5.7475361E+001
4.8299139E+004 5.4804404E+001
4.8310915E+004 5.2258966E+001
4.8323849E+004 4.9833165E+001
4.8338070E+004 4.7521392E+001
4.8350077E+004 4.5801767E+001
4.8350077E+004 4.5801767E+001
4.8350077E+004 1.7671443E+002
4.8350077E+004 1.7671443E+002
4.8351184E+004 1.6862111E+002
4.8352427E+004 1.6088602E+002
4.8353820E+004 1.5349400E+002
4.8355375E+004 1.4643059E+002
4.8357108E+004 1.3968195E+002
4.8359034E+004 1.3323488E+002
4.8361167E+004 1.2707671E+002
4.8363526E+004 1.2119545E+002
4.8366128E+004 1.1557958E+002
4.8368993E+004 1.1021803E+002
4.8372140E+004 1.0510020E+002
4.8375593E+004 1.0021593E+002
4.8379375E+004 9.5555387E+001
4.8383514E+004 9.1109108E+001
4.8388040E+004 8.6867976E+001
4.8392986E+004 8.2823158E+001
4.8398388E+004 7.8966119E+001
4.8404289E+004 7.5288625E+001
4.8410734E+004 7.1782701E+001
4.8417777E+004 6.8440664E+001
4.8425476E+004 6.5255105E+001
4.8433896E+004 6.2218877E+001
4.8443113E+004 5.9325129E+001
4.8453209E+004 5.6567272E+001
4.8464280E+004 5.3938981E+001
4.8476430E+004 5.1434214E+001
4.8489779E+004 4.9047185E+001
4.8504462E+004 4.6772353E+001
4.8520631E+004 4.4604438E+001
4.8538457E+004 4.2538395E+001
4.8558134E+004 4.0569408E+001
4.8579882E+004 3.8692876E+001
4.8603950E+004 3.6904426E+001
4.8630619E+004 3.5199881E+001
4.8660210E+004 3.3575250E+001
4.8693084E+004 3.2026743E+001
4.8729655E+004 3.0550748E+001
4.8770392E+004 2.9143817E+001
4.8815829E+004 2.7802660E+001
4.8866573E+004 2.6524153E+001
4.8923319E+004 2.5305322E+001
4.8986855E+004 2.4143331E+001
4.9058083E+004 2.3035480E+001
4.9138034E+004 2.1979184E+001
4.9227881E+004 2.0972007E+001
4.9328969E+004 2.0011620E+001
4.9442834E+004 1.9095805E+001
4.9571233E+004 1.8222450E+001
4.9716176E+004 1.7389545E+001
4.9811253E+004 1.6910771E+001
4.9811253E+004 1.6910771E+001
4.9811253E+004 8.7799595E+001
4.9811253E+004 8.7799595E+001
4.9816102E+004 8.3711602E+001
4.9821398E+004 7.9813274E+001
4.9827184E+004 7.6096304E+001
4.9833503E+004 7.2552671E+001
4.9840407E+004 6.9174615E+001
4.9847954E+004 6.5954670E+001
4.9856206E+004 6.2885639E+001
4.9865238E+004 5.9960589E+001
4.9875130E+004 5.7172882E+001
4.9885974E+004 5.4516139E+001
4.9897872E+004 5.1984243E+001
4.9910942E+004 4.9571357E+001
4.9925314E+004 4.7271891E+001
4.9941136E+004 4.5080499E+001
4.9958575E+004 4.2992085E+001
4.9977820E+004 4.1001787E+001
4.9999085E+004 3.9104961E+001
5.0022610E+004 3.7297169E+001
5.0048671E+004 3.5574200E+001
5.0077578E+004 3.3932028E+001
5.0109683E+004 3.2366811E+001
5.0145389E+004 3.0874893E+001
5.0151947E+004 3.0623732E+001
5.0151947E+004 3.0623732E+001
5.0151947E+004 6.2362413E+001
5.0151947E+004 6.2362413E+001
5.0161123E+004 5.9461931E+001
5.0171175E+004 5.6697644E+001
5.0182196E+004 5.4063231E+001
5.0194291E+004 5.1552629E+001
5.0207580E+004 4.9160029E+001
5.0222195E+004 4.6879895E+001
5.0238288E+004 4.4706931E+001
5.0256029E+004 4.2636068E+001
5.0275612E+004 4.0662489E+001
5.0297255E+004 3.8781592E+001
5.0321204E+004 3.6988979E+001
5.0347741E+004 3.5280462E+001
5.0377182E+004 3.3652057E+001
5.0409888E+004 3.2099959E+001
5.0446270E+004 3.0620533E+001
5.0486794E+004 2.9210332E+001
5.0531990E+004 2.7866068E+001
5.0582462E+004 2.6584606E+001
5.0638900E+004 2.5362958E+001
5.0702088E+004 2.4198274E+001
5.0772922E+004 2.3087857E+001
5.0852424E+004 2.2029130E+001
5.0941763E+004 2.1019639E+001
5.1042274E+004 2.0057046E+001
5.1155482E+004 1.9139117E+001
5.1283134E+004 1.8263748E+001
5.1427226E+004 1.7428925E+001
5.1590044E+004 1.6632731E+001
5.1774209E+004 1.5873341E+001
5.1982717E+004 1.5149020E+001
5.2219005E+004 1.4458104E+001
5.2437602E+004 1.3911416E+001
5.2437602E+004 1.3911416E+001
5.2437602E+004 6.4588147E+001
5.2437602E+004 6.4588147E+001
5.2446187E+004 6.1583208E+001
5.2455586E+004 5.8719305E+001
5.2465884E+004 5.5989906E+001
5.2477178E+004 5.3388749E+001
5.2478278E+004 5.3153506E+001
5.2478278E+004 5.3153506E+001
5.2478278E+004 7.8383335E+001
5.2478278E+004 7.8383335E+001
5.2484260E+004 7.4733001E+001
5.2490795E+004 7.1253034E+001
5.2497935E+004 6.7935783E+001
5.2505742E+004 6.4773877E+001
5.2514281E+004 6.1760228E+001
5.2523628E+004 5.8888012E+001
5.2533870E+004 5.6150685E+001
5.2545100E+004 5.3541975E+001
5.2557428E+004 5.1055870E+001
5.2570976E+004 4.8686621E+001
5.2585879E+004 4.6428740E+001
5.2602293E+004 4.4276976E+001
5.2620394E+004 4.2226315E+001
5.2640378E+004 4.0271982E+001
5.2662469E+004 3.8409419E+001
5.2686921E+004 3.6634266E+001
5.2714022E+004 3.4942386E+001
5.2720258E+004 3.4586203E+001
5.2720258E+004 3.4586203E+001
5.2720258E+004 9.1136795E+001
5.2720258E+004 9.1136795E+001
5.2724781E+004 8.6894382E+001
5.2729724E+004 8.2848345E+001
5.2735123E+004 7.8990134E+001
5.2741020E+004 7.5311520E+001
5.2747462E+004 7.1804531E+001
5.2754501E+004 6.8461471E+001
5.2762195E+004 6.5274937E+001
5.2770611E+004 6.2237782E+001
5.2779822E+004 5.9343146E+001
5.2789913E+004 5.6584442E+001
5.2800977E+004 5.3955347E+001
5.2813119E+004 5.1449811E+001
5.2826461E+004 4.9062048E+001
5.2841135E+004 4.6786521E+001
5.2857293E+004 4.4617939E+001
5.2875108E+004 4.2551261E+001
5.2894773E+004 4.0581671E+001
5.2916507E+004 3.8704562E+001
5.2940560E+004 3.6915563E+001
5.2967211E+004 3.5210494E+001
5.2996782E+004 3.3585370E+001
5.3029634E+004 3.2036389E+001
5.3066180E+004 3.0559941E+001
5.3095456E+004 2.9524408E+001
5.3095456E+004 2.9524408E+001
5.3095456E+004 9.0307605E+001
5.3095456E+004 9.0307605E+001
5.3100057E+004 8.6103524E+001
5.3105085E+004 8.2094160E+001
5.3110576E+004 7.8271020E+001
5.3116574E+004 7.4625927E+001
5.3123126E+004 7.1150964E+001
5.3130286E+004 6.7838486E+001
5.3138113E+004 6.4681143E+001
5.3146675E+004 6.1671844E+001
5.3156049E+004 5.8803776E+001
5.3166318E+004 5.6070409E+001
5.3177580E+004 5.3465471E+001
5.3189943E+004 5.0982960E+001
5.3203529E+004 4.8617141E+001
5.3218476E+004 4.6362527E+001
5.3234938E+004 4.4213870E+001
5.3253092E+004 4.2166176E+001
5.3273136E+004 4.0214671E+001
5.3295294E+004 3.8354791E+001
5.3319822E+004 3.6582204E+001
5.3347007E+004 3.4892769E+001
5.3377178E+004 3.3282539E+001
5.3410705E+004 3.1747741E+001
5.3448011E+004 3.0284802E+001
5.3450317E+004 3.0201176E+001
5.3450317E+004 3.0201176E+001
5.3450317E+004 1.4524698E+002
5.3450317E+004 1.4524698E+002
5.3452082E+004 1.3855116E+002
5.3454042E+004 1.3215468E+002
5.3456213E+004 1.2604506E+002
5.3458613E+004 1.2021027E+002
5.3461259E+004 1.1463894E+002
5.3464170E+004 1.0932009E+002
5.3467368E+004 1.0424317E+002
5.3470876E+004 9.9398085E+001
5.3474718E+004 9.4775089E+001
5.3478921E+004 9.0364757E+001
5.3483517E+004 8.6158031E+001
5.3488538E+004 8.2146137E+001
5.3494023E+004 7.8320576E+001
5.3500014E+004 7.4673171E+001
5.3506559E+004 7.1196001E+001
5.3513710E+004 6.7881414E+001
5.3521528E+004 6.4722057E+001
5.3530080E+004 6.1710841E+001
5.3539442E+004 5.8840942E+001
5.3549699E+004 5.6105827E+001
5.3560947E+004 5.3499228E+001
5.3573295E+004 5.1015129E+001
5.3586864E+004 4.8647797E+001
5.3601791E+004 4.6391742E+001
5.3618232E+004 4.4241710E+001
5.3636362E+004 4.2192707E+001
5.3656380E+004 4.0239955E+001
5.3678509E+004 3.8378892E+001
5.3703003E+004 3.6605173E+001
5.3730151E+004 3.4914659E+001
5.3760280E+004 3.3303403E+001
5.3793759E+004 3.1767628E+001
5.3831012E+004 3.0303757E+001
5.3872518E+004 2.8908374E+001
5.3899845E+004 2.8096432E+001
5.3899845E+004 2.8096432E+001
5.3899845E+004 1.4198197E+002
5.3899845E+004 1.4198197E+002
5.3901702E+004 1.3543200E+002
5.3903762E+004 1.2917528E+002
5.3906041E+004 1.2319958E+002
5.3908557E+004 1.1749314E+002
5.3911328E+004 1.1204482E+002
5.3914375E+004 1.0684386E+002
5.3917719E+004 1.0187990E+002
5.3921385E+004 9.7143039E+001
5.3925397E+004 9.2623689E+001
5.3929786E+004 8.8312592E+001
5.3934582E+004 8.4200832E+001
5.3939822E+004 8.0279781E+001
5.3945545E+004 7.6541080E+001
5.3951797E+004 7.2976683E+001
5.3958626E+004 6.9578806E+001
5.3966091E+004 6.6339927E+001
5.3974254E+004 6.3252829E+001
5.3983186E+004 6.0310552E+001
5.3992968E+004 5.7506406E+001
5.4003690E+004 5.4833990E+001
5.4015454E+004 5.2287162E+001
5.4028374E+004 4.9860035E+001
5.4042579E+004 4.7546997E+001
5.4058216E+004 4.5342680E+001
5.4075447E+004 4.3241945E+001
5.4094461E+004 4.1239907E+001
5.4115466E+004 3.9331898E+001
5.4138701E+004 3.7513462E+001
5.4164436E+004 3.5780344E+001
5.4192977E+004 3.4128505E+001
5.4224671E+004 3.2554086E+001
5.4259914E+004 3.1053404E+001
5.4299152E+004 2.9622953E+001
5.4342898E+004 2.8259401E+001
5.4391733E+004 2.6959569E+001
5.4446318E+004 2.5720428E+001
5.4507409E+004 2.4539078E+001
5.4575866E+004 2.3412787E+001
5.4652674E+004 2.2338940E+001
5.4701688E+004 2.1735212E+001
5.4701688E+004 2.1735212E+001
5.4701688E+004 1.3054267E+002
5.4701688E+004 1.3054267E+002
5.4703917E+004 1.2450546E+002
5.4706378E+004 1.1874013E+002
5.4709091E+004 1.1323531E+002
5.4712075E+004 1.0798021E+002
5.4715351E+004 1.0296441E+002
5.4718943E+004 9.8177846E+001
5.4722876E+004 9.3610905E+001
5.4727178E+004 8.9254263E+001
5.4731881E+004 8.5098903E+001
5.4737019E+004 8.1136147E+001
5.4742631E+004 7.7357589E+001
5.4748761E+004 7.3755089E+001
5.4755457E+004 7.0320817E+001
5.4762775E+004 6.7047203E+001
5.4770777E+004 6.3926942E+001
5.4779531E+004 6.0953028E+001
5.4789117E+004 5.8118718E+001
5.4799621E+004 5.5417530E+001
5.4811144E+004 5.2843274E+001
5.4823796E+004 5.0390013E+001
5.4837703E+004 4.8052062E+001
5.4853008E+004 4.5824004E+001
5.4869869E+004 4.3700658E+001
5.4888469E+004 4.1677070E+001
5.4909012E+004 3.9748530E+001
5.4931728E+004 3.7910537E+001
5.4956882E+004 3.6158798E+001
5.4984770E+004 3.4489212E+001
5.5015730E+004 3.2897889E+001
5.5050146E+004 3.1381111E+001
5.5088454E+004 2.9935333E+001
5.5131150E+004 2.8557174E+001
5.5178798E+004 2.7243428E+001
5.5232041E+004 2.5991035E+001
5.5291614E+004 2.4797076E+001
5.5358352E+004 2.3658763E+001
5.5433210E+004 2.2573464E+001
5.5517278E+004 2.1538662E+001
5.5611800E+004 2.0551960E+001
5.5718202E+004 1.9611078E+001
5.5838109E+004 1.8713837E+001
5.5973384E+004 1.7858169E+001
5.6126159E+004 1.7042115E+001
5.6298872E+004 1.6263803E+001
5.6423489E+004 1.5774746E+001
5.6423489E+004 1.5774746E+001
5.6423489E+004 1.2104330E+002
5.6423489E+004 1.2104330E+002
5.6426098E+004 1.1543430E+002
5.6428970E+004 1.1007934E+002
5.6432125E+004 1.0496783E+002
5.6435586E+004 1.0008962E+002
5.6439377E+004 9.5434863E+001
5.6443526E+004 9.0994142E+001
5.6448063E+004 8.6758328E+001
5.6453020E+004 8.2718587E+001
5.6458435E+004 7.8866415E+001
5.6464349E+004 7.5193569E+001
5.6470810E+004 7.1692083E+001
5.6477869E+004 6.8354289E+001
5.6485586E+004 6.5172775E+001
5.6494027E+004 6.2140411E+001
5.6503266E+004 5.9250348E+001
5.6513387E+004 5.6496001E+001
5.6524484E+004 5.3871061E+001
5.6536664E+004 5.1369490E+001
5.6550047E+004 4.8985501E+001
5.6564768E+004 4.6713569E+001
5.6580978E+004 4.4548418E+001
5.6598850E+004 4.2485010E+001
5.6618580E+004 4.0518525E+001
5.6640386E+004 3.8644384E+001
5.6664519E+004 3.6858212E+001
5.6691261E+004 3.5155829E+001
5.6720933E+004 3.3533263E+001
5.6753900E+004 3.1986726E+001
5.6790575E+004 3.0512607E+001
5.6831430E+004 2.9107453E+001
5.6876999E+004 2.7767994E+001
5.6927893E+004 2.6491109E+001
5.6984808E+004 2.5273823E+001
5.7048535E+004 2.4113303E+001
5.7102685E+004 2.3257291E+001
5.7102685E+004 2.3257291E+001
5.7102685E+004 1.2470466E+002
5.7102685E+004 1.2470466E+002
5.7105138E+004 1.1893033E+002
5.7107842E+004 1.1341693E+002
5.7110817E+004 1.0815356E+002
5.7114083E+004 1.0312984E+002
5.7117663E+004 9.8335723E+001
5.7121584E+004 9.3761519E+001
5.7125873E+004 8.9397923E+001
5.7130562E+004 8.5235927E+001
5.7135685E+004 8.1266805E+001
5.7141280E+004 7.7482161E+001
5.7147392E+004 7.3873859E+001
5.7154068E+004 7.0434031E+001
5.7161364E+004 6.7155113E+001
5.7169342E+004 6.4029801E+001
5.7178069E+004 6.1051057E+001
5.7187626E+004 5.8212140E+001
5.7198098E+004 5.5506569E+001
5.7209584E+004 5.2928125E+001
5.7222196E+004 5.0470873E+001
5.7236059E+004 4.8129127E+001
5.7251314E+004 4.5897444E+001
5.7268120E+004 4.3770644E+001
5.7286658E+004 4.1743774E+001
5.7307131E+004 3.9812101E+001
5.7329771E+004 3.7971121E+001
5.7354837E+004 3.6216537E+001
5.7382628E+004 3.4544251E+001
5.7413479E+004 3.2950345E+001
5.7447771E+004 3.1431106E+001
5.7485940E+004 2.9982987E+001
5.7528478E+004 2.8602608E+001
5.7575949E+004 2.7286736E+001
5.7615223E+004 2.6337708E+001
5.7615223E+004 2.6337708E+001
5.7615223E+004 1.1118259E+002
5.7615223E+004 1.1118259E+002
5.7618317E+004 1.0602085E+002
5.7621711E+004 1.0109450E+002
5.7625431E+004 9.6393636E+001
5.7629503E+004 9.1908764E+001
5.7633956E+004 8.7630688E+001
5.7638821E+004 8.3550511E+001
5.7644137E+004 7.9659667E+001
5.7649943E+004 7.5949859E+001
5.7656285E+004 7.2413055E+001
5.7663214E+004 6.9041532E+001
5.7670788E+004 6.5827825E+001
5.7676078E+004 6.3820394E+001
5.7676078E+004 6.3820394E+001
5.7676078E+004 1.3851071E+002
5.7676078E+004 1.3851071E+002
5.7678039E+004 1.3211605E+002
5.7680212E+004 1.2600815E+002
5.7682613E+004 1.2017503E+002
5.7685260E+004 1.1460529E+002
5.7688173E+004 1.0928797E+002
5.7691374E+004 1.0421252E+002
5.7694883E+004 9.9368836E+001
5.7698727E+004 9.4747185E+001
5.7702933E+004 9.0338139E+001
5.7707531E+004 8.6132645E+001
5.7712555E+004 8.2121929E+001
5.7718043E+004 7.8297496E+001
5.7724037E+004 7.4651167E+001
5.7730585E+004 7.1175026E+001
5.7737741E+004 6.7861421E+001
5.7745563E+004 6.4703002E+001
5.7754120E+004 6.1692681E+001
5.7763487E+004 5.8823634E+001
5.7773750E+004 5.6089334E+001
5.7785004E+004 5.3483510E+001
5.7797359E+004 5.1000150E+001
5.7810936E+004 4.8633523E+001
5.7825872E+004 4.6378139E+001
5.7842323E+004 4.4228748E+001
5.7860464E+004 4.2180354E+001
5.7880494E+004 4.0228183E+001
5.7902637E+004 3.8367669E+001
5.7927147E+004 3.6594477E+001
5.7938294E+004 3.5867913E+001
5.7938294E+004 3.5867913E+001
5.7938294E+004 9.2257139E+001
5.7938294E+004 9.2257139E+001
5.7940132E+004 9.0395797E+001
5.7940132E+004 9.0395797E+001
5.7940132E+004 1.6606310E+002
5.7940132E+004 1.6606310E+002
5.7941423E+004 1.5844138E+002
5.7942867E+004 1.5115798E+002
5.7944479E+004 1.4419860E+002
5.7946273E+004 1.3754960E+002
5.7948264E+004 1.3119795E+002
5.7950470E+004 1.2513129E+002
5.7952906E+004 1.1933772E+002
5.7955591E+004 1.1380586E+002
5.7958545E+004 1.0852483E+002
5.7961790E+004 1.0348418E+002
5.7965347E+004 9.8673838E+001
5.7969242E+004 9.4084100E+001
5.7973504E+004 8.9705633E+001
5.7978163E+004 8.5529395E+001
5.7983253E+004 8.1546658E+001
5.7988813E+004 7.7748995E+001
5.7994885E+004 7.4128240E+001
5.8001519E+004 7.0676527E+001
5.8008769E+004 6.7386260E+001
5.8016695E+004 6.4250106E+001
5.8025366E+004 6.1261028E+001
5.8034860E+004 5.8412253E+001
5.8045263E+004 5.5697274E+001
5.8056672E+004 5.3109870E+001
5.8069199E+004 5.0644078E+001
5.8082967E+004 4.8294183E+001
5.8098117E+004 4.6054745E+001
5.8114805E+004 4.3920556E+001
5.8133212E+004 4.1886641E+001
5.8153538E+004 3.9948258E+001
5.8176013E+004 3.8100889E+001
5.8200896E+004 3.6340220E+001
5.8228479E+004 3.4662126E+001
5.8259097E+004 3.3062699E+001
5.8293128E+004 3.1538202E+001
5.8331001E+004 3.0085075E+001
5.8373207E+004 2.8699914E+001
5.8420302E+004 2.7379498E+001
5.8472920E+004 2.6120752E+001
5.8531786E+004 2.4920743E+001
5.8597723E+004 2.3776673E+001
5.8671672E+004 2.2685884E+001
5.8754709E+004 2.1645853E+001
5.8848061E+004 2.0654170E+001
5.8953132E+004 1.9708543E+001
5.9071527E+004 1.8806788E+001
5.9205080E+004 1.7946813E+001
5.9355893E+004 1.7126657E+001
5.9525896E+004 1.6346421E+001
5.9525896E+004 1.6346421E+001
5.9525896E+004 1.4709593E+002
5.9525896E+004 1.4709593E+002
5.9527611E+004 1.4031761E+002
5.9529517E+004 1.3384210E+002
5.9531630E+004 1.2765667E+002
5.9533967E+004 1.2174930E+002
5.9536545E+004 1.1610840E+002
5.9539383E+004 1.1072286E+002
5.9542502E+004 1.0558204E+002
5.9545924E+004 1.0067574E+002
5.9549674E+004 9.5994100E+001
5.9553778E+004 9.1527618E+001
5.9558265E+004 8.7267147E+001
5.9563168E+004 8.3203826E+001
5.9568525E+004 7.9329092E+001
5.9574376E+004 7.5634684E+001
5.9580767E+004 7.2112599E+001
5.9587750E+004 6.8755128E+001
5.9594410E+004 6.5937436E+001
5.9594410E+004 6.5937436E+001
5.9594410E+004 1.5316728E+002
5.9594410E+004 1.5316728E+002
5.9595973E+004 1.4611845E+002
5.9597714E+004 1.3938370E+002
5.9599649E+004 1.3294994E+002
5.9601792E+004 1.2680459E+002
5.9604162E+004 1.2093562E+002
5.9606776E+004 1.1533147E+002
5.9609652E+004 1.0998117E+002
5.9612813E+004 1.0487415E+002
5.9616280E+004 1.0000020E+002
5.9620078E+004 9.5349549E+001
5.9624234E+004 9.0912762E+001
5.9628778E+004 8.6680694E+001
5.9633743E+004 8.2644556E+001
5.9634686E+004 8.1935270E+001
5.9634686E+004 8.1935270E+001
5.9634686E+004 8.5703783E+001
5.9634686E+004 8.5703783E+001
5.9639757E+004 8.1712964E+001
5.9645296E+004 7.7907556E+001
5.9651346E+004 7.4279411E+001
5.9657955E+004 7.0820638E+001
5.9665177E+004 6.7523621E+001
5.9673073E+004 6.4381034E+001
5.9681711E+004 6.1385814E+001
5.9691167E+004 5.8531177E+001
5.9701529E+004 5.5810616E+001
5.9712894E+004 5.3217886E+001
5.9725371E+004 5.0747012E+001
5.9739083E+004 4.8392284E+001
5.9754170E+004 4.6148238E+001
5.9770790E+004 4.4009651E+001
5.9789119E+004 4.1971552E+001
5.9804593E+004 4.0459487E+001
5.9804593E+004 4.0459487E+001
5.9804593E+004 7.9064024E+001
5.9804593E+004 7.9064024E+001
5.9810481E+004 7.5381964E+001
5.9816911E+004 7.1871685E+001
5.9823938E+004 6.8525482E+001
5.9831619E+004 6.5335946E+001
5.9840019E+004 6.2295933E+001
5.9849214E+004 5.9398565E+001
5.9859287E+004 5.6637256E+001
5.9870331E+004 5.4005683E+001
5.9882451E+004 5.1497779E+001
5.9895768E+004 4.9107759E+001
5.9910414E+004 4.6830085E+001
5.9926542E+004 4.4659454E+001
5.9944323E+004 4.2590823E+001
5.9963950E+004 4.0619373E+001
5.9985641E+004 3.8740500E+001
5.9992850E+004 3.8172460E+001
5.9992850E+004 3.8172460E+001
5.9992850E+004 7.3260232E+001
5.9992850E+004 7.3260232E+001
5.9999631E+004 6.9849096E+001
6.0007041E+004 6.6597562E+001
6.0015145E+004 6.3498386E+001
6.0024012E+004 6.0544582E+001
6.0033721E+004 5.7729447E+001
6.0044363E+004 5.5046553E+001
6.0056038E+004 5.2489732E+001
6.0068860E+004 5.0053084E+001
6.0082955E+004 4.7730974E+001
6.0098469E+004 4.5518011E+001
6.0115565E+004 4.3409038E+001
6.0134426E+004 4.1399154E+001
6.0155261E+004 3.9483669E+001
6.0178305E+004 3.7658102E+001
6.0203826E+004 3.5918201E+001
6.0232126E+004 3.4259900E+001
6.0263550E+004 3.2679327E+001
6.0298487E+004 3.1172776E+001
6.0337383E+004 2.9736743E+001
6.0380742E+004 2.8367874E+001
6.0429139E+004 2.7062977E+001
6.0483229E+004 2.5818998E+001
6.0543760E+004 2.4633055E+001
6.0611584E+004 2.3502389E+001
6.0687673E+004 2.2424374E+001
6.0773137E+004 2.1396511E+001
6.0869246E+004 2.0416405E+001
6.0977450E+004 1.9481805E+001
6.1099408E+004 1.8590555E+001
6.1237018E+004 1.7740603E+001
6.1392452E+004 1.6929995E+001
6.1568198E+004 1.6156872E+001
6.1767102E+004 1.5419453E+001
6.1992429E+004 1.4716063E+001
6.2234832E+004 1.4076501E+001
6.2234832E+004 1.4076501E+001
6.2234832E+004 1.0588684E+002
6.2234832E+004 1.0588684E+002
6.2238235E+004 1.0096661E+002
6.2241964E+004 9.6271616E+001
6.2246045E+004 9.1792366E+001
6.2250508E+004 8.7519661E+001
6.2255386E+004 8.3444633E+001
6.2260714E+004 7.9558714E+001
6.2266534E+004 7.5853601E+001
6.2272890E+004 7.2321295E+001
6.2279836E+004 6.8954067E+001
6.2287427E+004 6.5744449E+001
6.2295730E+004 6.2685274E+001
6.2304817E+004 5.9769635E+001
6.2314769E+004 5.6990894E+001
6.2325680E+004 5.4342700E+001
6.2337654E+004 5.1818962E+001
6.2350806E+004 4.9413842E+001
6.2365271E+004 4.7121777E+001
6.2381196E+004 4.4937443E+001
6.2398750E+004 4.2855752E+001
6.2418123E+004 4.0871854E+001
6.2439531E+004 3.8981126E+001
6.2463217E+004 3.7179153E+001
6.2489459E+004 3.5461716E+001
6.2518568E+004 3.3824813E+001
6.2550902E+004 3.2264621E+001
6.2586864E+004 3.0777494E+001
6.2626914E+004 2.9359949E+001
6.2671576E+004 2.8008691E+001
6.2721445E+004 2.6720568E+001
6.2777200E+004 2.5492578E+001
6.2839615E+004 2.4321851E+001
6.2909573E+004 2.3205678E+001
6.2988082E+004 2.2141467E+001
6.3076294E+004 2.1126753E+001
6.3175523E+004 2.0159187E+001
6.3287275E+004 1.9236524E+001
6.3413269E+004 1.8356640E+001
6.3555474E+004 1.7517515E+001
6.3716143E+004 1.6717222E+001
6.3897855E+004 1.5953928E+001
6.4103567E+004 1.5225885E+001
6.4336664E+004 1.4531432E+001
6.4601025E+004 1.3868978E+001
6.4901099E+004 1.3237026E+001
6.4972760E+004 1.3100631E+001
6.4972760E+004 1.3100631E+001
6.4972760E+004 7.1006123E+001
6.4972760E+004 7.1006123E+001
6.4979946E+004 6.7700429E+001
6.4987804E+004 6.4549549E+001
6.4996399E+004 6.1546422E+001
6.5005809E+004 5.8684248E+001
6.5016119E+004 5.5956490E+001
6.5027425E+004 5.3356905E+001
6.5039838E+004 5.0879501E+001
6.5053479E+004 4.8518540E+001
6.5068487E+004 4.6268556E+001
6.5085018E+004 4.4124320E+001
6.5103248E+004 4.2080833E+001
6.5123378E+004 4.0133330E+001
6.5145632E+004 3.8277273E+001
6.5170267E+004 3.6508328E+001
6.5197573E+004 3.4822352E+001
6.5227879E+004 3.3215416E+001
6.5261559E+004 3.1683767E+001
6.5299037E+004 3.0223828E+001
6.5340796E+004 2.8832178E+001
6.5387388E+004 2.7505583E+001
6.5439437E+004 2.6240950E+001
6.5497658E+004 2.5035335E+001
6.5562865E+004 2.3885925E+001
6.5635988E+004 2.2790050E+001
6.5673083E+004 2.2295118E+001
6.5673083E+004 2.2295118E+001
6.5673083E+004 1.6674224E+002
6.5673083E+004 1.6674224E+002
6.5674361E+004 1.5909042E+002
6.5675791E+004 1.5177819E+002
6.5677388E+004 1.4479120E+002
6.5679166E+004 1.3811570E+002
6.5681139E+004 1.3173870E+002
6.5683325E+004 1.2564775E+002
6.5685741E+004 1.1983090E+002
6.5688403E+004 1.1427672E+002
6.5691333E+004 1.0897431E+002
6.5694551E+004 1.0391317E+002
6.5698081E+004 9.9083175E+001
6.5701946E+004 9.4474635E+001
6.5706174E+004 9.0078165E+001
6.5710797E+004 8.5884687E+001
6.5715848E+004 8.1885467E+001
6.5721366E+004 7.8072042E+001
6.5727392E+004 7.4436220E+001
6.5733975E+004 7.0970117E+001
6.5741169E+004 6.7666110E+001
6.5749033E+004 6.4516840E+001
6.5757637E+004 6.1515249E+001
6.5767056E+004 5.8654539E+001
6.5777376E+004 5.5928178E+001
6.5788694E+004 5.3329924E+001
6.5801119E+004 5.0853789E+001
6.5814774E+004 4.8494038E+001
6.5829797E+004 4.6245207E+001
6.5846345E+004 4.4102069E+001
6.5864595E+004 4.2059623E+001
6.5884745E+004 4.0113117E+001
6.5907024E+004 3.8258011E+001
6.5931686E+004 3.6489968E+001
6.5959022E+004 3.4804854E+001
6.5989361E+004 3.3198739E+001
6.6023079E+004 3.1667873E+001
6.6060600E+004 3.0208674E+001
6.6102408E+004 2.8817734E+001
6.6149054E+004 2.7491815E+001
6.6201165E+004 2.6227827E+001
6.6259456E+004 2.5022825E+001
6.6324742E+004 2.3873992E+001
6.6397954E+004 2.2778674E+001
6.6480155E+004 2.1734329E+001
6.6522245E+004 2.1258785E+001
6.6522245E+004 2.1258785E+001
6.6522245E+004 7.4032192E+001
6.6522245E+004 7.4032192E+001
6.6528895E+004 7.0584971E+001
6.6536162E+004 6.7298985E+001
6.6544108E+004 6.4166925E+001
6.6552800E+004 6.1181752E+001
6.6562317E+004 5.8336695E+001
6.6572746E+004 5.5625268E+001
6.6584185E+004 5.3041251E+001
6.6596744E+004 5.0578679E+001
6.6610547E+004 4.8231861E+001
6.6625736E+004 4.5995354E+001
6.6642469E+004 4.3863955E+001
6.6660925E+004 4.1832697E+001
6.6681307E+004 3.9896851E+001
6.6703844E+004 3.8051898E+001
6.6728796E+004 3.6293519E+001
6.6756457E+004 3.4617618E+001
6.6787162E+004 3.3020280E+001
6.6821292E+004 3.1497773E+001
6.6859276E+004 3.0046529E+001
6.6901607E+004 2.8663173E+001
6.6948843E+004 2.7344478E+001
6.7001622E+004 2.6087370E+001
6.7060668E+004 2.4888910E+001
6.7126810E+004 2.3746320E+001
6.7200991E+004 2.2656948E+001
6.7284292E+004 2.1618266E+001
6.7377944E+004 2.0627869E+001
6.7483355E+004 1.9683457E+001
6.7602135E+004 1.8782855E+001
6.7736128E+004 1.7923993E+001
6.7887443E+004 1.7104896E+001
6.8051263E+004 1.6353876E+001
6.8051263E+004 1.6353876E+001
6.8051263E+004 1.5274821E+002
6.8051263E+004 1.5274821E+002
6.8052837E+004 1.4571801E+002
6.8054589E+004 1.3900117E+002
6.8056535E+004 1.3258456E+002
6.8058691E+004 1.2645559E+002
6.8061074E+004 1.2060232E+002
6.8063703E+004 1.1501327E+002
6.8066595E+004 1.0967741E+002
6.8069773E+004 1.0458421E+002
6.8073259E+004 9.9723533E+001
6.8077077E+004 9.5085585E+001
6.8081255E+004 9.0660950E+001
6.8085822E+004 8.6440534E+001
6.8090813E+004 8.2415529E+001
6.8096265E+004 7.8577445E+001
6.8102220E+004 7.4918068E+001
6.8108725E+004 7.1429449E+001
6.8115832E+004 6.8103941E+001
6.8123603E+004 6.4934160E+001
6.8132102E+004 6.1912987E+001
6.8141405E+004 5.9033599E+001
6.8151598E+004 5.6289437E+001
6.8162775E+004 5.3674202E+001
6.8163034E+004 5.3617724E+001
6.8163034E+004 8.6215824E+001
6.8163034E+004 8.6215824E+001
6.8168049E+004 8.2201246E+001
6.8173527E+004 7.8373132E+001
6.8179511E+004 7.4723274E+001
6.8186047E+004 7.1243762E+001
6.8193189E+004 6.7926943E+001
6.8200997E+004 6.4765451E+001
6.8209539E+004 6.1752198E+001
6.8218889E+004 5.8880358E+001
6.8229132E+004 5.6143390E+001
6.8240366E+004 5.3535024E+001
6.8252697E+004 5.1049244E+001
6.8266248E+004 4.8680307E+001
6.8281155E+004 4.6422723E+001
6.8297574E+004 4.4271241E+001
6.8315679E+004 4.2220849E+001
6.8335668E+004 4.0266773E+001
6.8336008E+004 4.0235832E+001
6.8336008E+004 1.2156754E+002
6.8336008E+004 1.2156754E+002
6.8338594E+004 1.1593483E+002
6.8341441E+004 1.1055716E+002
6.8344569E+004 1.0542390E+002
6.8348002E+004 1.0052483E+002
6.8351762E+004 9.5850101E+001
6.8355877E+004 9.1390257E+001
6.8360377E+004 8.7136134E+001
6.8365294E+004 8.3078880E+001
6.8370666E+004 7.9209958E+001
6.8376533E+004 7.5521098E+001
6.8382942E+004 7.2004318E+001
6.8389944E+004 6.8651916E+001
6.8397599E+004 6.5456454E+001
6.8405970E+004 6.2410785E+001
6.8415133E+004 5.9508031E+001
6.8425170E+004 5.6741577E+001
6.8436174E+004 5.4105098E+001
6.8448251E+004 5.1592527E+001
6.8461519E+004 4.9198051E+001
6.8476111E+004 4.6916129E+001
6.8492179E+004 4.4741460E+001
6.8509892E+004 4.2668979E+001
6.8510626E+004 4.2589168E+001
6.8510626E+004 4.2589168E+001
6.8510626E+004 9.8782293E+001
6.8510626E+004 9.8782293E+001
6.8514513E+004 9.4187566E+001
6.8515155E+004 9.3485169E+001
6.8515155E+004 9.3485169E+001
6.8515155E+004 1.5368095E+002
6.8515155E+004 1.5368095E+002
6.8516706E+004 1.4660919E+002
6.8518434E+004 1.3985257E+002
6.8520354E+004 1.3339785E+002
6.8522482E+004 1.2723240E+002
6.8524835E+004 1.2134412E+002
6.8527431E+004 1.1572152E+002
6.8530288E+004 1.1035353E+002
6.8533428E+004 1.0522953E+002
6.8536872E+004 1.0033934E+002
6.8540646E+004 9.5673134E+001
6.8544776E+004 9.1221434E+001
6.8549291E+004 8.6975106E+001
6.8554225E+004 8.2925323E+001
6.8559615E+004 7.9063533E+001
6.8565502E+004 7.5381495E+001
6.8571933E+004 7.1871239E+001
6.8578960E+004 6.8525056E+001
6.8586641E+004 6.5335540E+001
6.8595042E+004 6.2295546E+001
6.8604237E+004 5.9398196E+001
6.8614309E+004 5.6636905E+001
6.8625353E+004 5.4005348E+001
6.8637474E+004 5.1497460E+001
6.8650791E+004 4.9107455E+001
6.8665437E+004 4.6829795E+001
6.8681566E+004 4.4659177E+001
6.8699346E+004 4.2590560E+001
6.8718973E+004 4.0619122E+001
6.8740665E+004 3.8740261E+001
6.8764669E+004 3.6949584E+001
6.8791267E+004 3.5242918E+001
6.8820778E+004 3.3616275E+001
6.8853562E+004 3.2065848E+001
6.8890032E+004 3.0588019E+001
6.8930655E+004 2.9179341E+001
6.8975963E+004 2.7836528E+001
6.9026562E+004 2.6556445E+001
6.9083143E+004 2.5336104E+001
6.9146493E+004 2.4172674E+001
6.9217510E+004 2.3063453E+001
6.9297221E+004 2.2005865E+001
6.9386796E+004 2.0997452E+001
6.9487575E+004 2.0035880E+001
6.9601088E+004 1.9118936E+001
6.9729087E+004 1.8244505E+001
6.9873575E+004 1.7410577E+001
6.9969130E+004 1.6927488E+001
6.9969130E+004 1.6927488E+001
6.9969130E+004 1.0702696E+002
6.9969130E+004 1.0702696E+002
6.9972464E+004 1.0205465E+002
6.9976117E+004 9.7309782E+001
6.9980117E+004 9.2782753E+001
6.9984491E+004 8.8464323E+001
6.9989272E+004 8.4345537E+001
6.9994495E+004 8.0417759E+001
7.0000200E+004 7.6672642E+001
7.0006432E+004 7.3102101E+001
7.0013240E+004 6.9698355E+001
7.0020681E+004 6.6453885E+001
7.0028817E+004 6.3361439E+001
7.0037720E+004 6.0414062E+001
7.0047470E+004 5.7605061E+001
7.0058157E+004 5.4928006E+001
7.0069881E+004 5.2376755E+001
7.0082757E+004 4.9945423E+001
7.0096914E+004 4.7628368E+001
7.0112496E+004 4.5420223E+001
7.0129667E+004 4.3315850E+001
7.0148613E+004 4.1310342E+001
7.0169543E+004 3.9399022E+001
7.0192693E+004 3.7577433E+001
7.0218333E+004 3.5841321E+001
7.0246767E+004 3.4186619E+001
7.0278341E+004 3.2609473E+001
7.0313448E+004 3.1106199E+001
7.0352535E+004 2.9673286E+001
7.0396109E+004 2.8307377E+001
7.0444749E+004 2.7005299E+001
7.0499115E+004 2.5764018E+001
7.0559957E+004 2.4580645E+001
7.0628133E+004 2.3452422E+001
7.0704621E+004 2.2376725E+001
7.0790539E+004 2.1351070E+001
7.0887164E+004 2.0373081E+001
7.0995953E+004 1.9440498E+001
7.1118578E+004 1.8551170E+001
7.1256947E+004 1.7703037E+001
7.1413245E+004 1.6894158E+001
7.1589974E+004 1.6122683E+001
7.1790002E+004 1.5386846E+001
7.2016611E+004 1.4684967E+001
7.2273565E+004 1.4015446E+001
7.2565178E+004 1.3376763E+001
7.2643891E+004 1.3221339E+001
7.2643891E+004 1.3221339E+001
7.2643891E+004 7.9446647E+001
7.2643891E+004 7.9446647E+001
7.2649726E+004 7.5746757E+001
7.2656099E+004 7.2219444E+001
7.2663063E+004 6.8856973E+001
7.2670674E+004 6.5651907E+001
7.2678999E+004 6.2597075E+001
7.2688110E+004 5.9685570E+001
7.2698090E+004 5.6910780E+001
7.2709031E+004 5.4266353E+001
7.2721037E+004 5.1746197E+001
7.2734227E+004 4.9344500E+001
7.2748732E+004 4.7055697E+001
7.2764702E+004 4.4874465E+001
7.2782307E+004 4.2795733E+001
7.2801738E+004 4.0814657E+001
7.2823209E+004 3.8926618E+001
7.2846967E+004 3.7127195E+001
7.2873288E+004 3.5412198E+001
7.2876422E+004 3.5223852E+001
7.2876422E+004 3.5223852E+001
7.2876422E+004 1.1315475E+002
7.2876422E+004 1.1315475E+002
7.2879410E+004 1.0790331E+002
7.2882690E+004 1.0289102E+002
7.2886287E+004 9.8107828E+001
7.2890225E+004 9.3544109E+001
7.2894533E+004 8.9190552E+001
7.2899242E+004 8.5038143E+001
7.2904387E+004 8.1078211E+001
7.2910006E+004 7.7302349E+001
7.2916144E+004 7.3702428E+001
7.2922850E+004 7.0270619E+001
7.2930177E+004 6.6999352E+001
7.2938190E+004 6.3881336E+001
7.2946956E+004 6.0909564E+001
7.2956555E+004 5.8077289E+001
7.2967074E+004 5.5378049E+001
7.2978612E+004 5.2805650E+001
7.2991282E+004 5.0354154E+001
7.3005209E+004 4.8017890E+001
7.3020536E+004 4.5791439E+001
7.3037422E+004 4.3669624E+001
7.3056049E+004 4.1647495E+001
7.3076623E+004 3.9720345E+001
7.3099374E+004 3.7883677E+001
7.3124567E+004 3.6133190E+001
7.3152498E+004 3.4464807E+001
7.3183507E+004 3.2874629E+001
7.3217978E+004 3.1358942E+001
7.3256348E+004 2.9914194E+001
7.3299113E+004 2.8537025E+001
7.3346840E+004 2.7224223E+001
7.3400173E+004 2.5972727E+001
7.3459846E+004 2.4779617E+001
7.3526699E+004 2.3642119E+001
7.3601686E+004 2.2557596E+001
7.3685901E+004 2.1523534E+001
7.3780591E+004 2.0537538E+001
7.3887182E+004 1.9597322E+001
7.4007305E+004 1.8700713E+001
7.4142825E+004 1.7845655E+001
7.4295880E+004 1.7030182E+001
7.4299504E+004 1.7012380E+001
7.4299504E+004 1.7012380E+001
7.4299504E+004 1.2198826E+002
7.4299504E+004 1.2198826E+002
7.4302072E+004 1.1633654E+002
7.4304899E+004 1.1094066E+002
7.4308006E+004 1.0578995E+002
7.4311415E+004 1.0087413E+002
7.4315151E+004 9.6183387E+001
7.4319239E+004 9.1708203E+001
7.4323710E+004 8.7439381E+001
7.4328595E+004 8.3368077E+001
7.4333933E+004 7.9485719E+001
7.4339762E+004 7.5784006E+001
7.4346130E+004 7.2254953E+001
7.4353087E+004 6.8890828E+001
7.4360692E+004 6.5684174E+001
7.4369009E+004 6.2627828E+001
7.4378111E+004 5.9714884E+001
7.4388081E+004 5.6938716E+001
7.4399012E+004 5.4292976E+001
7.4411007E+004 5.1771573E+001
7.4424183E+004 4.9368682E+001
7.4438674E+004 4.7078742E+001
7.4454629E+004 4.4896432E+001
7.4472216E+004 4.2816666E+001
7.4491627E+004 4.0834607E+001
7.4513076E+004 3.8945629E+001
7.4536809E+004 3.7145314E+001
7.4563102E+004 3.5429466E+001
7.4592270E+004 3.3794077E+001
7.4624670E+004 3.2235327E+001
7.4660706E+004 3.0749563E+001
7.4700840E+004 2.9333327E+001
7.4745596E+004 2.7983316E+001
7.4795572E+004 2.6696380E+001
7.4851447E+004 2.5469510E+001
7.4913999E+004 2.4299861E+001
7.4984111E+004 2.3184714E+001
7.5062796E+004 2.2121482E+001
7.5151207E+004 2.1107699E+001
7.5250662E+004 2.0141011E+001
7.5362671E+004 1.9219188E+001
7.5488958E+004 1.8340110E+001
7.5631496E+004 1.7501753E+001
7.5792544E+004 1.6702192E+001
7.5974690E+004 1.5939595E+001
7.6180895E+004 1.5212211E+001
7.6414555E+004 1.4518378E+001
7.6679559E+004 1.3856525E+001
7.6980368E+004 1.3225150E+001
7.7322096E+004 1.2622821E+001
7.7710608E+004 1.2048177E+001
7.7926613E+004 1.1767148E+001
7.7926613E+004 1.1767148E+001
7.7926613E+004 7.6586552E+001
7.7926613E+004 7.6586552E+001
7.7932858E+004 7.3020031E+001
7.7939680E+004 6.9620125E+001
7.7947136E+004 6.6379315E+001
7.7955290E+004 6.3290368E+001
7.7964212E+004 6.0346329E+001
7.7973983E+004 5.7540504E+001
7.7984693E+004 5.4866484E+001
7.7996443E+004 5.2318127E+001
7.8009348E+004 4.9889547E+001
7.8023536E+004 4.7575121E+001
7.8039154E+004 4.5369481E+001
7.8056365E+004 4.3267493E+001
7.8075355E+004 4.1264254E+001
7.8096334E+004 3.9355100E+001
7.8119540E+004 3.7535575E+001
7.8145242E+004 3.5801419E+001
7.8173746E+004 3.4148590E+001
7.8205398E+004 3.2573229E+001
7.8240594E+004 3.1071654E+001
7.8279780E+004 2.9640348E+001
7.8323466E+004 2.8275982E+001
7.8372233E+004 2.6975373E+001
7.8426742E+004 2.5735493E+001
7.8487747E+004 2.4553445E+001
7.8556107E+004 2.3426483E+001
7.8632804E+004 2.2351997E+001
7.8718959E+004 2.1327495E+001
7.8799589E+004 2.0502676E+001
7.8799589E+004 2.0502676E+001
7.8799589E+004 8.8198915E+001
7.8799589E+004 8.8198915E+001
7.8804397E+004 8.4092425E+001
7.8809650E+004 8.0176404E+001
7.8815387E+004 7.6442521E+001
7.8821653E+004 7.2882728E+001
7.8828499E+004 6.9489235E+001
7.8835982E+004 6.6254555E+001
7.8844164E+004 6.3171462E+001
7.8853119E+004 6.0232998E+001
7.8862925E+004 5.7432496E+001
7.8873674E+004 5.4763555E+001
7.8885467E+004 5.2220031E+001
7.8898420E+004 4.9796062E+001
7.8912662E+004 4.7486034E+001
7.8928339E+004 4.5284576E+001
7.8945617E+004 4.3186574E+001
7.8964681E+004 4.1187140E+001
7.8985743E+004 3.9281611E+001
7.9009042E+004 3.7465528E+001
7.9034849E+004 3.5734662E+001
7.9063470E+004 3.4084968E+001
7.9095255E+004 3.2512584E+001
7.9130599E+004 3.1013842E+001
7.9169952E+004 2.9585245E+001
7.9213828E+004 2.8223460E+001
7.9262809E+004 2.6925306E+001
7.9317559E+004 2.5687753E+001
7.9378837E+004 2.4507931E+001
7.9447507E+004 2.3383095E+001
7.9524555E+004 2.2310634E+001
7.9611109E+004 2.1288053E+001
7.9708455E+004 2.0312986E+001
7.9818065E+004 1.9383187E+001
7.9941622E+004 1.8496510E+001
8.0048412E+004 1.7835309E+001
8.0048412E+004 1.7835309E+001
8.0048412E+004 1.2660264E+002
8.0048412E+004 1.2660264E+002
8.0050790E+004 1.2074273E+002
8.0053412E+004 1.1514732E+002
8.0056298E+004 1.0980539E+002
8.0059468E+004 1.0470636E+002
8.0062946E+004 9.9840085E+001
8.0066756E+004 9.5196796E+001
8.0070924E+004 9.0767031E+001
8.0075482E+004 8.6541707E+001
8.0080462E+004 8.2512019E+001
8.0085902E+004 7.8669444E+001
8.0091844E+004 7.5005775E+001
8.0098335E+004 7.1513068E+001
8.0105427E+004 6.8183645E+001
8.0113180E+004 6.5010126E+001
8.0121661E+004 6.1985397E+001
8.0130944E+004 5.9102608E+001
8.0141113E+004 5.6355202E+001
8.0152265E+004 5.3736883E+001
8.0164505E+004 5.1241614E+001
8.0177955E+004 4.8863637E+001
8.0192749E+004 4.6597437E+001
8.0209042E+004 4.4437740E+001
8.0227007E+004 4.2379527E+001
8.0246839E+004 4.0418001E+001
8.0268761E+004 3.8548578E+001
8.0293024E+004 3.6766897E+001
8.0319911E+004 3.5068800E+001
8.0349747E+004 3.3450319E+001
8.0382897E+004 3.1907662E+001
8.0419779E+004 3.0437238E+001
8.0460867E+004 2.9035613E+001
8.0506700E+004 2.7699518E+001
8.0557891E+004 2.6425827E+001
8.0615143E+004 2.5211581E+001
8.0679251E+004 2.4053956E+001
8.0751129E+004 2.2950264E+001
8.0831816E+004 2.1897942E+001
8.0922499E+004 2.0894541E+001
8.1024537E+004 1.9937748E+001
8.1126856E+004 1.9117747E+001
8.1126856E+004 1.9117747E+001
8.1126856E+004 1.0423563E+002
8.1126856E+004 1.0423563E+002
8.1130364E+004 9.9390895E+001
8.1134206E+004 9.4768230E+001
8.1138410E+004 9.0358213E+001
8.1143006E+004 8.6151790E+001
8.1148028E+004 8.2140185E+001
8.1153514E+004 7.8314902E+001
8.1159506E+004 7.4667761E+001
8.1166051E+004 7.1190844E+001
8.1173204E+004 6.7876498E+001
8.1181023E+004 6.4717372E+001
8.1189576E+004 6.1706376E+001
8.1198939E+004 5.8836687E+001
8.1209198E+004 5.6101772E+001
8.1220447E+004 5.3495363E+001
8.1232797E+004 5.1011446E+001
8.1246367E+004 4.8644287E+001
8.1261297E+004 4.6388397E+001
8.1277741E+004 4.4238523E+001
8.1295874E+004 4.2189670E+001
8.1315894E+004 4.0237061E+001
8.1338026E+004 3.8376133E+001
8.1362525E+004 3.6602543E+001
8.1389677E+004 3.4912153E+001
8.1419810E+004 3.3301014E+001
8.1453295E+004 3.1765350E+001
8.1490554E+004 3.0301586E+001
8.1532067E+004 2.8906305E+001
8.1578380E+004 2.7576252E+001
8.1627508E+004 2.6367154E+001
8.1627508E+004 2.6367154E+001
8.1627508E+004 8.0343535E+001
8.1627508E+004 8.0343535E+001
8.1633223E+004 7.6601877E+001
8.1639465E+004 7.3034640E+001
8.1646285E+004 6.9634050E+001
8.1653739E+004 6.6392591E+001
8.1661889E+004 6.3303021E+001
8.1670808E+004 6.0358387E+001
8.1680575E+004 5.7551998E+001
8.1691281E+004 5.4877438E+001
8.1703026E+004 5.2328566E+001
8.1715926E+004 4.9899497E+001
8.1730109E+004 4.7584603E+001
8.1745720E+004 4.5378517E+001
8.1762924E+004 4.3276106E+001
8.1781906E+004 4.1272462E+001
8.1802876E+004 3.9362922E+001
8.1826072E+004 3.7543030E+001
8.1851763E+004 3.5808525E+001
8.1880255E+004 3.4155363E+001
8.1911893E+004 3.2579684E+001
8.1947073E+004 3.1077806E+001
8.1986241E+004 2.9646213E+001
8.2029908E+004 2.8281572E+001
8.2078652E+004 2.6980702E+001
8.2133136E+004 2.5740572E+001
8.2155112E+004 2.5290811E+001
8.2155112E+004 2.5290811E+001
8.2155112E+004 1.0249512E+002
8.2155112E+004 1.0249512E+002
8.2158736E+004 9.7730056E+001
8.2162703E+004 9.3183701E+001
8.2167042E+004 8.8846769E+001
8.2171785E+004 8.4710270E+001
8.2176967E+004 8.0765556E+001
8.2182626E+004 7.7004248E+001
8.2188808E+004 7.3418233E+001
8.2195562E+004 6.9999707E+001
8.2202943E+004 6.6741127E+001
8.2211014E+004 6.3635215E+001
8.2219844E+004 6.0674990E+001
8.2229514E+004 5.7853736E+001
8.2240112E+004 5.5164998E+001
8.2251738E+004 5.2602610E+001
8.2264505E+004 5.0160661E+001
8.2278540E+004 4.7833490E+001
8.2293986E+004 4.5615705E+001
8.2311007E+004 4.3502148E+001
8.2329784E+004 4.1487885E+001
8.2350524E+004 3.9568228E+001
8.2373463E+004 3.7738698E+001
8.2398866E+004 3.5995022E+001
8.2427034E+004 3.4333115E+001
8.2458308E+004 3.2749106E+001
8.2493078E+004 3.1239294E+001
8.2531784E+004 2.9800153E+001
8.2574930E+004 2.8428314E+001
8.2623085E+004 2.7120588E+001
8.2676903E+004 2.5873927E+001
8.2737126E+004 2.4685430E+001
8.2804600E+004 2.3552320E+001
8.2880293E+004 2.2471975E+001
8.2965307E+004 2.1441892E+001
8.3031062E+004 2.0747782E+001
8.3031062E+004 2.0747782E+001
8.3031062E+004 1.0580581E+002
8.3031062E+004 1.0580581E+002
8.3034470E+004 1.0088927E+002
8.3038204E+004 9.6197832E+001
8.3042292E+004 9.1721982E+001
8.3046761E+004 8.7452524E+001
8.3051645E+004 8.3380610E+001
8.3056981E+004 7.9497668E+001
8.3062809E+004 7.5795399E+001
8.3069175E+004 7.2265813E+001
8.3076130E+004 6.8901181E+001
8.3083733E+004 6.5694043E+001
8.3092047E+004 6.2637233E+001
8.3101147E+004 5.9723850E+001
8.3111115E+004 5.6947260E+001
8.3122042E+004 5.4301118E+001
8.3134033E+004 5.1779334E+001
8.3147206E+004 4.9376078E+001
8.3161693E+004 4.7085790E+001
8.3177642E+004 4.4903149E+001
8.3195224E+004 4.2823067E+001
8.3214628E+004 4.0840707E+001
8.3236071E+004 3.8951443E+001
8.3259796E+004 3.7150855E+001
8.3286081E+004 3.5434747E+001
8.3315239E+004 3.3799111E+001
8.3347628E+004 3.2240125E+001
8.3383652E+004 3.0754135E+001
8.3423772E+004 2.9337685E+001
8.3468513E+004 2.7987470E+001
8.3518471E+004 2.6700339E+001
8.3574327E+004 2.5473288E+001
8.3636856E+004 2.4303461E+001
8.3706943E+004 2.3188146E+001
8.3785599E+004 2.2124754E+001
8.3873977E+004 2.1110819E+001
8.3973396E+004 2.0143988E+001
8.4085363E+004 1.9222026E+001
8.4211601E+004 1.8342816E+001
8.4354084E+004 1.7504334E+001
8.4515071E+004 1.6704653E+001
8.4647951E+004 1.6134346E+001
8.4647951E+004 1.6134346E+001
8.4647951E+004 8.7039473E+001
8.4647951E+004 8.7039473E+001
8.4652879E+004 8.2986704E+001
8.4658261E+004 7.9122071E+001
8.4664141E+004 7.5437303E+001
8.4670563E+004 7.1924439E+001
8.4677580E+004 6.8575775E+001
8.4685250E+004 6.5383881E+001
8.4693639E+004 6.2341618E+001
8.4702821E+004 5.9442110E+001
8.4712879E+004 5.6678754E+001
8.4723907E+004 5.4045229E+001
8.4736011E+004 5.1535471E+001
8.4749308E+004 4.9143679E+001
8.4763933E+004 4.6864314E+001
8.4780037E+004 4.4692082E+001
8.4797790E+004 4.2621917E+001
8.4817387E+004 4.0649005E+001
8.4839045E+004 3.8768741E+001
8.4863011E+004 3.6976727E+001
8.4889567E+004 3.5268786E+001
8.4919029E+004 3.3640929E+001
8.4951760E+004 3.2089353E+001
8.4988169E+004 3.0610421E+001
8.5028724E+004 2.9200694E+001
8.5073955E+004 2.7856881E+001
8.5124467E+004 2.6575849E+001
8.5141200E+004 2.6192002E+001
8.5141200E+004 2.6192002E+001
8.5141200E+004 8.9919148E+001
8.5141200E+004 8.9919148E+001
8.5145838E+004 8.5733032E+001
8.5150906E+004 8.1740855E+001
8.5156441E+004 7.7934148E+001
8.5162487E+004 7.4304762E+001
8.5169092E+004 7.0844806E+001
8.5176309E+004 6.7546657E+001
8.5184200E+004 6.4402990E+001
8.5192833E+004 6.1406743E+001
8.5202283E+004 5.8551122E+001
8.5212638E+004 5.5829624E+001
8.5223995E+004 5.3236004E+001
8.5236464E+004 5.0764278E+001
8.5250167E+004 4.8408738E+001
8.5265244E+004 4.6163920E+001
8.5281852E+004 4.4024596E+001
8.5300168E+004 4.1985793E+001
8.5320393E+004 4.0042759E+001
8.5342755E+004 3.8190950E+001
8.5367511E+004 3.6426049E+001
8.5394952E+004 3.4743936E+001
8.5425410E+004 3.3140681E+001
8.5459261E+004 3.1612526E+001
8.5496931E+004 3.0155915E+001
8.5538908E+004 2.8767447E+001
8.5585745E+004 2.7443883E+001
8.5638072E+004 2.6182126E+001
8.5696607E+004 2.4979247E+001
8.5762170E+004 2.3832450E+001
8.5835695E+004 2.2739071E+001
8.5918251E+004 2.1696573E+001
8.6011058E+004 2.0702529E+001
8.6115508E+004 1.9754650E+001
8.6233196E+004 1.8850749E+001
8.6365945E+004 1.7988745E+001
8.6389457E+004 1.7849667E+001
8.6389457E+004 1.7849667E+001
8.6389457E+004 1.1352094E+002
8.6389457E+004 1.1352094E+002
8.6392426E+004 1.0825288E+002
8.6395686E+004 1.0322462E+002
8.6399260E+004 9.8426156E+001
8.6403175E+004 9.3847813E+001
8.6407456E+004 8.9480233E+001
8.6412137E+004 8.5314424E+001
8.6417251E+004 8.1341673E+001
8.6422837E+004 7.7553541E+001
8.6428938E+004 7.3941907E+001
8.6435603E+004 7.0498907E+001
8.6442887E+004 6.7216950E+001
8.6450850E+004 6.4088737E+001
8.6459563E+004 6.1107232E+001
8.6462486E+004 6.0191707E+001
8.6462486E+004 6.0191707E+001
8.6462486E+004 1.2565647E+002
8.6462486E+004 1.2565647E+002
8.6464901E+004 1.1983923E+002
8.6467564E+004 1.1428467E+002
8.6470493E+004 1.0898190E+002
8.6473711E+004 1.0392041E+002
8.6477239E+004 9.9090090E+001
8.6481104E+004 9.4481232E+001
8.6485332E+004 9.0084457E+001
8.6489954E+004 8.5890687E+001
8.6495005E+004 8.1891189E+001
8.6500521E+004 7.8077498E+001
8.6506547E+004 7.4441422E+001
8.6513129E+004 7.0975075E+001
8.6520322E+004 6.7670836E+001
8.6528186E+004 6.4521344E+001
8.6536788E+004 6.1519541E+001
8.6546206E+004 5.8658630E+001
8.6556524E+004 5.5932077E+001
8.6567841E+004 5.3333639E+001
8.6580264E+004 5.0857330E+001
8.6593917E+004 4.8497412E+001
8.6608938E+004 4.6248422E+001
8.6625484E+004 4.4105133E+001
8.6643731E+004 4.2062543E+001
8.6663879E+004 4.0115900E+001
8.6686154E+004 3.8260662E+001
8.6710812E+004 3.6492496E+001
8.6738144E+004 3.4807263E+001
8.6768479E+004 3.3201036E+001
8.6802191E+004 3.1670061E+001
8.6839706E+004 3.0210761E+001
8.6881507E+004 2.8819723E+001
8.6928146E+004 2.7493711E+001
8.6980248E+004 2.6229634E+001
8.7038530E+004 2.5024548E+001
8.7103805E+004 2.3875635E+001
8.7177005E+004 2.2780240E+001
8.7259191E+004 2.1735822E+001
8.7351578E+004 2.0739960E+001
8.7455551E+004 1.9790352E+001
8.7572697E+004 1.8884796E+001
8.7704830E+004 1.8021209E+001
8.7854024E+004 1.7197611E+001
8.8022658E+004 1.6412111E+001
8.8213453E+004 1.5662911E+001
8.8429526E+004 1.4948299E+001
8.8455538E+004 1.4869704E+001
8.8455538E+004 1.4869704E+001
8.8455538E+004 7.9909033E+001
8.8455538E+004 7.9909033E+001
8.8461310E+004 7.6187599E+001
8.8467616E+004 7.2639701E+001
8.8474504E+004 6.9257582E+001
8.8482034E+004 6.6033748E+001
8.8490268E+004 6.2961006E+001
8.8499279E+004 6.0032426E+001
8.8509148E+004 5.7241343E+001
8.8519967E+004 5.4581381E+001
8.8531838E+004 5.2046425E+001
8.8544876E+004 4.9630614E+001
8.8559214E+004 4.7328360E+001
8.8574998E+004 4.5134318E+001
8.8592394E+004 4.3043373E+001
8.8611591E+004 4.1050664E+001
8.8627290E+004 3.9616653E+001
8.8627290E+004 3.9616653E+001
8.8627290E+004 9.4905794E+001
8.8627290E+004 9.4905794E+001
8.8631483E+004 9.0489452E+001
8.8636067E+004 8.6276954E+001
8.8641075E+004 8.2259539E+001
8.8646546E+004 7.8428715E+001
8.8652522E+004 7.4776264E+001
8.8659050E+004 7.1294274E+001
8.8666183E+004 6.7975096E+001
8.8673980E+004 6.4811346E+001
8.8682510E+004 6.1795939E+001
8.8691847E+004 5.8922050E+001
8.8702077E+004 5.6183123E+001
8.8713295E+004 5.3572888E+001
8.8725610E+004 5.1085333E+001
8.8739141E+004 4.8714698E+001
8.8754027E+004 4.6455496E+001
8.8770422E+004 4.4302476E+001
8.8788501E+004 4.2250615E+001
8.8808461E+004 4.0295140E+001
8.8830525E+004 3.8431488E+001
8.8854947E+004 3.6655305E+001
8.8882014E+004 3.4962437E+001
8.8912051E+004 3.3348938E+001
8.8945428E+004 3.1811037E+001
8.8982566E+004 3.0345136E+001
8.9023941E+004 2.8947815E+001
8.9070099E+004 2.7615818E+001
8.9111269E+004 2.6584838E+001
8.9111269E+004 2.6584838E+001
8.9111269E+004 9.4710201E+001
8.9111269E+004 9.4710201E+001
8.9115478E+004 9.0302862E+001
8.9120079E+004 8.6099000E+001
8.9125107E+004 8.2089847E+001
8.9130599E+004 7.8266907E+001
8.9136597E+004 7.4622006E+001
8.9143150E+004 7.1147225E+001
8.9150311E+004 6.7834923E+001
8.9158139E+004 6.4677746E+001
8.9166702E+004 6.1668606E+001
8.9176076E+004 5.8800691E+001
8.9186346E+004 5.6067468E+001
8.9197610E+004 5.3462668E+001
8.9209974E+004 5.0980289E+001
8.9223561E+004 4.8614596E+001
8.9238509E+004 4.6360100E+001
8.9254973E+004 4.4211558E+001
8.9273129E+004 4.2163972E+001
8.9293175E+004 4.0212571E+001
8.9315336E+004 3.8352790E+001
8.9339867E+004 3.6580297E+001
8.9367055E+004 3.4890952E+001
8.9397229E+004 3.3280806E+001
8.9430760E+004 3.1746089E+001
8.9468071E+004 3.0283228E+001
8.9509641E+004 2.8888807E+001
8.9556020E+004 2.7559574E+001
8.9607828E+004 2.6292415E+001
8.9665777E+004 2.5084393E+001
8.9730675E+004 2.3932698E+001
8.9803448E+004 2.2834653E+001
8.9885150E+004 2.1787707E+001
8.9976987E+004 2.0789427E+001
9.0080335E+004 1.9837515E+001
9.0196769E+004 1.8929773E+001
9.0328093E+004 1.8064110E+001
9.0476366E+004 1.7238533E+001
9.0643950E+004 1.6451143E+001
9.0833547E+004 1.5700133E+001
9.1048253E+004 1.4983796E+001
9.1291616E+004 1.4300498E+001
9.1302325E+004 1.4272863E+001
9.1302325E+004 1.4272863E+001
9.1302325E+004 7.3778172E+001
9.1302325E+004 7.3778172E+001
9.1309018E+004 7.0342820E+001
9.1316332E+004 6.7068175E+001
9.1324329E+004 6.3946931E+001
9.1333078E+004 6.0972078E+001
9.1342658E+004 5.8136872E+001
9.1353156E+004 5.5434831E+001
9.1364672E+004 5.2859761E+001
9.1377316E+004 5.0405725E+001
9.1380606E+004 4.9819723E+001
9.1380606E+004 4.9819723E+001
9.1380606E+004 1.2861232E+002
9.1380606E+004 1.2861232E+002
9.1382906E+004 1.2266195E+002
9.1385445E+004 1.1697979E+002
9.1388241E+004 1.1155473E+002
9.1391314E+004 1.0637607E+002
9.1394687E+004 1.0143348E+002
9.1398383E+004 9.6717079E+001
9.1402429E+004 9.2217326E+001
9.1406854E+004 8.7924996E+001
9.1411690E+004 8.3831188E+001
9.1416972E+004 7.9927307E+001
9.1422742E+004 7.6205024E+001
9.1429045E+004 7.2656312E+001
9.1435931E+004 6.9273415E+001
9.1443457E+004 6.6048839E+001
9.1451688E+004 6.2975389E+001
9.1460695E+004 6.0046134E+001
9.1470560E+004 5.7254406E+001
9.1481374E+004 5.4593830E+001
9.1493239E+004 5.2058289E+001
9.1506272E+004 4.9641919E+001
9.1520603E+004 4.7339134E+001
9.1536379E+004 4.5144585E+001
9.1553768E+004 4.3053160E+001
9.1572956E+004 4.1059990E+001
9.1594156E+004 3.9160428E+001
9.1617610E+004 3.7350041E+001
9.1643591E+004 3.5624588E+001
9.1672407E+004 3.3980050E+001
9.1704412E+004 3.2412586E+001
9.1740003E+004 3.0918532E+001
9.1779635E+004 2.9494390E+001
9.1823825E+004 2.8136847E+001
9.1873161E+004 2.6842739E+001
9.1928313E+004 2.5609048E+001
9.1990046E+004 2.4432891E+001
9.2059231E+004 2.3311546E+001
9.2136863E+004 2.2242410E+001
9.2224080E+004 2.1223003E+001
9.2322179E+004 2.0250967E+001
9.2432646E+004 1.9324045E+001
9.2523067E+004 1.8666564E+001
9.2523067E+004 1.8666564E+001
9.2523067E+004 7.6421252E+001
9.2523067E+004 7.6421252E+001
9.2529337E+004 7.2862452E+001
9.2536187E+004 6.9469908E+001
9.2543673E+004 6.6236133E+001
9.2551860E+004 6.3153905E+001
9.2560819E+004 6.0216265E+001
9.2570630E+004 5.7416550E+001
9.2581385E+004 5.4748359E+001
9.2593185E+004 5.2205549E+001
9.2606145E+004 4.9782261E+001
9.2620395E+004 4.7472883E+001
9.2636081E+004 4.5272043E+001
9.2653368E+004 4.3174630E+001
9.2672444E+004 4.1175758E+001
9.2693518E+004 3.9270759E+001
9.2716831E+004 3.7455187E+001
9.2742653E+004 3.5724806E+001
9.2771292E+004 3.4075575E+001
9.2803096E+004 3.2503628E+001
9.2838462E+004 3.1005305E+001
9.2877841E+004 2.9577109E+001
9.2921744E+004 2.8215705E+001
9.2970756E+004 2.6917909E+001
9.3025543E+004 2.5680702E+001
9.3086861E+004 2.4501209E+001
9.3155577E+004 2.3376687E+001
9.3232677E+004 2.2304525E+001
9.3244269E+004 2.2157023E+001
9.3244269E+004 2.2157023E+001
9.3244269E+004 6.1333068E+001
9.3244269E+004 6.1333068E+001
9.3253741E+004 5.8480908E+001
9.3264120E+004 5.5762711E+001
9.3275504E+004 5.3172229E+001
9.3288002E+004 5.0703503E+001
9.3301738E+004 4.8350822E+001
9.3316851E+004 4.6108719E+001
9.3330509E+004 4.4332060E+001
9.3330509E+004 4.4332060E+001
9.3330509E+004 1.3445761E+002
9.3330509E+004 1.3445761E+002
9.3332601E+004 1.2824457E+002
9.3334915E+004 1.2231073E+002
9.3337468E+004 1.1664446E+002
9.3340281E+004 1.1123461E+002
9.3343372E+004 1.0607050E+002
9.3346763E+004 1.0114188E+002
9.3350480E+004 9.6438859E+001
9.3354548E+004 9.1951902E+001
9.3358997E+004 8.7671832E+001
9.3363858E+004 8.3589758E+001
9.3369169E+004 7.9697089E+001
9.3374970E+004 7.5985536E+001
9.3381307E+004 7.2447070E+001
9.3388230E+004 6.9073954E+001
9.3395797E+004 6.5858728E+001
9.3404072E+004 6.2794190E+001
9.3413129E+004 5.9873436E+001
9.3423048E+004 5.7089825E+001
9.3433923E+004 5.4436979E+001
9.3445855E+004 5.1908806E+001
9.3450682E+004 5.0979041E+001
9.3450682E+004 5.0979041E+001
9.3450682E+004 9.5845735E+001
9.3450682E+004 9.5845735E+001
9.3454798E+004 9.1386092E+001
9.3459298E+004 8.7132161E+001
9.3464216E+004 8.3075091E+001
9.3469588E+004 7.9206346E+001
9.3475455E+004 7.5517654E+001
9.3481865E+004 7.2001034E+001
9.3488868E+004 6.8648786E+001
9.3496523E+004 6.5453470E+001
9.3504895E+004 6.2407941E+001
9.3514059E+004 5.9505321E+001
9.3524096E+004 5.6738994E+001
9.3535102E+004 5.4102636E+001
9.3547180E+004 5.1590181E+001
9.3560449E+004 4.9195815E+001
9.3575042E+004 4.6913998E+001
9.3591112E+004 4.4739429E+001
9.3608827E+004 4.2667043E+001
9.3628380E+004 4.0692009E+001
9.3649989E+004 3.8809724E+001
9.3673901E+004 3.7015794E+001
9.3700395E+004 3.5306018E+001
9.3729789E+004 3.3676414E+001
9.3762443E+004 3.2123173E+001
9.3798765E+004 3.0642668E+001
9.3839222E+004 2.9231429E+001
9.3884342E+004 2.7886177E+001
9.3934728E+004 2.6603774E+001
9.3981938E+004 2.5565426E+001
9.3981938E+004 2.5565426E+001
9.3981938E+004 9.2023345E+001
9.3981938E+004 9.2023345E+001
9.3986381E+004 8.7739973E+001
9.3991235E+004 8.3654745E+001
9.3996539E+004 7.9759053E+001
9.4002331E+004 7.6044611E+001
9.4008659E+004 7.2503394E+001
9.4015572E+004 6.9127642E+001
9.4023127E+004 6.5909899E+001
9.4031391E+004 6.2842969E+001
9.4040434E+004 5.9919924E+001
9.4050339E+004 5.7134128E+001
9.4061197E+004 5.4479207E+001
9.4073111E+004 5.1949048E+001
9.4086199E+004 4.9537818E+001
9.4100590E+004 4.7239930E+001
9.4116434E+004 4.5050038E+001
9.4133898E+004 4.2963058E+001
9.4153170E+004 4.0974124E+001
9.4174465E+004 3.9078589E+001
9.4198025E+004 3.7272037E+001
9.4224124E+004 3.5550248E+001
9.4253073E+004 3.3909200E+001
9.4285227E+004 3.2345049E+001
9.4320987E+004 3.0854151E+001
9.4360809E+004 2.9433026E+001
9.4405214E+004 2.8078358E+001
9.4454792E+004 2.6786974E+001
9.4510218E+004 2.5555878E+001
9.4572261E+004 2.4382206E+001
9.4593213E+004 2.4024328E+001
9.4593213E+004 2.4024328E+001
9.4593213E+004 6.1987482E+001
9.4593213E+004 6.1987482E+001
9.4602495E+004 5.9104595E+001
9.4612664E+004 5.6357096E+001
9.4623815E+004 5.3738688E+001
9.4636055E+004 5.1243334E+001
9.4649503E+004 4.8865276E+001
9.4664297E+004 4.6598999E+001
9.4680589E+004 4.4439228E+001
9.4698552E+004 4.2380946E+001
9.4718383E+004 4.0419353E+001
9.4740304E+004 3.8549867E+001
9.4764564E+004 3.6768125E+001
9.4791450E+004 3.5069970E+001
9.4821283E+004 3.3451435E+001
9.4854431E+004 3.1908725E+001
9.4891310E+004 3.0438251E+001
9.4923310E+004 2.9326692E+001
9.4923310E+004 2.9326692E+001
9.4923310E+004 6.6789687E+001
9.4923310E+004 6.6789687E+001
9.4931370E+004 6.3681501E+001
9.4940188E+004 6.0719102E+001
9.4949845E+004 5.7895775E+001
9.4960428E+004 5.5205062E+001
9.4972037E+004 5.2640790E+001
9.4984786E+004 5.0197046E+001
9.4998800E+004 4.7868167E+001
9.5014224E+004 4.5648751E+001
9.5031219E+004 4.3533639E+001
9.5049968E+004 4.1517905E+001
9.5070677E+004 3.9596837E+001
9.5093580E+004 3.7765963E+001
9.5118943E+004 3.6021006E+001
9.5147066E+004 3.4357882E+001
9.5178291E+004 3.2772710E+001
9.5213004E+004 3.1261792E+001
9.5251647E+004 2.9821598E+001
9.5294720E+004 2.8448759E+001
9.5333045E+004 2.7387890E+001
9.5333045E+004 2.7387890E+001
9.5333045E+004 1.2333500E+002
9.5333045E+004 1.2333500E+002
9.5335556E+004 1.1762249E+002
9.5338321E+004 1.1216830E+002
9.5341361E+004 1.0696171E+002
9.5344698E+004 1.0199239E+002
9.5348356E+004 9.7250364E+001
9.5352360E+004 9.2726071E+001
9.5356740E+004 8.8410260E+001
9.5361526E+004 8.4293973E+001
9.5366755E+004 8.0368592E+001
9.5372467E+004 7.6625767E+001
9.5378705E+004 7.3057414E+001
9.5385521E+004 6.9655759E+001
9.5392970E+004 6.6413285E+001
9.5401116E+004 6.3322745E+001
9.5410030E+004 6.0377185E+001
9.5419791E+004 5.7569916E+001
9.5430490E+004 5.4894513E+001
9.5442229E+004 5.2344838E+001
9.5455120E+004 4.9915007E+001
9.5469294E+004 4.7599384E+001
9.5484896E+004 4.5392602E+001
9.5502089E+004 4.3289528E+001
9.5521058E+004 4.1285254E+001
9.5542015E+004 3.9375113E+001
9.5565196E+004 3.7554647E+001
9.5590869E+004 3.5819602E+001
9.5619341E+004 3.4165919E+001
9.5650958E+004 3.2589745E+001
9.5686113E+004 3.1087395E+001
9.5725254E+004 2.9655357E+001
9.5768889E+004 2.8290288E+001
9.5817598E+004 2.6989010E+001
9.5872042E+004 2.5748491E+001
9.5932972E+004 2.4565844E+001
9.6001249E+004 2.3438303E+001
9.6077851E+004 2.2363265E+001
9.6163897E+004 2.1338238E+001
9.6260668E+004 2.0360847E+001
9.6369624E+004 1.9428834E+001
9.6492438E+004 1.8540039E+001
9.6631022E+004 1.7692420E+001
9.6787565E+004 1.6884035E+001
9.6937869E+004 1.6220450E+001
9.6937869E+004 1.6220450E+001
9.6937869E+004 1.0048128E+002
9.6937869E+004 1.0048128E+002
9.6941633E+004 9.5808551E+001
9.6945751E+004 9.1350622E+001
9.6950255E+004 8.7098321E+001
9.6955176E+004 8.3042821E+001
9.6960552E+004 7.9175577E+001
9.6966251E+004 7.5589483E+001
9.6966251E+004 7.5589483E+001
9.6966251E+004 1.3988251E+002
9.6966251E+004 1.3988251E+002
9.6968170E+004 1.3342644E+002
9.6970297E+004 1.2725971E+002
9.6972649E+004 1.2137020E+002
9.6975244E+004 1.1574641E+002
9.6978100E+004 1.1037730E+002
9.6981238E+004 1.0525223E+002
9.6984681E+004 1.0036099E+002
9.6988453E+004 9.5693791E+001
9.6992581E+004 9.1241146E+001
9.6997095E+004 8.6993905E+001
9.7002027E+004 8.2943250E+001
9.7007415E+004 7.9080630E+001
9.7013300E+004 7.5397795E+001
9.7019728E+004 7.1886777E+001
9.7026752E+004 6.8539869E+001
9.7034429E+004 6.5349658E+001
9.7042827E+004 6.2309002E+001
9.7052018E+004 5.9411019E+001
9.7062087E+004 5.6649125E+001
9.7073126E+004 5.4016994E+001
9.7085242E+004 5.1508558E+001
9.7098552E+004 4.9118031E+001
9.7113193E+004 4.6839873E+001
9.7129314E+004 4.4668784E+001
9.7147087E+004 4.2599715E+001
9.7166705E+004 4.0627847E+001
9.7188387E+004 3.8748578E+001
9.7212380E+004 3.6957510E+001
9.7238966E+004 3.5250472E+001
9.7268462E+004 3.3623475E+001
9.7301231E+004 3.2072713E+001
9.7337683E+004 3.0594562E+001
9.7378286E+004 2.9185578E+001
9.7423571E+004 2.7842473E+001
9.7474145E+004 2.6562115E+001
9.7530697E+004 2.5341509E+001
9.7553826E+004 2.4892960E+001
9.7553826E+004 2.4892960E+001
9.7553826E+004 1.7446566E+002
9.7553826E+004 1.7446566E+002
9.7554969E+004 1.6647180E+002
9.7556252E+004 1.5883201E+002
9.7557687E+004 1.5153124E+002
9.7559290E+004 1.4455520E+002
9.7561074E+004 1.3789026E+002
9.7563055E+004 1.3152339E+002
9.7565249E+004 1.2544211E+002
9.7567672E+004 1.1963451E+002
9.7570344E+004 1.1408923E+002
9.7573284E+004 1.0879534E+002
9.7576512E+004 1.0374234E+002
9.7580052E+004 9.8920177E+001
9.7583929E+004 9.4319132E+001
9.7588171E+004 8.9929817E+001
9.7592808E+004 8.5743207E+001
9.7597875E+004 8.1750557E+001
9.7603409E+004 7.7943399E+001
9.7608546E+004 7.4826025E+001
9.7608546E+004 7.4826025E+001
9.7608546E+004 1.6965810E+002
9.7608546E+004 1.6965810E+002
9.7609771E+004 1.6187710E+002
9.7611143E+004 1.5444114E+002
9.7612677E+004 1.4733555E+002
9.7614386E+004 1.4054652E+002
9.7616285E+004 1.3406075E+002
9.7618391E+004 1.2786555E+002
9.7620719E+004 1.2194875E+002
9.7623288E+004 1.1629882E+002
9.7626117E+004 1.1090465E+002
9.7629226E+004 1.0575557E+002
9.7632638E+004 1.0084133E+002
9.7636376E+004 9.6152092E+001
9.7640467E+004 9.1678348E+001
9.7644940E+004 8.7410907E+001
9.7649829E+004 8.3340923E+001
9.7655169E+004 7.9459823E+001
9.7661002E+004 7.5759318E+001
9.7667374E+004 7.2231418E+001
9.7674335E+004 6.8868389E+001
9.7681944E+004 6.5662788E+001
9.7690266E+004 6.2607445E+001
9.7699375E+004 5.9695455E+001
9.7709351E+004 5.6920200E+001
9.7720288E+004 5.4275330E+001
9.7732291E+004 5.1754753E+001
9.7745476E+004 4.9352654E+001
9.7759976E+004 4.7063468E+001
9.7775942E+004 4.4881872E+001
9.7793541E+004 4.2802791E+001
9.7812964E+004 4.0821384E+001
9.7834428E+004 3.8933028E+001
9.7838609E+004 3.8595123E+001
9.7838609E+004 3.8595123E+001
9.7838609E+004 1.4235538E+002
9.7838609E+004 1.4235538E+002
9.7840455E+004 1.3578874E+002
9.7842503E+004 1.2951602E+002
9.7844770E+004 1.2352496E+002
9.7847272E+004 1.1780386E+002
9.7850029E+004 1.1234148E+002
9.7853060E+004 1.0712700E+002
9.7856387E+004 1.0215013E+002
9.7860034E+004 9.7400888E+001
9.7864026E+004 9.2869664E+001
9.7868393E+004 8.8547218E+001
9.7873166E+004 8.4424601E+001
9.7878380E+004 8.0493148E+001
9.7884075E+004 7.6744518E+001
9.7890296E+004 7.3170633E+001
9.7897092E+004 6.9763680E+001
9.7904520E+004 6.6516149E+001
9.7912642E+004 6.3420792E+001
9.7921529E+004 6.0470627E+001
9.7931262E+004 5.7658968E+001
9.7941929E+004 5.4979387E+001
9.7953632E+004 5.2425720E+001
9.7966484E+004 4.9992084E+001
9.7980614E+004 4.7672843E+001
9.7996167E+004 4.5462606E+001
9.8013305E+004 4.3356240E+001
9.8032214E+004 4.1348838E+001
9.8053103E+004 3.9435708E+001
9.8076207E+004 3.7612395E+001
9.8101795E+004 3.5874641E+001
9.8130171E+004 3.4218386E+001
9.8161680E+004 3.2639749E+001
9.8196713E+004 3.1135055E+001
9.8235717E+004 2.9700789E+001
9.8279197E+004 2.8333604E+001
9.8327732E+004 2.7030299E+001
9.8346837E+004 2.6568333E+001
9.8346837E+004 2.6568333E+001
9.8346837E+004 1.0582730E+002
9.8346837E+004 1.0582730E+002
9.8350244E+004 1.0090978E+002
9.8353977E+004 9.6217397E+001
9.8358063E+004 9.1740646E+001
9.8362530E+004 8.7470324E+001
9.8367413E+004 8.3397585E+001
9.8372746E+004 7.9513854E+001
9.8378572E+004 7.5810829E+001
9.8384936E+004 7.2280522E+001
9.8391888E+004 6.8915203E+001
9.8399488E+004 6.5707407E+001
9.8407799E+004 6.2649970E+001
9.8416896E+004 5.9735990E+001
9.8426859E+004 5.6958830E+001
9.8437782E+004 5.4312144E+001
9.8449769E+004 5.1789843E+001
9.8462936E+004 4.9386093E+001
9.8477417E+004 4.7095333E+001
9.8493360E+004 4.4912244E+001
9.8510934E+004 4.2831734E+001
9.8530331E+004 4.0848966E+001
9.8551764E+004 3.8959313E+001
9.8575479E+004 3.7158359E+001
9.8601752E+004 3.5441899E+001
9.8630898E+004 3.3805926E+001
9.8663272E+004 3.2246620E+001
9.8699279E+004 3.0760328E+001
9.8739381E+004 2.9343588E+001
9.8784101E+004 2.7993096E+001
9.8834035E+004 2.6705703E+001
9.8889864E+004 2.5478404E+001
9.8952363E+004 2.4308338E+001
9.9022416E+004 2.3192796E+001
9.9101033E+004 2.2129186E+001
9.9189367E+004 2.1115045E+001
9.9288735E+004 2.0148020E+001
9.9400645E+004 1.9225871E+001
9.9526819E+004 1.8346482E+001
9.9669228E+004 1.7507830E+001
9.9830130E+004 1.6707987E+001
1.0000000E+005 1.5991626E+001
1.0000000E+005 1.5991626E+001
