# Sub-step trajectory dumped from cool_segment.
# stride =  5.000E-01 s (min time between samples)
# columns: t[s]   T[K]
0.0000000E+000 2.7250000E+000
9.6290036E+000 2.7249805E+000
9.6290036E+000 2.7249805E+000
9.6290036E+000 1.9552487E+001
9.6290036E+000 1.9552487E+001
4.3836943E+001 1.9299536E+001
4.3836943E+001 1.9299536E+001
4.3836943E+001 4.6540539E+001
4.3836943E+001 4.6540539E+001
6.0332392E+001 4.4386927E+001
7.6914166E+001 4.2507964E+001
7.6914166E+001 4.2507964E+001
7.6914166E+001 4.4524744E+001
7.6914166E+001 4.4524744E+001
8.7450613E+001 4.3288054E+001
8.7450613E+001 4.3288054E+001
8.7450613E+001 6.1566759E+001
8.7450613E+001 6.1566759E+001
9.6792984E+001 5.8707390E+001
1.0705414E+002 5.5982281E+001
1.1833595E+002 5.3385174E+001
1.2630659E+002 5.1753249E+001
1.2630659E+002 5.1753249E+001
1.2630659E+002 5.5899736E+001
1.2630659E+002 5.5899736E+001
1.3762186E+002 5.3306510E+001
1.4801334E+002 5.1218840E+001
1.4801334E+002 5.1218840E+001
1.4801334E+002 5.4096681E+001
1.4801334E+002 5.4096681E+001
1.6010184E+002 5.1588159E+001
1.7341811E+002 4.9197475E+001
1.8810412E+002 4.6919091E+001
2.0254904E+002 4.4968690E+001
2.0254904E+002 4.4968690E+001
2.0254904E+002 4.9919124E+001
2.0254904E+002 4.9919124E+001
2.1679843E+002 4.7606843E+001
2.2108477E+002 4.6971761E+001
2.2108477E+002 4.6971761E+001
2.2108477E+002 5.0654997E+001
2.2108477E+002 5.0654997E+001
2.2778724E+002 4.9471975E+001
2.2778724E+002 4.9471975E+001
2.2778724E+002 5.7408692E+001
2.2778724E+002 5.7408692E+001
2.3851524E+002 5.4744586E+001
2.4430858E+002 5.3449839E+001
2.4430858E+002 5.3449839E+001
2.4430858E+002 5.6540456E+001
2.4430858E+002 5.6540456E+001
2.5536826E+002 5.3917126E+001
2.6636630E+002 5.1641552E+001
2.6636630E+002 5.1641552E+001
2.6636630E+002 5.4879442E+001
2.6636630E+002 5.4879442E+001
2.7810889E+002 5.2334146E+001
2.8658456E+002 5.0702469E+001
2.8658456E+002 5.0702469E+001
2.8658456E+002 5.4115953E+001
2.8658456E+002 5.4115953E+001
2.9866433E+002 5.1606525E+001
3.1197090E+002 4.9214983E+001
3.2664607E+002 4.6935776E+001
3.3225396E+002 4.6145236E+001
3.3225396E+002 4.6145236E+001
3.3225396E+002 5.1238620E+001
3.3225396E+002 5.1238620E+001
3.4575731E+002 4.8864361E+001
3.5802810E+002 4.6975169E+001
3.5802810E+002 4.6975169E+001
3.5802810E+002 4.9358509E+001
3.5802810E+002 4.9358509E+001
3.7261483E+002 4.7072564E+001
3.8872019E+002 4.4893976E+001
4.0652437E+002 4.2817661E+001
4.2623158E+002 4.0838787E+001
4.3669408E+002 3.9897434E+001
4.3669408E+002 3.9897434E+001
4.3669408E+002 4.4278989E+001
4.3669408E+002 4.4278989E+001
4.4656874E+002 4.3136155E+001
4.4656874E+002 4.3136155E+001
4.4656874E+002 4.7188240E+001
4.4656874E+002 4.7188240E+001
4.6259122E+002 4.5004216E+001
4.6818198E+002 4.4311336E+001
4.6818198E+002 4.4311336E+001
4.6818198E+002 4.7969036E+001
4.6818198E+002 4.7969036E+001
4.7512010E+002 4.6930828E+001
4.7512010E+002 4.6930828E+001
4.7512010E+002 5.6884323E+001
4.7512010E+002 5.6884323E+001
4.8604646E+002 5.4244849E+001
4.9806821E+002 5.1729360E+001
5.1131009E+002 4.9332047E+001
5.2591307E+002 4.7047347E+001
5.4203657E+002 4.4869935E+001
5.5986108E+002 4.2794750E+001
5.7959108E+002 4.0816953E+001
6.0145844E+002 3.8931928E+001
6.2084888E+002 3.7473297E+001
6.2084888E+002 3.7473297E+001
6.2084888E+002 4.2177824E+001
6.2084888E+002 4.2177824E+001
6.3474720E+002 4.0814036E+001
6.3474720E+002 4.0814036E+001
6.3474720E+002 4.8875823E+001
6.3474720E+002 4.8875823E+001
6.4963484E+002 4.6612551E+001
6.6607662E+002 4.4455554E+001
6.7418706E+002 4.3498186E+001
6.7418706E+002 4.3498186E+001
6.7418706E+002 5.8169195E+001
6.7418706E+002 5.8169195E+001
6.8463760E+002 5.5469364E+001
6.9155409E+002 5.3874257E+001
6.9155409E+002 5.3874257E+001
6.9155409E+002 5.7956566E+001
6.9155409E+002 5.7956566E+001
7.0208101E+002 5.5266726E+001
7.1365836E+002 5.2703231E+001
7.2621382E+002 5.0294114E+001
7.2621382E+002 5.0294114E+001
7.2621382E+002 5.3505580E+001
7.2621382E+002 5.3505580E+001
7.3231997E+002 5.2232695E+001
7.3231997E+002 5.2232695E+001
7.3231997E+002 5.5192232E+001
7.3231997E+002 5.5192232E+001
7.4392881E+002 5.2632239E+001
7.5671055E+002 5.0192514E+001
7.5845625E+002 4.9884530E+001
7.5845625E+002 4.9884530E+001
7.5845625E+002 5.2089038E+001
7.5845625E+002 5.2089038E+001
7.7151167E+002 4.9674830E+001
7.8590649E+002 4.7374024E+001
8.0119721E+002 4.5258004E+001
8.0119721E+002 4.5258004E+001
8.0119721E+002 4.7903351E+001
8.0119721E+002 4.7903351E+001
8.1672235E+002 4.5685743E+001
8.3387720E+002 4.3572263E+001
8.5238978E+002 4.1603798E+001
8.5238978E+002 4.1603798E+001
8.5238978E+002 6.0239987E+001
8.5238978E+002 6.0239987E+001
8.6214111E+002 5.7442908E+001
8.7285637E+002 5.4777193E+001
8.8464322E+002 5.2236696E+001
8.9762330E+002 4.9815549E+001
9.1193406E+002 4.7508138E+001
9.2773096E+002 4.5309096E+001
9.3411844E+002 4.4503725E+001
9.3411844E+002 4.4503725E+001
9.3411844E+002 4.9471083E+001
9.3411844E+002 4.9471083E+001
9.4863641E+002 4.7179846E+001
9.6466488E+002 4.4996216E+001
9.6785521E+002 4.4596823E+001
9.6785521E+002 4.4596823E+001
9.6785521E+002 4.7018471E+001
9.6785521E+002 4.7018471E+001
9.8246289E+002 4.5035172E+001
9.8246289E+002 4.5035172E+001
9.8246289E+002 5.4271453E+001
9.8246289E+002 5.4271453E+001
9.9447273E+002 5.1754714E+001
1.0077013E+003 4.9356209E+001
1.0222895E+003 4.7070373E+001
1.0240534E+003 4.6814829E+001
1.0240534E+003 4.6814829E+001
1.0240534E+003 5.0843878E+001
1.0240534E+003 5.0843878E+001
1.0377732E+003 4.8488159E+001
1.0382267E+003 4.8415685E+001
1.0382267E+003 5.2114551E+001
1.0382267E+003 5.2114551E+001
1.0512691E+003 4.9699147E+001
1.0656493E+003 4.7397198E+001
1.0698368E+003 4.6784777E+001
1.0698368E+003 4.6784777E+001
1.0698368E+003 5.9888639E+001
1.0698368E+003 5.9888639E+001
1.0797013E+003 5.7108061E+001
1.0905423E+003 5.4458072E+001
1.1024691E+003 5.1932568E+001
1.1156051E+003 4.9525710E+001
1.1256568E+003 4.7896554E+001
1.1256568E+003 4.7896554E+001
1.1256568E+003 5.1203238E+001
1.1256568E+003 5.1203238E+001
1.1264148E+003 5.1060348E+001
1.1264148E+003 5.1060348E+001
1.1264148E+003 5.3961924E+001
1.1264148E+003 5.3961924E+001
1.1385645E+003 5.1459728E+001
1.1425757E+003 5.0706156E+001
1.1425757E+003 5.0706156E+001
1.1425757E+003 5.3071576E+001
1.1425757E+003 5.3071576E+001
1.1551428E+003 5.0611214E+001
1.1689928E+003 4.8266424E+001
1.1842749E+003 4.6031769E+001
1.2011578E+003 4.3902049E+001
1.2198327E+003 4.1872287E+001
1.2405162E+003 3.9937761E+001
1.2613074E+003 3.8254140E+001
1.2613074E+003 3.8254140E+001
1.2613074E+003 4.8698229E+001
1.2613074E+003 4.8698229E+001
1.2763083E+003 4.6443295E+001
1.2928767E+003 4.4294255E+001
1.3111993E+003 4.2246087E+001
1.3314878E+003 4.0294027E+001
1.3336816E+003 4.0099079E+001
1.3336816E+003 4.0099079E+001
1.3336816E+003 4.5447319E+001
1.3336816E+003 4.5447319E+001
1.3510279E+003 4.3345033E+001
1.3702220E+003 4.1341419E+001
1.3741514E+003 4.0965096E+001
1.3741514E+003 4.0965096E+001
1.3741514E+003 4.5994478E+001
1.3741514E+003 4.5994478E+001
1.3910633E+003 4.3866506E+001
1.4097706E+003 4.1838414E+001
1.4267506E+003 4.0231860E+001
1.4267506E+003 4.0231860E+001
1.4267506E+003 5.9276771E+001
1.4267506E+003 5.9276771E+001
1.4368174E+003 5.6524928E+001
1.4478832E+003 5.3902329E+001
1.4600601E+003 5.1402935E+001
1.4734750E+003 4.9020961E+001
1.4750153E+003 4.8767867E+001
1.4750153E+003 4.8767867E+001
1.4750153E+003 5.8170552E+001
1.4750153E+003 5.8170552E+001
1.4854653E+003 5.5470657E+001
1.4969572E+003 5.2897584E+001
1.4988880E+003 5.2498605E+001
1.4988880E+003 5.2498605E+001
1.4988880E+003 5.7220683E+001
1.4988880E+003 5.7220683E+001
1.5096865E+003 5.4565405E+001
1.5215659E+003 5.2034865E+001
1.5276966E+003 5.0858577E+001
1.5276966E+003 5.0858577E+001
1.5276966E+003 5.3581088E+001
1.5276966E+003 5.3581088E+001
1.5400220E+003 5.1096789E+001
1.5536025E+003 4.8729188E+001
1.5657447E+003 4.6873855E+001
1.5657447E+003 4.6873855E+001
1.5657447E+003 5.1182389E+001
1.5657447E+003 5.1182389E+001
1.5792786E+003 4.8810775E+001
1.5942075E+003 4.6550550E+001
1.6106955E+003 4.4396468E+001
1.6289281E+003 4.2343509E+001
1.6491156E+003 4.0386884E+001
1.6714965E+003 3.8522015E+001
1.6917323E+003 3.7052815E+001
1.6917323E+003 3.7052815E+001
1.6917323E+003 5.8729789E+001
1.6917323E+003 5.8729789E+001
1.7019857E+003 5.6003633E+001
1.7132589E+003 5.3405522E+001
1.7185572E+003 5.2301729E+001
1.7185572E+003 5.2301729E+001
1.7185572E+003 7.3210882E+001
1.7185572E+003 7.3210882E+001
1.7252456E+003 6.9805774E+001
1.7325706E+003 6.6560028E+001
1.7405977E+003 6.3466384E+001
1.7494011E+003 6.0517848E+001
1.7590644E+003 5.7707721E+001
1.7696819E+003 5.5029569E+001
1.7813600E+003 5.2477215E+001
1.7942189E+003 5.0044769E+001
1.8083944E+003 4.7726591E+001
1.8240402E+003 4.5517290E+001
1.8413299E+003 4.3411716E+001
1.8604607E+003 4.1404969E+001
1.8816555E+003 3.9492367E+001
1.9051677E+003 3.7669433E+001
1.9312846E+003 3.5931921E+001
1.9512248E+003 3.4765958E+001
1.9512248E+003 3.4765958E+001
1.9512248E+003 5.7756326E+001
1.9512248E+003 5.7756326E+001
1.9618245E+003 5.5075889E+001
1.9734828E+003 5.2521367E+001
1.9863197E+003 5.0086844E+001
2.0004706E+003 4.7766688E+001
2.0160888E+003 4.5555505E+001
2.0333478E+003 4.3448136E+001
2.0404158E+003 4.2667292E+001
2.0404158E+003 4.2667292E+001
2.0404158E+003 4.8756312E+001
2.0404158E+003 4.8756312E+001
2.0553794E+003 4.6498648E+001
2.0719063E+003 4.4347006E+001
2.0891155E+003 4.2407354E+001
2.0891155E+003 4.2407354E+001
2.0891155E+003 5.7084569E+001
2.0891155E+003 5.7084569E+001
2.0999654E+003 5.4435680E+001
2.1119021E+003 5.1911229E+001
2.1174573E+003 5.0849366E+001
2.1174573E+003 5.0849366E+001
2.1174573E+003 5.7758427E+001
2.1174573E+003 5.7758427E+001
2.1204978E+003 5.6947651E+001
2.1204978E+003 5.6947651E+001
2.1204978E+003 6.0047769E+001
2.1204978E+003 6.0047769E+001
2.1303108E+003 5.7259712E+001
2.1410945E+003 5.4602600E+001
2.1529576E+003 5.2070310E+001
2.1660226E+003 4.9656978E+001
2.1804282E+003 4.7357011E+001
2.1825630E+003 4.7042460E+001
2.1825630E+003 4.7042460E+001
2.1825630E+003 4.9243967E+001
2.1825630E+003 4.9243967E+001
2.1845855E+003 4.8907823E+001
2.1845855E+003 4.8907823E+001
2.1845855E+003 6.7967976E+001
2.1845855E+003 6.7967976E+001
2.1922953E+003 6.4808327E+001
2.2007477E+003 6.1796834E+001
2.2100220E+003 5.8926666E+001
2.2202076E+003 5.6191258E+001
2.2314054E+003 5.3584335E+001
2.2437293E+003 5.1099884E+001
2.2573081E+003 4.8732137E+001
2.2722873E+003 4.6475610E+001
2.2888314E+003 4.4325050E+001
2.3042514E+003 4.2576458E+001
2.3042514E+003 4.2576458E+001
2.3042514E+003 4.9446525E+001
2.3042514E+003 4.9446525E+001
2.3081750E+003 4.8792836E+001
2.3081750E+003 4.8792836E+001
2.3081750E+003 6.7377417E+001
2.3081750E+003 6.7377417E+001
2.3160154E+003 6.4245447E+001
2.3246122E+003 6.1260359E+001
2.3340465E+003 5.8415375E+001
2.3444097E+003 5.5703978E+001
2.3465656E+003 5.5184542E+001
2.3465656E+003 5.5184542E+001
2.3465656E+003 5.8647341E+001
2.3465656E+003 5.8647341E+001
2.3545625E+003 5.6495137E+001
2.3545625E+003 5.6495137E+001
2.3545625E+003 5.9488052E+001
2.3545625E+003 5.9488052E+001
2.3645587E+003 5.6726278E+001
2.3738105E+003 5.4483929E+001
2.3738105E+003 5.4483929E+001
2.3738105E+003 5.8243474E+001
2.3738105E+003 5.8243474E+001
2.3842346E+003 5.5540157E+001
2.3956975E+003 5.2963818E+001
2.4083168E+003 5.0508512E+001
2.4222249E+003 4.8168551E+001
2.4375719E+003 4.5938495E+001
2.4545274E+003 4.3813147E+001
2.4732836E+003 4.1787563E+001
2.4887172E+003 4.0324207E+001
2.4887172E+003 4.0324207E+001
2.4887172E+003 4.4929083E+001
2.4887172E+003 4.4929083E+001
2.5064918E+003 4.2851119E+001
2.5261658E+003 4.0870673E+001
2.5479703E+003 3.8983125E+001
2.5721674E+003 3.7184068E+001
2.5990549E+003 3.5469288E+001
2.6041019E+003 3.5174234E+001
2.6041019E+003 3.5174234E+001
2.6041019E+003 4.0915225E+001
2.6041019E+003 4.0915225E+001
2.6258545E+003 3.9025585E+001
2.6499933E+003 3.7224535E+001
2.6768152E+003 3.5507870E+001
2.7066574E+003 3.3871568E+001
2.7319720E+003 3.2660639E+001
2.7319720E+003 3.2660639E+001
2.7319720E+003 4.7626115E+001
2.7319720E+003 4.7626115E+001
2.7476869E+003 4.5421529E+001
2.7650542E+003 4.3320456E+001
2.7842717E+003 4.1317992E+001
2.8055640E+003 3.9409462E+001
2.8291855E+003 3.7590418E+001
2.8554255E+003 3.5856614E+001
2.8846125E+003 3.4203992E+001
2.9151332E+003 3.2717622E+001
2.9151332E+003 3.2717622E+001
2.9151332E+003 3.9792359E+001
2.9151332E+003 3.9792359E+001
2.9276537E+003 3.8760875E+001
2.9276537E+003 3.8760875E+001
2.9276537E+003 6.0253743E+001
2.9276537E+003 6.0253743E+001
2.9374007E+003 5.7456017E+001
2.9460893E+003 5.5262640E+001
2.9460893E+003 5.5262640E+001
2.9460893E+003 6.5729757E+001
2.9460893E+003 6.5729757E+001
2.9543136E+003 6.2675044E+001
2.9550682E+003 6.2414550E+001
2.9550682E+003 6.2414550E+001
2.9550682E+003 6.5098100E+001
2.9550682E+003 6.5098100E+001
2.9634478E+003 6.2073014E+001
2.9726414E+003 5.9189882E+001
2.9760921E+003 5.8203926E+001
2.9760921E+003 5.8203926E+001
2.9760921E+003 6.2045766E+001
2.9760921E+003 6.2045766E+001
2.9801845E+003 6.0710813E+001
2.9801845E+003 6.0710813E+001
2.9801845E+003 6.2338518E+001
2.9801845E+003 6.2338518E+001
2.9893016E+003 5.9442919E+001
2.9993128E+003 5.6683267E+001
3.0103168E+003 5.4053234E+001
3.0224250E+003 5.1546754E+001
3.0357632E+003 4.9158017E+001
3.0504737E+003 4.6881488E+001
3.0667174E+003 4.4711873E+001
3.0846766E+003 4.2644104E+001
3.1045574E+003 4.0673371E+001
3.1265941E+003 3.8795076E+001
3.1510522E+003 3.7004832E+001
3.1782332E+003 3.5298446E+001
3.1861841E+003 3.4844464E+001
3.1861841E+003 3.4844464E+001
3.1861841E+003 4.0340693E+001
3.1861841E+003 4.0340693E+001
3.1893376E+003 4.0060392E+001
3.1893376E+003 4.0060392E+001
3.1893376E+003 5.6333293E+001
3.1893376E+003 5.6333293E+001
3.2004789E+003 5.3719700E+001
3.2127399E+003 5.1228883E+001
3.2262485E+003 4.8855082E+001
3.2411493E+003 4.6592785E+001
3.2576058E+003 4.4436718E+001
3.2758031E+003 4.2381867E+001
3.2959510E+003 4.0423442E+001
3.3118778E+003 3.9062061E+001
3.3118778E+003 3.9062061E+001
3.3118778E+003 4.4073048E+001
3.3118778E+003 4.4073048E+001
3.3296869E+003 4.2107670E+001
3.3296869E+003 4.2107670E+001
3.3296869E+003 5.2214077E+001
3.3296869E+003 5.2214077E+001
3.3377189E+003 5.0674287E+001
3.3377189E+003 5.0674287E+001
3.3377189E+003 5.4123235E+001
3.3377189E+003 5.4123235E+001
3.3389612E+003 5.3847022E+001
3.3389612E+003 5.3847022E+001
3.3389612E+003 5.5218832E+001
3.3389612E+003 5.5218832E+001
3.3505588E+003 5.2657588E+001
3.3633280E+003 5.0216671E+001
3.3760299E+003 4.8101915E+001
3.3760299E+003 4.8101915E+001
3.3760299E+003 7.1616035E+001
3.3760299E+003 7.1616035E+001
3.3830050E+003 6.8285545E+001
3.3906459E+003 6.5111014E+001
3.3990223E+003 6.2085322E+001
3.4082123E+003 5.9201612E+001
3.4183044E+003 5.6453291E+001
3.4209258E+003 5.5798130E+001
3.4209258E+003 5.5798130E+001
3.4209258E+003 6.0419186E+001
3.4209258E+003 6.0419186E+001
3.4306202E+003 5.7613696E+001
3.4412722E+003 5.4939953E+001
3.4529888E+003 5.2391812E+001
3.4658905E+003 4.9963382E+001
3.4801138E+003 4.7649024E+001
3.4816992E+003 4.7410307E+001
3.4816992E+003 4.7410307E+001
3.4816992E+003 6.0642053E+001
3.4816992E+003 6.0642053E+001
3.4913236E+003 5.7826096E+001
3.5018979E+003 5.5142379E+001
3.5135278E+003 5.2584731E+001
3.5263332E+003 5.0147240E+001
3.5404489E+003 4.7824243E+001
3.5560278E+003 4.5610355E+001
3.5732428E+003 4.3500418E+001
3.5922898E+003 4.1489503E+001
3.6133907E+003 3.9572931E+001
3.6367973E+003 3.7746226E+001
3.6455202E+003 3.7130052E+001
3.6455202E+003 3.7130052E+001
3.6455202E+003 4.5052301E+001
3.6455202E+003 4.5052301E+001
3.6569747E+003 4.3664404E+001
3.6569747E+003 4.3664404E+001
3.6569747E+003 4.5326181E+001
3.6569747E+003 4.5326181E+001
3.6744196E+003 4.3229577E+001
3.6937242E+003 4.1231376E+001
3.7151142E+003 3.9326913E+001
3.7388455E+003 3.7511741E+001
3.7446159E+003 3.7108480E+001
3.7446159E+003 3.7108480E+001
3.7446159E+003 4.9522952E+001
3.7446159E+003 4.9522952E+001
3.7591024E+003 4.7229286E+001
3.7750956E+003 4.5043332E+001
3.7927743E+003 4.2960010E+001
3.7980246E+003 4.2395793E+001
3.7980246E+003 4.2395793E+001
3.7980246E+003 4.9975430E+001
3.7980246E+003 4.9975430E+001
3.8009914E+003 4.9462290E+001
3.8009914E+003 4.9462290E+001
3.8009914E+003 6.1269089E+001
3.8009914E+003 6.1269089E+001
3.8104231E+003 5.8423695E+001
3.8207834E+003 5.5711908E+001
3.8321754E+003 5.3127502E+001
3.8447156E+003 5.0664510E+001
3.8575308E+003 4.8475933E+001
3.8575308E+003 4.8475933E+001
3.8575308E+003 5.3478701E+001
3.8575308E+003 5.3478701E+001
3.8699042E+003 5.0999205E+001
3.8835382E+003 4.8636193E+001
3.8985789E+003 4.6384176E+001
3.9151919E+003 4.4237903E+001
3.9335645E+003 4.2192384E+001
3.9409202E+003 4.1451278E+001
3.9409202E+003 4.1451278E+001
3.9409202E+003 5.6071771E+001
3.9409202E+003 5.6071771E+001
3.9521659E+003 5.3470463E+001
3.9645432E+003 5.0991354E+001
3.9781815E+003 4.8628711E+001
3.9818384E+003 4.8048771E+001
3.9818384E+003 4.8048771E+001
3.9818384E+003 5.1277495E+001
3.9818384E+003 5.1277495E+001
3.9953207E+003 4.8901409E+001
4.0101922E+003 4.6636934E+001
4.0145861E+003 4.6025993E+001
4.0145861E+003 4.6025993E+001
4.0145861E+003 4.9384598E+001
4.0145861E+003 4.9384598E+001
4.0291568E+003 4.7097427E+001
4.0452443E+003 4.4917672E+001
4.0630285E+003 4.2840243E+001
4.0827133E+003 4.0860309E+001
4.1045299E+003 3.8973248E+001
4.1287406E+003 3.7174653E+001
4.1556434E+003 3.5460315E+001
4.1686521E+003 3.4716838E+001
4.1686521E+003 3.4716838E+001
4.1686521E+003 4.3029872E+001
4.1686521E+003 4.3029872E+001
4.1881502E+003 4.1041040E+001
4.1892775E+003 4.0934434E+001
4.1892775E+003 4.0934434E+001
4.1892775E+003 4.7638837E+001
4.1892775E+003 4.7638837E+001
4.2049836E+003 4.5433653E+001
4.2193178E+003 4.3674645E+001
4.2193178E+003 4.3674645E+001
4.2193178E+003 4.9504103E+001
4.2193178E+003 4.9504103E+001
4.2338157E+003 4.7211318E+001
4.2498217E+003 4.5026209E+001
4.2675148E+003 4.2943691E+001
4.2821508E+003 4.1430809E+001
4.2821508E+003 4.1430809E+001
4.2821508E+003 6.0561878E+001
4.2821508E+003 6.0561878E+001
4.2918002E+003 5.7749683E+001
4.2941709E+003 5.7114798E+001
4.2941709E+003 5.7114798E+001
4.2941709E+003 6.2514055E+001
4.2941709E+003 6.2514055E+001
4.3032381E+003 5.9610216E+001
4.3131938E+003 5.6842712E+001
4.3241362E+003 5.4205186E+001
4.3361757E+003 5.1691562E+001
4.3494374E+003 4.9296027E+001
4.3640626E+003 4.7013019E+001
4.3802108E+003 4.4837221E+001
4.3980631E+003 4.2763573E+001
4.4178242E+003 4.0787240E+001
4.4397264E+003 3.8903599E+001
4.4640333E+003 3.7108262E+001
4.4873033E+003 3.5617627E+001
4.4873033E+003 3.5617627E+001
4.4873033E+003 5.8678147E+001
4.4873033E+003 5.8678147E+001
4.4892404E+003 5.8132623E+001
4.4892404E+003 5.8132623E+001
4.4892404E+003 6.1046408E+001
4.4892404E+003 6.1046408E+001
4.4987398E+003 5.8211466E+001
4.5091752E+003 5.5509654E+001
4.5206509E+003 5.2934747E+001
4.5222845E+003 5.2595853E+001
4.5222845E+003 5.2595853E+001
4.5222845E+003 6.5520856E+001
4.5222845E+003 6.5520856E+001
4.5305597E+003 6.2475937E+001
4.5396376E+003 5.9573888E+001
4.5496053E+003 5.6808092E+001
4.5605610E+003 5.4172190E+001
4.5726154E+003 5.1660118E+001
4.5858937E+003 4.9266061E+001
4.5938373E+003 4.7984541E+001
4.5938373E+003 4.7984541E+001
4.5938373E+003 5.1424391E+001
4.5938373E+003 5.1424391E+001
4.6072407E+003 4.9041408E+001
4.6091348E+003 4.8730334E+001
4.6091348E+003 4.8730334E+001
4.6091348E+003 5.3816973E+001
4.6091348E+003 5.3816973E+001
4.6213510E+003 5.1321593E+001
4.6285947E+003 4.9996173E+001
4.6285947E+003 4.9996173E+001
4.6285947E+003 5.5755973E+001
4.6285947E+003 5.5755973E+001
4.6399687E+003 5.3169496E+001
4.6524888E+003 5.0704529E+001
4.6662863E+003 4.8355362E+001
4.6815098E+003 4.6116526E+001
4.6983271E+003 4.3982822E+001
4.7169286E+003 4.1949277E+001
4.7375298E+003 4.0011143E+001
4.7387312E+003 3.9906381E+001
4.7387312E+003 3.9906381E+001
4.7387312E+003 5.9058011E+001
4.7387312E+003 5.9058011E+001
4.7488720E+003 5.6316439E+001
4.7592456E+003 5.3872609E+001
4.7592456E+003 5.3872609E+001
4.7592456E+003 6.5530551E+001
4.7592456E+003 6.5530551E+001
4.7675183E+003 6.2485176E+001
4.7765936E+003 5.9582694E+001
4.7865585E+003 5.6816483E+001
4.7975109E+003 5.4180187E+001
4.8095617E+003 5.1667738E+001
4.8228360E+003 4.9273323E+001
4.8374751E+003 4.6991376E+001
4.8444767E+003 4.6007398E+001
4.8444767E+003 4.6007398E+001
4.8444767E+003 5.2392690E+001
4.8444767E+003 5.2392690E+001
4.8573779E+003 4.9964218E+001
4.8716007E+003 4.7649821E+001
4.8872993E+003 4.5444121E+001
4.9002667E+003 4.3842028E+001
4.9002667E+003 4.3842028E+001
4.9002667E+003 4.7786587E+001
4.9002667E+003 4.7786587E+001
4.9077969E+003 4.6675955E+001
4.9077969E+003 4.6675955E+001
4.9077969E+003 5.7855049E+001
4.9077969E+003 5.7855049E+001
4.9183606E+003 5.5169971E+001
4.9299789E+003 5.2611025E+001
4.9427711E+003 5.0172298E+001
4.9568723E+003 4.7848123E+001
4.9724350E+003 4.5633112E+001
4.9842051E+003 4.4152712E+001
4.9842051E+003 4.4152712E+001
4.9842051E+003 5.0097185E+001
4.9842051E+003 5.0097185E+001
4.9983500E+003 4.7776543E+001
5.0133576E+003 4.5644174E+001
5.0133576E+003 4.5644174E+001
5.0133576E+003 7.3992947E+001
5.0133576E+003 7.3992947E+001
5.0199123E+003 7.0551282E+001
5.0270898E+003 6.7270623E+001
5.0349542E+003 6.4143662E+001
5.0435776E+003 6.1163354E+001
5.0530413E+003 5.8322917E+001
5.0634372E+003 5.5615866E+001
5.0748688E+003 5.3035976E+001
5.0874531E+003 5.0577278E+001
5.0978488E+003 4.8787392E+001
5.0978488E+003 4.8787392E+001
5.0978488E+003 5.3248095E+001
5.0978488E+003 5.3248095E+001
5.1103313E+003 5.0779432E+001
5.1150420E+003 4.9932534E+001
5.1150420E+003 4.9932534E+001
5.1150420E+003 5.6181270E+001
5.1150420E+003 5.6181270E+001
5.1262438E+003 5.3574818E+001
5.1385722E+003 5.1090813E+001
5.1416303E+003 5.0525578E+001
5.1416303E+003 5.0525578E+001
5.1416303E+003 5.3507479E+001
5.1416303E+003 5.3507479E+001
5.1493590E+003 5.1912053E+001
5.1493590E+003 5.1912053E+001
5.1493590E+003 5.5553165E+001
5.1493590E+003 5.5553165E+001
5.1563923E+003 5.3925191E+001
5.1563923E+003 5.3925191E+001
5.1563923E+003 7.0467658E+001
5.1563923E+003 7.0467658E+001
5.1635164E+003 6.7220403E+001
5.1635164E+003 6.7220403E+001
5.1635164E+003 6.9594114E+001
5.1635164E+003 6.9594114E+001
5.1708841E+003 6.6358277E+001
5.1789584E+003 6.3274089E+001
5.1801953E+003 6.2836773E+001
5.1801953E+003 6.2836773E+001
5.1801953E+003 6.4683031E+001
5.1801953E+003 6.4683031E+001
5.1886795E+003 6.1677416E+001
5.1979890E+003 5.8812848E+001
5.2074230E+003 5.6279559E+001
5.2074230E+003 5.6279559E+001
5.2074230E+003 5.9845166E+001
5.2074230E+003 5.9845166E+001
5.2173017E+003 5.7066631E+001
5.2281584E+003 5.4418585E+001
5.2401027E+003 5.1894937E+001
5.2532582E+003 4.9489850E+001
5.2675440E+003 4.7230018E+001
5.2675440E+003 4.7230018E+001
5.2675440E+003 5.1896190E+001
5.2675440E+003 5.1896190E+001
5.2752887E+003 5.0435644E+001
5.2752887E+003 5.0435644E+001
5.2752887E+003 5.1248023E+001
5.2752887E+003 5.1248023E+001
5.2887870E+003 4.8873321E+001
5.3036762E+003 4.6610167E+001
5.3201197E+003 4.4453283E+001
5.3383026E+003 4.2397654E+001
5.3417966E+003 4.2034783E+001
5.3417966E+003 4.2034783E+001
5.3417966E+003 4.6854782E+001
5.3417966E+003 4.6854782E+001
5.3580599E+003 4.4686419E+001
5.3760408E+003 4.2619846E+001
5.3839526E+003 4.1799149E+001
5.3839526E+003 4.1799149E+001
5.3839526E+003 4.4300421E+001
5.3839526E+003 4.4300421E+001
5.3973927E+003 4.2766085E+001
5.3973927E+003 4.2766085E+001
5.3973927E+003 4.8564323E+001
5.3973927E+003 4.8564323E+001
5.4124799E+003 4.6315674E+001
5.4148270E+003 4.5993086E+001
5.4148270E+003 4.5993086E+001
5.4148270E+003 5.2464519E+001
5.4148270E+003 5.2464519E+001
5.4276923E+003 5.0032670E+001
5.4418749E+003 4.7715061E+001
5.4468542E+003 4.6974708E+001
5.4468542E+003 4.6974708E+001
5.4468542E+003 5.3694611E+001
5.4468542E+003 5.3694611E+001
5.4530990E+003 5.2380288E+001
5.4530990E+003 5.2380288E+001
5.4530990E+003 6.1114225E+001
5.4530990E+003 6.1114225E+001
5.4581743E+003 5.9541874E+001
5.4581743E+003 5.9541874E+001
5.4581743E+003 6.1567191E+001
5.4581743E+003 6.1567191E+001
5.4675166E+003 5.8707802E+001
5.4777776E+003 5.5982674E+001
5.4890592E+003 5.3385548E+001
5.5014765E+003 5.0910433E+001
5.5151595E+003 4.8551594E+001
5.5267214E+003 4.6798827E+001
5.5267214E+003 4.6798827E+001
5.5267214E+003 4.9630607E+001
5.5267214E+003 4.9630607E+001
5.5411428E+003 4.7331881E+001
5.5570634E+003 4.5141116E+001
5.5746607E+003 4.3053200E+001
5.5941361E+003 4.1063273E+001
5.5970938E+003 4.0784965E+001
5.5970938E+003 4.0784965E+001
5.5970938E+003 5.5392260E+001
5.5970938E+003 5.5392260E+001
5.6086184E+003 5.2822872E+001
5.6213063E+003 5.0374193E+001
5.6323799E+003 4.8497048E+001
5.6323799E+003 4.8497048E+001
5.6323799E+003 5.5643938E+001
5.6323799E+003 5.5643938E+001
5.6437999E+003 5.3062728E+001
5.6474626E+003 5.2306732E+001
5.6474626E+003 5.2306732E+001
5.6474626E+003 8.5216851E+001
5.6474626E+003 8.5216851E+001
5.6524805E+003 8.1252186E+001
5.6579709E+003 7.7471847E+001
5.6639787E+003 7.3867704E+001
5.6705546E+003 7.0431886E+001
5.6777554E+003 6.7156822E+001
5.6804253E+003 6.6048506E+001
5.6804253E+003 6.6048506E+001
5.6804253E+003 7.0396724E+001
5.6804253E+003 7.0396724E+001
5.6876330E+003 6.7123307E+001
5.6955307E+003 6.4003256E+001
5.7041909E+003 6.1029530E+001
5.7136954E+003 5.8195381E+001
5.7210213E+003 5.6258060E+001
5.7210213E+003 5.6258060E+001
5.7210213E+003 6.0789979E+001
5.7210213E+003 6.0789979E+001
5.7305996E+003 5.7967075E+001
5.7309501E+003 5.7870791E+001
5.7309501E+003 6.0106762E+001
5.7309501E+003 6.0106762E+001
5.7407441E+003 5.7315943E+001
5.7495191E+003 5.5117614E+001
5.7495191E+003 5.5117614E+001
5.7495191E+003 6.6902726E+001
5.7495191E+003 6.6902726E+001
5.7574671E+003 6.3793013E+001
5.7661829E+003 6.0829156E+001
5.7757491E+003 5.8004411E+001
5.7862588E+003 5.5312322E+001
5.7978170E+003 5.2746692E+001
5.8105422E+003 5.0301585E+001
5.8245686E+003 4.7971343E+001
5.8400478E+003 4.5750550E+001
5.8571512E+003 4.3634024E+001
5.8760731E+003 4.1616844E+001
5.8970336E+003 3.9694303E+001
5.9202826E+003 3.7861910E+001
5.9461036E+003 3.6115381E+001
5.9601705E+003 3.5265558E+001
5.9601705E+003 3.5265558E+001
5.9601705E+003 5.9293672E+001
5.9601705E+003 5.9293672E+001
5.9702316E+003 5.6541035E+001
5.9812911E+003 5.3917678E+001
5.9909643E+003 5.1899817E+001
5.9909643E+003 5.1899817E+001
5.9909643E+003 6.2789493E+001
5.9909643E+003 6.2789493E+001
5.9999539E+003 5.9872727E+001
6.0098236E+003 5.7092896E+001
6.0206703E+003 5.4443616E+001
6.0326035E+003 5.1918791E+001
6.0414285E+003 5.0262694E+001
6.0414285E+003 5.0262694E+001
6.0414285E+003 5.4999700E+001
6.0414285E+003 5.4999700E+001
6.0531194E+003 5.2448749E+001
6.0659925E+003 5.0017641E+001
6.0686199E+003 4.9561192E+001
6.0686199E+003 4.9561192E+001
6.0686199E+003 5.2817964E+001
6.0686199E+003 5.2817964E+001
6.0813103E+003 5.0369514E+001
6.0877136E+003 4.9256427E+001
6.0877136E+003 4.9256427E+001
6.0877136E+003 5.5726754E+001
6.0877136E+003 5.5726754E+001
6.0970331E+003 5.3582138E+001
6.0970331E+003 5.3582138E+001
6.0970331E+003 5.7424729E+001
6.0970331E+003 5.7424729E+001
6.0975402E+003 5.7289417E+001
6.0975402E+003 5.7289417E+001
6.0975402E+003 6.0260622E+001
6.0975402E+003 6.0260622E+001
6.1072850E+003 5.7462573E+001
6.1179929E+003 5.4795934E+001
6.1297716E+003 5.2254561E+001
6.1427427E+003 4.9832573E+001
6.1493478E+003 4.8721951E+001
6.1493478E+003 4.8721951E+001
6.1493478E+003 5.1947245E+001
6.1493478E+003 5.1947245E+001
6.1624762E+003 4.9539698E+001
6.1769526E+003 4.7245245E+001
6.1929345E+003 4.5058542E+001
6.1939772E+003 4.4926182E+001
6.1939772E+003 4.4926182E+001
6.1939772E+003 6.0029984E+001
6.1939772E+003 6.0029984E+001
6.2037959E+003 5.7242762E+001
6.2145860E+003 5.4586447E+001
6.2160813E+003 5.4245909E+001
6.2160813E+003 5.4245909E+001
6.2160813E+003 5.7703023E+001
6.2160813E+003 5.7703023E+001
6.2258774E+003 5.5218530E+001
6.2258774E+003 5.5218530E+001
6.2258774E+003 5.7212416E+001
6.2258774E+003 5.7212416E+001
6.2274770E+003 5.6793503E+001
6.2274770E+003 5.6793503E+001
6.2274770E+003 5.8759752E+001
6.2274770E+003 5.8759752E+001
6.2377200E+003 5.6032189E+001
6.2489816E+003 5.3432735E+001
6.2613767E+003 5.0955401E+001
6.2750348E+003 4.8594449E+001
6.2870881E+003 4.6766940E+001
6.2870881E+003 4.6766940E+001
6.2870881E+003 5.2074346E+001
6.2870881E+003 5.2074346E+001
6.2917358E+003 5.1172838E+001
6.2917358E+003 5.1172838E+001
6.2917358E+003 5.5656849E+001
6.2917358E+003 5.5656849E+001
6.3031504E+003 5.3075032E+001
6.3157159E+003 5.0614507E+001
6.3295641E+003 4.8269562E+001
6.3448441E+003 4.6034760E+001
6.3617247E+003 4.3904899E+001
6.3803970E+003 4.1875004E+001
6.3842072E+003 4.1494884E+001
6.3842072E+003 4.1494884E+001
6.3842072E+003 4.8472929E+001
6.3842072E+003 4.8472929E+001
6.3874453E+003 4.7963321E+001
6.3874453E+003 4.7963321E+001
6.3874453E+003 5.0278973E+001
6.3874453E+003 5.0278973E+001
6.4014847E+003 4.7949794E+001
6.4169784E+003 4.5730012E+001
6.4279355E+003 4.4337917E+001
6.4279355E+003 4.4337917E+001
6.4279355E+003 5.2204775E+001
6.4279355E+003 5.2204775E+001
6.4409318E+003 4.9785129E+001
6.4552607E+003 4.7479148E+001
6.4710778E+003 4.5281460E+001
6.4770331E+003 4.4530536E+001
6.4770331E+003 4.4530536E+001
6.4770331E+003 4.8301783E+001
6.4770331E+003 4.8301783E+001
6.4922918E+003 4.6065466E+001
6.5091486E+003 4.3934161E+001
6.5277943E+003 4.1902902E+001
6.5315210E+003 4.1530219E+001
6.5315210E+003 4.1530219E+001
6.5315210E+003 4.6532962E+001
6.5315210E+003 4.6532962E+001
6.5480221E+003 4.4379707E+001
6.5576575E+003 4.3255648E+001
6.5576575E+003 4.3255648E+001
6.5576575E+003 5.2709954E+001
6.5576575E+003 5.2709954E+001
6.5704008E+003 5.0266575E+001
6.5844474E+003 4.7937978E+001
6.5999491E+003 4.5718748E+001
6.6032044E+003 4.5290743E+001
6.6032044E+003 4.5290743E+001
6.6032044E+003 4.9502526E+001
6.6032044E+003 4.9502526E+001
6.6177033E+003 4.7209814E+001
6.6337104E+003 4.5024776E+001
6.6467335E+003 4.3460530E+001
6.6467335E+003 4.3460530E+001
6.6467335E+003 6.1351673E+001
6.6467335E+003 6.1351673E+001
6.6561402E+003 5.8502399E+001
6.6664728E+003 5.5786922E+001
6.6778341E+003 5.3198989E+001
6.6877394E+003 5.1214901E+001
6.6877394E+003 5.1214901E+001
6.6877394E+003 5.3302786E+001
6.6877394E+003 5.3302786E+001
6.6994957E+003 5.0960676E+001
6.6994957E+003 5.0960676E+001
6.6994957E+003 5.5407237E+001
6.6994957E+003 5.5407237E+001
6.7110140E+003 5.2837146E+001
6.7183990E+003 5.1365285E+001
6.7183990E+003 5.1365285E+001
6.7183990E+003 5.4221284E+001
6.7183990E+003 5.4221284E+001
6.7303314E+003 5.1726235E+001
6.7303314E+003 5.1726235E+001
6.7303314E+003 5.5258275E+001
6.7303314E+003 5.5258275E+001
6.7419123E+003 5.2695177E+001
6.7546630E+003 5.0252492E+001
6.7687177E+003 4.7924558E+001
6.7721848E+003 4.7398158E+001
6.7721848E+003 4.7398158E+001
6.7721848E+003 4.9062855E+001
6.7721848E+003 4.9062855E+001
6.7869547E+003 4.6790798E+001
6.8032648E+003 4.4625434E+001
6.8193537E+003 4.2768877E+001
6.8193537E+003 4.2768877E+001
6.8193537E+003 5.1593651E+001
6.8193537E+003 5.1593651E+001
6.8201800E+003 5.1434296E+001
6.8201800E+003 5.1434296E+001
6.8201800E+003 5.5995458E+001
6.8201800E+003 5.5995458E+001
6.8314565E+003 5.3397731E+001
6.8438680E+003 5.0922043E+001
6.8575445E+003 4.8562659E+001
6.8726328E+003 4.6314088E+001
6.8892989E+003 4.4171110E+001
6.9077310E+003 4.2128729E+001
6.9281422E+003 4.0182172E+001
6.9456663E+003 3.8719849E+001
6.9456663E+003 3.8719849E+001
6.9456663E+003 4.7328124E+001
6.9456663E+003 4.7328124E+001
6.9615895E+003 4.5137535E+001
6.9791898E+003 4.3049787E+001
6.9986685E+003 4.1060020E+001
7.0196900E+003 3.9209341E+001
7.0196900E+003 3.9209341E+001
7.0196900E+003 4.4405552E+001
7.0196900E+003 4.4405552E+001
7.0379146E+003 4.2352166E+001
7.0580932E+003 4.0395135E+001
7.0802655E+003 3.8545148E+001
7.0802655E+003 3.8545148E+001
7.0802655E+003 4.7762123E+001
7.0802655E+003 4.7762123E+001
7.0958869E+003 4.5551155E+001
7.1030657E+003 4.4634375E+001
7.1030657E+003 4.4634375E+001
7.1030657E+003 5.2994010E+001
7.1030657E+003 5.2994010E+001
7.1156703E+003 5.0537284E+001
7.1295621E+003 4.8195970E+001
7.1448908E+003 4.5964628E+001
7.1618260E+003 4.3838052E+001
7.1762707E+003 4.2247305E+001
7.1762707E+003 4.2247305E+001
7.1762707E+003 4.6896673E+001
7.1762707E+003 4.6896673E+001
7.1925033E+003 4.4726343E+001
7.2104501E+003 4.2657897E+001
7.2209244E+003 4.1579396E+001
7.2209244E+003 4.1579396E+001
7.2209244E+003 4.8542697E+001
7.2209244E+003 4.8542697E+001
7.2212469E+003 4.8490961E+001
7.2212469E+003 6.7645751E+001
7.2212469E+003 6.7645751E+001
7.2290275E+003 6.4501204E+001
7.2375582E+003 6.1504119E+001
7.2469192E+003 5.8647693E+001
7.2572011E+003 5.5925386E+001
7.2594541E+003 5.5376452E+001
7.2594541E+003 5.5376452E+001
7.2594541E+003 7.6052814E+001
7.2594541E+003 7.6052814E+001
7.2645069E+003 7.3140852E+001
7.2645069E+003 7.3140852E+001
7.2645069E+003 7.5145155E+001
7.2645069E+003 7.5145155E+001
7.2708720E+003 7.1649640E+001
7.2778409E+003 6.8317576E+001
7.2854750E+003 6.5141543E+001
7.2938437E+003 6.2114418E+001
7.3030254E+003 5.9229341E+001
7.3131081E+003 5.6479717E+001
7.3238211E+003 5.3940589E+001
7.3238211E+003 5.3940589E+001
7.3238211E+003 6.4221005E+001
7.3238211E+003 6.4221005E+001
7.3324243E+003 6.1237065E+001
7.3418656E+003 5.8393175E+001
7.3522367E+003 5.5682822E+001
7.3623954E+003 5.3363139E+001
7.3623954E+003 5.3363139E+001
7.3623954E+003 5.4962078E+001
7.3623954E+003 5.4962078E+001
7.3741024E+003 5.2412896E+001
7.3869935E+003 4.9983474E+001
7.3908242E+003 4.9323684E+001
7.3908242E+003 4.9323684E+001
7.3908242E+003 5.6162486E+001
7.3908242E+003 5.6162486E+001
7.4020335E+003 5.3556916E+001
7.4143703E+003 5.1073752E+001
7.4279634E+003 4.8707235E+001
7.4429585E+003 4.6451878E+001
7.4467076E+003 4.5935346E+001
7.4467076E+003 4.5935346E+001
7.4467076E+003 6.4052598E+001
7.4467076E+003 6.4052598E+001
7.4553548E+003 6.1076555E+001
7.4648450E+003 5.8240197E+001
7.4752702E+003 5.5537034E+001
7.4867345E+003 5.2960841E+001
7.4877974E+003 5.2739254E+001
7.4877974E+003 5.2739254E+001
7.4877974E+003 6.8600226E+001
7.4877974E+003 6.8600226E+001
7.4953712E+003 6.5410950E+001
7.5036733E+003 6.2371190E+001
7.5127810E+003 5.9474061E+001
7.5227819E+003 5.6712946E+001
7.5337744E+003 5.4081517E+001
7.5458697E+003 5.1573708E+001
7.5591936E+003 4.9183704E+001
7.5738882E+003 4.6905968E+001
7.5901141E+003 4.4735201E+001
7.5977548E+003 4.3813894E+001
7.5977548E+003 4.3813894E+001
7.5977548E+003 4.9309334E+001
7.5977548E+003 4.9309334E+001
7.6086366E+003 4.7575968E+001
7.6086366E+003 4.7575968E+001
7.6086366E+003 6.4080892E+001
7.6086366E+003 6.4080892E+001
7.6172764E+003 6.1103525E+001
7.6267583E+003 5.8265900E+001
7.6371744E+003 5.5561529E+001
7.6486285E+003 5.2984191E+001
7.6612379E+003 5.0527927E+001
7.6701834E+003 4.8979947E+001
7.6701834E+003 4.8979947E+001
7.6701834E+003 5.4829301E+001
7.6701834E+003 5.4829301E+001
7.6819477E+003 5.2286362E+001
7.6949026E+003 4.9862880E+001
7.7014038E+003 4.8767130E+001
7.7014038E+003 4.8767130E+001
7.7014038E+003 5.5586986E+001
7.7014038E+003 5.5586986E+001
7.7014427E+003 5.5577550E+001
7.7014427E+003 5.8676419E+001
7.7014427E+003 5.8676419E+001
7.7117146E+003 5.5952762E+001
7.7230083E+003 5.3357042E+001
7.7256083E+003 5.2807877E+001
7.7256083E+003 5.2807877E+001
7.7256083E+003 5.8759153E+001
7.7256083E+003 5.8759153E+001
7.7358516E+003 5.6031618E+001
7.7464675E+003 5.3570872E+001
7.7464675E+003 5.3570872E+001
7.7464675E+003 5.6130751E+001
7.7464675E+003 5.6130751E+001
7.7576895E+003 5.3526674E+001
7.7700404E+003 5.1044923E+001
7.7836493E+003 4.8679761E+001
7.7896004E+003 4.7744072E+001
7.7896004E+003 4.7744072E+001
7.7896004E+003 6.8778080E+001
7.7896004E+003 6.8778080E+001
7.7971366E+003 6.5580476E+001
7.8053972E+003 6.2532764E+001
7.8129021E+003 6.0096801E+001
7.8129021E+003 6.0096801E+001
7.8129021E+003 6.2959191E+001
7.8129021E+003 6.2959191E+001
7.8218444E+003 6.0034465E+001
7.8316617E+003 5.7247033E+001
7.8424502E+003 5.4590516E+001
7.8477634E+003 5.3409322E+001
7.8477634E+003 5.3409322E+001
7.8477634E+003 6.1999056E+001
7.8477634E+003 6.1999056E+001
7.8569785E+003 5.9119388E+001
7.8670984E+003 5.6374931E+001
7.8782232E+003 5.3759384E+001
7.8904659E+003 5.1266701E+001
7.9039540E+003 4.8891122E+001
7.9188320E+003 4.6627131E+001
7.9217791E+003 4.6214799E+001
7.9217791E+003 4.6214799E+001
7.9217791E+003 5.1456850E+001
7.9217791E+003 5.1456850E+001
7.9351651E+003 4.9072340E+001
7.9499291E+003 4.6799840E+001
7.9662325E+003 4.4634051E+001
7.9842585E+003 4.2569939E+001
7.9956343E+003 4.1410177E+001
7.9956343E+003 4.1410177E+001
7.9956343E+003 5.0588633E+001
7.9956343E+003 5.0588633E+001
8.0057308E+003 4.8846263E+001
8.0057308E+003 4.8846263E+001
8.0057308E+003 5.3031951E+001
8.0057308E+003 5.3031951E+001
8.0059515E+003 5.2985529E+001
8.0059515E+003 6.3245113E+001
8.0059515E+003 6.3245113E+001
8.0148150E+003 6.0306969E+001
8.0245450E+003 5.7506741E+001
8.0352366E+003 5.4838026E+001
8.0469971E+003 5.2294678E+001
8.0599478E+003 4.9870804E+001
8.0742257E+003 4.7560795E+001
8.0763464E+003 4.7244159E+001
8.0763464E+003 4.7244159E+001
8.0763464E+003 6.3164233E+001
8.0763464E+003 6.3164233E+001
8.0835087E+003 6.0765388E+001
8.0835087E+003 6.0765388E+001
8.0835087E+003 6.4119856E+001
8.0835087E+003 6.4119856E+001
8.0887681E+003 6.2251787E+001
8.0887681E+003 6.2251787E+001
8.0887681E+003 7.4063827E+001
8.0887681E+003 7.4063827E+001
8.0953108E+003 7.0618846E+001
8.1024752E+003 6.7335033E+001
8.1103251E+003 6.4205050E+001
8.1189325E+003 6.1221860E+001
8.1283785E+003 5.8378685E+001
8.1387546E+003 5.5669012E+001
8.1501643E+003 5.3086624E+001
8.1627242E+003 5.0625554E+001
8.1721136E+003 4.8995394E+001
8.1721136E+003 4.8995394E+001
8.1721136E+003 5.1090138E+001
8.1721136E+003 5.1090138E+001
8.1856978E+003 4.8722850E+001
8.2006828E+003 4.6466759E+001
8.2172336E+003 4.4316616E+001
8.2355365E+003 4.2267400E+001
8.2416107E+003 4.1648922E+001
8.2416107E+003 4.1648922E+001
8.2416107E+003 4.5593882E+001
8.2416107E+003 4.5593882E+001
8.2469742E+003 4.4901285E+001
8.2469742E+003 4.4901285E+001
8.2469742E+003 5.0012699E+001
8.2469742E+003 5.0012699E+001
8.2611686E+003 4.7696029E+001
8.2768353E+003 4.5488156E+001
8.2941486E+003 4.3383952E+001
8.3133057E+003 4.1378509E+001
8.3259841E+003 4.0200057E+001
8.3259841E+003 4.0200057E+001
8.3259841E+003 5.2487153E+001
8.3259841E+003 5.2487153E+001
8.3286904E+003 5.1943450E+001
8.3286904E+003 5.1943450E+001
8.3286904E+003 6.1089072E+001
8.3286904E+003 6.1089072E+001
8.3381767E+003 5.8252126E+001
8.3485977E+003 5.5548403E+001
8.3600572E+003 5.2971678E+001
8.3726726E+003 5.0516002E+001
8.3865765E+003 4.8175689E+001
8.3868291E+003 4.8136080E+001
8.3868291E+003 5.0911623E+001
8.3868291E+003 5.0911623E+001
8.4005114E+003 4.8552728E+001
8.4084864E+003 4.7321462E+001
8.4084864E+003 4.7321462E+001
8.4084864E+003 5.1506157E+001
8.4084864E+003 5.1506157E+001
8.4218461E+003 4.9119329E+001
8.4365807E+003 4.6844619E+001
8.4514459E+003 4.4850881E+001
8.4514459E+003 4.4850881E+001
8.4514459E+003 4.7200396E+001
8.4514459E+003 4.7200396E+001
8.4674597E+003 4.5015800E+001
8.4851614E+003 4.2933772E+001
8.4939402E+003 4.2005462E+001
8.4939402E+003 4.2005462E+001
8.4939402E+003 4.8177502E+001
8.4939402E+003 4.8177502E+001
8.5092812E+003 4.5947028E+001
8.5136574E+003 4.5365737E+001
8.5136574E+003 4.5365737E+001
8.5136574E+003 7.3069111E+001
8.5136574E+003 7.3069111E+001
8.5203706E+003 6.9670638E+001
8.5277227E+003 6.6431226E+001
8.5357800E+003 6.3343615E+001
8.5434939E+003 6.0750922E+001
8.5434939E+003 6.0750922E+001
8.5434939E+003 7.0340632E+001
8.5434939E+003 7.0340632E+001
8.5506062E+003 6.7114619E+001
8.5506062E+003 6.7114619E+001
8.5506062E+003 7.2483959E+001
8.5506062E+003 7.2483959E+001
8.5574230E+003 6.9112853E+001
8.5648893E+003 6.5899565E+001
8.5730726E+003 6.2836892E+001
8.5820490E+003 5.9917899E+001
8.5919040E+003 5.7135945E+001
8.6027344E+003 5.4484651E+001
8.6146494E+003 5.1957897E+001
8.6277723E+003 4.9549849E+001
8.6422425E+003 4.7254920E+001
8.6582175E+003 4.5067761E+001
8.6758758E+003 4.2983291E+001
8.6868449E+003 4.1829431E+001
8.6868449E+003 4.1829431E+001
8.6868449E+003 6.0180807E+001
8.6868449E+003 6.0180807E+001
8.6966152E+003 5.7386508E+001
8.7073515E+003 5.4723443E+001
8.7191617E+003 5.2185472E+001
8.7321678E+003 4.9766733E+001
8.7465077E+003 4.7461617E+001
8.7570770E+003 4.5957001E+001
8.7570770E+003 4.5957001E+001
8.7570770E+003 5.0488608E+001
8.7570770E+003 5.0488608E+001
8.7709965E+003 4.8149583E+001
8.7781328E+003 4.7070582E+001
8.7781328E+003 4.7070582E+001
8.7781328E+003 5.1514293E+001
8.7781328E+003 5.1514293E+001
8.7817058E+003 5.0839217E+001
8.7817058E+003 5.0839217E+001
8.7817058E+003 5.6257322E+001
8.7817058E+003 5.6257322E+001
8.7928772E+003 5.3647294E+001
8.8051718E+003 5.1159881E+001
8.8161008E+003 4.9219287E+001
8.8161008E+003 4.9219287E+001
8.8161008E+003 5.2752033E+001
8.8161008E+003 5.2752033E+001
8.8288235E+003 5.0306675E+001
8.8321363E+003 4.9723190E+001
8.8321363E+003 4.9723190E+001
8.8321363E+003 5.2295803E+001
8.8321363E+003 5.2295803E+001
8.8450864E+003 4.9871876E+001
8.8593638E+003 4.7561817E+001
8.8690079E+003 4.6173962E+001
8.8690079E+003 4.6173962E+001
8.8690079E+003 5.0750158E+001
8.8690079E+003 5.0750158E+001
8.8718106E+003 5.0241788E+001
8.8718106E+003 5.0241788E+001
8.8718106E+003 5.5044688E+001
8.8718106E+003 5.5044688E+001
8.8834822E+003 5.2491628E+001
8.8963339E+003 5.0058504E+001
8.9105013E+003 4.7739680E+001
8.9261381E+003 4.5529767E+001
8.9434179E+003 4.3423606E+001
8.9476952E+003 4.2946422E+001
8.9476952E+003 4.2946422E+001
8.9476952E+003 4.8633027E+001
8.9476952E+003 4.8633027E+001
8.9627380E+003 4.6381159E+001
8.9793533E+003 4.4235027E+001
8.9824683E+003 4.3865069E+001
8.9824683E+003 4.3865069E+001
8.9824683E+003 4.8779326E+001
8.9824683E+003 4.8779326E+001
8.9974173E+003 4.6520580E+001
8.9987591E+003 4.6332746E+001
8.9987591E+003 4.6332746E+001
8.9987591E+003 5.1380163E+001
8.9987591E+003 5.1380163E+001
9.0121862E+003 4.8999257E+001
9.0136063E+003 4.8766077E+001
9.0136063E+003 4.8766077E+001
9.0136063E+003 6.0527535E+001
9.0136063E+003 6.0527535E+001
9.0232665E+003 5.7716953E+001
9.0243959E+003 5.7412344E+001
9.0243959E+003 5.7412344E+001
9.0243959E+003 6.2566654E+001
9.0243959E+003 6.2566654E+001
9.0334481E+003 5.9660344E+001
9.0433873E+003 5.6890484E+001
9.0543113E+003 5.4250719E+001
9.0663304E+003 5.1734954E+001
9.0681459E+003 5.1383944E+001
9.0681459E+003 5.1383944E+001
9.0681459E+003 5.7982326E+001
9.0681459E+003 5.7982326E+001
9.0762473E+003 5.5874094E+001
9.0762473E+003 5.5874094E+001
9.0762473E+003 6.0324137E+001
9.0762473E+003 6.0324137E+001
9.0859718E+003 5.7523103E+001
9.0966573E+003 5.4853619E+001
9.1084110E+003 5.2309537E+001
9.1186550E+003 5.0360341E+001
9.1186550E+003 5.0360341E+001
9.1186550E+003 5.8094355E+001
9.1186550E+003 5.8094355E+001
9.1291323E+003 5.5398038E+001
9.1406545E+003 5.2828379E+001
9.1533397E+003 5.0379442E+001
9.1673214E+003 4.8045539E+001
9.1827506E+003 4.5821257E+001
9.1924306E+003 4.4576791E+001
9.1924306E+003 4.4576791E+001
9.1924306E+003 4.5998020E+001
9.1924306E+003 4.5998020E+001
9.2093397E+003 4.3869883E+001
9.2280440E+003 4.1841632E+001
9.2487604E+003 3.9908546E+001
9.2717352E+003 3.8066111E+001
9.2916101E+003 3.6673792E+001
9.2916101E+003 3.6673792E+001
9.2916101E+003 4.2782787E+001
9.2916101E+003 4.2782787E+001
9.3113520E+003 4.0805551E+001
9.3114344E+003 4.0797877E+001
9.3114344E+003 4.3087342E+001
9.3114344E+003 4.3087342E+001
9.3308765E+003 4.1095811E+001
9.3524207E+003 3.9197703E+001
9.3659180E+003 3.8140282E+001
9.3659180E+003 3.8140282E+001
9.3659180E+003 4.3455911E+001
9.3659180E+003 4.3455911E+001
9.3707280E+003 4.2919244E+001
9.3707280E+003 4.2919244E+001
9.3707280E+003 4.8332933E+001
9.3707280E+003 4.8332933E+001
9.3770580E+003 4.7360838E+001
9.3770580E+003 4.7360838E+001
9.3770580E+003 5.0917627E+001
9.3770580E+003 5.0917627E+001
9.3907370E+003 4.8558451E+001
9.3981301E+003 4.7413225E+001
9.3981301E+003 4.7413225E+001
9.3981301E+003 5.3897838E+001
9.3981301E+003 5.3897838E+001
9.4103091E+003 5.1398655E+001
9.4237263E+003 4.9016882E+001
9.4385250E+003 4.6746978E+001
9.4539837E+003 4.4692168E+001
9.4539837E+003 4.4692168E+001
9.4539837E+003 6.1408386E+001
9.4539837E+003 6.1408386E+001
9.4633734E+003 5.8556447E+001
9.4736871E+003 5.5838430E+001
9.4784562E+003 5.4700986E+001
9.4784562E+003 5.4700986E+001
9.4784562E+003 6.0647521E+001
9.4784562E+003 6.0647521E+001
9.4880789E+003 5.7831309E+001
9.4986512E+003 5.5147347E+001
9.5102791E+003 5.2589464E+001
9.5230820E+003 5.0151751E+001
9.5371951E+003 4.7828543E+001
9.5516020E+003 4.5768911E+001
9.5516020E+003 4.5768911E+001
9.5516020E+003 4.8699950E+001
9.5516020E+003 4.8699950E+001
9.5666017E+003 4.6444936E+001
9.5696896E+003 4.6018379E+001
9.5696896E+003 4.6018379E+001
9.5696896E+003 5.4320974E+001
9.5696896E+003 5.4320974E+001
9.5722263E+003 5.3755400E+001
9.5722263E+003 5.3755400E+001
9.5722263E+003 5.7965441E+001
9.5722263E+003 5.7965441E+001
9.5827501E+003 5.5275184E+001
9.5943238E+003 5.2711291E+001
9.6070665E+003 5.0267849E+001
9.6211124E+003 4.7939193E+001
9.6327849E+003 4.6236253E+001
9.6327849E+003 4.6236253E+001
9.6327849E+003 6.1987580E+001
9.6327849E+003 6.1987580E+001
9.6420033E+003 5.9108451E+001
9.6521269E+003 5.6364508E+001
9.6632559E+003 5.3749451E+001
9.6755031E+003 5.1257235E+001
9.6889964E+003 4.8882101E+001
9.7038801E+003 4.6618534E+001
9.7203174E+003 4.4461258E+001
9.7384932E+003 4.2405254E+001
9.7586171E+003 4.0445730E+001
9.7809266E+003 3.8578111E+001
9.8056913E+003 3.6798024E+001
9.8177546E+003 3.6020030E+001
9.8177546E+003 3.6020030E+001
9.8177546E+003 4.4713029E+001
9.8177546E+003 4.4713029E+001
9.8282289E+003 4.3467401E+001
9.8282289E+003 4.3467401E+001
9.8282289E+003 5.9259223E+001
9.8282289E+003 5.9259223E+001
9.8383016E+003 5.6508201E+001
9.8493739E+003 5.3886388E+001
9.8615581E+003 5.1387743E+001
9.8749812E+003 4.9006483E+001
9.8897864E+003 4.6737068E+001
9.9061360E+003 4.4574230E+001
9.9242136E+003 4.2512929E+001
9.9442274E+003 4.0548348E+001
9.9664132E+003 3.8675911E+001
9.9682310E+003 3.8534016E+001
9.9682310E+003 3.8534016E+001
9.9682310E+003 4.3106082E+001
9.9682310E+003 4.3106082E+001
9.9741283E+003 4.2467282E+001
9.9741283E+003 4.2467282E+001
9.9741283E+003 5.8373028E+001
9.9741283E+003 5.8373028E+001
9.9746227E+003 5.8234493E+001
9.9746227E+003 6.0036292E+001
9.9746227E+003 6.0036292E+001
9.9844394E+003 5.7248774E+001
9.9952272E+003 5.4592176E+001
1.0007095E+004 5.2060376E+001
1.0015963E+004 5.0383230E+001
1.0015963E+004 5.0383230E+001
1.0015963E+004 6.9225983E+001
1.0015963E+004 6.9225983E+001
1.0023406E+004 6.6007391E+001
1.0027546E+004 6.4393596E+001
1.0027546E+004 6.4393596E+001
1.0027546E+004 7.5109854E+001
1.0027546E+004 7.5109854E+001
1.0033425E+004 7.1868193E+001
1.0033425E+004 7.1868193E+001
1.0033425E+004 7.3307678E+001
1.0033425E+004 7.3307678E+001
1.0040096E+004 6.9898052E+001
1.0047403E+004 6.6647981E+001
1.0055409E+004 6.3550211E+001
1.0064190E+004 6.0597748E+001
1.0073828E+004 5.7783867E+001
1.0084418E+004 5.5102135E+001
1.0096065E+004 5.2546379E+001
1.0103349E+004 5.1117265E+001
1.0103349E+004 5.1117265E+001
1.0103349E+004 5.5951513E+001
1.0103349E+004 5.5951513E+001
1.0104162E+004 5.5751296E+001
1.0104162E+004 5.5751296E+001
1.0104162E+004 5.9194205E+001
1.0104162E+004 5.9194205E+001
1.0113744E+004 5.6575959E+001
1.0113744E+004 5.6575959E+001
1.0113744E+004 5.7549977E+001
1.0113744E+004 5.7549977E+001
1.0124420E+004 5.4879229E+001
1.0136163E+004 5.2333944E+001
1.0149093E+004 4.9908232E+001
1.0163349E+004 4.7596463E+001
1.0179085E+004 4.5393271E+001
1.0196475E+004 4.3293526E+001
1.0215718E+004 4.1292320E+001
1.0237039E+004 3.9384995E+001
1.0260693E+004 3.7567100E+001
1.0272549E+004 3.6750133E+001
1.0272549E+004 3.6750133E+001
1.0272549E+004 4.3777570E+001
1.0272549E+004 4.3777570E+001
1.0291338E+004 4.1753657E+001
1.0312150E+004 3.9824698E+001
1.0329897E+004 3.8385015E+001
1.0329897E+004 3.8385015E+001
1.0329897E+004 4.0541818E+001
1.0329897E+004 4.0541818E+001
1.0352091E+004 3.8669687E+001
1.0376725E+004 3.6885315E+001
1.0377552E+004 3.6829804E+001
1.0377552E+004 3.6829804E+001
1.0377552E+004 5.4348697E+001
1.0377552E+004 5.4348697E+001
1.0389527E+004 5.1828335E+001
1.0398367E+004 5.0178115E+001
1.0398367E+004 5.0178115E+001
1.0398367E+004 6.2290501E+001
1.0398367E+004 6.2290501E+001
1.0407498E+004 5.9397152E+001
1.0411835E+004 5.8153369E+001
1.0411835E+004 5.8153369E+001
1.0411835E+004 6.6873056E+001
1.0411835E+004 6.6873056E+001
1.0419789E+004 6.3764736E+001
1.0428513E+004 6.0802199E+001
1.0438087E+004 5.7978721E+001
1.0448606E+004 5.5287840E+001
1.0450730E+004 5.4787470E+001
1.0450730E+004 5.4787470E+001
1.0450730E+004 5.5452518E+001
1.0450730E+004 5.5452518E+001
1.0462229E+004 5.2880297E+001
1.0474889E+004 5.0428919E+001
1.0488842E+004 4.8092694E+001
1.0497927E+004 4.6737314E+001
1.0497927E+004 4.6737314E+001
1.0497927E+004 5.3916551E+001
1.0497927E+004 5.3916551E+001
1.0510097E+004 5.1416488E+001
1.0523505E+004 4.9033876E+001
1.0523818E+004 4.8981967E+001
1.0523818E+004 5.2867270E+001
1.0523818E+004 5.2867270E+001
1.0526562E+004 5.2304118E+001
1.0526562E+004 5.2304118E+001
1.0526562E+004 5.6213904E+001
1.0526562E+004 5.6213904E+001
1.0537751E+004 5.3605917E+001
1.0547787E+004 5.1552016E+001
1.0547787E+004 5.1552016E+001
1.0547787E+004 5.6151364E+001
1.0547787E+004 5.6151364E+001
1.0559000E+004 5.3546317E+001
1.0571342E+004 5.1063649E+001
1.0584941E+004 4.8697606E+001
1.0599942E+004 4.6442702E+001
1.0616511E+004 4.4293689E+001
1.0622963E+004 4.3535190E+001
1.0622963E+004 4.3535190E+001
1.0622963E+004 4.7668031E+001
1.0622963E+004 4.7668031E+001
1.0638649E+004 4.5461475E+001
1.0655984E+004 4.3358524E+001
1.0668810E+004 4.1983364E+001
1.0668810E+004 4.1983364E+001
1.0668810E+004 4.9908309E+001
1.0668810E+004 4.9908309E+001
1.0683066E+004 4.7596536E+001
1.0698801E+004 4.5393341E+001
1.0707111E+004 4.4348566E+001
1.0707111E+004 4.4348566E+001
1.0707111E+004 5.1256094E+001
1.0707111E+004 5.1256094E+001
1.0720605E+004 4.8881014E+001
1.0735490E+004 4.6617498E+001
1.0751928E+004 4.4460270E+001
1.0752597E+004 4.4378716E+001
1.0752597E+004 4.4378716E+001
1.0752597E+004 4.5637033E+001
1.0752597E+004 4.5637033E+001
1.0769790E+004 4.3525843E+001
1.0788015E+004 4.1591907E+001
1.0788015E+004 4.1591907E+001
1.0788015E+004 4.8168604E+001
1.0788015E+004 4.8168604E+001
1.0803362E+004 4.5938546E+001
1.0820317E+004 4.3813196E+001
1.0838567E+004 4.1838189E+001
1.0838567E+004 4.1838189E+001
1.0838567E+004 7.0983693E+001
1.0838567E+004 7.0983693E+001
1.0845661E+004 6.7682799E+001
1.0853434E+004 6.4536515E+001
1.0856565E+004 6.3382540E+001
1.0856565E+004 6.3382540E+001
1.0856565E+004 7.3001376E+001
1.0856565E+004 7.3001376E+001
1.0863290E+004 6.9606074E+001
1.0870655E+004 6.6369678E+001
1.0878727E+004 6.3284955E+001
1.0887580E+004 6.0344939E+001
1.0897298E+004 5.7542930E+001
1.0907976E+004 5.4872513E+001
1.0919721E+004 5.2327543E+001
1.0930530E+004 5.0275526E+001
1.0930530E+004 5.0275526E+001
1.0930530E+004 7.2760249E+001
1.0930530E+004 7.2760249E+001
1.0937298E+004 6.9376221E+001
1.0944710E+004 6.6150598E+001
1.0952833E+004 6.3076145E+001
1.0961743E+004 6.0145925E+001
1.0971525E+004 5.7353266E+001
1.0982273E+004 5.4691755E+001
1.0994097E+004 5.2155274E+001
1.1007119E+004 4.9737955E+001
1.1021476E+004 4.7434187E+001
1.1037325E+004 4.5238612E+001
1.1054050E+004 4.3233672E+001
1.1054050E+004 4.3233672E+001
1.1054050E+004 6.2368215E+001
1.1054050E+004 6.2368215E+001
1.1063159E+004 5.9471226E+001
1.1073161E+004 5.6710244E+001
1.1083746E+004 5.4169768E+001
1.1083746E+004 5.4169768E+001
1.1083746E+004 5.6268267E+001
1.1083746E+004 5.6268267E+001
1.1090059E+004 5.4743939E+001
1.1090059E+004 5.4743939E+001
1.1090059E+004 5.6968777E+001
1.1090059E+004 5.6968777E+001
1.1100953E+004 5.4325332E+001
1.1108883E+004 5.2615923E+001
1.1108883E+004 5.2615923E+001
1.1108883E+004 6.0442297E+001
1.1108883E+004 6.0442297E+001
1.1118570E+004 5.7635721E+001
1.1129214E+004 5.4960947E+001
1.1140922E+004 5.2411818E+001
1.1153813E+004 4.9982447E+001
1.1168025E+004 4.7667199E+001
1.1183712E+004 4.5460681E+001
1.1201047E+004 4.3357768E+001
1.1220229E+004 4.1353555E+001
1.1234542E+004 4.0033752E+001
1.1234542E+004 4.0033752E+001
1.1234542E+004 4.5572471E+001
1.1234542E+004 4.5572471E+001
1.1251787E+004 4.3464311E+001
1.1258760E+004 4.2692759E+001
1.1258760E+004 4.2692759E+001
1.1258760E+004 5.7754593E+001
1.1258760E+004 5.7754593E+001
1.1262756E+004 5.6696296E+001
1.1262756E+004 5.6696296E+001
1.1262756E+004 5.9147869E+001
1.1262756E+004 5.9147869E+001
1.1272867E+004 5.6402073E+001
1.1279567E+004 5.4777366E+001
1.1279567E+004 5.4777366E+001
1.1279567E+004 5.8279121E+001
1.1279567E+004 5.8279121E+001
1.1289978E+004 5.5574129E+001
1.1301427E+004 5.2996202E+001
1.1314030E+004 5.0539373E+001
1.1327921E+004 4.8197961E+001
1.1342093E+004 4.6122947E+001
1.1342093E+004 4.6122947E+001
1.1342093E+004 7.1478416E+001
1.1342093E+004 7.1478416E+001
1.1349093E+004 6.8154360E+001
1.1356763E+004 6.4985981E+001
1.1365170E+004 6.1966156E+001
1.1374395E+004 5.9088033E+001
1.1384525E+004 5.6345051E+001
1.1395662E+004 5.3730908E+001
1.1407918E+004 5.1239564E+001
1.1421421E+004 4.8865260E+001
1.1436315E+004 4.6602485E+001
1.1452764E+004 4.4445962E+001
1.1470954E+004 4.2390677E+001
1.1491092E+004 4.0431837E+001
1.1513419E+004 3.8564868E+001
1.1538202E+004 3.6785403E+001
1.1544606E+004 3.6365893E+001
1.1544606E+004 3.6365893E+001
1.1544606E+004 5.2586366E+001
1.1544606E+004 5.2586366E+001
1.1553493E+004 5.0855283E+001
1.1553493E+004 5.0855283E+001
1.1553493E+004 5.5690912E+001
1.1553493E+004 5.5690912E+001
1.1564894E+004 5.3107493E+001
1.1566258E+004 5.2821307E+001
1.1566258E+004 5.2821307E+001
1.1566258E+004 6.6863235E+001
1.1566258E+004 6.6863235E+001
1.1574215E+004 6.3755376E+001
1.1574523E+004 6.3643008E+001
1.1574523E+004 6.6167941E+001
1.1574523E+004 6.6167941E+001
1.1582642E+004 6.3092676E+001
1.1591548E+004 6.0161680E+001
1.1601324E+004 5.7368280E+001
1.1612067E+004 5.4706068E+001
1.1623885E+004 5.2168913E+001
1.1636900E+004 4.9750953E+001
1.1648536E+004 4.7855377E+001
1.1648536E+004 4.7855377E+001
1.1648536E+004 7.3964558E+001
1.1648536E+004 7.3964558E+001
1.1655095E+004 7.0524221E+001
1.1662278E+004 6.7244830E+001
1.1670148E+004 6.4119079E+001
1.1678778E+004 6.1139925E+001
1.1688249E+004 5.8300589E+001
1.1698652E+004 5.5594588E+001
1.1710093E+004 5.3015698E+001
1.1714853E+004 5.2042313E+001
1.1714853E+004 5.2042313E+001
1.1714853E+004 5.3969670E+001
1.1714853E+004 5.3969670E+001
1.1718631E+004 5.3149909E+001
1.1718631E+004 5.3149909E+001
1.1718631E+004 5.6389977E+001
1.1718631E+004 5.6389977E+001
1.1729750E+004 5.3773722E+001
1.1741986E+004 5.1280366E+001
1.1745191E+004 5.0681731E+001
1.1745191E+004 5.0681731E+001
1.1745191E+004 5.5761043E+001
1.1745191E+004 5.5761043E+001
1.1750056E+004 5.4606316E+001
1.1750056E+004 5.4606316E+001
1.1750056E+004 5.6463705E+001
1.1750056E+004 5.6463705E+001
1.1761145E+004 5.3843984E+001
1.1764084E+004 5.3207573E+001
1.1764084E+004 5.3207573E+001
1.1764084E+004 6.5952655E+001
1.1764084E+004 6.5952655E+001
1.1772254E+004 6.2887492E+001
1.1781216E+004 5.9966122E+001
1.1791056E+004 5.7181902E+001
1.1801869E+004 5.4528448E+001
1.1813765E+004 5.1999637E+001
1.1817930E+004 5.1192818E+001
1.1817930E+004 5.1192818E+001
1.1817930E+004 5.7155125E+001
1.1817930E+004 5.7155125E+001
1.1828753E+004 5.4502930E+001
1.1840660E+004 5.1975316E+001
1.1853774E+004 4.9566449E+001
1.1868234E+004 4.7270739E+001
1.1884198E+004 4.5082839E+001
1.1901844E+004 4.2997660E+001
1.1921374E+004 4.1010342E+001
1.1943016E+004 3.9116248E+001
1.1948966E+004 3.8641270E+001
1.1948966E+004 3.8641270E+001
1.1948966E+004 5.8082569E+001
1.1948966E+004 5.8082569E+001
1.1959448E+004 5.5386805E+001
1.1970975E+004 5.2817675E+001
1.1981001E+004 5.0852672E+001
1.1981001E+004 5.0852672E+001
1.1981001E+004 6.0645585E+001
1.1981001E+004 6.0645585E+001
1.1990624E+004 5.7829464E+001
1.1991050E+004 5.7713387E+001
1.1991050E+004 7.0272615E+001
1.1991050E+004 7.0272615E+001
1.1992574E+004 6.9543345E+001
1.1992574E+004 6.9543345E+001
1.1992574E+004 7.7372467E+001
1.1992574E+004 7.7372467E+001
1.1998597E+004 7.3772952E+001
1.2005188E+004 7.0341567E+001
1.2006036E+004 6.9932322E+001
1.2006036E+004 6.9932322E+001
1.2006036E+004 7.2428924E+001
1.2006036E+004 7.2428924E+001
1.2012862E+004 6.9060394E+001
1.2020339E+004 6.5849565E+001
1.2026685E+004 6.3440873E+001
1.2026685E+004 6.3440873E+001
1.2026685E+004 6.5511361E+001
1.2026685E+004 6.5511361E+001
1.2034963E+004 6.2466887E+001
1.2044043E+004 5.9565264E+001
1.2054014E+004 5.6799872E+001
1.2064973E+004 5.4164357E+001
1.2077031E+004 5.1652653E+001
1.2090313E+004 4.9258947E+001
1.2104961E+004 4.6977673E+001
1.2119597E+004 4.4995900E+001
1.2119597E+004 4.4995900E+001
1.2119597E+004 5.1103251E+001
1.2119597E+004 5.1103251E+001
1.2133174E+004 4.8735346E+001
1.2148151E+004 4.6478668E+001
1.2164693E+004 4.4327965E+001
1.2182986E+004 4.2278219E+001
1.2184663E+004 4.2104288E+001
1.2184663E+004 4.2104288E+001
1.2184663E+004 6.0342717E+001
1.2184663E+004 6.0342717E+001
1.2194382E+004 5.7540812E+001
1.2205061E+004 5.4870495E+001
1.2216807E+004 5.2325620E+001
1.2229742E+004 4.9900297E+001
1.2237721E+004 4.8563172E+001
1.2237721E+004 4.8563172E+001
1.2237721E+004 5.4398038E+001
1.2237721E+004 5.4398038E+001
1.2249674E+004 5.1875356E+001
1.2262840E+004 4.9471189E+001
1.2277358E+004 4.7179947E+001
1.2293386E+004 4.4996313E+001
1.2311104E+004 4.2915200E+001
1.2330715E+004 4.0931749E+001
1.2352448E+004 3.9041333E+001
1.2354180E+004 3.8901947E+001
1.2354180E+004 3.8901947E+001
1.2354180E+004 4.8289744E+001
1.2354180E+004 4.8289744E+001
1.2369447E+004 4.6053993E+001
1.2386313E+004 4.3923228E+001
1.2393556E+004 4.3096331E+001
1.2393556E+004 4.3096331E+001
1.2393556E+004 4.8891252E+001
1.2393556E+004 4.8891252E+001
1.2404030E+004 4.7261000E+001
1.2404030E+004 4.7261000E+001
1.2404030E+004 5.2946820E+001
1.2404030E+004 5.2946820E+001
1.2415730E+004 5.0660207E+001
1.2415730E+004 5.0660207E+001
1.2415730E+004 5.2192647E+001
1.2415730E+004 5.2192647E+001
1.2428732E+004 4.9773571E+001
1.2443068E+004 4.7468133E+001
1.2458893E+004 4.5270963E+001
1.2476383E+004 4.3176954E+001
1.2495738E+004 4.1181225E+001
1.2497027E+004 4.1058097E+001
1.2497027E+004 4.1058097E+001
1.2497027E+004 5.8425172E+001
1.2497027E+004 5.8425172E+001
1.2507387E+004 5.5713316E+001
1.2518778E+004 5.3128844E+001
1.2531318E+004 5.0665789E+001
1.2535635E+004 4.9893137E+001
1.2535635E+004 4.9893137E+001
1.2535635E+004 5.4646615E+001
1.2535635E+004 5.4646615E+001
1.2547479E+004 5.2112256E+001
1.2560522E+004 4.9696961E+001
1.2569370E+004 4.8238881E+001
1.2569370E+004 4.8238881E+001
1.2569370E+004 5.5899360E+001
1.2569370E+004 5.5899360E+001
1.2576537E+004 5.4211577E+001
1.2576537E+004 5.4211577E+001
1.2576537E+004 7.7205347E+001
1.2576537E+004 7.7205347E+001
1.2582584E+004 7.3613637E+001
1.2589203E+004 7.0189706E+001
1.2596451E+004 6.6925978E+001
1.2603342E+004 6.4201292E+001
1.2603342E+004 6.4201292E+001
1.2603342E+004 6.7490820E+001
1.2603342E+004 6.7490820E+001
1.2611157E+004 6.4353541E+001
1.2619677E+004 6.1379203E+001
1.2619677E+004 6.1379203E+001
1.2619677E+004 6.6193998E+001
1.2619677E+004 6.6193998E+001
1.2627790E+004 6.3117516E+001
1.2628257E+004 6.2952601E+001
1.2628257E+004 6.3686652E+001
1.2628257E+004 6.3686652E+001
1.2637001E+004 6.0727782E+001
1.2646599E+004 5.7907801E+001
1.2657143E+004 5.5220249E+001
1.2665834E+004 5.3264607E+001
1.2665834E+004 5.3264607E+001
1.2665834E+004 5.7344049E+001
1.2665834E+004 5.7344049E+001
1.2666789E+004 5.7091089E+001
1.2666789E+004 5.7091089E+001
1.2666789E+004 6.4064993E+001
1.2666789E+004 6.4064993E+001
1.2675433E+004 6.1088369E+001
1.2684920E+004 5.8251456E+001
1.2695341E+004 5.5547764E+001
1.2706801E+004 5.2971069E+001
1.2719417E+004 5.0515422E+001
1.2728659E+004 4.8919791E+001
1.2728659E+004 4.8919791E+001
1.2728659E+004 5.5032021E+001
1.2728659E+004 5.5032021E+001
1.2740336E+004 5.2479553E+001
1.2741530E+004 5.2237727E+001
1.2741530E+004 5.2237727E+001
1.2741530E+004 5.9735632E+001
1.2741530E+004 5.9735632E+001
1.2751444E+004 5.6962234E+001
1.2762341E+004 5.4319096E+001
1.2774329E+004 5.1800127E+001
1.2787534E+004 4.9399486E+001
1.2797917E+004 4.7732304E+001
1.2797917E+004 4.7732304E+001
1.2797917E+004 7.2625719E+001
1.2797917E+004 7.2625719E+001
1.2804708E+004 6.9247988E+001
1.2812147E+004 6.6028365E+001
1.2820299E+004 6.2959648E+001
1.2829241E+004 6.0034900E+001
1.2838707E+004 5.7340106E+001
1.2838707E+004 5.7340106E+001
1.2838707E+004 5.9902175E+001
1.2838707E+004 5.9902175E+001
1.2848567E+004 5.7120960E+001
1.2859404E+004 5.4470368E+001
1.2871325E+004 5.1944286E+001
1.2884455E+004 4.9536878E+001
1.2898933E+004 4.7242558E+001
1.2914590E+004 4.5097315E+001
1.2914590E+004 4.5097315E+001
1.2914590E+004 5.0526341E+001
1.2914590E+004 5.0526341E+001
1.2928488E+004 4.8185541E+001
1.2943824E+004 4.5954689E+001
1.2960767E+004 4.3828580E+001
1.2979509E+004 4.1802270E+001
1.3000268E+004 3.9871033E+001
1.3023290E+004 3.8030353E+001
1.3048856E+004 3.6275933E+001
1.3077285E+004 3.4603682E+001
1.3094758E+004 3.3691071E+001
1.3094758E+004 3.3691071E+001
1.3094758E+004 4.0257493E+001
1.3094758E+004 4.0257493E+001
1.3095177E+004 4.0220151E+001
1.3095177E+004 6.2054562E+001
1.3095177E+004 6.2054562E+001
1.3104376E+004 5.9172293E+001
1.3114478E+004 5.6425350E+001
1.3125583E+004 5.3807432E+001
1.3137803E+004 5.1312500E+001
1.3144990E+004 4.9997719E+001
1.3144990E+004 4.9997719E+001
1.3144990E+004 5.6578688E+001
1.3144990E+004 5.6578688E+001
1.3156035E+004 5.3953564E+001
1.3168189E+004 5.1451761E+001
1.3181577E+004 4.9067491E+001
1.3196344E+004 4.6795217E+001
1.3203158E+004 4.5848931E+001
1.3203158E+004 4.5848931E+001
1.3203158E+004 6.8559067E+001
1.3203158E+004 6.8559067E+001
1.3203846E+004 6.8250150E+001
1.3203846E+004 6.8250150E+001
1.3203846E+004 7.0279146E+001
1.3203846E+004 7.0279146E+001
1.3211077E+004 6.7011235E+001
1.3219000E+004 6.3896432E+001
1.3227688E+004 6.0927722E+001
1.3237224E+004 5.8098355E+001
1.3238708E+004 5.7691195E+001
1.3238708E+004 5.7691195E+001
1.3238708E+004 6.2350653E+001
1.3238708E+004 6.2350653E+001
1.3247822E+004 5.9454488E+001
1.3257829E+004 5.6694292E+001
1.3268829E+004 5.4063741E+001
1.3280932E+004 5.1556768E+001
1.3294265E+004 4.9167560E+001
1.3308970E+004 4.6890583E+001
1.3324780E+004 4.4773270E+001
1.3324780E+004 4.4773270E+001
1.3324780E+004 4.8124812E+001
1.3324780E+004 4.8124812E+001
1.3340157E+004 4.5896804E+001
1.3357145E+004 4.3773416E+001
1.3375938E+004 4.1749698E+001
1.3396753E+004 3.9820923E+001
1.3419840E+004 3.7982589E+001
1.3429521E+004 3.7287130E+001
1.3429521E+004 3.7287130E+001
1.3429521E+004 5.8005889E+001
1.3429521E+004 5.8005889E+001
1.3439173E+004 5.5518298E+001
1.3439173E+004 5.5518298E+001
1.3439173E+004 6.1243210E+001
1.3439173E+004 6.1243210E+001
1.3448613E+004 5.8399032E+001
1.3458982E+004 5.5688403E+001
1.3470383E+004 5.3105102E+001
1.3482934E+004 5.0643164E+001
1.3496766E+004 4.8296871E+001
1.3512028E+004 4.6060785E+001
1.3528611E+004 4.3962157E+001
1.3528611E+004 4.3962157E+001
1.3528611E+004 4.9905886E+001
1.3528611E+004 4.9905886E+001
1.3542868E+004 4.7594227E+001
1.3558605E+004 4.5391140E+001
1.3575997E+004 4.3291495E+001
1.3595242E+004 4.1290384E+001
1.3616566E+004 3.9383151E+001
1.3640222E+004 3.7565343E+001
1.3666501E+004 3.5832715E+001
1.3695733E+004 3.4181208E+001
1.3728290E+004 3.2606983E+001
1.3764599E+004 3.1106365E+001
1.3805145E+004 2.9675856E+001
1.3850482E+004 2.8312109E+001
1.3868681E+004 2.7819925E+001
1.3868681E+004 2.7819925E+001
1.3868681E+004 3.4289352E+001
1.3868681E+004 3.4289352E+001
1.3869114E+004 3.4266403E+001
1.3869114E+004 4.6065969E+001
1.3869114E+004 4.6065969E+001
1.3878910E+004 4.4786753E+001
1.3878910E+004 4.4786753E+001
1.3878910E+004 5.4019237E+001
1.3878910E+004 5.4019237E+001
1.3891033E+004 5.1514346E+001
1.3904389E+004 4.9127133E+001
1.3919119E+004 4.6852056E+001
1.3935384E+004 4.4683821E+001
1.3953367E+004 4.2617370E+001
1.3973275E+004 4.0647893E+001
1.3992001E+004 3.9035951E+001
1.3992001E+004 3.9035951E+001
1.3992001E+004 4.5643710E+001
1.3992001E+004 4.5643710E+001
1.4009189E+004 4.3532206E+001
1.4016277E+004 4.2744555E+001
1.4016277E+004 4.2744555E+001
1.4016277E+004 5.1795915E+001
1.4016277E+004 5.1795915E+001
1.4029484E+004 4.9395473E+001
1.4042582E+004 4.7322282E+001
1.4042582E+004 4.7322282E+001
1.4042582E+004 5.8406940E+001
1.4042582E+004 5.8406940E+001
1.4051683E+004 5.6005358E+001
1.4051683E+004 5.6005358E+001
1.4051683E+004 6.9599154E+001
1.4051683E+004 6.9599154E+001
1.4059050E+004 6.6363081E+001
1.4066825E+004 6.3384649E+001
1.4066825E+004 6.3384649E+001
1.4066825E+004 6.4938960E+001
1.4066825E+004 6.4938960E+001
1.4075244E+004 6.1921334E+001
1.4084482E+004 5.9045317E+001
1.4094627E+004 5.6304342E+001
1.4105780E+004 5.3692103E+001
1.4118054E+004 5.1202584E+001
1.4131576E+004 4.8830019E+001
1.4132450E+004 4.8687717E+001
1.4132450E+004 4.8687717E+001
1.4132450E+004 5.2200552E+001
1.4132450E+004 5.2200552E+001
1.4145448E+004 4.9781104E+001
1.4152334E+004 4.8628643E+001
1.4152334E+004 4.8628643E+001
1.4152334E+004 5.0147440E+001
1.4152334E+004 5.0147440E+001
1.4166449E+004 4.7824435E+001
1.4182028E+004 4.5610537E+001
1.4199243E+004 4.3500592E+001
1.4218290E+004 4.1489669E+001
1.4224711E+004 4.0873514E+001
1.4224711E+004 4.0873514E+001
1.4224711E+004 4.5095063E+001
1.4224711E+004 4.5095063E+001
1.4230011E+004 4.4433331E+001
1.4230011E+004 4.4433331E+001
1.4230011E+004 6.3788343E+001
1.4230011E+004 6.3788343E+001
1.4238728E+004 6.0824704E+001
1.4248296E+004 5.8000168E+001
1.4258807E+004 5.5308279E+001
1.4270367E+004 5.2742838E+001
1.4283094E+004 5.0297912E+001
1.4297122E+004 4.7967842E+001
1.4312604E+004 4.5747214E+001
1.4329710E+004 4.3630845E+001
1.4348635E+004 4.1613814E+001
1.4369599E+004 3.9691415E+001
1.4386209E+004 3.8352699E+001
1.4386209E+004 3.8352699E+001
1.4386209E+004 4.4912639E+001
1.4386209E+004 4.4912639E+001
1.4387449E+004 4.4756893E+001
1.4387449E+004 4.4756893E+001
1.4387449E+004 5.2506483E+001
1.4387449E+004 5.2506483E+001
1.4400293E+004 5.0072660E+001
1.4414452E+004 4.7753171E+001
1.4430080E+004 4.5542623E+001
1.4447349E+004 4.3435858E+001
1.4456835E+004 4.2399213E+001
1.4456835E+004 4.2399213E+001
1.4456835E+004 4.8727783E+001
1.4456835E+004 4.8727783E+001
1.4463680E+004 4.7653210E+001
1.4463680E+004 4.7653210E+001
1.4463680E+004 5.4509580E+001
1.4463680E+004 5.4509580E+001
1.4475584E+004 5.1981654E+001
1.4488695E+004 4.9572488E+001
1.4489211E+004 4.9484323E+001
1.4489211E+004 4.9484323E+001
1.4489211E+004 5.3912790E+001
1.4489211E+004 5.3912790E+001
1.4489660E+004 5.3813433E+001
1.4489660E+004 7.1850031E+001
1.4489660E+004 7.1850031E+001
1.4496592E+004 6.8508582E+001
1.4504186E+004 6.5323604E+001
1.4512509E+004 6.2287943E+001
1.4521641E+004 5.9394715E+001
1.4531668E+004 5.6637328E+001
1.4542690E+004 5.4009455E+001
1.4551856E+004 5.2081938E+001
1.4551856E+004 5.2081938E+001
1.4551856E+004 5.3347197E+001
1.4551856E+004 5.3347197E+001
1.4560399E+004 5.1607659E+001
1.4560399E+004 5.1607659E+001
1.4560399E+004 5.4403729E+001
1.4560399E+004 5.4403729E+001
1.4572350E+004 5.1880780E+001
1.4582191E+004 5.0048690E+001
1.4582191E+004 5.0048690E+001
1.4582191E+004 6.5317249E+001
1.4582191E+004 6.5317249E+001
1.4590516E+004 6.2281887E+001
1.4599650E+004 5.9388943E+001
1.4609448E+004 5.6690878E+001
1.4609448E+004 5.6690878E+001
1.4609448E+004 5.9356172E+001
1.4609448E+004 5.9356172E+001
1.4619488E+004 5.6600597E+001
1.4630474E+004 5.3985379E+001
1.4630474E+004 5.3985379E+001
1.4630474E+004 5.7373079E+001
1.4630474E+004 5.7373079E+001
1.4641216E+004 5.4710642E+001
1.4653031E+004 5.2173272E+001
1.4666044E+004 4.9755108E+001
1.4669543E+004 4.9159592E+001
1.4669543E+004 4.9159592E+001
1.4669543E+004 6.4703326E+001
1.4669543E+004 6.4703326E+001
1.4678022E+004 6.1696762E+001
1.4687326E+004 5.8831285E+001
1.4697545E+004 5.6100360E+001
1.4699208E+004 5.5689691E+001
1.4699208E+004 5.5689691E+001
1.4699208E+004 5.7742774E+001
1.4699208E+004 5.7742774E+001
1.4709813E+004 5.5062974E+001
1.4721476E+004 5.2509058E+001
1.4732274E+004 5.0438152E+001
1.4732274E+004 5.0438152E+001
1.4732274E+004 5.5860489E+001
1.4732274E+004 5.5860489E+001
1.4733801E+004 5.5487873E+001
1.4733801E+004 5.5487873E+001
1.4733801E+004 5.6550634E+001
1.4733801E+004 5.6550634E+001
1.4744857E+004 5.3926826E+001
1.4748737E+004 5.3087464E+001
1.4748737E+004 5.3087464E+001
1.4748737E+004 5.6145418E+001
1.4748737E+004 5.6145418E+001
1.4759953E+004 5.3540651E+001
1.4768450E+004 5.1791668E+001
1.4768450E+004 5.1791668E+001
1.4768450E+004 5.3621152E+001
1.4768450E+004 5.3621152E+001
1.4780757E+004 5.1134969E+001
1.4794317E+004 4.8765579E+001
1.4796431E+004 4.8424581E+001
1.4796431E+004 4.8424581E+001
1.4796431E+004 5.1499602E+001
1.4796431E+004 5.1499602E+001
1.4800812E+004 5.0676437E+001
1.4800812E+004 5.0676437E+001
1.4800812E+004 5.6174827E+001
1.4800812E+004 5.6174827E+001
1.4812017E+004 5.3568677E+001
1.4824348E+004 5.1084961E+001
1.4831388E+004 4.9812925E+001
1.4831388E+004 4.9812925E+001
1.4831388E+004 5.4749575E+001
1.4831388E+004 5.4749575E+001
1.4843187E+004 5.2210375E+001
1.4856180E+004 4.9790466E+001
1.4870506E+004 4.7484234E+001
1.4883612E+004 4.5638679E+001
1.4883612E+004 4.5638679E+001
1.4883612E+004 6.2519711E+001
1.4883612E+004 6.2519711E+001
1.4892678E+004 5.9615606E+001
1.4902632E+004 5.6847848E+001
1.4913572E+004 5.4210083E+001
1.4924805E+004 5.1852582E+001
1.4924805E+004 5.1852582E+001
1.4924805E+004 5.6234715E+001
1.4924805E+004 5.6234715E+001
1.4935985E+004 5.3625749E+001
1.4936575E+004 5.3497587E+001
1.4936575E+004 5.3497587E+001
1.4936575E+004 5.7614896E+001
1.4936575E+004 5.7614896E+001
1.4944718E+004 5.5534974E+001
1.4944718E+004 5.5534974E+001
1.4944718E+004 7.6000588E+001
1.4944718E+004 7.6000588E+001
1.4950948E+004 7.2465119E+001
1.4957768E+004 6.9094894E+001
1.4965239E+004 6.5882448E+001
1.4973426E+004 6.2820575E+001
1.4982407E+004 5.9902348E+001
1.4992267E+004 5.7121125E+001
1.4996123E+004 5.6131621E+001
1.4996123E+004 5.6131621E+001
1.4996123E+004 5.9031183E+001
1.4996123E+004 5.9031183E+001
1.4996259E+004 5.8991595E+001
1.4996259E+004 6.2194017E+001
1.4996259E+004 6.2194017E+001
1.5005418E+004 5.9305201E+001
1.5015475E+004 5.6552022E+001
1.5016904E+004 5.6190076E+001
1.5016904E+004 5.6190076E+001
1.5016904E+004 6.0720566E+001
1.5016904E+004 6.0720566E+001
1.5026504E+004 5.7900924E+001
1.5037051E+004 5.5213694E+001
1.5048651E+004 5.2652692E+001
1.5053615E+004 5.1659394E+001
1.5053615E+004 5.1659394E+001
1.5053615E+004 5.2767967E+001
1.5053615E+004 5.2767967E+001
1.5066330E+004 5.0321860E+001
1.5080344E+004 4.7990664E+001
1.5095810E+004 4.5768963E+001
1.5099569E+004 4.5274272E+001
1.5099569E+004 4.5274272E+001
1.5099569E+004 5.6899937E+001
1.5099569E+004 5.6899937E+001
1.5110489E+004 5.4259728E+001
1.5122504E+004 5.1743540E+001
1.5135739E+004 4.9345560E+001
1.5150333E+004 4.7060225E+001
1.5166448E+004 4.4882212E+001
1.5184262E+004 4.2806450E+001
1.5186352E+004 4.2581494E+001
1.5186352E+004 4.2581494E+001
1.5186352E+004 5.0630913E+001
1.5186352E+004 5.0630913E+001
1.5200191E+004 4.8285197E+001
1.5215460E+004 4.6049659E+001
1.5232329E+004 4.3919098E+001
1.5250989E+004 4.1888541E+001
1.5271655E+004 3.9953251E+001
1.5291557E+004 3.8334767E+001
1.5291557E+004 3.8334767E+001
1.5291557E+004 4.5632925E+001
1.5291557E+004 4.5632925E+001
1.5308754E+004 4.3521928E+001
1.5309595E+004 4.3426068E+001
1.5309595E+004 4.3426068E+001
1.5309595E+004 4.7242731E+001
1.5309595E+004 4.7242731E+001
1.5325579E+004 4.5056145E+001
1.5343247E+004 4.2972220E+001
1.5362801E+004 4.0986098E+001
1.5369229E+004 4.0392546E+001
1.5369229E+004 4.0392546E+001
1.5369229E+004 4.3621387E+001
1.5369229E+004 4.3621387E+001
1.5373028E+004 4.3190616E+001
1.5373028E+004 4.3190616E+001
1.5373028E+004 4.4800036E+001
1.5373028E+004 4.4800036E+001
1.5390912E+004 4.2728136E+001
1.5410709E+004 4.0753464E+001
1.5432651E+004 3.8871407E+001
1.5457002E+004 3.7077581E+001
1.5484063E+004 3.5367797E+001
1.5501011E+004 3.4417478E+001
1.5501011E+004 3.4417478E+001
1.5501011E+004 5.1596065E+001
1.5501011E+004 5.1596065E+001
1.5514323E+004 4.9205012E+001
1.5529004E+004 4.6926274E+001
1.5545216E+004 4.4754553E+001
1.5560494E+004 4.2969948E+001
1.5560494E+004 4.2969948E+001
1.5560494E+004 5.2960764E+001
1.5560494E+004 5.2960764E+001
1.5573115E+004 5.0505602E+001
1.5587025E+004 4.8165778E+001
1.5599818E+004 4.6283437E+001
1.5599818E+004 4.6283437E+001
1.5599818E+004 5.1076744E+001
1.5599818E+004 5.1076744E+001
1.5613409E+004 4.8710086E+001
1.5628402E+004 4.6454595E+001
1.5633084E+004 4.5812270E+001
1.5633084E+004 4.5812270E+001
1.5633084E+004 4.9543170E+001
1.5633084E+004 4.9543170E+001
1.5643433E+004 4.7866732E+001
1.5643433E+004 4.7866732E+001
1.5643433E+004 5.1142459E+001
1.5643433E+004 5.1142459E+001
1.5653011E+004 4.9430601E+001
1.5653011E+004 4.9430601E+001
1.5653011E+004 5.5549347E+001
1.5653011E+004 5.5549347E+001
1.5664470E+004 5.2972578E+001
1.5674396E+004 5.1009361E+001
1.5674396E+004 5.1009361E+001
1.5674396E+004 5.3404254E+001
1.5674396E+004 5.3404254E+001
1.5686804E+004 5.0928259E+001
1.5700477E+004 4.8568583E+001
1.5715561E+004 4.6319734E+001
1.5732223E+004 4.4176490E+001
1.5749861E+004 4.2214872E+001
1.5749861E+004 4.2214872E+001
1.5749861E+004 5.2904753E+001
1.5749861E+004 5.2904753E+001
1.5762509E+004 5.0452224E+001
1.5768301E+004 4.9437022E+001
1.5768301E+004 4.9437022E+001
1.5768301E+004 5.5110223E+001
1.5768301E+004 5.5110223E+001
1.5773656E+004 5.3886441E+001
1.5773656E+004 5.3886441E+001
1.5773656E+004 6.7747648E+001
1.5773656E+004 6.7747648E+001
1.5780743E+004 6.4852721E+001
1.5780743E+004 6.4852721E+001
1.5780743E+004 7.0110699E+001
1.5780743E+004 7.0110699E+001
1.5788007E+004 6.6850674E+001
1.5795967E+004 6.3743404E+001
1.5804696E+004 6.0781869E+001
1.5812624E+004 5.8416443E+001
1.5812624E+004 5.8416443E+001
1.5812624E+004 7.3871080E+001
1.5812624E+004 7.3871080E+001
1.5819200E+004 7.0435104E+001
1.5826400E+004 6.7159889E+001
1.5834289E+004 6.4038123E+001
1.5842940E+004 6.1062759E+001
1.5852435E+004 5.8227049E+001
1.5858735E+004 5.6546209E+001
1.5858735E+004 5.6546209E+001
1.5858735E+004 6.0445490E+001
1.5858735E+004 6.0445490E+001
1.5868421E+004 5.7638763E+001
1.5879063E+004 5.4963847E+001
1.5890770E+004 5.2414582E+001
1.5903660E+004 4.9985081E+001
1.5903854E+004 4.9950937E+001
1.5903854E+004 5.7112279E+001
1.5903854E+004 5.7112279E+001
1.5914694E+004 5.4462093E+001
1.5917870E+004 5.3751331E+001
1.5917870E+004 5.3751331E+001
1.5917870E+004 5.5400350E+001
1.5917870E+004 5.5400350E+001
1.5929391E+004 5.2830582E+001
1.5942075E+004 5.0381542E+001
1.5956056E+004 4.8047540E+001
1.5971484E+004 4.5823164E+001
1.5988530E+004 4.3703237E+001
1.6007387E+004 4.1682806E+001
1.6028276E+004 3.9757166E+001
1.6051444E+004 3.7921826E+001
1.6077174E+004 3.6172498E+001
1.6105786E+004 3.4505085E+001
1.6124979E+004 3.3516154E+001
1.6124979E+004 3.3516154E+001
1.6124979E+004 4.0917419E+001
1.6124979E+004 4.0917419E+001
1.6146729E+004 3.9027676E+001
1.6153483E+004 3.8493861E+001
1.6153483E+004 3.8493861E+001
1.6153483E+004 5.9166433E+001
1.6153483E+004 5.9166433E+001
1.6163587E+004 5.6419766E+001
1.6174694E+004 5.3802111E+001
1.6179468E+004 5.2782120E+001
1.6179468E+004 5.2782120E+001
1.6179468E+004 5.5186980E+001
1.6179468E+004 5.5186980E+001
1.6191079E+004 5.2627234E+001
1.6203863E+004 5.0187744E+001
1.6205946E+004 4.9821177E+001
1.6205946E+004 4.9821177E+001
1.6205946E+004 5.3151075E+001
1.6205946E+004 5.3151075E+001
1.6218474E+004 5.0686974E+001
1.6232282E+004 4.8338633E+001
1.6247516E+004 4.6100583E+001
1.6264346E+004 4.3967628E+001
1.6282961E+004 4.1934797E+001
1.6297115E+004 4.0571613E+001
1.6297115E+004 4.0571613E+001
1.6297115E+004 4.6319051E+001
1.6297115E+004 4.6319051E+001
1.6313778E+004 4.4175839E+001
1.6332206E+004 4.2133236E+001
1.6352612E+004 4.0186470E+001
1.6375239E+004 3.8330999E+001
1.6400360E+004 3.6562496E+001
1.6428288E+004 3.4876833E+001
1.6459375E+004 3.3270063E+001
1.6494027E+004 3.1738444E+001
1.6502557E+004 3.1394847E+001
1.6502557E+004 3.1394847E+001
1.6502557E+004 3.7929003E+001
1.6502557E+004 3.7929003E+001
1.6528276E+004 3.6179339E+001
1.6556877E+004 3.4511605E+001
1.6588723E+004 3.2921922E+001
1.6624229E+004 3.1406583E+001
1.6663869E+004 2.9962052E+001
1.6708180E+004 2.8584957E+001
1.6723974E+004 2.8142077E+001
1.6723974E+004 2.8142077E+001
1.6723974E+004 4.2310090E+001
1.6723974E+004 4.2310090E+001
1.6744196E+004 4.0355024E+001
1.6766616E+004 3.8491652E+001
1.6791504E+004 3.6715622E+001
1.6819170E+004 3.5022790E+001
1.6825014E+004 3.4695627E+001
1.6825014E+004 3.4695627E+001
1.6825014E+004 3.7327099E+001
1.6825014E+004 3.7327099E+001
1.6851670E+004 3.5605622E+001
1.6859143E+004 3.5166243E+001
1.6859143E+004 3.5166243E+001
1.6859143E+004 5.7054353E+001
1.6859143E+004 5.7054353E+001
1.6870005E+004 5.4406884E+001
1.6876147E+004 5.3061866E+001
1.6876147E+004 5.3061866E+001
1.6876147E+004 5.7053139E+001
1.6876147E+004 5.7053139E+001
1.6887009E+004 5.4405728E+001
1.6888753E+004 5.4013139E+001
1.6888753E+004 5.4013139E+001
1.6888753E+004 5.7198583E+001
1.6888753E+004 5.7198583E+001
1.6899560E+004 5.4544344E+001
1.6911448E+004 5.2014790E+001
1.6924542E+004 4.9604067E+001
1.6933463E+004 4.8142669E+001
1.6933463E+004 4.8142669E+001
1.6933463E+004 5.6739603E+001
1.6933463E+004 5.6739603E+001
1.6937504E+004 5.5724257E+001
1.6937504E+004 5.5724257E+001
1.6937504E+004 6.0574036E+001
1.6937504E+004 6.0574036E+001
1.6938957E+004 6.0122866E+001
1.6938957E+004 6.0122866E+001
1.6938957E+004 6.2790166E+001
1.6938957E+004 6.2790166E+001
1.6947946E+004 5.9873368E+001
1.6957816E+004 5.7093507E+001
1.6968662E+004 5.4444199E+001
1.6980595E+004 5.1919347E+001
1.6984100E+004 5.1241039E+001
1.6984100E+004 5.1241039E+001
1.6984100E+004 5.5055345E+001
1.6984100E+004 5.5055345E+001
1.6995767E+004 5.2501786E+001
1.7008614E+004 5.0068185E+001
1.7022776E+004 4.7748906E+001
1.7032379E+004 4.6350264E+001
1.7032379E+004 4.6350264E+001
1.7032379E+004 4.8672091E+001
1.7032379E+004 4.8672091E+001
1.7044323E+004 4.6851583E+001
1.7044323E+004 4.6851583E+001
1.7044323E+004 4.9831732E+001
1.7044323E+004 4.9831732E+001
1.7058624E+004 4.7523560E+001
1.7074410E+004 4.5323796E+001
1.7091857E+004 4.3227304E+001
1.7111164E+004 4.1229209E+001
1.7112217E+004 4.1128070E+001
1.7112217E+004 4.1128070E+001
1.7112217E+004 4.4331529E+001
1.7112217E+004 4.4331529E+001
1.7130507E+004 4.2281618E+001
1.7150759E+004 4.0327889E+001
1.7169790E+004 3.8730485E+001
1.7169790E+004 3.8730485E+001
1.7169790E+004 4.6593027E+001
1.7169790E+004 4.6593027E+001
1.7186247E+004 4.4436948E+001
1.7204444E+004 4.2382087E+001
1.7224591E+004 4.0423651E+001
1.7237432E+004 3.9313982E+001
1.7237432E+004 3.9313982E+001
1.7237432E+004 5.7452605E+001
1.7237432E+004 5.7452605E+001
1.7248143E+004 5.4786435E+001
1.7249290E+004 5.4521756E+001
1.7249290E+004 5.4521756E+001
1.7249290E+004 5.9467079E+001
1.7249290E+004 5.9467079E+001
1.7259294E+004 5.6706292E+001
1.7270289E+004 5.4075176E+001
1.7282387E+004 5.1567666E+001
1.7286411E+004 5.0806883E+001
1.7286411E+004 5.0806883E+001
1.7286411E+004 5.1982315E+001
1.7286411E+004 5.1982315E+001
1.7297596E+004 4.9904242E+001
1.7297596E+004 4.9904242E+001
1.7297596E+004 5.2837593E+001
1.7297596E+004 5.2837593E+001
1.7310276E+004 5.0388223E+001
1.7324253E+004 4.8053907E+001
1.7339677E+004 4.5829232E+001
1.7356718E+004 4.3709020E+001
1.7361040E+004 4.3216974E+001
1.7361040E+004 4.3216974E+001
1.7361040E+004 5.1278229E+001
1.7361040E+004 5.1278229E+001
1.7374522E+004 4.8902107E+001
1.7389393E+004 4.6637600E+001
1.7398993E+004 4.5335108E+001
1.7398993E+004 4.5335108E+001
1.7398993E+004 4.9797180E+001
1.7398993E+004 4.9797180E+001
1.7413315E+004 4.7490632E+001
1.7429124E+004 4.5292407E+001
1.7446597E+004 4.3197391E+001
1.7453804E+004 4.2415781E+001
1.7453804E+004 4.2415781E+001
1.7453804E+004 6.0573075E+001
1.7453804E+004 6.0573075E+001
1.7463450E+004 5.7760354E+001
1.7468527E+004 5.6425681E+001
1.7468527E+004 5.6425681E+001
1.7468527E+004 5.8115133E+001
1.7468527E+004 5.8115133E+001
1.7478997E+004 5.5417839E+001
1.7490510E+004 5.2847249E+001
1.7503186E+004 5.0397424E+001
1.7517158E+004 4.8062676E+001
1.7532576E+004 4.5837589E+001
1.7549610E+004 4.3716984E+001
1.7551000E+004 4.3556728E+001
1.7551000E+004 4.3556728E+001
1.7551000E+004 4.5897009E+001
1.7551000E+004 4.5897009E+001
1.7557257E+004 4.5075808E+001
1.7557257E+004 4.5075808E+001
1.7557257E+004 5.0595153E+001
1.7557257E+004 5.0595153E+001
1.7571116E+004 4.8251118E+001
1.7586408E+004 4.6017183E+001
1.7603302E+004 4.3888148E+001
1.7621990E+004 4.1859039E+001
1.7642688E+004 3.9925135E+001
1.7647391E+004 3.9522830E+001
1.7647391E+004 3.9522830E+001
1.7647391E+004 5.9720163E+001
1.7647391E+004 5.9720163E+001
1.7657310E+004 5.6947492E+001
1.7668212E+004 5.4305047E+001
1.7680207E+004 5.1786737E+001
1.7693419E+004 4.9386727E+001
1.7706081E+004 4.7379137E+001
1.7706081E+004 4.7379137E+001
1.7706081E+004 5.3132129E+001
1.7706081E+004 5.3132129E+001
1.7709719E+004 5.2378025E+001
1.7709719E+004 5.2378025E+001
1.7709719E+004 5.4794560E+001
1.7709719E+004 5.4794560E+001
1.7721499E+004 5.2253251E+001
1.7734470E+004 4.9831325E+001
1.7748772E+004 4.7523172E+001
1.7764558E+004 4.5323426E+001
1.7782005E+004 4.3226951E+001
1.7801313E+004 4.1228873E+001
1.7806800E+004 4.0710846E+001
1.7806800E+004 4.0710846E+001
1.7806800E+004 5.8143021E+001
1.7806800E+004 5.8143021E+001
1.7817260E+004 5.5444416E+001
1.7828763E+004 5.2872576E+001
1.7837666E+004 5.1110528E+001
1.7837666E+004 5.1110528E+001
1.7837666E+004 5.8285522E+001
1.7837666E+004 5.8285522E+001
1.7848075E+004 5.5580229E+001
1.7859522E+004 5.3002015E+001
1.7868053E+004 5.1297694E+001
1.7868053E+004 5.1297694E+001
1.7868053E+004 6.6242173E+001
1.7868053E+004 6.6242173E+001
1.7876155E+004 6.3163434E+001
1.7885041E+004 6.0229115E+001
1.7894795E+004 5.7432546E+001
1.7902176E+004 5.5554673E+001
1.7902176E+004 5.5554673E+001
1.7902176E+004 6.0127964E+001
1.7902176E+004 6.0127964E+001
1.7911963E+004 5.7336148E+001
1.7922718E+004 5.4675442E+001
1.7934549E+004 5.2139728E+001
1.7947579E+004 4.9723140E+001
1.7961945E+004 4.7420064E+001
1.7977803E+004 4.5225153E+001
1.7995331E+004 4.3133298E+001
1.8010948E+004 4.1503640E+001
1.8010948E+004 4.1503640E+001
1.8010948E+004 4.6882460E+001
1.8010948E+004 4.6882460E+001
1.8027192E+004 4.4712799E+001
1.8045150E+004 4.2644986E+001
1.8065030E+004 4.0674212E+001
1.8077169E+004 3.9602154E+001
1.8077169E+004 3.9602154E+001
1.8077169E+004 4.3021355E+001
1.8077169E+004 4.3021355E+001
1.8096675E+004 4.1032924E+001
1.8117739E+004 3.9182508E+001
1.8117739E+004 3.9182508E+001
1.8117739E+004 4.5400680E+001
1.8117739E+004 4.5400680E+001
1.8135124E+004 4.3300586E+001
1.8137213E+004 4.3067465E+001
1.8137213E+004 4.3067465E+001
1.8137213E+004 4.8912057E+001
1.8137213E+004 4.8912057E+001
1.8139415E+004 4.8553889E+001
1.8139415E+004 4.8553889E+001
1.8139415E+004 6.2574831E+001
1.8139415E+004 6.2574831E+001
1.8148465E+004 5.9668137E+001
1.8158402E+004 5.6897911E+001
1.8165317E+004 5.5180006E+001
1.8165317E+004 5.5180006E+001
1.8165317E+004 7.6357220E+001
1.8165317E+004 7.6357220E+001
1.8171492E+004 7.2805099E+001
1.8178252E+004 6.9418972E+001
1.8185655E+004 6.6191344E+001
1.8191098E+004 6.4077896E+001
1.8191098E+004 6.4077896E+001
1.8191098E+004 6.6728519E+001
1.8191098E+004 6.6728519E+001
1.8199086E+004 6.3626969E+001
1.8207846E+004 6.0670902E+001
1.8217462E+004 5.7853594E+001
1.8228026E+004 5.5168584E+001
1.8239645E+004 5.2609704E+001
1.8252438E+004 5.0171038E+001
1.8266539E+004 4.7846923E+001
1.8268043E+004 4.7617468E+001
1.8268043E+004 4.7617468E+001
1.8268043E+004 5.4308534E+001
1.8268043E+004 5.4308534E+001
1.8275947E+004 5.2606010E+001
1.8275947E+004 5.2606010E+001
1.8275947E+004 5.5294680E+001
1.8275947E+004 5.5294680E+001
1.8287513E+004 5.2729875E+001
1.8300246E+004 5.0285559E+001
1.8314282E+004 4.7956070E+001
1.8328759E+004 4.5870737E+001
1.8328759E+004 4.5870737E+001
1.8328759E+004 4.9979000E+001
1.8328759E+004 4.9979000E+001
1.8342973E+004 4.7663912E+001
1.8358662E+004 4.5457549E+001
1.8370273E+004 4.4013125E+001
1.8370273E+004 4.4013125E+001
1.8370273E+004 7.4449409E+001
1.8370273E+004 7.4449409E+001
1.8376751E+004 7.0986404E+001
1.8378208E+004 7.0268300E+001
1.8378208E+004 7.0268300E+001
1.8378208E+004 7.0770063E+001
1.8378208E+004 7.0770063E+001
1.8385343E+004 6.7479165E+001
1.8389847E+004 6.5615606E+001
1.8389847E+004 6.5615606E+001
1.8389847E+004 7.6080569E+001
1.8389847E+004 7.6080569E+001
1.8396065E+004 7.2541367E+001
1.8402353E+004 6.9407537E+001
1.8402353E+004 6.9407537E+001
1.8402353E+004 6.9865465E+001
1.8402353E+004 6.9865465E+001
1.8409666E+004 6.6616921E+001
1.8417680E+004 6.3520608E+001
1.8426469E+004 6.0569536E+001
1.8428143E+004 6.0050572E+001
1.8428143E+004 6.0050572E+001
1.8428143E+004 6.7886352E+001
1.8428143E+004 6.7886352E+001
1.8435871E+004 6.4730531E+001
1.8444343E+004 6.1722690E+001
1.8453639E+004 5.8855995E+001
1.8463849E+004 5.6123908E+001
1.8475074E+004 5.3520152E+001
1.8487428E+004 5.1038708E+001
1.8501040E+004 4.8673838E+001
1.8502478E+004 4.8442577E+001
1.8502478E+004 4.8442577E+001
1.8502478E+004 5.5355648E+001
1.8502478E+004 5.5355648E+001
1.8513636E+004 5.2866746E+001
1.8513636E+004 5.2866746E+001
1.8513636E+004 5.6260029E+001
1.8513636E+004 5.6260029E+001
1.8524807E+004 5.3649874E+001
1.8537100E+004 5.1162340E+001
1.8550645E+004 4.8791668E+001
1.8553981E+004 4.8256344E+001
1.8553981E+004 4.8256344E+001
1.8553981E+004 5.1811993E+001
1.8553981E+004 5.1811993E+001
1.8554700E+004 5.1671434E+001
1.8554700E+004 5.1671434E+001
1.8554700E+004 5.3466883E+001
1.8554700E+004 5.3466883E+001
1.8567079E+004 5.0987943E+001
1.8580501E+004 4.8660408E+001
1.8580501E+004 4.8660408E+001
1.8580501E+004 5.4721560E+001
1.8580501E+004 5.4721560E+001
1.8591020E+004 5.2442778E+001
1.8591020E+004 5.2442778E+001
1.8591020E+004 7.4153520E+001
1.8591020E+004 7.4153520E+001
1.8597120E+004 7.0915440E+001
1.8597120E+004 7.0915440E+001
1.8597120E+004 7.2348696E+001
1.8597120E+004 7.2348696E+001
1.8603961E+004 6.8983922E+001
1.8611454E+004 6.5776672E+001
1.8619667E+004 6.2719757E+001
1.8628676E+004 5.9806266E+001
1.8638567E+004 5.7029554E+001
1.8649438E+004 5.4383251E+001
1.8661398E+004 5.1861265E+001
1.8669341E+004 5.0368130E+001
1.8669341E+004 5.0368130E+001
1.8669341E+004 5.5241904E+001
1.8669341E+004 5.5241904E+001
1.8680928E+004 5.2679576E+001
1.8686961E+004 5.1478133E+001
1.8686961E+004 5.1478133E+001
1.8686961E+004 5.4872053E+001
1.8686961E+004 5.4872053E+001
1.8698707E+004 5.2327105E+001
1.8711642E+004 4.9901713E+001
1.8716839E+004 4.9017521E+001
1.8716839E+004 4.9017521E+001
1.8716839E+004 5.5911571E+001
1.8716839E+004 5.5911571E+001
1.8728149E+004 5.3317788E+001
1.8729063E+004 5.3123221E+001
1.8729063E+004 5.3123221E+001
1.8729063E+004 5.5087502E+001
1.8729063E+004 5.5087502E+001
1.8739919E+004 5.2695092E+001
1.8739919E+004 5.2695092E+001
1.8739919E+004 5.8918762E+001
1.8739919E+004 5.8918762E+001
1.8750107E+004 5.6183725E+001
1.8761308E+004 5.3577157E+001
1.8773636E+004 5.1093043E+001
1.8787218E+004 4.8725618E+001
1.8802201E+004 4.6469397E+001
1.8818750E+004 4.4319129E+001
1.8837051E+004 4.2269796E+001
1.8857315E+004 4.0316623E+001
1.8879781E+004 3.8455053E+001
1.8885638E+004 3.8012079E+001
1.8885638E+004 3.8012079E+001
1.8885638E+004 4.4959893E+001
1.8885638E+004 4.4959893E+001
1.8894349E+004 4.3898221E+001
1.8894349E+004 4.3898221E+001
1.8894349E+004 5.0530846E+001
1.8894349E+004 5.0530846E+001
1.8908245E+004 4.8189835E+001
1.8923578E+004 4.5958781E+001
1.8940517E+004 4.3832480E+001
1.8959256E+004 4.1805987E+001
1.8980011E+004 3.9874575E+001
1.9003029E+004 3.8033730E+001
1.9028590E+004 3.6279151E+001
1.9044030E+004 3.5336536E+001
1.9044030E+004 3.5336536E+001
1.9044030E+004 3.8826233E+001
1.9044030E+004 3.8826233E+001
1.9068445E+004 3.7034527E+001
1.9095577E+004 3.5326755E+001
1.9125769E+004 3.3698930E+001
1.9159409E+004 3.2147261E+001
1.9196941E+004 3.0668128E+001
1.9218442E+004 2.9915107E+001
1.9218442E+004 2.9915107E+001
1.9218442E+004 3.7537014E+001
1.9218442E+004 3.7537014E+001
1.9244766E+004 3.5805702E+001
1.9274047E+004 3.4155462E+001
1.9306661E+004 3.2582443E+001
1.9311899E+004 3.2350660E+001
1.9311899E+004 3.2350660E+001
1.9311899E+004 4.2668647E+001
1.9311899E+004 4.2668647E+001
1.9331755E+004 4.0696762E+001
1.9337565E+004 4.0170821E+001
1.9337565E+004 4.0170821E+001
1.9337565E+004 7.0052142E+001
1.9337565E+004 7.0052142E+001
1.9344841E+004 6.6794861E+001
1.9349989E+004 6.4737905E+001
1.9349989E+004 6.4737905E+001
1.9349989E+004 6.8865264E+001
1.9349989E+004 6.8865264E+001
1.9357507E+004 6.5663572E+001
1.9365748E+004 6.2611966E+001
1.9366556E+004 6.2333912E+001
1.9366556E+004 6.2333912E+001
1.9366556E+004 6.4649906E+001
1.9366556E+004 6.4649906E+001
1.9375049E+004 6.1645839E+001
1.9384368E+004 5.8782754E+001
1.9394603E+004 5.6054110E+001
1.9404878E+004 5.3664096E+001
1.9404878E+004 5.3664096E+001
1.9404878E+004 5.9250859E+001
1.9404878E+004 5.9250859E+001
1.9414954E+004 5.6500227E+001
1.9418633E+004 5.5585070E+001
1.9418633E+004 5.5585070E+001
1.9418633E+004 6.9943714E+001
1.9418633E+004 6.9943714E+001
1.9425930E+004 6.6691508E+001
1.9433927E+004 6.3591695E+001
1.9442696E+004 6.0637285E+001
1.9452322E+004 5.7821551E+001
1.9462898E+004 5.5138047E+001
1.9474530E+004 5.2580603E+001
1.9487337E+004 5.0143305E+001
1.9501455E+004 4.7820493E+001
1.9507233E+004 4.6959083E+001
1.9507233E+004 4.6959083E+001
1.9507233E+004 5.7494504E+001
1.9507233E+004 5.7494504E+001
1.9517929E+004 5.4826364E+001
1.9529695E+004 5.2283564E+001
1.9542651E+004 4.9860213E+001
1.9556935E+004 4.7550701E+001
1.9572702E+004 4.5349661E+001
1.9590128E+004 4.3251956E+001
1.9609411E+004 4.1252703E+001
1.9630777E+004 3.9347239E+001
1.9654481E+004 3.7531116E+001
1.9680814E+004 3.5800081E+001
1.9693979E+004 3.5024748E+001
1.9693979E+004 3.5024748E+001
1.9693979E+004 3.9369136E+001
1.9693979E+004 3.9369136E+001
1.9717654E+004 3.7551985E+001
1.9735574E+004 3.6341415E+001
1.9735574E+004 3.6341415E+001
1.9735574E+004 5.0100697E+001
1.9735574E+004 5.0100697E+001
1.9745884E+004 4.8373656E+001
1.9745884E+004 4.8373656E+001
1.9745884E+004 5.1603363E+001
1.9745884E+004 5.1603363E+001
1.9747634E+004 5.1267650E+001
1.9747634E+004 5.1267650E+001
1.9747634E+004 6.2426052E+001
1.9747634E+004 6.2426052E+001
1.9756726E+004 5.9526346E+001
1.9766709E+004 5.6762778E+001
1.9777682E+004 5.4129007E+001
1.9789756E+004 5.1618965E+001
1.9803056E+004 4.9226842E+001
1.9817724E+004 4.6947077E+001
1.9833920E+004 4.4774378E+001
1.9851826E+004 4.2703684E+001
1.9865150E+004 4.1342700E+001
1.9865150E+004 4.1342700E+001
1.9865150E+004 7.3255554E+001
1.9865150E+004 7.3255554E+001
1.9871693E+004 6.9913422E+001
1.9871693E+004 6.9913422E+001
1.9871693E+004 7.5072539E+001
1.9871693E+004 7.5072539E+001
1.9878070E+004 7.1580420E+001
1.9882528E+004 6.9398881E+001
1.9882528E+004 6.9398881E+001
1.9882528E+004 8.0765106E+001
1.9882528E+004 8.0765106E+001
1.9888081E+004 7.7007450E+001
1.9894158E+004 7.3424970E+001
1.9900809E+004 7.0009855E+001
1.9908093E+004 6.6754556E+001
1.9916075E+004 6.3651785E+001
1.9924829E+004 6.0694552E+001
1.9934437E+004 5.7876133E+001
1.9944993E+004 5.5190063E+001
1.9956603E+004 5.2630173E+001
1.9969385E+004 5.0190545E+001
1.9983476E+004 4.7865516E+001
1.9999027E+004 4.5649686E+001
2.0016210E+004 4.3537901E+001
2.0035222E+004 4.1525238E+001
2.0056284E+004 3.9606987E+001
2.0079646E+004 3.7778683E+001
2.0090633E+004 3.7005888E+001
2.0090633E+004 3.7005888E+001
2.0090633E+004 5.6037430E+001
2.0090633E+004 5.6037430E+001
2.0096433E+004 5.4649075E+001
2.0096433E+004 5.4649075E+001
2.0096433E+004 5.8932890E+001
2.0096433E+004 5.8932890E+001
2.0106617E+004 5.6197188E+001
2.0117812E+004 5.3589987E+001
2.0120354E+004 5.3045871E+001
2.0120354E+004 5.3045871E+001
2.0120354E+004 5.5618250E+001
2.0120354E+004 5.5618250E+001
2.0131784E+004 5.3038248E+001
2.0139684E+004 5.1450963E+001
2.0139684E+004 5.1450963E+001
2.0139684E+004 5.3605161E+001
2.0139684E+004 5.3605161E+001
2.0151998E+004 5.1119730E+001
2.0165566E+004 4.8751053E+001
2.0180533E+004 4.6493636E+001
2.0197064E+004 4.4342229E+001
2.0215344E+004 4.2291819E+001
2.0227545E+004 4.1076642E+001
2.0227545E+004 4.1076642E+001
2.0227545E+004 4.4569606E+001
2.0227545E+004 4.4569606E+001
2.0229022E+004 4.4388808E+001
2.0229022E+004 4.4388808E+001
2.0229022E+004 4.9348181E+001
2.0229022E+004 4.9348181E+001
2.0243615E+004 4.7062723E+001
2.0253764E+004 4.5651285E+001
2.0253764E+004 4.5651285E+001
2.0253764E+004 6.4189198E+001
2.0253764E+004 6.4189198E+001
2.0262375E+004 6.1206752E+001
2.0271826E+004 5.8364284E+001
2.0282207E+004 5.5655288E+001
2.0293622E+004 5.3073545E+001
2.0306189E+004 5.0613090E+001
2.0320038E+004 4.8268211E+001
2.0322259E+004 4.7921370E+001
2.0322259E+004 4.7921370E+001
2.0322259E+004 5.4172363E+001
2.0322259E+004 5.4172363E+001
2.0334313E+004 5.1660282E+001
2.0347591E+004 4.9266218E+001
2.0362235E+004 4.6984602E+001
2.0368680E+004 4.6076755E+001
2.0368680E+004 4.6076755E+001
2.0368680E+004 5.2560564E+001
2.0368680E+004 5.2560564E+001
2.0381497E+004 5.0124202E+001
2.0389719E+004 4.8729662E+001
2.0389719E+004 4.8729662E+001
2.0389719E+004 5.0842311E+001
2.0389719E+004 5.0842311E+001
2.0392643E+004 5.0309265E+001
2.0392643E+004 5.0309265E+001
2.0392643E+004 5.5770822E+001
2.0392643E+004 5.5770822E+001
2.0404011E+004 5.3183646E+001
2.0416524E+004 5.0718014E+001
2.0430314E+004 4.8368213E+001
2.0436146E+004 4.7468364E+001
2.0436146E+004 4.7468364E+001
2.0436146E+004 4.9791090E+001
2.0436146E+004 4.9791090E+001
2.0445781E+004 4.8201033E+001
2.0445781E+004 4.8201033E+001
2.0445781E+004 6.2707378E+001
2.0445781E+004 6.2707378E+001
2.0449905E+004 6.1320575E+001
2.0449905E+004 6.1320575E+001
2.0449905E+004 6.7708674E+001
2.0449905E+004 6.7708674E+001
2.0457671E+004 6.4561178E+001
2.0466187E+004 6.1561277E+001
2.0475531E+004 5.8702165E+001
2.0485794E+004 5.5977301E+001
2.0497077E+004 5.3380428E+001
2.0509497E+004 5.0905554E+001
2.0518681E+004 4.9282926E+001
2.0518681E+004 4.9282926E+001
2.0518681E+004 5.3175229E+001
2.0518681E+004 5.3175229E+001
2.0525744E+004 5.1738103E+001
2.0525744E+004 5.1738103E+001
2.0525744E+004 5.2569719E+001
2.0525744E+004 5.2569719E+001
2.0538557E+004 5.0132930E+001
2.0552681E+004 4.7810607E+001
2.0568269E+004 4.5597359E+001
2.0577704E+004 4.4400963E+001
2.0577704E+004 4.4400963E+001
2.0577704E+004 4.9743040E+001
2.0577704E+004 4.9743040E+001
2.0592058E+004 4.7439034E+001
2.0596557E+004 4.6780325E+001
2.0596557E+004 4.6780325E+001
2.0596557E+004 6.0650542E+001
2.0596557E+004 6.0650542E+001
2.0600427E+004 5.9466679E+001
2.0600427E+004 5.9466679E+001
2.0600427E+004 6.4058554E+001
2.0600427E+004 6.4058554E+001
2.0609073E+004 6.1082231E+001
2.0618561E+004 5.8245606E+001
2.0628984E+004 5.5542189E+001
2.0640447E+004 5.2965755E+001
2.0653065E+004 5.0510358E+001
2.0666972E+004 4.8170310E+001
2.0682318E+004 4.5940172E+001
2.0699272E+004 4.3814745E+001
2.0703509E+004 4.3328629E+001
2.0703509E+004 4.3328629E+001
2.0703509E+004 6.3902744E+001
2.0703509E+004 6.3902744E+001
2.0712195E+004 6.0933738E+001
2.0715711E+004 5.9840611E+001
2.0715711E+004 5.9840611E+001
2.0715711E+004 6.1865357E+001
2.0715711E+004 6.1865357E+001
2.0724966E+004 5.8991970E+001
2.0733903E+004 5.6562464E+001
2.0733903E+004 5.6562464E+001
2.0733903E+004 5.9024751E+001
2.0733903E+004 5.9024751E+001
2.0737458E+004 5.8017925E+001
2.0737458E+004 5.8017925E+001
2.0737458E+004 5.9794250E+001
2.0737458E+004 5.9794250E+001
2.0744267E+004 5.7839685E+001
2.0744267E+004 5.7839685E+001
2.0744267E+004 6.2024482E+001
2.0744267E+004 6.2024482E+001
2.0753475E+004 5.9143619E+001
2.0763586E+004 5.6398024E+001
2.0774702E+004 5.3781391E+001
2.0786935E+004 5.1287676E+001
2.0800411E+004 4.8911110E+001
2.0815277E+004 4.6646179E+001
2.0831694E+004 4.4487613E+001
2.0849846E+004 4.2430371E+001
2.0869945E+004 4.0469667E+001
2.0892225E+004 3.8600924E+001
2.0916957E+004 3.6819772E+001
2.0941172E+004 3.5309994E+001
2.0941172E+004 3.5309994E+001
2.0941172E+004 4.0345105E+001
2.0941172E+004 4.0345105E+001
2.0963603E+004 3.8482198E+001
2.0988506E+004 3.6706613E+001
2.1016186E+004 3.5014202E+001
2.1046996E+004 3.3401003E+001
2.1060458E+004 3.2767316E+001
2.1060458E+004 3.2767316E+001
2.1060458E+004 5.7965288E+001
2.1060458E+004 5.7965288E+001
2.1070981E+004 5.5275038E+001
2.1082555E+004 5.2711152E+001
2.1095298E+004 5.0267716E+001
2.1109344E+004 4.7939066E+001
2.1124845E+004 4.5719785E+001
2.1141973E+004 4.3604705E+001
2.1151744E+004 4.2525328E+001
2.1151744E+004 4.2525328E+001
2.1151744E+004 4.3720480E+001
2.1151744E+004 4.3720480E+001
2.1152538E+004 4.3628649E+001
2.1152538E+004 4.3628649E+001
2.1152538E+004 4.7043494E+001
2.1152538E+004 4.7043494E+001
2.1168664E+004 4.4866263E+001
2.1186492E+004 4.2791250E+001
2.1206225E+004 4.0813617E+001
2.1210919E+004 4.0383138E+001
2.1210919E+004 4.0383138E+001
2.1210919E+004 4.7718181E+001
2.1210919E+004 4.7718181E+001
2.1226570E+004 4.5509273E+001
2.1243867E+004 4.3404076E+001
2.1263005E+004 4.1397688E+001
2.1284208E+004 3.9485427E+001
2.1285449E+004 3.9381678E+001
2.1285449E+004 3.9381678E+001
2.1285449E+004 4.1501929E+001
2.1285449E+004 4.1501929E+001
2.1306536E+004 3.9584773E+001
2.1313893E+004 3.8977857E+001
2.1313893E+004 3.8977857E+001
2.1313893E+004 4.2772426E+001
2.1313893E+004 4.2772426E+001
2.1333645E+004 4.0795678E+001
2.1355538E+004 3.8911644E+001
2.1379833E+004 3.7115929E+001
2.1406832E+004 3.5404346E+001
2.1434193E+004 3.3907722E+001
2.1434193E+004 3.3907722E+001
2.1434193E+004 4.1082002E+001
2.1434193E+004 4.1082002E+001
2.1455753E+004 3.9184542E+001
2.1479676E+004 3.7376044E+001
2.1506254E+004 3.5652276E+001
2.1535822E+004 3.4009217E+001
2.1560444E+004 3.2814130E+001
2.1560444E+004 3.2814130E+001
2.1560444E+004 4.2808166E+001
2.1560444E+004 4.2808166E+001
2.1572244E+004 4.1586405E+001
2.1572244E+004 4.1586405E+001
2.1572244E+004 4.5851695E+001
2.1572244E+004 4.5851695E+001
2.1588148E+004 4.3859880E+001
2.1588148E+004 4.3859880E+001
2.1588148E+004 4.6473254E+001
2.1588148E+004 4.6473254E+001
2.1604694E+004 4.4322805E+001
2.1622992E+004 4.2273300E+001
2.1623852E+004 4.2183829E+001
2.1623852E+004 4.2183829E+001
2.1623852E+004 5.0910365E+001
2.1623852E+004 5.0910365E+001
2.1637535E+004 4.8551528E+001
2.1652187E+004 4.6364678E+001
2.1652187E+004 4.6364678E+001
2.1652187E+004 5.2006178E+001
2.1652187E+004 5.2006178E+001
2.1665285E+004 4.9595860E+001
2.1679727E+004 4.7298767E+001
2.1695671E+004 4.5109559E+001
2.1699650E+004 4.4609270E+001
2.1699650E+004 4.4609270E+001
2.1699650E+004 6.2235611E+001
2.1699650E+004 6.2235611E+001
2.1708425E+004 5.9454095E+001
2.1708425E+004 5.9454095E+001
2.1708425E+004 6.1623256E+001
2.1708425E+004 6.1623256E+001
2.1717751E+004 5.8761233E+001
2.1727994E+004 5.6033600E+001
2.1739255E+004 5.3434080E+001
2.1748828E+004 5.1487773E+001
2.1748828E+004 5.1487773E+001
2.1748828E+004 5.6850225E+001
2.1748828E+004 5.6850225E+001
2.1759767E+004 5.4212348E+001
2.1771803E+004 5.1698388E+001
2.1785062E+004 4.9302531E+001
2.1796963E+004 4.7417527E+001
2.1796963E+004 4.7417527E+001
2.1796963E+004 6.3824098E+001
2.1796963E+004 6.3824098E+001
2.1805671E+004 6.0858785E+001
2.1815228E+004 5.8032648E+001
2.1825727E+004 5.5339232E+001
2.1835939E+004 5.3049499E+001
2.1835939E+004 5.3049499E+001
2.1835939E+004 5.5722515E+001
2.1835939E+004 5.5722515E+001
2.1840746E+004 5.4583409E+001
2.1840746E+004 5.4583409E+001
2.1840746E+004 5.6653776E+001
2.1840746E+004 5.6653776E+001
2.1851762E+004 5.4025129E+001
2.1863882E+004 5.1519963E+001
2.1877235E+004 4.9132486E+001
2.1891961E+004 4.6857157E+001
2.1908223E+004 4.4688683E+001
2.1926202E+004 4.2622004E+001
2.1946105E+004 4.0652310E+001
2.1968167E+004 3.8775003E+001
2.1992653E+004 3.6985692E+001
2.2019866E+004 3.5280205E+001
2.2050148E+004 3.3654563E+001
2.2056642E+004 3.3335851E+001
2.2056642E+004 3.3335851E+001
2.2056642E+004 4.0822739E+001
2.2056642E+004 4.0822739E+001
2.2078503E+004 3.8937442E+001
2.2102763E+004 3.7140516E+001
2.2129721E+004 3.5427779E+001
2.2159717E+004 3.3795232E+001
2.2186987E+004 3.2506290E+001
2.2186987E+004 3.2506290E+001
2.2186987E+004 3.9802765E+001
2.2186987E+004 3.9802765E+001
2.2198274E+004 3.8868142E+001
2.2198274E+004 3.8868142E+001
2.2198274E+004 5.2574720E+001
2.2198274E+004 5.2574720E+001
2.2211084E+004 5.0137697E+001
2.2225205E+004 4.7815150E+001
2.2232965E+004 4.6669926E+001
2.2232965E+004 4.6669926E+001
2.2232965E+004 4.9964653E+001
2.2232965E+004 4.9964653E+001
2.2236396E+004 4.9373149E+001
2.2236396E+004 4.9373149E+001
2.2236396E+004 5.4704210E+001
2.2236396E+004 5.4704210E+001
2.2248214E+004 5.2167143E+001
2.2261230E+004 4.9749266E+001
2.2273196E+004 4.7803432E+001
2.2273196E+004 4.7803432E+001
2.2273196E+004 5.2803907E+001
2.2273196E+004 5.2803907E+001
2.2285894E+004 5.0356114E+001
2.2299889E+004 4.8023308E+001
2.2315333E+004 4.5800072E+001
2.2332397E+004 4.3681230E+001
2.2337225E+004 4.3133909E+001
2.2337225E+004 4.3133909E+001
2.2337225E+004 4.7884906E+001
2.2337225E+004 4.7884906E+001
2.2352762E+004 4.5668166E+001
2.2353475E+004 4.5573711E+001
2.2353475E+004 4.5573711E+001
2.2353475E+004 5.6029859E+001
2.2353475E+004 5.6029859E+001
2.2364737E+004 5.3430515E+001
2.2377133E+004 5.0953285E+001
2.2390793E+004 4.8592432E+001
2.2405862E+004 4.6342463E+001
2.2422506E+004 4.4198151E+001
2.2440914E+004 4.2154499E+001
2.2461298E+004 4.0206741E+001
2.2483900E+004 3.8350319E+001
2.2508993E+004 3.6580909E+001
2.2536889E+004 3.4894382E+001
2.2538277E+004 3.4816704E+001
2.2538277E+004 3.4816704E+001
2.2538277E+004 4.4623105E+001
2.2538277E+004 4.4623105E+001
2.2556312E+004 4.2559507E+001
2.2568785E+004 4.1294281E+001
2.2568785E+004 4.1294281E+001
2.2568785E+004 4.8171839E+001
2.2568785E+004 4.8171839E+001
2.2570437E+004 4.7914752E+001
2.2570437E+004 4.7914752E+001
2.2570437E+004 5.0847769E+001
2.2570437E+004 5.0847769E+001
2.2584155E+004 4.8491866E+001
2.2589782E+004 4.7615982E+001
2.2589782E+004 4.7615982E+001
2.2589782E+004 7.6112767E+001
2.2589782E+004 7.6112767E+001
2.2595994E+004 7.2572061E+001
2.2602795E+004 6.9196836E+001
2.2610244E+004 6.5979610E+001
2.2618408E+004 6.2913182E+001
2.2625073E+004 6.0697306E+001
2.2625073E+004 6.0697306E+001
2.2625073E+004 6.2421012E+001
2.2625073E+004 6.2421012E+001
2.2634166E+004 5.9521543E+001
2.2642174E+004 5.7272997E+001
2.2642174E+004 5.7272997E+001
2.2642174E+004 6.0254849E+001
2.2642174E+004 6.0254849E+001
2.2651920E+004 5.7457071E+001
2.2662630E+004 5.4790691E+001
2.2674411E+004 5.2249562E+001
2.2687385E+004 4.9827810E+001
2.2697429E+004 4.8170066E+001
2.2697429E+004 4.8170066E+001
2.2697429E+004 5.4073976E+001
2.2697429E+004 5.4073976E+001
2.2709528E+004 5.1566521E+001
2.2722856E+004 4.9176855E+001
2.2737555E+004 4.6899441E+001
2.2749444E+004 4.5276621E+001
2.2749444E+004 4.5276621E+001
2.2749444E+004 4.8334591E+001
2.2749444E+004 4.8334591E+001
2.2758954E+004 4.6897287E+001
2.2758954E+004 4.6897287E+001
2.2758954E+004 6.4456605E+001
2.2758954E+004 6.4456605E+001
2.2759992E+004 6.4068330E+001
2.2759992E+004 6.4068330E+001
2.2759992E+004 6.5204805E+001
2.2759992E+004 6.5204805E+001
2.2768345E+004 6.2174710E+001
2.2774796E+004 6.0097503E+001
2.2774796E+004 6.0097503E+001
2.2774796E+004 6.7151451E+001
2.2774796E+004 6.7151451E+001
2.2782687E+004 6.4030081E+001
2.2791340E+004 6.1055095E+001
2.2800837E+004 5.8219745E+001
2.2811270E+004 5.5517544E+001
2.2812920E+004 5.5122420E+001
2.2812920E+004 5.5122420E+001
2.2812920E+004 5.7052489E+001
2.2812920E+004 5.7052489E+001
2.2823783E+004 5.4405108E+001
2.2835733E+004 5.1882095E+001
2.2844399E+004 5.0257764E+001
2.2844399E+004 5.0257764E+001
2.2844399E+004 5.4015496E+001
2.2844399E+004 5.4015496E+001
2.2846112E+004 5.3637886E+001
2.2846112E+004 5.3637886E+001
2.2846112E+004 5.5460833E+001
2.2846112E+004 5.5460833E+001
2.2857608E+004 5.2888222E+001
2.2870264E+004 5.0436471E+001
2.2884213E+004 4.8099894E+001
2.2889112E+004 4.7353269E+001
2.2889112E+004 4.7353269E+001
2.2889112E+004 5.1510969E+001
2.2889112E+004 5.1510969E+001
2.2902469E+004 4.9123915E+001
2.2917201E+004 4.6848990E+001
2.2933468E+004 4.4680897E+001
2.2933893E+004 4.4628181E+001
2.2933893E+004 7.0513010E+001
2.2933893E+004 7.0513010E+001
2.2941078E+004 6.7234144E+001
2.2948951E+004 6.4108895E+001
2.2957583E+004 6.1130219E+001
2.2967057E+004 5.8291339E+001
2.2977464E+004 5.5585773E+001
2.2988908E+004 5.3007298E+001
2.3001506E+004 5.0549947E+001
2.3012883E+004 4.8604690E+001
2.3012883E+004 4.8604690E+001
2.3012883E+004 5.2104202E+001
2.3012883E+004 5.2104202E+001
2.3025931E+004 4.9689285E+001
2.3040317E+004 4.7387800E+001
2.3056198E+004 4.5194406E+001
2.3056875E+004 4.5107613E+001
2.3056875E+004 4.5107613E+001
2.3056875E+004 4.8049879E+001
2.3056875E+004 4.8049879E+001
2.3072301E+004 4.5825394E+001
2.3089345E+004 4.3705362E+001
2.3108201E+004 4.1684831E+001
2.3129087E+004 3.9759097E+001
2.3152252E+004 3.7923666E+001
2.3152828E+004 3.7881333E+001
2.3152828E+004 3.7881333E+001
2.3152828E+004 4.6472032E+001
2.3152828E+004 4.6472032E+001
2.3169375E+004 4.4321641E+001
2.3174997E+004 4.3657016E+001
2.3174997E+004 4.3657016E+001
2.3174997E+004 5.3005430E+001
2.3174997E+004 5.3005430E+001
2.3187596E+004 5.0548167E+001
2.3201482E+004 4.8206341E+001
2.3216804E+004 4.5974512E+001
2.3233731E+004 4.3847471E+001
2.3235430E+004 4.3649940E+001
2.3235430E+004 4.3649940E+001
2.3235430E+004 4.8986159E+001
2.3235430E+004 4.8986159E+001
2.3250248E+004 4.6717699E+001
2.3266612E+004 4.4555772E+001
2.3284706E+004 4.2495339E+001
2.3294077E+004 4.1537625E+001
2.3294077E+004 4.1537625E+001
2.3294077E+004 4.4029442E+001
2.3294077E+004 4.4029442E+001
2.3312636E+004 4.1993706E+001
2.3319790E+004 4.1282841E+001
2.3319790E+004 4.1282841E+001
2.3319790E+004 5.1569423E+001
2.3319790E+004 5.1569423E+001
2.3333116E+004 4.9179620E+001
2.3335416E+004 4.8799586E+001
2.3335416E+004 4.8799586E+001
2.3335416E+004 5.1336582E+001
2.3335416E+004 5.1336582E+001
2.3348866E+004 4.8957717E+001
2.3363702E+004 4.6690594E+001
2.3380086E+004 4.4529941E+001
2.3398202E+004 4.2470715E+001
2.3418259E+004 4.0508115E+001
2.3433686E+004 3.9178530E+001
2.3433686E+004 3.9178530E+001
2.3433686E+004 4.9707087E+001
2.3433686E+004 4.9707087E+001
2.3448062E+004 4.7404765E+001
2.3463931E+004 4.5210573E+001
2.3481471E+004 4.3119403E+001
2.3500882E+004 4.1126372E+001
2.3522391E+004 3.9226828E+001
2.3546256E+004 3.7416345E+001
2.3572771E+004 3.5690695E+001
2.3580562E+004 3.5229460E+001
2.3580562E+004 3.5229460E+001
2.3580562E+004 4.5918501E+001
2.3580562E+004 4.5918501E+001
2.3584644E+004 4.5376619E+001
2.3584644E+004 4.5376619E+001
2.3584644E+004 4.7411920E+001
2.3584644E+004 4.7411920E+001
2.3600508E+004 4.5217393E+001
2.3618042E+004 4.3125902E+001
2.3637447E+004 4.1132568E+001
2.3658949E+004 3.9232734E+001
2.3666173E+004 3.8653089E+001
2.3666173E+004 3.8653089E+001
2.3666173E+004 4.8102885E+001
2.3666173E+004 4.8102885E+001
2.3675791E+004 4.6670791E+001
2.3675791E+004 4.6670791E+001
2.3675791E+004 5.9136784E+001
2.3675791E+004 5.9136784E+001
2.3685905E+004 5.6391510E+001
2.3697024E+004 5.3775184E+001
2.3709259E+004 5.1281759E+001
2.3722739E+004 4.8905471E+001
2.3737608E+004 4.6640806E+001
2.3754029E+004 4.4482490E+001
2.3754240E+004 4.4456683E+001
2.3754240E+004 5.4894728E+001
2.3754240E+004 5.4894728E+001
2.3765976E+004 5.2348713E+001
2.3778889E+004 4.9924119E+001
2.3778889E+004 4.9924119E+001
2.3778889E+004 6.6296092E+001
2.3778889E+004 6.6296092E+001
2.3786978E+004 6.3214823E+001
2.3795849E+004 6.0278098E+001
2.3805589E+004 5.7479227E+001
2.3816290E+004 5.4811806E+001
2.3828062E+004 5.2269690E+001
2.3841026E+004 4.9846992E+001
2.3855318E+004 4.7538102E+001
2.3857322E+004 4.7239168E+001
2.3857322E+004 4.7239168E+001
2.3857322E+004 5.0640485E+001
2.3857322E+004 5.0640485E+001
2.3871155E+004 4.8294318E+001
2.3886419E+004 4.6058352E+001
2.3903281E+004 4.3927382E+001
2.3909616E+004 4.3201107E+001
2.3909616E+004 4.3201107E+001
2.3909616E+004 5.0612756E+001
2.3909616E+004 5.0612756E+001
2.3911525E+004 5.0267632E+001
2.3911525E+004 5.0267632E+001
2.3911525E+004 5.6175441E+001
2.3911525E+004 5.6175441E+001
2.3922729E+004 5.3569263E+001
2.3935060E+004 5.1085520E+001
2.3948647E+004 4.8718449E+001
2.3953675E+004 4.7922159E+001
2.3953675E+004 4.7922159E+001
2.3953675E+004 6.6911151E+001
2.3953675E+004 6.6911151E+001
2.3955218E+004 6.6270829E+001
2.3955218E+004 6.6270829E+001
2.3955218E+004 6.9661664E+001
2.3955218E+004 6.9661664E+001
2.3962572E+004 6.6422673E+001
2.3970631E+004 6.3335463E+001
2.3979470E+004 6.0393075E+001
2.3989173E+004 5.7588812E+001
2.3999834E+004 5.4916239E+001
2.4011561E+004 5.2369213E+001
2.4018993E+004 5.0926927E+001
2.4018993E+004 5.0926927E+001
2.4018993E+004 5.6852555E+001
2.4018993E+004 5.6852555E+001
2.4029931E+004 5.4214569E+001
2.4041966E+004 5.1700504E+001
2.4055223E+004 4.9304548E+001
2.4069843E+004 4.7021141E+001
2.4081545E+004 4.5410010E+001
2.4081545E+004 4.5410010E+001
2.4081545E+004 4.8607021E+001
2.4081545E+004 4.8607021E+001
2.4096605E+004 4.6356371E+001
2.4113239E+004 4.4211404E+001
2.4131635E+004 4.2167130E+001
2.4146092E+004 4.0752664E+001
2.4146092E+004 4.0752664E+001
2.4146092E+004 4.7442818E+001
2.4146092E+004 4.7442818E+001
2.4161935E+004 4.5246837E+001
2.4179445E+004 4.3153962E+001
2.4198822E+004 4.1159313E+001
2.4220294E+004 3.9258223E+001
2.4234157E+004 3.8168216E+001
2.4234157E+004 3.8168216E+001
2.4234157E+004 6.3857164E+001
2.4234157E+004 6.3857164E+001
2.4242856E+004 6.0890298E+001
2.4247336E+004 5.9510896E+001
2.4247336E+004 5.9510896E+001
2.4247336E+004 6.6219413E+001
2.4247336E+004 6.6219413E+001
2.4255443E+004 6.3141742E+001
2.4264335E+004 6.0208442E+001
2.4274096E+004 5.7412844E+001
2.4284822E+004 5.4748543E+001
2.4296622E+004 5.2209392E+001
2.4309616E+004 4.9789528E+001
2.4323942E+004 4.7483341E+001
2.4339756E+004 4.5285456E+001
2.4357234E+004 4.3190766E+001
2.4363833E+004 4.2473677E+001
2.4363833E+004 4.2473677E+001
2.4363833E+004 4.9134146E+001
2.4363833E+004 4.9134146E+001
2.4366534E+004 4.8689899E+001
2.4366534E+004 4.8689899E+001
2.4366534E+004 5.2169082E+001
2.4366534E+004 5.2169082E+001
2.4379548E+004 4.9751114E+001
2.4393898E+004 4.7446731E+001
2.4409737E+004 4.5250567E+001
2.4427244E+004 4.3157517E+001
2.4446618E+004 4.1162701E+001
2.4465666E+004 3.9460878E+001
2.4465666E+004 3.9460878E+001
2.4465666E+004 4.9035233E+001
2.4465666E+004 4.9035233E+001
2.4480453E+004 4.6764466E+001
2.4496782E+004 4.4600340E+001
2.4514837E+004 4.2537813E+001
2.4534826E+004 4.0572072E+001
2.4535763E+004 4.0486582E+001
2.4535763E+004 4.0486582E+001
2.4535763E+004 4.6509398E+001
2.4535763E+004 4.6509398E+001
2.4552281E+004 4.4357250E+001
2.4570548E+004 4.2306134E+001
2.4590775E+004 4.0351254E+001
2.4596433E+004 3.9852386E+001
2.4596433E+004 3.9852386E+001
2.4596433E+004 4.4860526E+001
2.4596433E+004 4.4860526E+001
2.4614265E+004 4.2785783E+001
2.4629441E+004 4.1237895E+001
2.4629441E+004 4.1237895E+001
2.4629441E+004 4.6543730E+001
2.4629441E+004 4.6543730E+001
2.4645934E+004 4.4389969E+001
2.4652239E+004 4.3643354E+001
2.4652239E+004 4.3643354E+001
2.4652239E+004 5.3486508E+001
2.4652239E+004 5.3486508E+001
2.4664609E+004 5.1006646E+001
2.4678239E+004 4.8643284E+001
2.4693275E+004 4.6390934E+001
2.4696868E+004 4.5897528E+001
2.4696868E+004 4.5897528E+001
2.4696868E+004 5.0915874E+001
2.4696868E+004 5.0915874E+001
2.4708071E+004 4.8957363E+001
2.4708071E+004 4.8957363E+001
2.4708071E+004 5.0689936E+001
2.4708071E+004 5.0689936E+001
2.4721877E+004 4.8341455E+001
2.4725336E+004 4.7802206E+001
2.4725336E+004 4.7802206E+001
2.4725336E+004 5.7796109E+001
2.4725336E+004 5.7796109E+001
2.4735921E+004 5.5113801E+001
2.4737109E+004 5.4834687E+001
2.4737109E+004 5.4834687E+001
2.4737109E+004 6.9522640E+001
2.4737109E+004 6.9522640E+001
2.4744491E+004 6.6290153E+001
2.4752582E+004 6.3209162E+001
2.4757561E+004 6.1507678E+001
2.4757561E+004 6.1507678E+001
2.4757561E+004 6.3909104E+001
2.4757561E+004 6.3909104E+001
2.4766246E+004 6.0939799E+001
2.4775778E+004 5.8109867E+001
2.4786250E+004 5.5412820E+001
2.4797766E+004 5.2842466E+001
2.4810444E+004 5.0392867E+001
2.4824418E+004 4.8058332E+001
2.4839839E+004 4.5833449E+001
2.4856877E+004 4.3713039E+001
2.4875726E+004 4.1692150E+001
2.4896604E+004 3.9766072E+001
2.4919760E+004 3.7930313E+001
2.4945477E+004 3.6180587E+001
2.4964648E+004 3.5032505E+001
2.4964648E+004 3.5032505E+001
2.4964648E+004 3.8230270E+001
2.4964648E+004 3.8230270E+001
2.4989917E+004 3.6466481E+001
2.5018011E+004 3.4785308E+001
2.5033455E+004 3.3960714E+001
2.5033455E+004 3.3960714E+001
2.5033455E+004 4.6366079E+001
2.5033455E+004 4.6366079E+001
2.5050082E+004 4.4220656E+001
2.5055616E+004 4.3570850E+001
2.5055616E+004 4.3570850E+001
2.5055616E+004 5.3663191E+001
2.5055616E+004 5.3663191E+001
2.5067903E+004 5.1175031E+001
2.5081441E+004 4.8803762E+001
2.5096374E+004 4.6543867E+001
2.5112867E+004 4.4390099E+001
2.5122973E+004 4.3212651E+001
2.5122973E+004 4.3212651E+001
2.5122973E+004 4.8141873E+001
2.5122973E+004 4.8141873E+001
2.5138338E+004 4.5913062E+001
2.5155174E+004 4.3804991E+001
2.5155174E+004 4.3804991E+001
2.5155174E+004 4.9367930E+001
2.5155174E+004 4.9367930E+001
2.5169755E+004 4.7081543E+001
2.5185854E+004 4.4902535E+001
2.5203651E+004 4.2825817E+001
2.5223350E+004 4.0846560E+001
2.5245183E+004 3.8960145E+001
2.5255880E+004 3.8130215E+001
2.5255880E+004 3.8130215E+001
2.5255880E+004 4.9045921E+001
2.5255880E+004 4.9045921E+001
2.5270661E+004 4.6774655E+001
2.5284821E+004 4.4877580E+001
2.5284821E+004 4.4877580E+001
2.5284821E+004 5.3012552E+001
2.5284821E+004 5.3012552E+001
2.5297417E+004 5.0554954E+001
2.5311298E+004 4.8212809E+001
2.5316386E+004 4.7432451E+001
2.5316386E+004 4.7432451E+001
2.5316386E+004 5.1053811E+001
2.5316386E+004 5.1053811E+001
2.5329990E+004 4.8688231E+001
2.5337441E+004 4.7525131E+001
2.5337441E+004 4.7525131E+001
2.5337441E+004 5.1271908E+001
2.5337441E+004 5.1271908E+001
2.5350926E+004 4.8896084E+001
2.5365801E+004 4.6631859E+001
2.5382229E+004 4.4473961E+001
2.5400393E+004 4.2417361E+001
2.5420505E+004 4.0457268E+001
2.5433829E+004 3.9304788E+001
2.5433829E+004 3.9304788E+001
2.5433829E+004 6.8474880E+001
2.5433829E+004 6.8474880E+001
2.5441430E+004 6.5291482E+001
2.5449761E+004 6.2257327E+001
2.5458902E+004 5.9365537E+001
2.5468939E+004 5.6609522E+001
2.5479971E+004 5.3982956E+001
2.5492112E+004 5.1479771E+001
2.5505485E+004 4.9094184E+001
2.5520236E+004 4.6820656E+001
2.5528319E+004 4.5702864E+001
2.5528319E+004 4.5702864E+001
2.5528319E+004 4.7589257E+001
2.5528319E+004 4.7589257E+001
2.5540333E+004 4.5877345E+001
2.5540333E+004 4.5877345E+001
2.5540333E+004 5.1480103E+001
2.5540333E+004 5.1480103E+001
2.5553706E+004 4.9094500E+001
2.5568456E+004 4.6820958E+001
2.5580036E+004 4.5246064E+001
2.5580036E+004 4.5246064E+001
2.5580036E+004 5.0256977E+001
2.5580036E+004 5.0256977E+001
2.5590311E+004 4.8519543E+001
2.5590311E+004 4.8519543E+001
2.5590311E+004 5.8367647E+001
2.5590311E+004 5.8367647E+001
2.5597347E+004 5.6487224E+001
2.5597347E+004 5.6487224E+001
2.5597347E+004 6.1307361E+001
2.5597347E+004 6.1307361E+001
2.5605572E+004 5.8798341E+001
2.5605572E+004 5.8798341E+001
2.5605572E+004 7.0103064E+001
2.5605572E+004 7.0103064E+001
2.5612837E+004 6.6843397E+001
2.5620483E+004 6.3851184E+001
2.5620483E+004 6.3851184E+001
2.5620483E+004 7.2684840E+001
2.5620483E+004 7.2684840E+001
2.5627264E+004 6.9304342E+001
2.5634691E+004 6.6082082E+001
2.5640117E+004 6.3984591E+001
2.5640117E+004 6.3984591E+001
2.5640117E+004 7.3120215E+001
2.5640117E+004 7.3120215E+001
2.5646821E+004 6.9719350E+001
2.5654164E+004 6.6477655E+001
2.5659737E+004 6.4289487E+001
2.5659737E+004 6.4289487E+001
2.5659737E+004 6.7493633E+001
2.5659737E+004 6.7493633E+001
2.5667551E+004 6.4356222E+001
2.5676119E+004 6.1365934E+001
2.5685522E+004 5.8515989E+001
2.5695849E+004 5.5799874E+001
2.5707205E+004 5.3211334E+001
2.5716832E+004 5.1278462E+001
2.5716832E+004 5.1278462E+001
2.5716832E+004 5.3043080E+001
2.5716832E+004 5.3043080E+001
2.5729413E+004 5.0584050E+001
2.5743279E+004 4.8240536E+001
2.5758578E+004 4.6007099E+001
2.5775480E+004 4.3878538E+001
2.5778088E+004 4.3575854E+001
2.5778088E+004 4.3575854E+001
2.5778088E+004 4.8135971E+001
2.5778088E+004 4.8135971E+001
2.5793457E+004 4.5907438E+001
2.5810436E+004 4.3783550E+001
2.5829220E+004 4.1759356E+001
2.5850025E+004 3.9830132E+001
2.5873100E+004 3.7991365E+001
2.5878354E+004 3.7608318E+001
2.5878354E+004 3.7608318E+001
2.5878354E+004 4.4392933E+001
2.5878354E+004 4.4392933E+001
2.5896590E+004 4.2340140E+001
2.5916781E+004 4.0383672E+001
2.5939165E+004 3.8518954E+001
2.5964015E+004 3.6741644E+001
2.5975785E+004 3.5985570E+001
2.5975785E+004 3.5985570E+001
2.5975785E+004 4.1034233E+001
2.5975785E+004 4.1034233E+001
2.5997400E+004 3.9139017E+001
2.5999408E+004 3.8976346E+001
2.5999408E+004 3.8976346E+001
2.5999408E+004 4.1966179E+001
2.5999408E+004 4.1966179E+001
2.6019991E+004 4.0027255E+001
2.6042816E+004 3.8179247E+001
2.6046747E+004 3.7886857E+001
2.6046747E+004 3.7886857E+001
2.6046747E+004 6.0861466E+001
2.6046747E+004 6.0861466E+001
2.6056303E+004 5.8035203E+001
2.6066802E+004 5.5341666E+001
2.6078348E+004 5.2774658E+001
2.6091059E+004 5.0328236E+001
2.6105070E+004 4.7996741E+001
2.6120532E+004 4.5774754E+001
2.6137617E+004 4.3657095E+001
2.6142742E+004 4.3077690E+001
2.6142742E+004 4.3077690E+001
2.6142742E+004 7.4327068E+001
2.6142742E+004 7.4327068E+001
2.6149241E+004 7.0869786E+001
2.6156357E+004 6.7574216E+001
2.6164154E+004 6.4433025E+001
2.6172702E+004 6.1439141E+001
2.6179259E+004 5.9400281E+001
2.6179259E+004 5.9400281E+001
2.6179259E+004 6.0660658E+001
2.6179259E+004 6.0660658E+001
2.6188877E+004 5.7843831E+001
2.6199445E+004 5.5159280E+001
2.6211068E+004 5.2600837E+001
2.6223865E+004 5.0162589E+001
2.6232045E+004 4.8771562E+001
2.6232045E+004 4.8771562E+001
2.6232045E+004 5.2248971E+001
2.6232045E+004 5.2248971E+001
2.6245019E+004 4.9827247E+001
2.6259323E+004 4.7519286E+001
2.6259572E+004 4.7481815E+001
2.6259572E+004 5.4220439E+001
2.6259572E+004 5.4220439E+001
2.6271605E+004 5.1706098E+001
2.6283570E+004 4.9527117E+001
2.6283570E+004 4.9527117E+001
2.6283570E+004 5.2423534E+001
2.6283570E+004 5.2423534E+001
2.6296455E+004 4.9993612E+001
2.6310040E+004 4.7771656E+001
2.6310040E+004 4.7771656E+001
2.6310040E+004 7.5478242E+001
2.6310040E+004 7.5478242E+001
2.6316352E+004 7.1967167E+001
2.6323263E+004 6.8620246E+001
2.6330437E+004 6.5585376E+001
2.6330437E+004 6.5585376E+001
2.6330437E+004 6.8349294E+001
2.6330437E+004 6.8349294E+001
2.6338064E+004 6.5171778E+001
2.6346425E+004 6.2143234E+001
2.6354390E+004 5.9612765E+001
2.6354390E+004 5.9612765E+001
2.6354390E+004 7.0981902E+001
2.6354390E+004 7.0981902E+001
2.6361485E+004 6.7681092E+001
2.6366349E+004 6.5658230E+001
2.6366349E+004 6.5658230E+001
2.6366349E+004 6.9428269E+001
2.6366349E+004 6.9428269E+001
2.6371730E+004 6.7035000E+001
2.6371730E+004 6.7035000E+001
2.6371730E+004 6.9143312E+001
2.6371730E+004 6.9143312E+001
2.6379190E+004 6.5928596E+001
2.6387366E+004 6.2864561E+001
2.6389192E+004 6.2234105E+001
2.6389192E+004 6.2234105E+001
2.6389192E+004 6.3699306E+001
2.6389192E+004 6.3699306E+001
2.6397933E+004 6.0739842E+001
2.6407527E+004 5.7919294E+001
2.6408184E+004 5.7739696E+001
2.6408184E+004 5.7739696E+001
2.6408184E+004 6.3653640E+001
2.6408184E+004 6.3653640E+001
2.6416937E+004 6.0696321E+001
2.6426544E+004 5.7877818E+001
2.6437100E+004 5.5191670E+001
2.6448709E+004 5.2631703E+001
2.6461491E+004 5.0192004E+001
2.6473982E+004 4.8113007E+001
2.6473982E+004 4.8113007E+001
2.6473982E+004 5.6258157E+001
2.6473982E+004 5.6258157E+001
2.6482608E+004 5.4208319E+001
2.6482608E+004 5.4208319E+001
2.6482608E+004 6.6795907E+001
2.6482608E+004 6.6795907E+001
2.6490581E+004 6.3691201E+001
2.6499324E+004 6.0732117E+001
2.6508920E+004 5.7911933E+001
2.6519463E+004 5.5224187E+001
2.6531058E+004 5.2662692E+001
2.6542101E+004 5.0529820E+001
2.6542101E+004 5.0529820E+001
2.6542101E+004 5.4796701E+001
2.6542101E+004 5.4796701E+001
2.6553879E+004 5.2255292E+001
2.6566850E+004 4.9833270E+001
2.6581150E+004 4.7525026E+001
2.6596935E+004 4.5325192E+001
2.6614381E+004 4.3228635E+001
2.6633686E+004 4.1230477E+001
2.6638853E+004 4.0742044E+001
2.6638853E+004 4.0742044E+001
2.6638853E+004 4.9992133E+001
2.6638853E+004 4.9992133E+001
2.6653060E+004 4.7676430E+001
2.6668740E+004 4.5469479E+001
2.6680303E+004 4.4029453E+001
2.6680303E+004 4.4029453E+001
2.6680303E+004 4.7099088E+001
2.6680303E+004 4.7099088E+001
2.6696390E+004 4.4919255E+001
2.6714173E+004 4.2841752E+001
2.6733856E+004 4.0861746E+001
2.6744997E+004 3.9860032E+001
2.6744997E+004 3.9860032E+001
2.6744997E+004 5.2611149E+001
2.6744997E+004 5.2611149E+001
2.6757789E+004 5.0172416E+001
2.6771890E+004 4.7848236E+001
2.6787453E+004 4.5633219E+001
2.6791624E+004 4.5090265E+001
2.6791624E+004 4.5090265E+001
2.6791624E+004 4.8544038E+001
2.6791624E+004 4.8544038E+001
2.6806724E+004 4.6296342E+001
2.6820030E+004 4.4560732E+001
2.6820030E+004 4.4560732E+001
2.6820030E+004 5.0957917E+001
2.6820030E+004 5.0957917E+001
2.6833687E+004 4.8596846E+001
2.6846695E+004 4.6633752E+001
2.6846695E+004 4.6633752E+001
2.6846695E+004 5.4394105E+001
2.6846695E+004 5.4394105E+001
2.6856447E+004 5.2308064E+001
2.6856447E+004 5.2308064E+001
2.6856447E+004 5.4143185E+001
2.6856447E+004 5.4143185E+001
2.6868515E+004 5.1632476E+001
2.6881808E+004 4.9239720E+001
2.6896467E+004 4.6959349E+001
2.6905124E+004 4.5754923E+001
2.6905124E+004 4.5754923E+001
2.6905124E+004 4.9841800E+001
2.6905124E+004 4.9841800E+001
2.6907448E+004 4.9441676E+001
2.6907448E+004 4.9441676E+001
2.6907448E+004 6.0372419E+001
2.6907448E+004 6.0372419E+001
2.6917157E+004 5.7569125E+001
2.6927826E+004 5.4897477E+001
2.6939560E+004 5.2351333E+001
2.6952482E+004 4.9924806E+001
2.6966728E+004 4.7612258E+001
2.6982453E+004 4.5408323E+001
2.6990638E+004 4.4377711E+001
2.6990638E+004 4.4377711E+001
2.6990638E+004 6.1088564E+001
2.6990638E+004 6.1088564E+001
2.7000124E+004 5.8251641E+001
2.7010546E+004 5.5547941E+001
2.7022005E+004 5.2971238E+001
2.7034621E+004 5.0515583E+001
2.7048525E+004 4.8175290E+001
2.7056391E+004 4.6988421E+001
2.7056391E+004 4.6988421E+001
2.7056391E+004 6.3857051E+001
2.7056391E+004 6.3857051E+001
2.7065090E+004 6.0890190E+001
2.7074637E+004 5.8062578E+001
2.7085126E+004 5.5367754E+001
2.7096661E+004 5.2799520E+001
2.7099168E+004 5.2286148E+001
2.7099168E+004 5.2286148E+001
2.7099168E+004 6.4754773E+001
2.7099168E+004 6.4754773E+001
2.7107634E+004 6.1745794E+001
2.7116923E+004 5.8878015E+001
2.7122728E+004 5.7272585E+001
2.7122728E+004 5.7272585E+001
2.7122728E+004 6.0181505E+001
2.7122728E+004 6.0181505E+001
2.7132498E+004 5.7387173E+001
2.7136684E+004 5.6300937E+001
2.7136684E+004 5.6300937E+001
2.7136684E+004 5.9284356E+001
2.7136684E+004 5.9284356E+001
2.7142126E+004 5.7744754E+001
2.7142126E+004 5.7744754E+001
2.7142126E+004 7.0684534E+001
2.7142126E+004 7.0684534E+001
2.7144351E+004 6.9609763E+001
2.7144351E+004 6.9609763E+001
2.7144351E+004 7.0996828E+001
2.7144351E+004 7.0996828E+001
2.7149218E+004 6.8679499E+001
2.7149218E+004 6.8679499E+001
2.7149218E+004 7.7217099E+001
2.7149218E+004 7.7217099E+001
2.7155263E+004 7.3624840E+001
2.7161880E+004 7.0200385E+001
2.7169127E+004 6.6936157E+001
2.7177067E+004 6.3824876E+001
2.7185774E+004 6.0859527E+001
2.7195331E+004 5.8033355E+001
2.7205830E+004 5.5339905E+001
2.7217377E+004 5.2772980E+001
2.7230089E+004 5.0326637E+001
2.7241665E+004 4.8375177E+001
2.7241665E+004 4.8375177E+001
2.7241665E+004 5.1256344E+001
2.7241665E+004 5.1256344E+001
2.7255158E+004 4.8881252E+001
2.7270043E+004 4.6617724E+001
2.7286481E+004 4.4460486E+001
2.7304657E+004 4.2404519E+001
2.7317692E+004 4.1099935E+001
2.7317692E+004 4.1099935E+001
2.7317692E+004 4.9075244E+001
2.7317692E+004 4.9075244E+001
2.7332454E+004 4.6802607E+001
2.7348755E+004 4.4636688E+001
2.7366779E+004 4.2572452E+001
2.7386732E+004 4.0605086E+001
2.7408850E+004 3.8729988E+001
2.7409328E+004 3.8692331E+001
2.7409328E+004 4.4833129E+001
2.7409328E+004 4.4833129E+001
2.7427184E+004 4.2759673E+001
2.7446949E+004 4.0783524E+001
2.7468856E+004 3.8900056E+001
2.7493168E+004 3.7104885E+001
2.7520184E+004 3.5393819E+001
2.7548839E+004 3.3833307E+001
2.7548839E+004 3.3833307E+001
2.7548839E+004 4.0851157E+001
2.7548839E+004 4.0851157E+001
2.7561620E+004 3.9709739E+001
2.7561620E+004 3.9709739E+001
2.7561620E+004 6.4814499E+001
2.7561620E+004 6.4814499E+001
2.7567251E+004 6.2758748E+001
2.7567251E+004 6.2758748E+001
2.7567251E+004 6.8095423E+001
2.7567251E+004 6.8095423E+001
2.7574933E+004 6.4929808E+001
2.7583354E+004 6.1912612E+001
2.7592595E+004 5.9037005E+001
2.7594523E+004 5.8483927E+001
2.7594523E+004 5.8483927E+001
2.7594523E+004 6.1796078E+001
2.7594523E+004 6.1796078E+001
2.7603798E+004 5.8925945E+001
2.7611036E+004 5.6940318E+001
2.7611036E+004 5.6940318E+001
2.7611036E+004 7.9298979E+001
2.7611036E+004 7.9298979E+001
2.7616785E+004 7.5609627E+001
2.7621079E+004 7.3153619E+001
2.7621079E+004 7.3153619E+001
2.7621079E+004 7.4626769E+001
2.7621079E+004 7.4626769E+001
2.7627528E+004 7.1155481E+001
2.7634590E+004 6.7846539E+001
2.7639789E+004 6.5676183E+001
2.7639789E+004 6.5676183E+001
2.7639789E+004 6.8144059E+001
2.7639789E+004 6.8144059E+001
2.7647460E+004 6.4976163E+001
2.7655870E+004 6.1956796E+001
2.7660578E+004 6.0435200E+001
2.7660578E+004 6.0435200E+001
2.7660578E+004 6.5130889E+001
2.7660578E+004 6.5130889E+001
2.7668949E+004 6.2104264E+001
2.7678134E+004 5.9219664E+001
2.7688220E+004 5.6470494E+001
2.7699307E+004 5.3850454E+001
2.7711360E+004 5.1381496E+001
2.7711360E+004 5.1381496E+001
2.7711360E+004 5.4995521E+001
2.7711360E+004 5.4995521E+001
2.7721760E+004 5.2708021E+001
2.7721760E+004 5.2708021E+001
2.7721760E+004 7.4746169E+001
2.7721760E+004 7.4746169E+001
2.7728190E+004 7.1269298E+001
2.7735230E+004 6.7955036E+001
2.7742942E+004 6.4795994E+001
2.7751398E+004 6.1785080E+001
2.7760676E+004 5.8915464E+001
2.7770865E+004 5.6180582E+001
2.7771589E+004 5.5999849E+001
2.7771589E+004 5.5999849E+001
2.7771589E+004 5.9253350E+001
2.7771589E+004 5.9253350E+001
2.7781664E+004 5.6502602E+001
2.7784723E+004 5.5738321E+001
2.7784723E+004 5.5738321E+001
2.7784723E+004 5.8591415E+001
2.7784723E+004 5.8591415E+001
2.7795025E+004 5.5871754E+001
2.7806351E+004 5.3279843E+001
2.7818819E+004 5.0809689E+001
2.7832557E+004 4.8455577E+001
2.7840762E+004 4.7197947E+001
2.7840762E+004 4.7197947E+001
2.7840762E+004 5.4767568E+001
2.7840762E+004 5.4767568E+001
2.7852553E+004 5.2227522E+001
2.7865538E+004 4.9806806E+001
2.7879854E+004 4.7499806E+001
2.7891875E+004 4.5796405E+001
2.7891875E+004 4.5796405E+001
2.7891875E+004 5.2123931E+001
2.7891875E+004 5.2123931E+001
2.7904913E+004 4.9708086E+001
2.7907998E+004 4.9183444E+001
2.7907998E+004 4.9183444E+001
2.7907998E+004 5.8167126E+001
2.7907998E+004 5.8167126E+001
2.7918449E+004 5.5467392E+001
2.7929942E+004 5.2894472E+001
2.7941729E+004 5.0598498E+001
2.7941729E+004 5.0598498E+001
2.7941729E+004 6.5789229E+001
2.7941729E+004 6.5789229E+001
2.7948839E+004 6.3115735E+001
2.7948839E+004 6.3115735E+001
2.7948839E+004 6.5589241E+001
2.7948839E+004 6.5589241E+001
2.7949076E+004 6.5495116E+001
2.7949076E+004 8.1726828E+001
2.7949076E+004 8.1726828E+001
2.7954223E+004 7.8109630E+001
2.7954223E+004 7.8109630E+001
2.7954223E+004 7.9764517E+001
2.7954223E+004 7.9764517E+001
2.7959909E+004 7.6053467E+001
2.7966130E+004 7.2515531E+001
2.7972941E+004 6.9142947E+001
2.7980402E+004 6.5928248E+001
2.7988578E+004 6.2864230E+001
2.7997547E+004 5.9943953E+001
2.8002642E+004 5.8451658E+001
2.8002642E+004 5.8451658E+001
2.8002642E+004 7.2977582E+001
2.8002642E+004 7.2977582E+001
2.8009371E+004 6.9583393E+001
2.8015543E+004 6.6842223E+001
2.8015543E+004 6.6842223E+001
2.8015543E+004 7.3375580E+001
2.8015543E+004 7.3375580E+001
2.8022203E+004 6.9962777E+001
2.8029496E+004 6.6709682E+001
2.8037489E+004 6.3609016E+001
2.8046254E+004 6.0653792E+001
2.8055874E+004 5.7837287E+001
2.8066445E+004 5.5153044E+001
2.8078070E+004 5.2594894E+001
2.8090870E+004 5.0156925E+001
2.8104980E+004 4.7833473E+001
2.8113679E+004 4.6554142E+001
2.8113679E+004 4.6554142E+001
2.8113679E+004 5.0742928E+001
2.8113679E+004 5.0742928E+001
2.8127455E+004 4.8391955E+001
2.8142654E+004 4.6151408E+001
2.8159445E+004 4.4016064E+001
2.8161143E+004 4.3816234E+001
2.8161143E+004 4.3816234E+001
2.8161143E+004 6.1345620E+001
2.8161143E+004 6.1345620E+001
2.8170552E+004 5.8496630E+001
2.8174759E+004 5.7341622E+001
2.8174759E+004 5.7341622E+001
2.8174759E+004 5.9039161E+001
2.8174759E+004 5.9039161E+001
2.8184907E+004 5.6298475E+001
2.8196062E+004 5.3686512E+001
2.8208338E+004 5.1197256E+001
2.8221864E+004 4.8824942E+001
2.8236784E+004 4.6564055E+001
2.8243852E+004 4.5598308E+001
2.8243852E+004 4.5598308E+001
2.8243852E+004 5.1942924E+001
2.8243852E+004 5.1942924E+001
2.8256982E+004 4.9535580E+001
2.8271461E+004 4.7241321E+001
2.8287446E+004 4.5054802E+001
2.8305115E+004 4.2970940E+001
2.8324671E+004 4.0984878E+001
2.8329121E+004 4.0570914E+001
2.8329121E+004 4.0570914E+001
2.8329121E+004 4.5909551E+001
2.8329121E+004 4.5909551E+001
2.8346099E+004 4.3785563E+001
2.8364881E+004 4.1761275E+001
2.8385684E+004 3.9831961E+001
2.8408756E+004 3.7993109E+001
2.8414247E+004 3.7593054E+001
2.8414247E+004 3.7593054E+001
2.8414247E+004 6.5296744E+001
2.8414247E+004 6.5296744E+001
2.8422578E+004 6.2262344E+001
2.8431717E+004 5.9370318E+001
2.8441752E+004 5.6614078E+001
2.8452783E+004 5.3987298E+001
2.8464921E+004 5.1483909E+001
2.8478293E+004 4.9098127E+001
2.8493040E+004 4.6824414E+001
2.8509326E+004 4.4657470E+001
2.8521683E+004 4.3205338E+001
2.8521683E+004 4.3205338E+001
2.8521683E+004 4.8631185E+001
2.8521683E+004 4.8631185E+001
2.8533877E+004 4.6779476E+001
2.8533877E+004 4.6779476E+001
2.8533877E+004 5.1500173E+001
2.8533877E+004 5.1500173E+001
2.8547240E+004 4.9113627E+001
2.8561978E+004 4.6839185E+001
2.8578253E+004 4.4671550E+001
2.8596247E+004 4.2605676E+001
2.8616166E+004 4.0636749E+001
2.8632265E+004 3.9239087E+001
2.8632265E+004 3.9239087E+001
2.8632265E+004 4.7103924E+001
2.8632265E+004 4.7103924E+001
2.8648348E+004 4.4923863E+001
2.8666127E+004 4.2846144E+001
2.8671191E+004 4.2306020E+001
2.8671191E+004 4.2306020E+001
2.8671191E+004 4.9582259E+001
2.8671191E+004 4.9582259E+001
2.8685641E+004 4.7285805E+001
2.8701594E+004 4.5097203E+001
2.8719228E+004 4.3011348E+001
2.8738744E+004 4.1023387E+001
2.8746430E+004 4.0314924E+001
2.8746430E+004 4.0314924E+001
2.8746430E+004 5.9611006E+001
2.8746430E+004 5.9611006E+001
2.8756385E+004 5.6843464E+001
2.8767327E+004 5.4205904E+001
2.8778856E+004 5.1791323E+001
2.8778856E+004 5.1791323E+001
2.8778856E+004 5.3802781E+001
2.8778856E+004 5.3802781E+001
2.8789875E+004 5.1537015E+001
2.8789875E+004 5.1537015E+001
2.8789875E+004 5.6032214E+001
2.8789875E+004 5.6032214E+001
2.8801137E+004 5.3432759E+001
2.8811527E+004 5.1330944E+001
2.8811527E+004 5.1330944E+001
2.8811527E+004 6.0605411E+001
2.8811527E+004 6.0605411E+001
2.8813506E+004 5.9992589E+001
2.8813506E+004 5.9992589E+001
2.8813506E+004 6.2951535E+001
2.8813506E+004 6.2951535E+001
2.8822450E+004 6.0027168E+001
2.8832270E+004 5.7240079E+001
2.8843061E+004 5.4583889E+001
2.8854932E+004 5.2052480E+001
2.8868006E+004 4.9639984E+001
2.8869997E+004 4.9300863E+001
2.8869997E+004 4.9300863E+001
2.8869997E+004 5.1058253E+001
2.8869997E+004 5.1058253E+001
2.8883599E+004 4.8692464E+001
2.8898603E+004 4.6437802E+001
2.8903566E+004 4.5758590E+001
2.8903566E+004 4.5758590E+001
2.8903566E+004 4.9691899E+001
2.8903566E+004 4.9691899E+001
2.8917951E+004 4.7390291E+001
2.8933830E+004 4.5196780E+001
2.8951381E+004 4.3106258E+001
2.8970805E+004 4.1113839E+001
2.8992329E+004 3.9214885E+001
2.9016210E+004 3.7404962E+001
2.9038012E+004 3.5967108E+001
2.9038012E+004 3.5967108E+001
2.9038012E+004 4.3289668E+001
2.9038012E+004 4.3289668E+001
2.9055657E+004 4.1443260E+001
2.9055657E+004 4.1443260E+001
2.9055657E+004 5.5954863E+001
2.9055657E+004 5.5954863E+001
2.9055929E+004 5.5887785E+001
2.9055929E+004 5.8002673E+001
2.9055929E+004 5.8002673E+001
2.9066439E+004 5.5310666E+001
2.9077998E+004 5.2745113E+001
2.9090724E+004 5.0300081E+001
2.9104751E+004 4.7969909E+001
2.9119085E+004 4.5902040E+001
2.9119085E+004 4.5902040E+001
2.9119085E+004 4.9205072E+001
2.9119085E+004 4.9205072E+001
2.9133766E+004 4.6926331E+001
2.9149977E+004 4.4754607E+001
2.9167900E+004 4.2684842E+001
2.9187740E+004 4.0712195E+001
2.9209730E+004 3.8832077E+001
2.9234137E+004 3.7040097E+001
2.9250626E+004 3.5968494E+001
2.9250626E+004 3.5968494E+001
2.9250626E+004 5.5295658E+001
2.9250626E+004 5.5295658E+001
2.9262191E+004 5.2730807E+001
2.9274925E+004 5.0286447E+001
2.9288960E+004 4.7956917E+001
2.9304449E+004 4.5736802E+001
2.9321563E+004 4.3620922E+001
2.9330320E+004 4.2648382E+001
2.9330320E+004 4.2648382E+001
2.9330320E+004 4.7072245E+001
2.9330320E+004 4.7072245E+001
2.9346425E+004 4.4893672E+001
2.9352495E+004 4.4148673E+001
2.9352495E+004 4.4148673E+001
2.9352495E+004 4.8942723E+001
2.9352495E+004 4.8942723E+001
2.9367340E+004 4.6676306E+001
2.9383735E+004 4.4516324E+001
2.9390070E+004 4.3759605E+001
2.9390070E+004 4.3759605E+001
2.9390070E+004 4.7619602E+001
2.9390070E+004 4.7619602E+001
2.9405789E+004 4.5415322E+001
2.9407089E+004 4.5246403E+001
2.9407089E+004 4.5246403E+001
2.9407089E+004 5.1183767E+001
2.9407089E+004 5.1183767E+001
2.9420622E+004 4.8812088E+001
2.9435551E+004 4.6551801E+001
2.9444342E+004 4.5361141E+001
2.9444342E+004 4.5361141E+001
2.9444342E+004 5.3198043E+001
2.9444342E+004 5.3198043E+001
2.9456849E+004 5.0731734E+001
2.9470631E+004 4.8381288E+001
2.9484071E+004 4.6383958E+001
2.9484071E+004 4.6383958E+001
2.9484071E+004 5.5692409E+001
2.9484071E+004 5.5692409E+001
2.9495471E+004 5.3108920E+001
2.9503183E+004 5.1551327E+001
2.9503183E+004 5.1551327E+001
2.9503183E+004 5.3735819E+001
2.9503183E+004 5.3735819E+001
2.9503388E+004 5.3690946E+001
2.9503388E+004 6.5646348E+001
2.9503388E+004 6.5646348E+001
2.9511633E+004 6.2595550E+001
2.9520677E+004 5.9687882E+001
2.9530150E+004 5.7035423E+001
2.9530150E+004 5.7035423E+001
2.9530150E+004 6.1085966E+001
2.9530150E+004 6.1085966E+001
2.9539637E+004 5.8249166E+001
2.9544640E+004 5.6900434E+001
2.9544640E+004 5.6900434E+001
2.9544640E+004 5.8471927E+001
2.9544640E+004 5.8471927E+001
2.9554983E+004 5.5757882E+001
2.9566356E+004 5.3171315E+001
2.9567504E+004 5.2929257E+001
2.9567504E+004 5.2929257E+001
2.9567504E+004 5.6271999E+001
2.9567504E+004 5.6271999E+001
2.9578670E+004 5.3661281E+001
2.9590958E+004 5.1173211E+001
2.9597519E+004 4.9978519E+001
2.9597519E+004 4.9978519E+001
2.9597519E+004 5.6490810E+001
2.9597519E+004 5.6490810E+001
2.9608598E+004 5.3869815E+001
2.9620790E+004 5.1371950E+001
2.9634221E+004 4.8991428E+001
2.9636020E+004 4.8696755E+001
2.9636020E+004 4.8696755E+001
2.9636020E+004 5.1775901E+001
2.9636020E+004 5.1775901E+001
2.9649238E+004 4.9376400E+001
2.9663813E+004 4.7089615E+001
2.9672476E+004 4.5874226E+001
2.9672476E+004 4.5874226E+001
2.9672476E+004 5.0142898E+001
2.9672476E+004 5.0142898E+001
2.9686594E+004 4.7820106E+001
2.9687701E+004 4.7651124E+001
2.9687701E+004 4.7651124E+001
2.9687701E+004 5.1276609E+001
2.9687701E+004 5.1276609E+001
2.9699717E+004 4.9141722E+001
2.9699717E+004 4.9141722E+001
2.9699717E+004 5.5304917E+001
2.9699717E+004 5.5304917E+001
2.9711278E+004 5.2739633E+001
2.9724007E+004 5.0294858E+001
2.9738037E+004 4.7964932E+001
2.9753521E+004 4.5744441E+001
2.9770629E+004 4.3628202E+001
2.9789556E+004 4.1611295E+001
2.9803061E+004 4.0338100E+001
2.9803061E+004 4.0338100E+001
2.9803061E+004 4.2942634E+001
2.9803061E+004 4.2942634E+001
2.9822645E+004 4.0957901E+001
2.9844348E+004 3.9066257E+001
2.9868431E+004 3.7263298E+001
2.9891678E+004 3.5754655E+001
2.9891678E+004 3.5754655E+001
2.9891678E+004 4.3239384E+001
2.9891678E+004 4.3239384E+001
2.9910973E+004 4.1240721E+001
2.9932352E+004 3.9335820E+001
2.9956072E+004 3.7520234E+001
2.9982422E+004 3.5789709E+001
2.9999357E+004 3.4803579E+001
2.9999357E+004 3.4803579E+001
2.9999357E+004 4.8580118E+001
2.9999357E+004 4.8580118E+001
3.0014434E+004 4.6330727E+001
3.0029546E+004 4.4371573E+001
3.0029546E+004 4.4371573E+001
3.0029546E+004 4.7934869E+001
3.0029546E+004 4.7934869E+001
3.0045050E+004 4.5715784E+001
3.0052219E+004 4.4790082E+001
3.0052219E+004 4.4790082E+001
3.0052219E+004 5.1866625E+001
3.0052219E+004 5.1866625E+001
3.0061148E+004 5.0196994E+001
3.0061148E+004 5.0196994E+001
3.0061148E+004 5.4235457E+001
3.0061148E+004 5.4235457E+001
3.0073173E+004 5.1720409E+001
3.0086420E+004 4.9323517E+001
3.0101028E+004 4.7039219E+001
3.0117158E+004 4.4862188E+001
3.0134989E+004 4.2787367E+001
3.0148223E+004 4.1426931E+001
3.0148223E+004 4.1426931E+001
3.0148223E+004 4.8014037E+001
3.0148223E+004 4.8014037E+001
3.0163673E+004 4.5791236E+001
3.0175890E+004 4.4241672E+001
3.0175890E+004 4.4241672E+001
3.0175890E+004 4.6845527E+001
3.0175890E+004 4.6845527E+001
3.0192160E+004 4.4677596E+001
3.0195342E+004 4.4287966E+001
3.0195342E+004 4.4287966E+001
3.0195342E+004 4.6930379E+001
3.0195342E+004 4.6930379E+001
3.0197498E+004 4.6621432E+001
3.0197498E+004 4.6621432E+001
3.0197498E+004 5.5414750E+001
3.0197498E+004 5.5414750E+001
3.0200686E+004 5.4663644E+001
3.0200686E+004 5.4663644E+001
3.0200686E+004 6.0274159E+001
3.0200686E+004 6.0274159E+001
3.0210426E+004 5.7475474E+001
3.0221129E+004 5.4808228E+001
3.0225188E+004 5.3887884E+001
3.0225188E+004 5.3887884E+001
3.0225188E+004 6.8532720E+001
3.0225188E+004 6.8532720E+001
3.0232776E+004 6.5346609E+001
3.0241094E+004 6.2309869E+001
3.0250220E+004 5.9415611E+001
3.0260240E+004 5.6657242E+001
3.0271254E+004 5.4028432E+001
3.0283373E+004 5.1523112E+001
3.0296724E+004 4.9135486E+001
3.0311449E+004 4.6860017E+001
3.0318599E+004 4.5864371E+001
3.0318599E+004 4.5864371E+001
3.0318599E+004 5.1611598E+001
3.0318599E+004 5.1611598E+001
3.0328571E+004 4.9784652E+001
3.0328571E+004 4.9784652E+001
3.0328571E+004 5.8218577E+001
3.0328571E+004 5.8218577E+001
3.0339004E+004 5.5516431E+001
3.0350477E+004 5.2941205E+001
3.0352170E+004 5.2590015E+001
3.0352170E+004 5.2590015E+001
3.0352170E+004 5.4240542E+001
3.0352170E+004 5.4240542E+001
3.0364194E+004 5.1725256E+001
3.0377438E+004 4.9328136E+001
3.0392043E+004 4.7043620E+001
3.0408169E+004 4.4866383E+001
3.0412732E+004 4.4303679E+001
3.0412732E+004 4.4303679E+001
3.0412732E+004 5.4119741E+001
3.0412732E+004 5.4119741E+001
3.0424810E+004 5.1610135E+001
3.0438115E+004 4.9218425E+001
3.0452788E+004 4.6939056E+001
3.0453236E+004 4.6874232E+001
3.0453236E+004 5.5574575E+001
3.0453236E+004 5.5574575E+001
3.0464685E+004 5.2996627E+001
3.0472393E+004 5.1449663E+001
3.0472393E+004 5.1449663E+001
3.0472393E+004 5.4991076E+001
3.0472393E+004 5.4991076E+001
3.0484087E+004 5.2440531E+001
3.0496965E+004 5.0009810E+001
3.0511161E+004 4.7693276E+001
3.0526143E+004 4.5575130E+001
3.0526143E+004 4.5575130E+001
3.0526143E+004 4.9780342E+001
3.0526143E+004 4.9780342E+001
3.0530201E+004 4.9090894E+001
3.0530201E+004 4.9090894E+001
3.0530201E+004 6.1285283E+001
3.0530201E+004 6.1285283E+001
3.0539628E+004 5.8439128E+001
3.0549983E+004 5.5726619E+001
3.0561369E+004 5.3141521E+001
3.0564022E+004 5.2588090E+001
3.0564022E+004 5.2588090E+001
3.0564022E+004 6.0277797E+001
3.0564022E+004 6.0277797E+001
3.0567705E+004 5.9169698E+001
3.0567705E+004 5.9169698E+001
3.0567705E+004 6.3845047E+001
3.0567705E+004 6.3845047E+001
3.0576407E+004 6.0878750E+001
3.0585958E+004 5.8051675E+001
3.0589763E+004 5.7027318E+001
3.0589763E+004 5.7027318E+001
3.0589763E+004 7.7802144E+001
3.0589763E+004 7.7802144E+001
3.0595723E+004 7.4182592E+001
3.0602246E+004 7.0732055E+001
3.0609388E+004 6.7442938E+001
3.0617214E+004 6.4307905E+001
3.0625794E+004 6.1319885E+001
3.0635211E+004 5.8472104E+001
3.0645554E+004 5.5758051E+001
3.0647297E+004 5.5335723E+001
3.0647297E+004 5.5335723E+001
3.0647297E+004 5.7735273E+001
3.0647297E+004 5.7735273E+001
3.0657904E+004 5.5055825E+001
3.0662197E+004 5.4070827E+001
3.0662197E+004 5.4070827E+001
3.0662197E+004 5.4641610E+001
3.0662197E+004 5.4641610E+001
3.0674043E+004 5.2107486E+001
3.0687089E+004 4.9692415E+001
3.0701473E+004 4.7390782E+001
3.0714108E+004 4.5617942E+001
3.0714108E+004 4.5617942E+001
3.0714108E+004 5.0432593E+001
3.0714108E+004 5.0432593E+001
3.0719761E+004 4.9442169E+001
3.0719761E+004 4.9442169E+001
3.0719761E+004 5.1864086E+001
3.0719761E+004 5.1864086E+001
3.0732933E+004 4.9460450E+001
3.0746196E+004 4.7354784E+001
3.0746196E+004 4.7354784E+001
3.0746196E+004 5.0981348E+001
3.0746196E+004 5.0981348E+001
3.0757805E+004 4.8948780E+001
3.0757805E+004 4.8948780E+001
3.0757805E+004 5.2822137E+001
3.0757805E+004 5.2822137E+001
3.0770493E+004 5.0373491E+001
3.0784479E+004 4.8039868E+001
3.0799912E+004 4.5815853E+001
3.0816963E+004 4.3696270E+001
3.0828348E+004 4.2438961E+001
3.0828348E+004 4.2438961E+001
3.0828348E+004 4.7123600E+001
3.0828348E+004 4.7123600E+001
3.0835377E+004 4.6127424E+001
3.0835377E+004 4.6127424E+001
3.0835377E+004 5.4322251E+001
3.0835377E+004 5.4322251E+001
3.0847364E+004 5.1803133E+001
3.0860567E+004 4.9402351E+001
3.0875127E+004 4.7114346E+001
3.0891203E+004 4.4933796E+001
3.0908973E+004 4.2855612E+001
3.0928643E+004 4.0874955E+001
3.0950442E+004 3.8987206E+001
3.0974634E+004 3.7187958E+001
3.0992176E+004 3.6037225E+001
3.0992176E+004 3.6037225E+001
3.0992176E+004 3.9574852E+001
3.0992176E+004 3.9574852E+001
3.1015580E+004 3.7748057E+001
3.1030783E+004 3.6695373E+001
3.1030783E+004 3.6695373E+001
3.1030783E+004 4.5615544E+001
3.1030783E+004 4.5615544E+001
3.1047994E+004 4.3505363E+001
3.1067036E+004 4.1494218E+001
3.1088132E+004 3.9577424E+001
3.1106103E+004 3.8148437E+001
3.1106103E+004 3.8148437E+001
3.1106103E+004 5.7703096E+001
3.1106103E+004 5.7703096E+001
3.1116722E+004 5.5025161E+001
3.1123117E+004 5.3579697E+001
3.1123117E+004 5.3579697E+001
3.1123117E+004 6.0433197E+001
3.1123117E+004 6.0433197E+001
3.1132807E+004 5.7627049E+001
3.1141446E+004 5.5426674E+001
3.1141446E+004 5.5426674E+001
3.1141446E+004 6.8795125E+001
3.1141446E+004 6.8795125E+001
3.1144711E+004 6.7351091E+001
3.1144711E+004 6.7351091E+001
3.1144711E+004 7.1157949E+001
3.1144711E+004 7.1157949E+001
3.1151772E+004 6.7848891E+001
3.1159508E+004 6.4694828E+001
3.1167989E+004 6.1688662E+001
3.1177295E+004 5.8823565E+001
3.1187516E+004 5.6093003E+001
3.1198753E+004 5.3490700E+001
3.1210826E+004 5.1065437E+001
3.1210826E+004 5.1065437E+001
3.1210826E+004 5.6547550E+001
3.1210826E+004 5.6547550E+001
3.1212071E+004 5.6231842E+001
3.1212071E+004 5.6231842E+001
3.1212071E+004 5.9811188E+001
3.1212071E+004 5.9811188E+001
3.1221961E+004 5.7034246E+001
3.1232830E+004 5.4387723E+001
3.1240472E+004 5.2731839E+001
3.1240472E+004 5.2731839E+001
3.1240472E+004 5.8443462E+001
3.1240472E+004 5.8443462E+001
3.1250826E+004 5.5730751E+001
3.1261567E+004 5.3281144E+001
3.1261567E+004 5.3281144E+001
3.1261567E+004 5.8457277E+001
3.1261567E+004 5.8457277E+001
3.1270918E+004 5.5988119E+001
3.1270918E+004 5.5988119E+001
3.1270918E+004 6.2758375E+001
3.1270918E+004 6.2758375E+001
3.1279916E+004 5.9843070E+001
3.1289796E+004 5.7064633E+001
3.1300653E+004 5.4416681E+001
3.1312598E+004 5.1893123E+001
3.1325755E+004 4.9488121E+001
3.1340262E+004 4.7196083E+001
3.1352432E+004 4.5505612E+001
3.1352432E+004 4.5505612E+001
3.1352432E+004 4.9374948E+001
3.1352432E+004 4.9374948E+001
3.1367009E+004 4.7088231E+001
3.1374632E+004 4.6013369E+001
3.1374632E+004 4.6013369E+001
3.1374632E+004 5.2066886E+001
3.1374632E+004 5.2066886E+001
3.1387699E+004 4.9653714E+001
3.1402106E+004 4.7353901E+001
3.1418011E+004 4.5162100E+001
3.1435591E+004 4.3073206E+001
3.1449870E+004 4.1581475E+001
3.1449870E+004 4.1581475E+001
3.1449870E+004 4.7328030E+001
3.1449870E+004 4.7328030E+001
3.1465794E+004 4.5137446E+001
3.1483394E+004 4.3049702E+001
3.1502873E+004 4.1059939E+001
3.1524458E+004 3.9163515E+001
3.1547169E+004 3.7442587E+001
3.1547169E+004 3.7442587E+001
3.1547169E+004 6.9006626E+001
3.1547169E+004 6.9006626E+001
3.1550282E+004 6.7615181E+001
3.1550282E+004 6.7615181E+001
3.1550282E+004 8.5572582E+001
3.1550282E+004 8.5572582E+001
3.1555261E+004 8.1591404E+001
3.1558029E+004 7.9593154E+001
3.1558029E+004 7.9593154E+001
3.1558029E+004 8.0844225E+001
3.1558029E+004 8.0844225E+001
3.1563572E+004 7.7082882E+001
3.1569637E+004 7.3496891E+001
3.1569705E+004 7.3459593E+001
3.1569705E+004 7.4633581E+001
3.1569705E+004 7.4633581E+001
3.1576153E+004 7.1161975E+001
3.1581430E+004 6.8643043E+001
3.1581430E+004 6.8643043E+001
3.1581430E+004 7.6250319E+001
3.1581430E+004 7.6250319E+001
3.1587622E+004 7.2703185E+001
3.1590833E+004 7.1039067E+001
3.1590833E+004 7.1039067E+001
3.1590833E+004 7.2377731E+001
3.1590833E+004 7.2377731E+001
3.1597669E+004 6.9011598E+001
3.1605157E+004 6.5803057E+001
3.1611184E+004 6.3513172E+001
3.1611184E+004 6.3513172E+001
3.1611184E+004 6.9626505E+001
3.1611184E+004 6.9626505E+001
3.1618546E+004 6.6389156E+001
3.1626613E+004 6.3303519E+001
3.1635460E+004 6.0362631E+001
3.1645173E+004 5.7559795E+001
3.1655844E+004 5.4888586E+001
3.1663672E+004 5.3148382E+001
3.1663672E+004 5.3148382E+001
3.1663672E+004 6.6078126E+001
3.1663672E+004 6.6078126E+001
3.1671813E+004 6.3007074E+001
3.1680742E+004 6.0080098E+001
3.1690544E+004 5.7290527E+001
3.1701316E+004 5.4631966E+001
3.1706730E+004 5.3426561E+001
3.1706730E+004 5.3426561E+001
3.1706730E+004 6.4414827E+001
3.1706730E+004 6.4414827E+001
3.1711298E+004 6.2761218E+001
3.1711298E+004 6.2761218E+001
3.1711298E+004 6.4727589E+001
3.1711298E+004 6.4727589E+001
3.1713529E+004 6.3891643E+001
3.1713529E+004 6.3891643E+001
3.1713529E+004 7.2458205E+001
3.1713529E+004 7.2458205E+001
3.1720350E+004 6.9088304E+001
3.1727822E+004 6.5876167E+001
3.1736011E+004 6.2814587E+001
3.1744993E+004 5.9896642E+001
3.1754855E+004 5.7115687E+001
3.1765693E+004 5.4465341E+001
3.1777617E+004 5.1939495E+001
3.1786794E+004 5.0218741E+001
3.1786794E+004 5.0218741E+001
3.1786794E+004 5.7556367E+001
3.1786794E+004 5.7556367E+001
3.1797467E+004 5.4885319E+001
3.1803495E+004 5.3530013E+001
3.1803495E+004 5.3530013E+001
3.1803495E+004 5.6321197E+001
3.1803495E+004 5.6321197E+001
3.1814641E+004 5.3708170E+001
3.1826907E+004 5.1217895E+001
3.1839585E+004 4.8981149E+001
3.1839585E+004 4.8981149E+001
3.1839585E+004 5.1615687E+001
3.1839585E+004 5.1615687E+001
3.1852887E+004 4.9223717E+001
3.1857914E+004 4.8402366E+001
3.1857914E+004 4.8402366E+001
3.1857914E+004 5.4522886E+001
3.1857914E+004 5.4522886E+001
3.1869812E+004 5.1994335E+001
3.1882916E+004 4.9584573E+001
3.1890736E+004 4.8297583E+001
3.1890736E+004 4.8297583E+001
3.1890736E+004 5.7806605E+001
3.1890736E+004 5.7806605E+001
3.1898966E+004 5.5685573E+001
3.1898966E+004 5.5685573E+001
3.1898966E+004 5.7872712E+001
3.1898966E+004 5.7872712E+001
3.1909523E+004 5.5186803E+001
3.1921134E+004 5.2627066E+001
3.1933919E+004 5.0187584E+001
3.1942823E+004 4.8677021E+001
3.1942823E+004 4.8677021E+001
3.1942823E+004 5.0530069E+001
3.1942823E+004 5.0530069E+001
3.1956719E+004 4.8189094E+001
3.1972052E+004 4.5958075E+001
3.1988993E+004 4.3831807E+001
3.2007732E+004 4.1805345E+001
3.2022720E+004 4.0379920E+001
3.2022720E+004 4.0379920E+001
3.2022720E+004 4.6604246E+001
3.2022720E+004 4.6604246E+001
3.2039168E+004 4.4447639E+001
3.2057356E+004 4.2392276E+001
3.2077493E+004 4.0433361E+001
3.2099818E+004 3.8566321E+001
3.2114984E+004 3.7443116E+001
3.2114984E+004 3.7443116E+001
3.2114984E+004 4.4387695E+001
3.2114984E+004 4.4387695E+001
3.2126329E+004 4.3073079E+001
3.2126329E+004 4.3073079E+001
3.2126329E+004 4.4746830E+001
3.2126329E+004 4.4746830E+001
3.2144258E+004 4.2677428E+001
3.2148782E+004 4.2199770E+001
3.2148782E+004 4.2199770E+001
3.2148782E+004 4.6696993E+001
3.2148782E+004 4.6696993E+001
3.2165161E+004 4.4536038E+001
3.2173979E+004 4.3492597E+001
3.2173979E+004 4.3492597E+001
3.2173979E+004 5.5315878E+001
3.2173979E+004 5.5315878E+001
3.2185535E+004 5.2750082E+001
3.2198259E+004 5.0304815E+001
3.2210467E+004 4.8256293E+001
3.2210467E+004 4.8256293E+001
3.2210467E+004 5.0538429E+001
3.2210467E+004 5.0538429E+001
3.2211100E+004 5.0423689E+001
3.2211100E+004 5.0423689E+001
3.2211100E+004 7.0135680E+001
3.2211100E+004 7.0135680E+001
3.2218359E+004 6.6874484E+001
3.2226314E+004 6.3766097E+001
3.2233829E+004 6.1188003E+001
3.2233829E+004 6.1188003E+001
3.2233829E+004 6.7333527E+001
3.2233829E+004 6.7333527E+001
3.2241679E+004 6.4203616E+001
3.2250287E+004 6.1220492E+001
3.2259733E+004 5.8377381E+001
3.2270110E+004 5.5667770E+001
3.2276735E+004 5.4120779E+001
3.2276735E+004 5.4120779E+001
3.2276735E+004 6.1178378E+001
3.2276735E+004 6.1178378E+001
3.2286194E+004 5.8337236E+001
3.2290637E+004 5.7129348E+001
3.2290637E+004 5.7129348E+001
3.2290637E+004 6.8351303E+001
3.2290637E+004 6.8351303E+001
3.2298264E+004 6.5173694E+001
3.2306625E+004 6.2145059E+001
3.2315798E+004 5.9258543E+001
3.2325871E+004 5.6507552E+001
3.2336943E+004 5.3885770E+001
3.2349128E+004 5.1387154E+001
3.2357584E+004 4.9844553E+001
3.2357584E+004 4.9844553E+001
3.2357584E+004 5.3573652E+001
3.2357584E+004 5.3573652E+001
3.2369913E+004 5.1089703E+001
3.2383498E+004 4.8722435E+001
3.2398483E+004 4.6466364E+001
3.2415034E+004 4.4316239E+001
3.2433337E+004 4.2267041E+001
3.2453604E+004 4.0313996E+001
3.2454942E+004 4.0194501E+001
3.2454942E+004 4.0194501E+001
3.2454942E+004 4.3683797E+001
3.2454942E+004 4.3683797E+001
3.2456438E+004 4.3511775E+001
3.2456438E+004 4.3511775E+001
3.2456438E+004 5.2871105E+001
3.2456438E+004 5.2871105E+001
3.2460933E+004 5.1957907E+001
3.2460933E+004 5.1957907E+001
3.2460933E+004 5.5416927E+001
3.2460933E+004 5.5416927E+001
3.2472448E+004 5.2846380E+001
3.2477192E+004 5.1885355E+001
3.2477192E+004 5.1885355E+001
3.2477192E+004 5.6150782E+001
3.2477192E+004 5.6150782E+001
3.2488406E+004 5.3545763E+001
3.2490654E+004 5.3064663E+001
3.2490654E+004 5.3064663E+001
3.2490654E+004 6.0080806E+001
3.2490654E+004 6.0080806E+001
3.2500457E+004 5.7291201E+001
3.2511229E+004 5.4632608E+001
3.2523079E+004 5.2098908E+001
3.2534367E+004 4.9989016E+001
3.2534367E+004 4.9989016E+001
3.2534367E+004 5.4458857E+001
3.2534367E+004 5.4458857E+001
3.2546293E+004 5.1933315E+001
3.2559429E+004 4.9526423E+001
3.2568020E+004 4.8123101E+001
3.2568020E+004 4.8123101E+001
3.2568020E+004 5.2862318E+001
3.2568020E+004 5.2862318E+001
3.2580689E+004 5.0411785E+001
3.2594652E+004 4.8076361E+001
3.2610061E+004 4.5850630E+001
3.2627085E+004 4.3729412E+001
3.2645919E+004 4.1707761E+001
3.2666780E+004 3.9780949E+001
3.2689917E+004 3.7944492E+001
3.2715613E+004 3.6194100E+001
3.2744187E+004 3.4525682E+001
3.2775813E+004 3.2944071E+001
3.2775813E+004 3.2944071E+001
3.2775813E+004 3.9159678E+001
3.2775813E+004 3.9159678E+001
3.2799770E+004 3.7352347E+001
3.2826386E+004 3.5629685E+001
3.2855997E+004 3.3987685E+001
3.2888982E+004 3.2422514E+001
3.2925774E+004 3.0930521E+001
3.2932658E+004 3.0675108E+001
3.2932658E+004 3.0675108E+001
3.2932658E+004 4.2650398E+001
3.2932658E+004 4.2650398E+001
3.2944399E+004 4.1448127E+001
3.2944399E+004 4.1448127E+001
3.2944399E+004 4.9313219E+001
3.2944399E+004 4.9313219E+001
3.2959014E+004 4.7029405E+001
3.2975150E+004 4.4852836E+001
3.2982464E+004 4.3962559E+001
3.2982464E+004 4.3962559E+001
3.2982464E+004 6.0592438E+001
3.2982464E+004 6.0592438E+001
3.2992104E+004 5.7778807E+001
3.3002695E+004 5.5097312E+001
3.3014344E+004 5.2541783E+001
3.3027171E+004 5.0106301E+001
3.3041311E+004 4.7785229E+001
3.3056916E+004 4.5573175E+001
3.3074161E+004 4.3464981E+001
3.3093241E+004 4.1455732E+001
3.3114380E+004 3.9540745E+001
3.3117448E+004 3.9284734E+001
3.3117448E+004 3.9284734E+001
3.3117448E+004 4.7870923E+001
3.3117448E+004 4.7870923E+001
3.3132996E+004 4.5654839E+001
3.3134028E+004 4.5518292E+001
3.3134028E+004 4.5518292E+001
3.3134028E+004 5.1664688E+001
3.3134028E+004 5.1664688E+001
3.3140219E+004 5.0502236E+001
3.3140219E+004 5.0502236E+001
3.3140219E+004 5.2670048E+001
3.3140219E+004 5.2670048E+001
3.3152982E+004 5.0228545E+001
3.3167051E+004 4.7901737E+001
3.3182577E+004 4.5684205E+001
3.3199733E+004 4.3570797E+001
3.3218714E+004 4.1556588E+001
3.3239741E+004 3.9636871E+001
3.3259893E+004 3.8038899E+001
3.3259893E+004 3.8038899E+001
3.3259893E+004 4.5112961E+001
3.3259893E+004 4.5112961E+001
3.3277513E+004 4.3026366E+001
3.3281698E+004 4.2572579E+001
3.3281698E+004 4.2572579E+001
3.3281698E+004 4.8083583E+001
3.3281698E+004 4.8083583E+001
3.3297101E+004 4.5857513E+001
3.3314120E+004 4.3735972E+001
3.3332948E+004 4.1714014E+001
3.3350617E+004 4.0061598E+001
3.3350617E+004 4.0061598E+001
3.3350617E+004 4.8569834E+001
3.3350617E+004 4.8569834E+001
3.3365701E+004 4.6320926E+001
3.3382362E+004 4.4177626E+001
3.3400788E+004 4.2134939E+001
3.3419238E+004 4.0361425E+001
3.3419238E+004 4.0361425E+001
3.3419238E+004 6.0496740E+001
3.3419238E+004 6.0496740E+001
3.3428908E+004 5.7687606E+001
3.3439533E+004 5.5010399E+001
3.3451219E+004 5.2458945E+001
3.3464087E+004 5.0027358E+001
3.3478273E+004 4.7709999E+001
3.3493930E+004 4.5501473E+001
3.3498372E+004 4.4929067E+001
3.3498372E+004 4.4929067E+001
3.3498372E+004 4.9912753E+001
3.3498372E+004 4.9912753E+001
3.3512625E+004 4.7600771E+001
3.3528358E+004 4.5397377E+001
3.3532006E+004 4.4928857E+001
3.3532006E+004 4.4928857E+001
3.3532006E+004 5.0305612E+001
3.3532006E+004 5.0305612E+001
3.3542384E+004 4.8546797E+001
3.3542384E+004 4.8546797E+001
3.3542384E+004 5.2002891E+001
3.3542384E+004 5.2002891E+001
3.3549598E+004 5.0629926E+001
3.3549598E+004 5.0629926E+001
3.3549598E+004 5.6383111E+001
3.3549598E+004 5.6383111E+001
3.3551407E+004 5.5930311E+001
3.3551407E+004 5.5930311E+001
3.3551407E+004 6.2960101E+001
3.3551407E+004 6.2960101E+001
3.3560349E+004 6.0035332E+001
3.3561455E+004 5.9699934E+001
3.3561455E+004 5.9699934E+001
3.3561455E+004 6.0661265E+001
3.3561455E+004 6.0661265E+001
3.3569947E+004 5.8152954E+001
3.3569947E+004 5.8152954E+001
3.3569947E+004 6.4503128E+001
3.3569947E+004 6.4503128E+001
3.3578477E+004 6.1505952E+001
3.3587837E+004 5.8649440E+001
3.3598119E+004 5.5927051E+001
3.3609423E+004 5.3332541E+001
3.3621865E+004 5.0859918E+001
3.3628877E+004 4.9609363E+001
3.3628877E+004 4.9609363E+001
3.3628877E+004 5.3720907E+001
3.3628877E+004 5.3720907E+001
3.3641138E+004 5.1230033E+001
3.3645738E+004 5.0380249E+001
3.3645738E+004 5.0380249E+001
3.3645738E+004 5.2449734E+001
3.3645738E+004 5.2449734E+001
3.3658610E+004 5.0018580E+001
3.3672801E+004 4.7701633E+001
3.3688464E+004 4.5493498E+001
3.3690109E+004 4.5278952E+001
3.3690109E+004 4.5278952E+001
3.3690109E+004 7.3480274E+001
3.3690109E+004 7.3480274E+001
3.3696751E+004 7.0062572E+001
3.3704025E+004 6.6804802E+001
3.3711995E+004 6.3699681E+001
3.3720736E+004 6.0740199E+001
3.3730330E+004 5.7919635E+001
3.3740870E+004 5.5231529E+001
3.3752462E+004 5.2669689E+001
3.3760114E+004 5.1161141E+001
3.3760114E+004 5.1161141E+001
3.3760114E+004 5.5532918E+001
3.3760114E+004 5.5532918E+001
3.3771580E+004 5.2956918E+001
3.3784203E+004 5.0501936E+001
3.3787327E+004 4.9944703E+001
3.3787327E+004 4.9944703E+001
3.3787327E+004 5.4145292E+001
3.3787327E+004 5.4145292E+001
3.3799393E+004 5.1634484E+001
3.3812685E+004 4.9241633E+001
3.3827187E+004 4.6983691E+001
3.3827187E+004 4.6983691E+001
3.3827187E+004 5.5425623E+001
3.3827187E+004 5.5425623E+001
3.3838698E+004 5.2854668E+001
3.3840937E+004 5.2393992E+001
3.3840937E+004 5.2393992E+001
3.3840937E+004 5.5955544E+001
3.3840937E+004 5.5955544E+001
3.3851263E+004 5.3566696E+001
3.3851263E+004 5.3566696E+001
3.3851263E+004 6.4250852E+001
3.3851263E+004 6.4250852E+001
3.3856487E+004 6.2383982E+001
3.3856487E+004 6.2383982E+001
3.3856487E+004 6.4094161E+001
3.3856487E+004 6.4094161E+001
3.3865124E+004 6.1116174E+001
3.3868776E+004 5.9971969E+001
3.3868776E+004 5.9971969E+001
3.3868776E+004 6.3639841E+001
3.3868776E+004 6.3639841E+001
3.3877532E+004 6.0683170E+001
3.3882381E+004 5.9209033E+001
3.3882381E+004 5.9209033E+001
3.3882381E+004 6.1791916E+001
3.3882381E+004 6.1791916E+001
3.3891657E+004 5.8921979E+001
3.3901844E+004 5.6186791E+001
3.3913043E+004 5.3580078E+001
3.3925369E+004 5.1095827E+001
3.3938790E+004 4.8754186E+001
3.3938790E+004 4.8754186E+001
3.3938790E+004 6.6374384E+001
3.3938790E+004 6.6374384E+001
3.3946860E+004 6.3289440E+001
3.3955712E+004 6.0349214E+001
3.3965428E+004 5.7547004E+001
3.3969444E+004 5.6494861E+001
3.3969444E+004 5.6494861E+001
3.3969444E+004 5.7963699E+001
3.3969444E+004 5.7963699E+001
3.3979969E+004 5.5273524E+001
3.3991543E+004 5.2709709E+001
3.4004287E+004 5.0266341E+001
3.4010942E+004 4.9118030E+001
3.4010942E+004 4.9118030E+001
3.4010942E+004 5.3710459E+001
3.4010942E+004 5.3710459E+001
3.4023208E+004 5.1220077E+001
3.4036721E+004 4.8846690E+001
3.4051627E+004 4.6584787E+001
3.4068090E+004 4.4429096E+001
3.4086294E+004 4.2374603E+001
3.4106449E+004 4.0416519E+001
3.4115400E+004 3.9632605E+001
3.4115400E+004 3.9632605E+001
3.4115400E+004 4.1891533E+001
3.4115400E+004 4.1891533E+001
3.4120862E+004 4.1349473E+001
3.4120862E+004 4.1349473E+001
3.4120862E+004 4.8202524E+001
3.4120862E+004 4.8202524E+001
3.4136186E+004 4.5970873E+001
3.4146511E+004 4.4634263E+001
3.4146511E+004 4.4634263E+001
3.4146511E+004 5.2160245E+001
3.4146511E+004 5.2160245E+001
3.4159530E+004 4.9742693E+001
3.4161771E+004 4.9358940E+001
3.4161771E+004 4.9358940E+001
3.4161771E+004 5.3789830E+001
3.4161771E+004 5.3789830E+001
3.4174000E+004 5.1295721E+001
3.4187473E+004 4.8918777E+001
3.4202333E+004 4.6653485E+001
3.4218744E+004 4.4494576E+001
3.4236891E+004 4.2437007E+001
3.4248861E+004 4.1231131E+001
3.4248861E+004 4.1231131E+001
3.4248861E+004 4.6293264E+001
3.4248861E+004 4.6293264E+001
3.4251879E+004 4.5880409E+001
3.4251879E+004 4.5880409E+001
3.4251879E+004 7.1977631E+001
3.4251879E+004 7.1977631E+001
3.4258788E+004 6.8630219E+001
3.4266355E+004 6.5439537E+001
3.4271318E+004 6.3566166E+001
3.4271318E+004 6.3566166E+001
3.4271318E+004 6.5027171E+001
3.4271318E+004 6.5027171E+001
3.4279716E+004 6.2005415E+001
3.4288929E+004 5.9125448E+001
3.4299047E+004 5.6380707E+001
3.4310169E+004 5.3764888E+001
3.4322409E+004 5.1271946E+001
3.4324712E+004 5.0839825E+001
3.4324712E+004 5.0839825E+001
3.4324712E+004 5.5227823E+001
3.4324712E+004 5.5227823E+001
3.4336306E+004 5.2666157E+001
3.4348075E+004 5.0402118E+001
3.4348075E+004 5.0402118E+001
3.4348075E+004 6.4118692E+001
3.4348075E+004 6.4118692E+001
3.4356705E+004 6.1139556E+001
3.4357979E+004 6.0732401E+001
3.4357979E+004 6.0732401E+001
3.4357979E+004 6.1470504E+001
3.4357979E+004 6.1470504E+001
3.4358018E+004 6.1457714E+001
3.4358018E+004 6.9259603E+001
3.4358018E+004 6.9259603E+001
3.4365454E+004 6.6039435E+001
3.4373604E+004 6.2970199E+001
3.4382544E+004 6.0044956E+001
3.4392357E+004 5.7257031E+001
3.4403142E+004 5.4600044E+001
3.4405097E+004 5.4155842E+001
3.4405097E+004 5.4155842E+001
3.4405097E+004 7.8454841E+001
3.4405097E+004 7.8454841E+001
3.4410963E+004 7.4804835E+001
3.4417383E+004 7.1325220E+001
3.4421492E+004 6.9327737E+001
3.4421492E+004 6.9327737E+001
3.4421492E+004 7.0625738E+001
3.4421492E+004 7.0625738E+001
3.4428655E+004 6.7341602E+001
3.4436503E+004 6.4211311E+001
3.4436572E+004 6.4185616E+001
3.4436572E+004 6.5509894E+001
3.4436572E+004 6.5509894E+001
3.4438966E+004 6.4582679E+001
3.4438966E+004 6.4582679E+001
3.4438966E+004 6.9499847E+001
3.4438966E+004 6.9499847E+001
3.4445701E+004 6.6534916E+001
3.4445701E+004 6.6534916E+001
3.4445701E+004 6.9686872E+001
3.4445701E+004 6.9686872E+001
3.4453050E+004 6.6446699E+001
3.4461103E+004 6.3358362E+001
3.4469936E+004 6.0414898E+001
3.4479632E+004 5.7609610E+001
3.4487827E+004 5.5517728E+001
3.4487827E+004 5.5517728E+001
3.4487827E+004 5.8449854E+001
3.4487827E+004 5.8449854E+001
3.4498178E+004 5.5736844E+001
3.4507256E+004 5.3643411E+001
3.4507256E+004 5.3643411E+001
3.4507256E+004 5.5887797E+001
3.4507256E+004 5.5887797E+001
3.4518576E+004 5.3295132E+001
3.4531036E+004 5.0824262E+001
3.4537061E+004 4.9746209E+001
3.4537061E+004 4.9746209E+001
3.4537061E+004 7.0974096E+001
3.4537061E+004 7.0974096E+001
3.4544157E+004 6.7673652E+001
3.4544911E+004 6.7347711E+001
3.4544911E+004 6.7347711E+001
3.4544911E+004 6.8901935E+001
3.4544911E+004 6.8901935E+001
3.4549313E+004 6.6967438E+001
3.4549313E+004 6.6967438E+001
3.4549313E+004 7.1613456E+001
3.4549313E+004 7.1613456E+001
3.4556288E+004 6.8283087E+001
3.4563930E+004 6.5108671E+001
3.4572307E+004 6.2083089E+001
3.4581497E+004 5.9199484E+001
3.4591590E+004 5.6451263E+001
3.4602685E+004 5.3832127E+001
3.4614894E+004 5.1336034E+001
3.4628345E+004 4.8957195E+001
3.4640856E+004 4.7022602E+001
3.4640856E+004 4.7022602E+001
3.4640856E+004 5.2799628E+001
3.4640856E+004 5.2799628E+001
3.4653555E+004 5.0352035E+001
3.4667552E+004 4.8019420E+001
3.4677422E+004 4.6559336E+001
3.4677422E+004 4.6559336E+001
3.4677422E+004 5.2665002E+001
3.4677422E+004 5.2665002E+001
3.4687885E+004 5.0636880E+001
3.4687885E+004 5.0636880E+001
3.4687885E+004 5.3914140E+001
3.4687885E+004 5.3914140E+001
3.4700056E+004 5.1414191E+001
3.4713465E+004 4.9031687E+001
3.4728254E+004 4.6761087E+001
3.4743477E+004 4.4733634E+001
3.4743477E+004 4.4733634E+001
3.4743477E+004 5.3205447E+001
3.4743477E+004 5.3205447E+001
3.4755980E+004 5.0738790E+001
3.4769758E+004 4.8388012E+001
3.4784960E+004 4.6147648E+001
3.4801753E+004 4.4012481E+001
3.4820328E+004 4.1977542E+001
3.4840899E+004 4.0038084E+001
3.4863711E+004 3.8189568E+001
3.4889040E+004 3.6427689E+001
3.4917201E+004 3.4748335E+001
3.4926535E+004 3.4243639E+001
3.4926535E+004 3.4243639E+001
3.4926535E+004 3.8383847E+001
3.4926535E+004 3.8383847E+001
3.4951580E+004 3.6612864E+001
3.4962969E+004 3.5888607E+001
3.4962969E+004 3.5888607E+001
3.4962969E+004 5.8252557E+001
3.4962969E+004 5.8252557E+001
3.4973390E+004 5.5548814E+001
3.4975822E+004 5.4968692E+001
3.4975822E+004 5.4968692E+001
3.4975822E+004 6.1344934E+001
3.4975822E+004 6.1344934E+001
3.4985231E+004 5.8495976E+001
3.4995566E+004 5.5780801E+001
3.5002397E+004 5.4178463E+001
3.5002397E+004 5.4178463E+001
3.5002397E+004 7.7432697E+001
3.5002397E+004 7.7432697E+001
3.5007694E+004 7.4232163E+001
3.5007694E+004 7.4232163E+001
3.5007694E+004 7.6059755E+001
3.5007694E+004 7.6059755E+001
3.5013915E+004 7.2521526E+001
3.5020725E+004 6.9148661E+001
3.5028184E+004 6.5933694E+001
3.5036359E+004 6.2869420E+001
3.5045327E+004 5.9948900E+001
3.5055172E+004 5.7165489E+001
3.5065991E+004 5.4512806E+001
3.5077893E+004 5.1984728E+001
3.5091002E+004 4.9575418E+001
3.5095321E+004 4.8851727E+001
3.5095321E+004 4.8851727E+001
3.5095321E+004 5.0483145E+001
3.5095321E+004 5.0483145E+001
3.5109244E+004 4.8144376E+001
3.5110130E+004 4.8006115E+001
3.5110130E+004 4.8006115E+001
3.5110130E+004 5.0863771E+001
3.5110130E+004 5.0863771E+001
3.5119649E+004 4.9189106E+001
3.5119649E+004 4.9189106E+001
3.5119649E+004 5.3299654E+001
3.5119649E+004 5.3299654E+001
3.5132107E+004 5.0828573E+001
3.5145836E+004 4.8473573E+001
3.5160982E+004 4.6229191E+001
3.5177713E+004 4.4090202E+001
3.5179549E+004 4.3873174E+001
3.5179549E+004 4.3873174E+001
3.5179549E+004 6.7155330E+001
3.5179549E+004 6.7155330E+001
3.5187439E+004 6.4033778E+001
3.5187911E+004 6.3859858E+001
3.5187911E+004 7.2802208E+001
3.5187911E+004 7.2802208E+001
3.5194671E+004 6.9416216E+001
3.5202075E+004 6.6188718E+001
3.5204873E+004 6.5076158E+001
3.5204873E+004 6.5076158E+001
3.5204873E+004 7.4639476E+001
3.5204873E+004 7.4639476E+001
3.5211320E+004 7.1167595E+001
3.5218380E+004 6.7858086E+001
3.5223493E+004 6.5720826E+001
3.5223493E+004 6.5720826E+001
3.5223493E+004 6.9206744E+001
3.5223493E+004 6.9206744E+001
3.5230940E+004 6.5989054E+001
3.5239102E+004 6.2922182E+001
3.5248054E+004 5.9999191E+001
3.5250810E+004 5.9175532E+001
3.5250810E+004 5.9175532E+001
3.5250810E+004 6.4027070E+001
3.5250810E+004 6.4027070E+001
3.5259464E+004 6.1052225E+001
3.5268961E+004 5.8217010E+001
3.5279395E+004 5.5514938E+001
3.5286576E+004 5.3857716E+001
3.5286576E+004 5.3857716E+001
3.5286576E+004 5.7676740E+001
3.5286576E+004 5.7676740E+001
3.5297205E+004 5.5000044E+001
3.5308895E+004 5.2449077E+001
3.5314620E+004 5.1321759E+001
3.5314620E+004 5.1321759E+001
3.5314620E+004 5.4192096E+001
3.5314620E+004 5.4192096E+001
3.5326666E+004 5.1679088E+001
3.5339934E+004 4.9284139E+001
3.5354566E+004 4.7001687E+001
3.5370723E+004 4.4826421E+001
3.5378264E+004 4.3910998E+001
3.5378264E+004 4.3910998E+001
3.5378264E+004 5.2234669E+001
3.5378264E+004 5.2234669E+001
3.5391245E+004 4.9813617E+001
3.5405557E+004 4.7506296E+001
3.5413926E+004 4.6298720E+001
3.5413926E+004 4.6298720E+001
3.5413926E+004 4.7534718E+001
3.5413926E+004 4.7534718E+001
3.5421002E+004 4.6505277E+001
3.5421002E+004 4.6505277E+001
3.5421002E+004 5.1607893E+001
3.5421002E+004 5.1607893E+001
3.5434308E+004 4.9216288E+001
3.5448982E+004 4.6937019E+001
3.5465186E+004 4.4764793E+001
3.5478576E+004 4.3186811E+001
3.5478576E+004 4.3186811E+001
3.5478576E+004 4.5974402E+001
3.5478576E+004 4.5974402E+001
3.5486135E+004 4.4983146E+001
3.5486135E+004 4.4983146E+001
3.5486135E+004 5.6097215E+001
3.5486135E+004 5.6097215E+001
3.5497371E+004 5.3494715E+001
3.5509737E+004 5.1014466E+001
3.5523362E+004 4.8650737E+001
3.5538394E+004 4.6398036E+001
3.5549810E+004 4.4885892E+001
3.5549810E+004 4.4885892E+001
3.5549810E+004 7.4149859E+001
3.5549810E+004 7.4149859E+001
3.5556338E+004 7.0700854E+001
3.5563487E+004 6.7413198E+001
3.5571319E+004 6.4279555E+001
3.5579907E+004 6.1292866E+001
3.5581398E+004 6.0813985E+001
3.5581398E+004 6.0813985E+001
3.5581398E+004 6.5412772E+001
3.5581398E+004 6.5412772E+001
3.5589699E+004 6.2372926E+001
3.5598806E+004 5.9475716E+001
3.5608807E+004 5.6714523E+001
3.5619799E+004 5.4083020E+001
3.5631893E+004 5.1575141E+001
3.5636074E+004 5.0785110E+001
3.5636074E+004 5.0785110E+001
3.5636074E+004 5.4671712E+001
3.5636074E+004 5.4671712E+001
3.5636645E+004 5.4540275E+001
3.5636645E+004 5.4540275E+001
3.5636645E+004 7.7762636E+001
3.5636645E+004 7.7762636E+001
3.5642611E+004 7.4144921E+001
3.5649140E+004 7.0696147E+001
3.5653620E+004 6.8579800E+001
3.5653620E+004 6.8579800E+001
3.5653620E+004 6.9990002E+001
3.5653620E+004 6.9990002E+001
3.5660909E+004 6.6735633E+001
3.5668895E+004 6.3633750E+001
3.5677653E+004 6.0677364E+001
3.5687267E+004 5.7859753E+001
3.5697829E+004 5.5174453E+001
3.5709445E+004 5.2615296E+001
3.5722235E+004 5.0176368E+001
3.5735626E+004 4.7960406E+001
3.5735626E+004 4.7960406E+001
3.5735626E+004 6.0637730E+001
3.5735626E+004 6.0637730E+001
3.5745251E+004 5.7821976E+001
3.5755827E+004 5.5138452E+001
3.5765827E+004 5.2916748E+001
3.5765827E+004 5.2916748E+001
3.5765827E+004 5.6565759E+001
3.5765827E+004 5.6565759E+001
3.5776877E+004 5.3941240E+001
3.5789036E+004 5.1440016E+001
3.5802431E+004 4.9056298E+001
3.5817205E+004 4.6784547E+001
3.5820649E+004 4.6298771E+001
3.5820649E+004 4.6298771E+001
3.5820649E+004 5.4135543E+001
3.5820649E+004 5.4135543E+001
3.5830988E+004 5.1962399E+001
3.5830988E+004 5.1962399E+001
3.5830988E+004 6.0239097E+001
3.5830988E+004 6.0239097E+001
3.5836269E+004 5.8672311E+001
3.5836269E+004 5.8672311E+001
3.5836269E+004 6.3111993E+001
3.5836269E+004 6.3111993E+001
3.5845169E+004 6.0180090E+001
3.5854940E+004 5.7385825E+001
3.5861403E+004 5.5734788E+001
3.5861403E+004 5.5734788E+001
3.5861403E+004 5.6903963E+001
3.5861403E+004 5.6903963E+001
3.5872322E+004 5.4263565E+001
3.5884335E+004 5.1747196E+001
3.5897567E+004 4.9349045E+001
3.5912160E+004 4.7063546E+001
3.5928272E+004 4.4885378E+001
3.5937651E+004 4.3751381E+001
3.5937651E+004 4.3751381E+001
3.5937651E+004 4.6646067E+001
3.5937651E+004 4.6646067E+001
3.5954068E+004 4.4487506E+001
3.5972221E+004 4.2430269E+001
3.5974460E+004 4.2196080E+001
3.5974460E+004 4.2196080E+001
3.5974460E+004 4.7605555E+001
3.5974460E+004 4.7605555E+001
3.5990189E+004 4.5401935E+001
3.5994546E+004 4.4844067E+001
3.5994546E+004 4.4844067E+001
3.5994546E+004 6.8328437E+001
3.5994546E+004 6.8328437E+001
3.6002089E+004 6.5185955E+001
3.6002089E+004 6.5185955E+001
3.6002089E+004 6.7389021E+001
3.6002089E+004 6.7389021E+001
3.6009927E+004 6.4256506E+001
3.6018521E+004 6.1270899E+001
3.6027952E+004 5.8425420E+001
3.6034134E+004 5.6758380E+001
3.6034134E+004 5.6758380E+001
3.6034134E+004 5.8793157E+001
3.6034134E+004 5.8793157E+001
3.6044365E+004 5.6064024E+001
3.6050599E+004 5.4574114E+001
3.6050599E+004 5.4574114E+001
3.6050599E+004 5.8246642E+001
3.6050599E+004 5.8246642E+001
3.6055248E+004 5.6990272E+001
3.6055248E+004 5.6990272E+001
3.6055248E+004 5.8447859E+001
3.6055248E+004 5.8447859E+001
3.6065600E+004 5.5734942E+001
3.6076982E+004 5.3149453E+001
3.6082285E+004 5.2060560E+001
3.6082285E+004 5.2060560E+001
3.6082285E+004 5.5476935E+001
3.6082285E+004 5.5476935E+001
3.6093774E+004 5.2903567E+001
3.6106422E+004 5.0451094E+001
3.6120363E+004 4.8113833E+001
3.6135747E+004 4.5886341E+001
3.6152743E+004 4.3763444E+001
3.6171545E+004 4.1740195E+001
3.6177564E+004 4.1150747E+001
3.6177564E+004 4.1150747E+001
3.6177564E+004 4.6394070E+001
3.6177564E+004 4.6394070E+001
3.6183489E+004 4.5589176E+001
3.6183489E+004 4.5589176E+001
3.6183489E+004 6.2115177E+001
3.6183489E+004 6.2115177E+001
3.6192670E+004 5.9230064E+001
3.6202753E+004 5.6480406E+001
3.6213836E+004 5.3859899E+001
3.6226033E+004 5.1362501E+001
3.6235600E+004 4.9630643E+001
3.6235600E+004 4.9630643E+001
3.6235600E+004 5.3436103E+001
3.6235600E+004 5.3436103E+001
3.6247993E+004 5.0958610E+001
3.6252052E+004 5.0218475E+001
3.6252052E+004 5.0218475E+001
3.6252052E+004 5.3755455E+001
3.6252052E+004 5.3755455E+001
3.6264296E+004 5.1262957E+001
3.6277787E+004 4.8887554E+001
3.6282402E+004 4.8147316E+001
3.6282402E+004 4.8147316E+001
3.6282402E+004 5.3128395E+001
3.6282402E+004 5.3128395E+001
3.6294942E+004 5.0665361E+001
3.6308762E+004 4.8318030E+001
3.6324010E+004 4.6080950E+001
3.6340854E+004 4.3948918E+001
3.6345292E+004 4.3435273E+001
3.6345292E+004 4.3435273E+001
3.6345292E+004 5.7857765E+001
3.6345292E+004 5.7857765E+001
3.6355855E+004 5.5172559E+001
3.6367472E+004 5.2613492E+001
3.6368689E+004 5.2365103E+001
3.6368689E+004 5.2365103E+001
3.6368689E+004 6.1619076E+001
3.6368689E+004 6.1619076E+001
3.6372703E+004 6.0334722E+001
3.6372703E+004 6.0334722E+001
3.6372703E+004 6.1170422E+001
3.6372703E+004 6.1170422E+001
3.6382165E+004 5.8329653E+001
3.6392558E+004 5.5622286E+001
3.6403987E+004 5.3042094E+001
3.6416569E+004 5.0583110E+001
3.6430435E+004 4.8239641E+001
3.6431252E+004 4.8111330E+001
3.6431252E+004 4.8111330E+001
3.6431252E+004 5.9107581E+001
3.6431252E+004 5.9107581E+001
3.6441376E+004 5.6363679E+001
3.6452505E+004 5.3748661E+001
3.6455047E+004 5.3199678E+001
3.6455047E+004 5.3199678E+001
3.6455047E+004 6.2038694E+001
3.6455047E+004 6.2038694E+001
3.6464250E+004 5.9157166E+001
3.6464456E+004 5.9097101E+001
3.6464456E+004 6.1139886E+001
3.6464456E+004 6.1139886E+001
3.6473927E+004 5.8300551E+001
3.6483049E+004 5.5906362E+001
3.6483049E+004 5.5906362E+001
3.6483049E+004 6.7807205E+001
3.6483049E+004 6.7807205E+001
3.6490794E+004 6.4655097E+001
3.6499285E+004 6.1650787E+001
3.6508602E+004 5.8787470E+001
3.6513071E+004 5.7545263E+001
3.6513071E+004 5.7545263E+001
3.6513071E+004 6.4486653E+001
3.6513071E+004 6.4486653E+001
3.6521605E+004 6.1490251E+001
3.6530971E+004 5.8634474E+001
3.6541257E+004 5.5912789E+001
3.6552567E+004 5.3318948E+001
3.6563040E+004 5.1214432E+001
3.6563040E+004 5.1214432E+001
3.6563040E+004 5.3901819E+001
3.6563040E+004 5.3901819E+001
3.6575218E+004 5.1402449E+001
3.6588633E+004 4.9020497E+001
3.6603429E+004 4.6750423E+001
3.6619769E+004 4.4586957E+001
3.6627639E+004 4.3648552E+001
3.6627639E+004 4.3648552E+001
3.6627639E+004 5.4303439E+001
3.6627639E+004 5.4303439E+001
3.6639634E+004 5.1785205E+001
3.6652847E+004 4.9385266E+001
3.6667417E+004 4.7098064E+001
3.6670629E+004 4.6635193E+001
3.6670629E+004 4.6635193E+001
3.6670629E+004 5.1947146E+001
3.6670629E+004 5.1947146E+001
3.6683757E+004 4.9539603E+001
3.6698234E+004 4.7245156E+001
3.6714216E+004 4.5058456E+001
3.6723688E+004 4.3900171E+001
3.6723688E+004 4.3900171E+001
3.6723688E+004 4.9446921E+001
3.6723688E+004 4.9446921E+001
3.6738221E+004 4.7156820E+001
3.6750404E+004 4.5468831E+001
3.6750404E+004 4.5468831E+001
3.6750404E+004 5.1507503E+001
3.6750404E+004 5.1507503E+001
3.6763763E+004 4.9120612E+001
3.6778497E+004 4.6845842E+001
3.6794767E+004 4.4677896E+001
3.6798361E+004 4.4238509E+001
3.6798361E+004 4.4238509E+001
3.6798361E+004 5.2422307E+001
3.6798361E+004 5.2422307E+001
3.6811247E+004 4.9992443E+001
3.6825453E+004 4.7676725E+001
3.6841134E+004 4.5469760E+001
3.6858462E+004 4.3366420E+001
3.6877635E+004 4.1361801E+001
3.6879267E+004 4.1203948E+001
3.6879267E+004 4.1203948E+001
3.6879267E+004 4.7891808E+001
3.6879267E+004 4.7891808E+001
3.6894800E+004 4.5674743E+001
3.6911963E+004 4.3561780E+001
3.6930953E+004 4.1547994E+001
3.6941664E+004 4.0532243E+001
3.6941664E+004 4.0532243E+001
3.6941664E+004 4.7363179E+001
3.6941664E+004 4.7363179E+001
3.6957563E+004 4.5170943E+001
3.6971679E+004 4.3466949E+001
3.6971679E+004 4.3466949E+001
3.6971679E+004 4.7113554E+001
3.6971679E+004 4.7113554E+001
3.6987755E+004 4.4933041E+001
3.6998227E+004 4.3668918E+001
3.6998227E+004 4.3668918E+001
3.6998227E+004 4.7714647E+001
3.6998227E+004 4.7714647E+001
3.7013881E+004 4.5505904E+001
3.7019453E+004 4.4791371E+001
3.7019453E+004 4.4791371E+001
3.7019453E+004 4.7766088E+001
3.7019453E+004 4.7766088E+001
3.7023652E+004 4.7137327E+001
3.7023652E+004 4.7137327E+001
3.7023652E+004 5.9701655E+001
3.7023652E+004 5.9701655E+001
3.7033577E+004 5.6929854E+001
3.7044486E+004 5.4288238E+001
3.7051243E+004 5.2823831E+001
3.7051243E+004 5.2823831E+001
3.7051243E+004 5.8135314E+001
3.7051243E+004 5.8135314E+001
3.7061706E+004 5.5437071E+001
3.7062007E+004 5.5364612E+001
3.7062007E+004 5.9043051E+001
3.7062007E+004 5.9043051E+001
3.7072153E+004 5.6302183E+001
3.7073911E+004 5.5863855E+001
3.7073911E+004 5.5863855E+001
3.7073911E+004 5.8837771E+001
3.7073911E+004 5.8837771E+001
3.7084127E+004 5.6106540E+001
3.7085170E+004 5.5847674E+001
3.7085170E+004 5.5847674E+001
3.7085170E+004 6.7785948E+001
3.7085170E+004 6.7785948E+001
3.7092920E+004 6.4634837E+001
3.7101417E+004 6.1631477E+001
3.7110740E+004 5.8769067E+001
3.7120980E+004 5.6041067E+001
3.7132238E+004 5.3441195E+001
3.7144629E+004 5.0963463E+001
3.7158282E+004 4.8602132E+001
3.7173345E+004 4.6351710E+001
3.7189983E+004 4.4206963E+001
3.7208383E+004 4.2162897E+001
3.7228758E+004 4.0214745E+001
3.7251350E+004 3.8357946E+001
3.7276432E+004 3.6588179E+001
3.7301835E+004 3.5040359E+001
3.7301835E+004 3.5040359E+001
3.7301835E+004 5.6320032E+001
3.7301835E+004 5.6320032E+001
3.7312982E+004 5.3707058E+001
3.7325249E+004 5.1216836E+001
3.7331964E+004 4.9991963E+001
3.7331964E+004 4.9991963E+001
3.7331964E+004 6.1749689E+001
3.7331964E+004 6.1749689E+001
3.7341252E+004 5.8881727E+001
3.7351453E+004 5.6148431E+001
3.7354247E+004 5.5461993E+001
3.7354247E+004 5.5461993E+001
3.7354247E+004 5.6100120E+001
3.7354247E+004 5.6100120E+001
3.7365481E+004 5.3497483E+001
3.7366005E+004 5.3384577E+001
3.7366005E+004 5.3384577E+001
3.7366005E+004 5.5985934E+001
3.7366005E+004 5.5985934E+001
3.7377285E+004 5.3388655E+001
3.7389701E+004 5.0913394E+001
3.7397703E+004 4.9489772E+001
3.7397703E+004 4.9489772E+001
3.7397703E+004 5.3495781E+001
3.7397703E+004 5.3495781E+001
3.7410068E+004 5.1015482E+001
3.7423693E+004 4.8651705E+001
3.7438724E+004 4.6398959E+001
3.7455326E+004 4.4251990E+001
3.7472860E+004 4.2291049E+001
3.7472860E+004 4.2291049E+001
3.7472860E+004 4.6323483E+001
3.7472860E+004 4.6323483E+001
3.7486549E+004 4.4537990E+001
3.7486549E+004 4.4537990E+001
3.7486549E+004 6.1929140E+001
3.7486549E+004 6.1929140E+001
3.7495784E+004 5.9052756E+001
3.7501185E+004 5.7541790E+001
3.7501185E+004 5.7541790E+001
3.7501185E+004 5.9567572E+001
3.7501185E+004 5.9567572E+001
3.7511155E+004 5.6802072E+001
3.7518851E+004 5.4909694E+001
3.7518851E+004 5.4909694E+001
3.7518851E+004 6.6978913E+001
3.7518851E+004 6.6978913E+001
3.7526782E+004 6.3865627E+001
3.7535478E+004 6.0898363E+001
3.7545023E+004 5.8070368E+001
3.7551067E+004 5.6467396E+001
3.7551067E+004 5.6467396E+001
3.7551067E+004 5.9455885E+001
3.7551067E+004 5.9455885E+001
3.7561074E+004 5.6695624E+001
3.7572074E+004 5.4065010E+001
3.7584176E+004 5.1557977E+001
3.7587766E+004 5.0878014E+001
3.7587766E+004 5.0878014E+001
3.7587766E+004 5.5101900E+001
3.7587766E+004 5.5101900E+001
3.7599414E+004 5.2546155E+001
3.7612238E+004 5.0110467E+001
3.7618275E+004 4.9075161E+001
3.7618275E+004 4.9075161E+001
3.7618275E+004 6.5150122E+001
3.7618275E+004 6.5150122E+001
3.7626641E+004 6.2122594E+001
3.7635821E+004 5.9237133E+001
3.7645901E+004 5.6487144E+001
3.7656981E+004 5.3866321E+001
3.7669175E+004 5.1368620E+001
3.7682608E+004 4.8988254E+001
3.7697425E+004 4.6719696E+001
3.7713787E+004 4.4557674E+001
3.7731879E+004 4.2497152E+001
3.7738054E+004 4.1857941E+001
3.7738054E+004 4.1857941E+001
3.7738054E+004 5.1447858E+001
3.7738054E+004 5.1447858E+001
3.7751445E+004 4.9063771E+001
3.7766214E+004 4.6791671E+001
3.7782524E+004 4.4626266E+001
3.7800557E+004 4.2562520E+001
3.7820520E+004 4.0595620E+001
3.7841362E+004 3.8821931E+001
3.7841362E+004 3.8821931E+001
3.7841362E+004 4.4673939E+001
3.7841362E+004 4.4673939E+001
3.7859354E+004 4.2607953E+001
3.7879271E+004 4.0638919E+001
3.7901349E+004 3.8762241E+001
3.7925853E+004 3.6973525E+001
3.7953085E+004 3.5268609E+001
3.7980285E+004 3.3797924E+001
3.7980285E+004 3.3797924E+001
3.7980285E+004 4.0342906E+001
3.7980285E+004 4.0342906E+001
3.8002720E+004 3.8480103E+001
3.8027625E+004 3.6704616E+001
3.8046732E+004 3.5507190E+001
3.8046732E+004 3.5507190E+001
3.8046732E+004 4.4805771E+001
3.8046732E+004 4.4805771E+001
3.8053206E+004 4.4017325E+001
3.8053206E+004 4.4017325E+001
3.8053206E+004 4.9888788E+001
3.8053206E+004 4.9888788E+001
3.8067473E+004 4.7577933E+001
3.8083222E+004 4.5375612E+001
3.8100626E+004 4.3276697E+001
3.8119886E+004 4.1276281E+001
3.8141225E+004 3.9369710E+001
3.8164899E+004 3.7552533E+001
3.8182874E+004 3.6338435E+001
3.8182874E+004 3.6338435E+001
3.8182874E+004 3.9147384E+001
3.8182874E+004 3.9147384E+001
3.8186917E+004 3.8821728E+001
3.8186917E+004 3.8821728E+001
3.8186917E+004 4.3987114E+001
3.8186917E+004 4.3987114E+001
3.8205514E+004 4.1953367E+001
3.8226111E+004 4.0015043E+001
3.8248952E+004 3.8167608E+001
3.8274313E+004 3.6406760E+001
3.8302511E+004 3.4728387E+001
3.8319812E+004 3.3813917E+001
3.8319812E+004 3.3813917E+001
3.8319812E+004 4.8176389E+001
3.8319812E+004 4.8176389E+001
3.8322582E+004 4.7747554E+001
3.8322582E+004 4.7747554E+001
3.8322582E+004 4.8784453E+001
3.8322582E+004 4.8784453E+001
3.8337528E+004 4.6525466E+001
3.8352202E+004 4.4595321E+001
3.8352202E+004 4.4595321E+001
3.8352202E+004 4.7992869E+001
3.8352202E+004 4.7992869E+001
3.8367666E+004 4.5771064E+001
3.8384753E+004 4.3653577E+001
3.8391129E+004 4.2936772E+001
3.8391129E+004 4.2936772E+001
3.8391129E+004 5.0915837E+001
3.8391129E+004 5.0915837E+001
3.8404809E+004 4.8556745E+001
3.8419901E+004 4.6308452E+001
3.8431790E+004 4.4746379E+001
3.8431790E+004 4.4746379E+001
3.8431790E+004 4.8880562E+001
3.8431790E+004 4.8880562E+001
3.8446674E+004 4.6617068E+001
3.8463113E+004 4.4459860E+001
3.8481290E+004 4.2403922E+001
3.8491095E+004 4.1410167E+001
3.8491095E+004 4.1410167E+001
3.8491095E+004 5.3603498E+001
3.8491095E+004 5.3603498E+001
3.8503410E+004 5.1118145E+001
3.8516978E+004 4.8749542E+001
3.8531946E+004 4.6492196E+001
3.8532892E+004 4.6359767E+001
3.8532892E+004 4.6359767E+001
3.8532892E+004 4.9469777E+001
3.8532892E+004 4.9469777E+001
3.8533249E+004 4.9409155E+001
3.8533249E+004 7.6744164E+001
3.8533249E+004 7.6744164E+001
3.8539365E+004 7.3173982E+001
3.8540942E+004 7.2326766E+001
3.8540942E+004 7.2326766E+001
3.8540942E+004 7.4045567E+001
3.8540942E+004 7.4045567E+001
3.8547488E+004 7.0601440E+001
3.8554656E+004 6.7318439E+001
3.8562509E+004 6.4189235E+001
3.8571121E+004 6.1206786E+001
3.8580571E+004 5.8364316E+001
3.8589928E+004 5.5904992E+001
3.8589928E+004 5.5904992E+001
3.8589928E+004 5.9675349E+001
3.8589928E+004 5.9675349E+001
3.8599163E+004 5.7086345E+001
3.8599163E+004 5.7086345E+001
3.8599163E+004 5.9650576E+001
3.8599163E+004 5.9650576E+001
3.8609106E+004 5.6881175E+001
3.8620033E+004 5.4241848E+001
3.8632056E+004 5.1726500E+001
3.8645300E+004 4.9329322E+001
3.8659904E+004 4.7044750E+001
3.8676030E+004 4.4867460E+001
3.8693856E+004 4.2792391E+001
3.8713589E+004 4.0814704E+001
3.8735459E+004 3.8929785E+001
3.8759729E+004 3.7133219E+001
3.8786700E+004 3.5420824E+001
3.8816709E+004 3.3788603E+001
3.8850144E+004 3.2232747E+001
3.8887444E+004 3.0749611E+001
3.8929109E+004 2.9335753E+001
3.8934151E+004 2.9178537E+001
3.8934151E+004 2.9178537E+001
3.8934151E+004 3.6978940E+001
3.8934151E+004 3.6978940E+001
3.8939867E+004 3.6597311E+001
3.8939867E+004 3.6597311E+001
3.8939867E+004 7.2337090E+001
3.8939867E+004 7.2337090E+001
3.8946710E+004 6.8972859E+001
3.8954206E+004 6.5766126E+001
3.8962421E+004 6.2709706E+001
3.8971433E+004 5.9796687E+001
3.8981328E+004 5.7020423E+001
3.8992202E+004 5.4374549E+001
3.9004123E+004 5.1861333E+001
3.9004123E+004 5.1861333E+001
3.9004123E+004 5.7997000E+001
3.9004123E+004 5.7997000E+001
3.9014635E+004 5.5305259E+001
3.9019628E+004 5.4149455E+001
3.9019628E+004 5.4149455E+001
3.9019628E+004 6.3050585E+001
3.9019628E+004 6.3050585E+001
3.9021745E+004 6.2315205E+001
3.9021745E+004 6.2315205E+001
3.9021745E+004 6.8968479E+001
3.9021745E+004 6.8968479E+001
3.9022762E+004 6.8505191E+001
3.9022762E+004 6.8505191E+001
3.9022762E+004 8.2042089E+001
3.9022762E+004 8.2042089E+001
3.9028153E+004 7.8224986E+001
3.9034052E+004 7.4585709E+001
3.9040508E+004 7.1116331E+001
3.9047577E+004 6.7809223E+001
3.9055322E+004 6.4657020E+001
3.9063813E+004 6.1652620E+001
3.9073129E+004 5.8789217E+001
3.9080803E+004 5.6704758E+001
3.9080803E+004 5.6704758E+001
3.9080803E+004 7.7554292E+001
3.9080803E+004 7.7554292E+001
3.9086799E+004 7.3946299E+001
3.9093361E+004 7.0506816E+001
3.9094484E+004 6.9962267E+001
3.9094484E+004 6.9962267E+001
3.9094484E+004 7.2417223E+001
3.9094484E+004 7.2417223E+001
3.9101313E+004 6.9049241E+001
3.9108792E+004 6.5838936E+001
3.9116990E+004 6.2779098E+001
3.9125983E+004 5.9862820E+001
3.9135856E+004 5.7083455E+001
3.9146706E+004 5.4434618E+001
3.9158643E+004 5.1910216E+001
3.9171791E+004 4.9504410E+001
3.9184749E+004 4.7438558E+001
3.9184749E+004 4.7438558E+001
3.9184749E+004 5.4801279E+001
3.9184749E+004 5.4801279E+001
3.9196525E+004 5.2259655E+001
3.9209494E+004 4.9837429E+001
3.9223791E+004 4.7528989E+001
3.9231922E+004 4.6352712E+001
3.9231922E+004 4.6352712E+001
3.9231922E+004 7.2613332E+001
3.9231922E+004 7.2613332E+001
3.9238716E+004 6.9236181E+001
3.9246157E+004 6.6017111E+001
3.9249882E+004 6.4559127E+001
3.9249882E+004 6.4559127E+001
3.9249882E+004 6.8369426E+001
3.9249882E+004 6.8369426E+001
3.9257505E+004 6.5190970E+001
3.9265861E+004 6.2161525E+001
3.9275029E+004 5.9274235E+001
3.9285097E+004 5.6522511E+001
3.9294580E+004 5.4251349E+001
3.9294580E+004 5.4251349E+001
3.9294580E+004 5.7647958E+001
3.9294580E+004 5.7647958E+001
3.9305220E+004 5.4972612E+001
3.9316922E+004 5.2422935E+001
3.9329808E+004 4.9993041E+001
3.9344014E+004 4.7677296E+001
3.9345616E+004 4.7435637E+001
3.9345616E+004 4.7435637E+001
3.9345616E+004 5.0981299E+001
3.9345616E+004 5.0981299E+001
3.9359260E+004 4.8619129E+001
3.9374312E+004 4.6367913E+001
3.9390937E+004 4.4222404E+001
3.9400234E+004 4.3147985E+001
3.9400234E+004 4.3147985E+001
3.9400234E+004 5.3666151E+001
3.9400234E+004 5.3666151E+001
3.9404517E+004 5.2755154E+001
3.9404517E+004 5.2755154E+001
3.9404517E+004 5.9240624E+001
3.9404517E+004 5.9240624E+001
3.9414596E+004 5.6490471E+001
3.9425676E+004 5.3869492E+001
3.9437868E+004 5.1371642E+001
3.9451299E+004 4.8991134E+001
3.9466114E+004 4.6722441E+001
3.9476718E+004 4.5282679E+001
3.9476718E+004 4.5282679E+001
3.9476718E+004 4.8771927E+001
3.9476718E+004 4.8771927E+001
3.9491672E+004 4.6513528E+001
3.9497905E+004 4.5661288E+001
3.9497905E+004 4.5661288E+001
3.9497905E+004 5.3840061E+001
3.9497905E+004 5.3840061E+001
3.9505879E+004 5.2166222E+001
3.9505879E+004 5.2166222E+001
3.9505879E+004 6.1699141E+001
3.9505879E+004 6.1699141E+001
3.9514869E+004 5.8923337E+001
3.9514869E+004 5.8923337E+001
3.9514869E+004 6.2688055E+001
3.9514869E+004 6.2688055E+001
3.9523887E+004 5.9776054E+001
3.9533788E+004 5.7000755E+001
3.9544670E+004 5.4355807E+001
3.9549711E+004 5.3247477E+001
3.9549711E+004 5.3247477E+001
3.9549711E+004 5.6283165E+001
3.9549711E+004 5.6283165E+001
3.9560872E+004 5.3671922E+001
3.9573155E+004 5.1183352E+001
3.9586688E+004 4.8811692E+001
3.9601617E+004 4.6551424E+001
3.9603679E+004 4.6263146E+001
3.9603679E+004 4.6263146E+001
3.9603679E+004 5.1674692E+001
3.9603679E+004 5.1674692E+001
3.9616949E+004 4.9279950E+001
3.9631584E+004 4.6997693E+001
3.9647744E+004 4.4822615E+001
3.9665608E+004 4.2749654E+001
3.9685383E+004 4.0773975E+001
3.9707301E+004 3.8890955E+001
3.9731626E+004 3.7096211E+001
3.9758656E+004 3.5385553E+001
3.9764020E+004 3.5074638E+001
3.9764020E+004 3.5074638E+001
3.9764020E+004 3.8167107E+001
3.9764020E+004 3.8167107E+001
3.9786784E+004 3.6573758E+001
3.9786784E+004 3.6573758E+001
3.9786784E+004 4.0358361E+001
3.9786784E+004 4.0358361E+001
3.9809200E+004 3.8494832E+001
3.9820043E+004 3.7685202E+001
3.9820043E+004 3.7685202E+001
3.9820043E+004 4.2709979E+001
3.9820043E+004 4.2709979E+001
3.9832158E+004 4.1465935E+001
3.9832158E+004 4.1465935E+001
3.9832158E+004 5.2647678E+001
3.9832158E+004 5.2647678E+001
3.9844932E+004 5.0207227E+001
3.9859013E+004 4.7881418E+001
3.9874553E+004 4.5664842E+001
3.9891725E+004 4.3552344E+001
3.9893406E+004 4.3361009E+001
3.9893406E+004 4.3361009E+001
3.9893406E+004 5.2790241E+001
3.9893406E+004 5.2790241E+001
3.9895683E+004 5.2323514E+001
3.9895683E+004 5.2323514E+001
3.9895683E+004 6.2759598E+001
3.9895683E+004 6.2759598E+001
3.9904681E+004 5.9844236E+001
3.9914560E+004 5.7065744E+001
3.9925417E+004 5.4417740E+001
3.9937362E+004 5.1894132E+001
3.9950518E+004 4.9489082E+001
3.9965025E+004 4.7196999E+001
3.9965318E+004 4.7153861E+001
3.9965318E+004 5.0573373E+001
3.9965318E+004 5.0573373E+001
3.9979189E+004 4.8230362E+001
3.9994495E+004 4.5997403E+001
4.0011405E+004 4.3869294E+001
4.0015987E+004 4.3342309E+001
4.0015987E+004 4.3342309E+001
4.0015987E+004 5.8979082E+001
4.0015987E+004 5.8979082E+001
4.0026154E+004 5.6241214E+001
4.0032804E+004 5.4641455E+001
4.0032804E+004 5.4641455E+001
4.0032804E+004 5.5574112E+001
4.0032804E+004 5.5574112E+001
4.0044253E+004 5.2996186E+001
4.0056857E+004 5.0539358E+001
4.0065456E+004 4.9047481E+001
4.0065456E+004 4.9047481E+001
4.0065456E+004 5.3206706E+001
4.0065456E+004 5.3206706E+001
4.0069694E+004 5.2327835E+001
4.0069694E+004 5.2327835E+001
4.0069694E+004 5.5792317E+001
4.0069694E+004 5.5792317E+001
4.0081053E+004 5.3204132E+001
4.0093557E+004 5.0737536E+001
4.0107336E+004 4.8386817E+001
4.0120507E+004 4.6426100E+001
4.0120507E+004 4.6426100E+001
4.0120507E+004 5.0085579E+001
4.0120507E+004 5.0085579E+001
4.0125897E+004 4.9159279E+001
4.0125897E+004 4.9159279E+001
4.0125897E+004 6.4258370E+001
4.0125897E+004 6.4258370E+001
4.0134491E+004 6.1272675E+001
4.0143921E+004 5.8427113E+001
4.0145275E+004 5.8049127E+001
4.0145275E+004 5.8049127E+001
4.0145275E+004 6.1953328E+001
4.0145275E+004 6.1953328E+001
4.0149849E+004 6.0473501E+001
4.0149849E+004 6.0473501E+001
4.0149849E+004 6.6410340E+001
4.0149849E+004 6.6410340E+001
4.0149971E+004 6.6359949E+001
4.0149971E+004 6.7965731E+001
4.0149971E+004 6.7965731E+001
4.0157682E+004 6.4806188E+001
4.0166134E+004 6.1794795E+001
4.0175409E+004 5.8924723E+001
4.0181956E+004 5.7119868E+001
4.0181956E+004 5.7119868E+001
4.0181956E+004 5.9936316E+001
4.0181956E+004 5.9936316E+001
4.0191805E+004 5.7153496E+001
4.0202629E+004 5.4501377E+001
4.0214536E+004 5.1973837E+001
4.0227651E+004 4.9565039E+001
4.0242112E+004 4.7269396E+001
4.0258077E+004 4.5081559E+001
4.0275724E+004 4.2996440E+001
4.0276455E+004 4.2916198E+001
4.0276455E+004 4.2916198E+001
4.0276455E+004 5.1577979E+001
4.0276455E+004 5.1577979E+001
4.0276753E+004 5.1520370E+001
4.0276753E+004 5.4867115E+001
4.0276753E+004 5.4867115E+001
4.0288501E+004 5.2322399E+001
4.0301438E+004 4.9897227E+001
4.0311664E+004 4.8204091E+001
4.0311664E+004 4.8204091E+001
4.0311664E+004 5.1610744E+001
4.0311664E+004 5.1610744E+001
4.0324968E+004 4.9219005E+001
4.0339033E+004 4.7027206E+001
4.0339033E+004 4.7027206E+001
4.0339033E+004 5.0911044E+001
4.0339033E+004 5.0911044E+001
4.0352716E+004 4.8552176E+001
4.0367811E+004 4.6304098E+001
4.0384484E+004 4.4161588E+001
4.0385530E+004 4.4036915E+001
4.0385530E+004 4.4036915E+001
4.0385530E+004 4.8669022E+001
4.0385530E+004 4.8669022E+001
4.0396837E+004 4.6940417E+001
4.0396837E+004 4.6940417E+001
4.0396837E+004 5.1691733E+001
4.0396837E+004 5.1691733E+001
4.0410098E+004 4.9296190E+001
4.0415479E+004 4.8414763E+001
4.0415479E+004 4.8414763E+001
4.0415479E+004 6.0461684E+001
4.0415479E+004 6.0461684E+001
4.0425160E+004 5.7654196E+001
4.0432527E+004 5.5758453E+001
4.0432527E+004 5.5758453E+001
4.0432527E+004 5.9952928E+001
4.0432527E+004 5.9952928E+001
4.0442371E+004 5.7169328E+001
4.0452526E+004 5.4667693E+001
4.0452526E+004 5.4667693E+001
4.0452526E+004 6.2081822E+001
4.0452526E+004 6.2081822E+001
4.0461717E+004 5.9198276E+001
4.0471810E+004 5.6450112E+001
4.0482906E+004 5.3831030E+001
4.0495115E+004 5.1334989E+001
4.0495278E+004 5.1303969E+001
4.0495278E+004 5.9008879E+001
4.0495278E+004 5.9008879E+001
4.0505435E+004 5.6269617E+001
4.0510994E+004 5.4920631E+001
4.0510994E+004 5.4920631E+001
4.0510994E+004 6.6670889E+001
4.0510994E+004 6.6670889E+001
4.0518995E+004 6.3572044E+001
4.0527770E+004 6.0618556E+001
4.0537402E+004 5.7803698E+001
4.0547985E+004 5.5121034E+001
4.0559624E+004 5.2564389E+001
4.0572439E+004 5.0127849E+001
4.0586566E+004 4.7805765E+001
4.0602158E+004 4.5592744E+001
4.0616899E+004 4.3767977E+001
4.0616899E+004 4.3767977E+001
4.0616899E+004 7.2706939E+001
4.0616899E+004 7.2706939E+001
4.0623676E+004 6.9325407E+001
4.0631099E+004 6.6102165E+001
4.0639234E+004 6.3029984E+001
4.0648157E+004 6.0101933E+001
4.0657952E+004 5.7311341E+001
4.0668716E+004 5.4651802E+001
4.0680558E+004 5.2117199E+001
4.0693599E+004 4.9701671E+001
4.0707978E+004 4.7399603E+001
4.0723851E+004 4.5205654E+001
4.0741395E+004 4.3114715E+001
4.0756803E+004 4.1507587E+001
4.0756803E+004 4.1507587E+001
4.0756803E+004 4.7463738E+001
4.0756803E+004 4.7463738E+001
4.0765121E+004 4.6266417E+001
4.0765121E+004 4.6266417E+001
4.0765121E+004 6.7424765E+001
4.0765121E+004 6.7424765E+001
4.0772951E+004 6.4290581E+001
4.0781536E+004 6.1303374E+001
4.0790957E+004 5.8456369E+001
4.0796944E+004 5.6837092E+001
4.0796944E+004 5.6837092E+001
4.0796944E+004 6.4326885E+001
4.0796944E+004 6.4326885E+001
4.0802347E+004 6.2392624E+001
4.0802347E+004 6.2392624E+001
4.0802347E+004 6.4601476E+001
4.0802347E+004 6.4601476E+001
4.0810852E+004 6.1599683E+001
4.0820184E+004 5.8738767E+001
4.0830434E+004 5.6012191E+001
4.0841704E+004 5.3413677E+001
4.0854108E+004 5.0937239E+001
4.0867776E+004 4.8577141E+001
4.0875815E+004 4.7334594E+001
4.0875815E+004 4.7334594E+001
4.0875815E+004 5.1029893E+001
4.0875815E+004 5.1029893E+001
4.0889432E+004 4.8665438E+001
4.0900213E+004 4.7013098E+001
4.0900213E+004 4.7013098E+001
4.0900213E+004 5.6712376E+001
4.0900213E+004 5.6712376E+001
4.0909279E+004 5.4513748E+001
4.0909279E+004 5.4513748E+001
4.0909279E+004 6.4277302E+001
4.0909279E+004 6.4277302E+001
4.0917868E+004 6.1290718E+001
4.0927293E+004 5.8444308E+001
4.0937646E+004 5.5731557E+001
4.0949030E+004 5.3146227E+001
4.0961561E+004 5.0682355E+001
4.0975371E+004 4.8334230E+001
4.0981451E+004 4.7399304E+001
4.0981451E+004 4.7399304E+001
4.0981451E+004 7.1411459E+001
4.0981451E+004 7.1411459E+001
4.0988464E+004 6.8090539E+001
4.0996148E+004 6.4925154E+001
4.1004570E+004 6.1908176E+001
4.1011890E+004 5.9595985E+001
4.1011890E+004 5.9595985E+001
4.1011890E+004 7.1312998E+001
4.1011890E+004 7.1312998E+001
4.1018922E+004 6.7996690E+001
4.1026625E+004 6.4835694E+001
4.1035071E+004 6.1822916E+001
4.1044337E+004 5.8951523E+001
4.1054514E+004 5.6214946E+001
4.1065703E+004 5.3606910E+001
4.1074461E+004 5.1800371E+001
4.1074461E+004 5.1800371E+001
4.1074461E+004 6.6628539E+001
4.1074461E+004 6.6628539E+001
4.1082473E+004 6.3531681E+001
4.1091258E+004 6.0580089E+001
4.1100902E+004 5.7767037E+001
4.1111498E+004 5.5086096E+001
4.1123152E+004 5.2531094E+001
4.1127309E+004 5.1700941E+001
4.1127309E+004 5.1700941E+001
4.1127309E+004 5.2935533E+001
4.1127309E+004 5.2935533E+001
4.1139942E+004 5.0481557E+001
4.1153866E+004 4.8142864E+001
4.1169230E+004 4.5914007E+001
4.1186204E+004 4.3789810E+001
4.1188771E+004 4.3493810E+001
4.1188771E+004 4.3493810E+001
4.1188771E+004 6.0646342E+001
4.1188771E+004 6.0646342E+001
4.1195497E+004 5.8634085E+001
4.1195497E+004 5.8634085E+001
4.1195497E+004 6.1465006E+001
4.1195497E+004 6.1465006E+001
4.1204869E+004 5.8610409E+001
4.1211403E+004 5.6836699E+001
4.1211403E+004 5.6836699E+001
4.1211403E+004 6.0711707E+001
4.1211403E+004 6.0711707E+001
4.1221005E+004 5.7892481E+001
4.1231556E+004 5.5205645E+001
4.1243159E+004 5.2645022E+001
4.1255934E+004 5.0204696E+001
4.1270017E+004 4.7879006E+001
4.1285558E+004 4.5662542E+001
4.1302732E+004 4.3550153E+001
4.1310221E+004 4.2718154E+001
4.1310221E+004 4.2718154E+001
4.1310221E+004 4.6551895E+001
4.1310221E+004 4.6551895E+001
4.1326708E+004 4.4397749E+001
4.1331794E+004 4.3792016E+001
4.1331794E+004 4.3792016E+001
4.1331794E+004 5.9284339E+001
4.1331794E+004 5.9284339E+001
4.1341858E+004 5.6532141E+001
4.1351421E+004 5.4241854E+001
4.1351421E+004 5.4241854E+001
4.1351421E+004 6.6391410E+001
4.1351421E+004 6.6391410E+001
4.1359488E+004 6.3305667E+001
4.1368335E+004 6.0364679E+001
4.1375238E+004 5.8329736E+001
4.1375238E+004 5.8329736E+001
4.1375238E+004 6.2590200E+001
4.1375238E+004 6.2590200E+001
4.1384283E+004 5.9682784E+001
4.1387752E+004 5.8667312E+001
4.1387752E+004 5.8667312E+001
4.1387752E+004 7.2796996E+001
4.1387752E+004 7.2796996E+001
4.1394513E+004 6.9411248E+001
4.1401918E+004 6.6183983E+001
4.1410034E+004 6.3107969E+001
4.1416520E+004 6.0928938E+001
4.1416520E+004 6.0928938E+001
4.1416520E+004 6.2161906E+001
4.1416520E+004 6.2161906E+001
4.1423656E+004 5.9878041E+001
4.1423656E+004 5.9878041E+001
4.1423656E+004 7.1397236E+001
4.1423656E+004 7.1397236E+001
4.1430672E+004 6.8076982E+001
4.1438358E+004 6.4912232E+001
4.1446784E+004 6.1895861E+001
4.1447004E+004 6.1822407E+001
4.1447004E+004 7.1561393E+001
4.1447004E+004 7.1561393E+001
4.1453989E+004 6.8233453E+001
4.1459779E+004 6.5790854E+001
4.1459779E+004 6.5790854E+001
4.1459779E+004 6.7566911E+001
4.1459779E+004 6.7566911E+001
4.1467577E+004 6.4426062E+001
4.1476127E+004 6.1432505E+001
4.1485509E+004 5.8579433E+001
4.1495815E+004 5.5860335E+001
4.1499902E+004 5.4880141E+001
4.1499902E+004 5.4880141E+001
4.1499902E+004 6.6726080E+001
4.1499902E+004 6.6726080E+001
4.1507890E+004 6.3624645E+001
4.1516651E+004 6.0668687E+001
4.1526267E+004 5.7851483E+001
4.1532129E+004 5.6311995E+001
4.1532129E+004 5.6311995E+001
4.1532129E+004 6.7634590E+001
4.1532129E+004 6.7634590E+001
4.1539912E+004 6.4490567E+001
4.1548445E+004 6.1493981E+001
4.1557809E+004 5.8638029E+001
4.1568095E+004 5.5916177E+001
4.1579403E+004 5.3322177E+001
4.1582287E+004 5.2715222E+001
4.1582287E+004 5.2715222E+001
4.1582287E+004 5.8315260E+001
4.1582287E+004 5.8315260E+001
4.1592686E+004 5.5608569E+001
4.1604121E+004 5.3029022E+001
4.1610242E+004 5.1786451E+001
4.1610242E+004 5.1786451E+001
4.1610242E+004 5.5646058E+001
4.1610242E+004 5.5646058E+001
4.1621661E+004 5.3064748E+001
4.1634232E+004 5.0604705E+001
4.1648085E+004 4.8260221E+001
4.1661266E+004 4.6313373E+001
4.1661266E+004 4.6313373E+001
4.1661266E+004 5.1491424E+001
4.1661266E+004 5.1491424E+001
4.1674633E+004 4.9105289E+001
4.1689377E+004 4.6831239E+001
4.1705657E+004 4.4663975E+001
4.1723657E+004 4.2598457E+001
4.1730466E+004 4.1890232E+001
4.1730466E+004 4.1890232E+001
4.1730466E+004 4.7756311E+001
4.1730466E+004 4.7756311E+001
4.1731153E+004 4.7651590E+001
4.1731153E+004 4.7651590E+001
4.1731153E+004 5.5797661E+001
4.1731153E+004 5.5797661E+001
4.1742510E+004 5.3209225E+001
4.1755011E+004 5.0742391E+001
4.1755397E+004 5.0671557E+001
4.1755397E+004 5.3878434E+001
4.1755397E+004 5.3878434E+001
4.1755731E+004 5.3804739E+001
4.1755731E+004 5.6626183E+001
4.1755731E+004 5.6626183E+001
4.1766757E+004 5.3998834E+001
4.1778890E+004 5.1494902E+001
4.1792256E+004 4.9108603E+001
4.1798325E+004 4.8129218E+001
4.1798325E+004 4.8129218E+001
4.1798325E+004 5.6253838E+001
4.1798325E+004 5.6253838E+001
4.1809498E+004 5.3643973E+001
4.1815262E+004 5.2430747E+001
4.1815262E+004 5.2430747E+001
4.1815262E+004 7.5543605E+001
4.1815262E+004 7.5543605E+001
4.1821563E+004 7.2029475E+001
4.1828462E+004 6.8679636E+001
4.1836019E+004 6.5486644E+001
4.1844303E+004 6.2443331E+001
4.1853390E+004 5.9542814E+001
4.1863368E+004 5.6778476E+001
4.1874335E+004 5.4143966E+001
4.1886402E+004 5.1633221E+001
4.1899695E+004 4.9240429E+001
4.1914354E+004 4.6960026E+001
4.1930541E+004 4.4786718E+001
4.1937445E+004 4.3948566E+001
4.1937445E+004 4.3948566E+001
4.1937445E+004 5.9872045E+001
4.1937445E+004 5.9872045E+001
4.1939379E+004 5.9294092E+001
4.1939379E+004 5.9294092E+001
4.1939379E+004 6.1886025E+001
4.1939379E+004 6.1886025E+001
4.1946364E+004 5.9675810E+001
4.1946364E+004 5.9675810E+001
4.1946364E+004 6.6708362E+001
4.1946364E+004 6.6708362E+001
4.1952793E+004 6.4178731E+001
4.1952793E+004 6.4178731E+001
4.1952793E+004 6.7587031E+001
4.1952793E+004 6.7587031E+001
4.1960228E+004 6.4579853E+001
4.1960228E+004 6.4579853E+001
4.1960228E+004 6.6287101E+001
4.1960228E+004 6.6287101E+001
4.1968319E+004 6.3206254E+001
4.1977194E+004 6.0269929E+001
4.1980984E+004 5.9130938E+001
4.1980984E+004 5.9130938E+001
4.1980984E+004 6.6596830E+001
4.1980984E+004 6.6596830E+001
4.1984827E+004 6.5056077E+001
4.1984827E+004 6.5056077E+001
4.1984827E+004 7.7266829E+001
4.1984827E+004 7.7266829E+001
4.1990865E+004 7.3672247E+001
4.1997475E+004 7.0245574E+001
4.2004712E+004 6.6979228E+001
4.2012642E+004 6.3865927E+001
4.2021339E+004 6.0898649E+001
4.2030884E+004 5.8070641E+001
4.2033037E+004 5.7483586E+001
4.2033037E+004 5.7483586E+001
4.2033037E+004 5.9218569E+001
4.2033037E+004 5.9218569E+001
4.2043123E+004 5.6469450E+001
4.2054211E+004 5.3849459E+001
4.2066412E+004 5.1352552E+001
4.2079854E+004 4.8972936E+001
4.2094680E+004 4.6705098E+001
4.2111053E+004 4.4543763E+001
4.2129157E+004 4.2483893E+001
4.2149201E+004 4.0520674E+001
4.2157591E+004 3.9778462E+001
4.2157591E+004 3.9778462E+001
4.2157591E+004 4.6187504E+001
4.2157591E+004 4.6187504E+001
4.2174353E+004 4.4050464E+001
4.2178868E+004 4.3524361E+001
4.2178868E+004 4.3524361E+001
4.2178868E+004 4.7524445E+001
4.2178868E+004 4.7524445E+001
4.2194654E+004 4.5324639E+001
4.2212100E+004 4.3228107E+001
4.2231098E+004 4.1259393E+001
4.2231098E+004 4.1259393E+001
4.2231098E+004 4.5638987E+001
4.2231098E+004 4.5638987E+001
4.2248290E+004 4.3527705E+001
4.2257055E+004 4.2560670E+001
4.2257055E+004 4.2560670E+001
4.2257055E+004 5.0097237E+001
4.2257055E+004 5.0097237E+001
4.2264319E+004 4.8860746E+001
4.2264319E+004 4.8860746E+001
4.2264319E+004 4.9972738E+001
4.2264319E+004 4.9972738E+001
4.2278537E+004 4.7657943E+001
4.2286235E+004 4.6532707E+001
4.2286235E+004 4.6532707E+001
4.2286235E+004 5.0334425E+001
4.2286235E+004 5.0334425E+001
4.2300242E+004 4.8002638E+001
4.2315700E+004 4.5780374E+001
4.2331028E+004 4.3864685E+001
4.2331028E+004 4.3864685E+001
4.2331028E+004 4.9028328E+001
4.2331028E+004 4.9028328E+001
4.2345820E+004 4.6757886E+001
4.2362062E+004 4.4605325E+001
4.2362062E+004 4.4605325E+001
4.2362062E+004 5.7349561E+001
4.2362062E+004 5.7349561E+001
4.2372812E+004 5.4688225E+001
4.2384638E+004 5.2151909E+001
4.2391691E+004 5.0796818E+001
4.2391691E+004 5.0796818E+001
4.2391691E+004 5.5738245E+001
4.2391691E+004 5.5738245E+001
4.2395576E+004 5.4811103E+001
4.2395576E+004 5.4811103E+001
4.2395576E+004 5.7714346E+001
4.2395576E+004 5.7714346E+001
4.2406045E+004 5.5070184E+001
4.2406045E+004 5.5070184E+001
4.2406045E+004 5.7642991E+001
4.2406045E+004 5.7642991E+001
4.2416686E+004 5.4967877E+001
4.2421366E+004 5.3901602E+001
4.2421366E+004 5.3901602E+001
4.2421366E+004 5.7241356E+001
4.2421366E+004 5.7241356E+001
4.2425176E+004 5.6257493E+001
4.2425176E+004 5.6257493E+001
4.2425176E+004 5.8880456E+001
4.2425176E+004 5.8880456E+001
4.2435377E+004 5.6147219E+001
4.2446592E+004 5.3542367E+001
4.2449828E+004 5.2854472E+001
4.2449828E+004 5.2854472E+001
4.2449828E+004 5.5214329E+001
4.2449828E+004 5.5214329E+001
4.2461428E+004 5.2653297E+001
4.2474199E+004 5.0212582E+001
4.2488277E+004 4.7886523E+001
4.2495511E+004 4.6811167E+001
4.2495511E+004 4.6811167E+001
4.2495511E+004 5.5606423E+001
4.2495511E+004 5.5606423E+001
4.2506947E+004 5.3026977E+001
4.2519535E+004 5.0568701E+001
4.2530485E+004 4.8690093E+001
4.2530485E+004 4.8690093E+001
4.2530485E+004 5.3181919E+001
4.2530485E+004 5.3181919E+001
4.2542999E+004 5.0716368E+001
4.2556790E+004 4.8366645E+001
4.2572006E+004 4.6127279E+001
4.2588815E+004 4.3993069E+001
4.2607407E+004 4.1959043E+001
4.2617393E+004 4.0980116E+001
4.2617393E+004 4.0980116E+001
4.2617393E+004 6.0544504E+001
4.2617393E+004 6.0544504E+001
4.2627048E+004 5.7733125E+001
4.2637656E+004 5.5053778E+001
4.2649324E+004 5.2500293E+001
4.2662171E+004 5.0066762E+001
4.2664843E+004 4.9601345E+001
4.2664843E+004 4.9601345E+001
4.2664843E+004 5.6144868E+001
4.2664843E+004 5.6144868E+001
4.2676059E+004 5.3540127E+001
4.2688404E+004 5.1057747E+001
4.2702006E+004 4.8691983E+001
4.2717011E+004 4.6437343E+001
4.2733584E+004 4.4288582E+001
4.2751911E+004 4.2240681E+001
4.2765464E+004 4.0902949E+001
4.2765464E+004 4.0902949E+001
4.2765464E+004 4.9041839E+001
4.2765464E+004 4.9041839E+001
4.2780247E+004 4.6770763E+001
4.2796572E+004 4.4606341E+001
4.2814622E+004 4.2543531E+001
4.2834604E+004 4.0577523E+001
4.2856755E+004 3.8703716E+001
4.2874076E+004 3.7415624E+001
4.2874076E+004 3.7415624E+001
4.2874076E+004 4.4893119E+001
4.2874076E+004 4.4893119E+001
4.2891881E+004 4.2816844E+001
4.2910048E+004 4.0981596E+001
4.2910048E+004 4.0981596E+001
4.2910048E+004 5.5622752E+001
4.2910048E+004 5.5622752E+001
4.2921477E+004 5.3042538E+001
4.2934058E+004 5.0583533E+001
4.2947924E+004 4.8240045E+001
4.2950221E+004 4.7881986E+001
4.2950221E+004 4.7881986E+001
4.2950221E+004 5.2212951E+001
4.2950221E+004 5.2212951E+001
4.2963214E+004 4.9792921E+001
4.2977538E+004 4.7486573E+001
4.2993350E+004 4.5288538E+001
4.3010826E+004 4.3193703E+001
4.3024470E+004 4.1752397E+001
4.3024470E+004 4.1752397E+001
4.3024470E+004 4.7929509E+001
4.3024470E+004 4.7929509E+001
4.3030662E+004 4.7001823E+001
4.3030662E+004 4.7001823E+001
4.3030662E+004 5.3331579E+001
4.3030662E+004 5.3331579E+001
4.3043105E+004 5.0859002E+001
4.3056817E+004 4.8502571E+001
4.3071944E+004 4.6256825E+001
4.3088654E+004 4.4116538E+001
4.3107135E+004 4.2076713E+001
4.3119338E+004 4.0880250E+001
4.3119338E+004 4.0880250E+001
4.3119338E+004 5.7168946E+001
4.3119338E+004 5.7168946E+001
4.3130156E+004 5.4516101E+001
4.3133313E+004 5.3807392E+001
4.3133313E+004 5.3807392E+001
4.3133313E+004 5.7358731E+001
4.3133313E+004 5.7358731E+001
4.3141687E+004 5.5250489E+001
4.3141687E+004 5.5250489E+001
4.3141687E+004 5.8810293E+001
4.3141687E+004 5.8810293E+001
4.3151913E+004 5.6080354E+001
4.3163155E+004 5.3478644E+001
4.3175529E+004 5.0999151E+001
4.3189163E+004 4.8636142E+001
4.3195479E+004 4.7647631E+001
4.3195479E+004 4.7647631E+001
4.3195479E+004 5.4683196E+001
4.3195479E+004 5.4683196E+001
4.3207306E+004 5.2147117E+001
4.3220332E+004 4.9730182E+001
4.3234694E+004 4.7426777E+001
4.3245255E+004 4.5926569E+001
4.3245255E+004 4.5926569E+001
4.3245255E+004 5.1992301E+001
4.3245255E+004 5.1992301E+001
4.3258360E+004 4.9582635E+001
4.3272810E+004 4.7286164E+001
4.3288763E+004 4.5097545E+001
4.3306397E+004 4.3011674E+001
4.3325913E+004 4.1023698E+001
4.3329021E+004 4.0732318E+001
4.3329021E+004 4.0732318E+001
4.3329021E+004 5.0690382E+001
4.3329021E+004 5.0690382E+001
4.3342826E+004 4.8341880E+001
4.3358058E+004 4.6103678E+001
4.3366396E+004 4.5004899E+001
4.3366396E+004 4.5004899E+001
4.3366396E+004 6.1438765E+001
4.3366396E+004 6.1438765E+001
4.3375776E+004 5.8585398E+001
4.3386080E+004 5.5866020E+001
4.3397409E+004 5.3274379E+001
4.3409879E+004 5.0804480E+001
4.3417899E+004 4.9386743E+001
4.3417899E+004 4.9386743E+001
4.3417899E+004 5.4609740E+001
4.3417899E+004 5.4609740E+001
4.3420190E+004 5.4090042E+001
4.3420190E+004 5.4090042E+001
4.3420190E+004 5.7590254E+001
4.3420190E+004 5.7590254E+001
4.3430850E+004 5.4917613E+001
4.3442576E+004 5.2370522E+001
4.3455489E+004 4.9943093E+001
4.3469724E+004 4.7629685E+001
4.3485437E+004 4.5424931E+001
4.3502801E+004 4.3323698E+001
4.3522016E+004 4.1321083E+001
4.3543304E+004 3.9412407E+001
4.3550655E+004 3.8814312E+001
4.3550655E+004 3.8814312E+001
4.3550655E+004 4.4292361E+001
4.3550655E+004 4.4292361E+001
4.3568979E+004 4.2244283E+001
4.3589269E+004 4.0292307E+001
4.3605989E+004 3.8881342E+001
4.3605989E+004 3.8881342E+001
4.3605989E+004 4.7478623E+001
4.3605989E+004 4.7478623E+001
4.3621807E+004 4.5280960E+001
4.3639289E+004 4.3186481E+001
4.3651092E+004 4.1930994E+001
4.3651092E+004 4.1930994E+001
4.3651092E+004 4.8646394E+001
4.3651092E+004 4.8646394E+001
4.3657892E+004 4.7584079E+001
4.3657892E+004 4.7584079E+001
4.3657892E+004 5.2889679E+001
4.3657892E+004 5.2889679E+001
4.3670547E+004 5.0437859E+001
4.3676676E+004 4.9366553E+001
4.3676676E+004 4.9366553E+001
4.3676676E+004 7.5075925E+001
4.3676676E+004 7.5075925E+001
4.3683053E+004 7.1583647E+001
4.3690034E+004 6.8254670E+001
4.3697681E+004 6.5081587E+001
4.3706065E+004 6.2057276E+001
4.3715263E+004 5.9174880E+001
4.3725364E+004 5.6427815E+001
4.3728579E+004 5.5628578E+001
4.3728579E+004 5.5628578E+001
4.3728579E+004 5.7914483E+001
4.3728579E+004 5.7914483E+001
4.3739121E+004 5.5226619E+001
4.3750716E+004 5.2665009E+001
4.3758216E+004 5.1185520E+001
4.3758216E+004 5.1185520E+001
4.3758216E+004 7.2139934E+001
4.3758216E+004 7.2139934E+001
4.3765095E+004 6.8784923E+001
4.3772630E+004 6.5586998E+001
4.3780889E+004 6.2538982E+001
4.3785062E+004 6.1146865E+001
4.3785062E+004 6.1146865E+001
4.3785062E+004 6.2740467E+001
4.3785062E+004 6.2740467E+001
4.3794065E+004 5.9826004E+001
4.3803950E+004 5.7048369E+001
4.3814814E+004 5.4401181E+001
4.3822426E+004 5.2750219E+001
4.3822426E+004 5.2750219E+001
4.3822426E+004 5.5584818E+001
4.3822426E+004 5.5584818E+001
4.3833871E+004 5.3006388E+001
4.3846469E+004 5.0549080E+001
4.3860355E+004 4.8207211E+001
4.3875676E+004 4.5975341E+001
4.3884807E+004 4.4786377E+001
4.3884807E+004 4.4786377E+001
4.3884807E+004 4.7966047E+001
4.3884807E+004 4.7966047E+001
4.3890301E+004 4.7138143E+001
4.3890301E+004 4.7138143E+001
4.3890301E+004 7.0649687E+001
4.3890301E+004 7.0649687E+001
4.3897460E+004 6.7364429E+001
4.3905303E+004 6.4233068E+001
4.3911908E+004 6.1902179E+001
4.3911908E+004 6.1902179E+001
4.3911908E+004 6.5276957E+001
4.3911908E+004 6.5276957E+001
4.3920243E+004 6.2243481E+001
4.3929387E+004 5.9352341E+001
4.3939428E+004 5.6596946E+001
4.3950466E+004 5.3970969E+001
4.3962612E+004 5.1468347E+001
4.3975536E+004 4.9158637E+001
4.3975536E+004 4.9158637E+001
4.3975536E+004 5.2537771E+001
4.3975536E+004 5.2537771E+001
4.3988365E+004 5.0102478E+001
4.4002506E+004 4.7781586E+001
4.4018114E+004 4.5569703E+001
4.4035362E+004 4.3461671E+001
4.4043986E+004 4.2514074E+001
4.4043986E+004 4.2514074E+001
4.4043986E+004 4.9378488E+001
4.4043986E+004 4.9378488E+001
4.4058561E+004 4.7091605E+001
4.4074652E+004 4.4912123E+001
4.4092441E+004 4.2834956E+001
4.4098277E+004 4.2214976E+001
4.4098277E+004 4.2214976E+001
4.4098277E+004 4.3594030E+001
4.4098277E+004 4.3594030E+001
4.4103319E+004 4.3026402E+001
4.4103319E+004 4.3026402E+001
4.4103319E+004 4.8839701E+001
4.4103319E+004 4.8839701E+001
4.4118230E+004 4.6578125E+001
4.4122762E+004 4.5950729E+001
4.4122762E+004 4.5950729E+001
4.4122762E+004 7.2827006E+001
4.4122762E+004 7.2827006E+001
4.4129518E+004 6.9439852E+001
4.4136917E+004 6.6211246E+001
4.4145026E+004 6.3133958E+001
4.4153920E+004 6.0201024E+001
4.4163684E+004 5.7405775E+001
4.4174413E+004 5.4741807E+001
4.4186215E+004 5.2202972E+001
4.4199213E+004 4.9783410E+001
4.4204453E+004 4.8898384E+001
4.4204453E+004 4.8898384E+001
4.4204453E+004 5.5164412E+001
4.4204453E+004 5.5164412E+001
4.4216074E+004 5.2605727E+001
4.4228869E+004 5.0167249E+001
4.4242973E+004 4.7843312E+001
4.4258539E+004 4.5628527E+001
4.4275739E+004 4.3517736E+001
4.4289054E+004 4.2077018E+001
4.4289054E+004 4.2077018E+001
4.4289054E+004 4.4924026E+001
4.4289054E+004 4.4924026E+001
4.4306833E+004 4.2846299E+001
4.4323149E+004 4.1182503E+001
4.4323149E+004 4.1182503E+001
4.4323149E+004 4.3337852E+001
4.4323149E+004 4.3337852E+001
4.4338525E+004 4.1708550E+001
4.4338525E+004 4.1708550E+001
4.4338525E+004 4.4527955E+001
4.4338525E+004 4.4527955E+001
4.4356643E+004 4.2468822E+001
4.4376702E+004 4.0506312E+001
4.4398938E+004 3.8635848E+001
4.4410406E+004 3.7771435E+001
4.4410406E+004 3.7771435E+001
4.4410406E+004 4.4217646E+001
4.4410406E+004 4.4217646E+001
4.4420728E+004 4.3030285E+001
4.4420728E+004 4.3030285E+001
4.4420728E+004 4.6423231E+001
4.4420728E+004 4.6423231E+001
4.4437312E+004 4.4275130E+001
4.4455651E+004 4.2227861E+001
4.4475959E+004 4.0276657E+001
4.4498475E+004 3.8416964E+001
4.4521092E+004 3.6800959E+001
4.4521092E+004 3.6800959E+001
4.4521092E+004 5.5064911E+001
4.4521092E+004 5.5064911E+001
4.4532755E+004 5.2510905E+001
4.4545597E+004 5.0076875E+001
4.4559754E+004 4.7757187E+001
4.4575379E+004 4.5546451E+001
4.4592645E+004 4.3439506E+001
4.4594705E+004 4.3207248E+001
4.4594705E+004 4.3207248E+001
4.4594705E+004 5.9327911E+001
4.4594705E+004 5.9327911E+001
4.4604755E+004 5.6573664E+001
4.4615802E+004 5.3948776E+001
4.4627957E+004 5.1447198E+001
4.4641349E+004 4.9063142E+001
4.4656118E+004 4.6791071E+001
4.4660485E+004 4.6177703E+001
4.4660485E+004 4.6177703E+001
4.4660485E+004 4.8631985E+001
4.4660485E+004 4.8631985E+001
4.4675528E+004 4.6380166E+001
4.4679883E+004 4.5784686E+001
4.4679883E+004 4.5784686E+001
4.4679883E+004 5.4069651E+001
4.4679883E+004 5.4069651E+001
4.4691984E+004 5.1562400E+001
4.4705314E+004 4.9172928E+001
4.4715064E+004 4.7623528E+001
4.4715064E+004 4.7623528E+001
4.4715064E+004 5.5050204E+001
4.4715064E+004 5.5050204E+001
4.4726733E+004 5.2496886E+001
4.4727451E+004 5.2350807E+001
4.4727451E+004 5.2350807E+001
4.4727451E+004 5.6689830E+001
4.4727451E+004 5.6689830E+001
4.4738453E+004 5.4059488E+001
4.4750558E+004 5.1552715E+001
4.4763893E+004 4.9163698E+001
4.4778600E+004 4.6886902E+001
4.4794840E+004 4.4717032E+001
4.4812794E+004 4.2649021E+001
4.4832670E+004 4.0678057E+001
4.4854701E+004 3.8799542E+001
4.4863409E+004 3.8128334E+001
4.4863409E+004 3.8128334E+001
4.4863409E+004 4.4466770E+001
4.4863409E+004 4.4466770E+001
4.4867921E+004 4.3925350E+001
4.4867921E+004 4.3925350E+001
4.4867921E+004 5.4397957E+001
4.4867921E+004 5.4397957E+001
4.4879875E+004 5.1875279E+001
4.4893040E+004 4.9471116E+001
4.4901588E+004 4.8079361E+001
4.4901588E+004 4.8079361E+001
4.4901588E+004 5.4458154E+001
4.4901588E+004 5.4458154E+001
4.4913514E+004 5.1932646E+001
4.4926650E+004 4.9525785E+001
4.4935769E+004 4.8040613E+001
4.4935769E+004 4.8040613E+001
4.4935769E+004 6.0662750E+001
4.4935769E+004 6.0662750E+001
4.4945387E+004 5.7845825E+001
4.4949913E+004 5.6646238E+001
4.4949913E+004 5.6646238E+001
4.4949913E+004 6.8678834E+001
4.4949913E+004 6.8678834E+001
4.4957470E+004 6.5485880E+001
4.4965753E+004 6.2442603E+001
4.4974841E+004 5.9542120E+001
4.4984819E+004 5.6777814E+001
4.4995786E+004 5.4143336E+001
4.5007854E+004 5.1632620E+001
4.5021147E+004 4.9239857E+001
4.5035806E+004 4.6959480E+001
4.5051993E+004 4.4786198E+001
4.5069889E+004 4.2714948E+001
4.5089699E+004 4.0740891E+001
4.5111656E+004 3.8859425E+001
4.5135633E+004 3.7092669E+001
4.5135633E+004 3.7092669E+001
4.5135633E+004 7.0053387E+001
4.5135633E+004 7.0053387E+001
4.5137158E+004 6.9330656E+001
4.5137158E+004 6.9330656E+001
4.5137158E+004 7.1339512E+001
4.5137158E+004 7.1339512E+001
4.5144184E+004 6.8021962E+001
4.5144850E+004 6.7729747E+001
4.5144850E+004 6.7729747E+001
4.5144850E+004 7.0717939E+001
4.5144850E+004 7.0717939E+001
4.5151995E+004 6.7429483E+001
4.5152207E+004 6.7338457E+001
4.5152207E+004 6.9112279E+001
4.5152207E+004 6.9112279E+001
4.5159674E+004 6.5899017E+001
4.5167857E+004 6.2836370E+001
4.5176833E+004 5.9917402E+001
4.5177206E+004 5.9804571E+001
4.5177206E+004 7.1640577E+001
4.5177206E+004 7.1640577E+001
4.5184176E+004 6.8308938E+001
4.5191812E+004 6.5133310E+001
4.5197669E+004 6.2969077E+001
4.5197669E+004 6.2969077E+001
4.5197669E+004 6.4281563E+001
4.5197669E+004 6.4281563E+001
4.5206256E+004 6.1294780E+001
4.5215680E+004 5.8448179E+001
4.5226032E+004 5.5735247E+001
4.5237414E+004 5.3149744E+001
4.5249944E+004 5.0685706E+001
4.5263752E+004 4.8337424E+001
4.5276554E+004 4.6433876E+001
4.5276554E+004 4.6433876E+001
4.5276554E+004 4.8593364E+001
4.5276554E+004 4.8593364E+001
4.5291622E+004 4.6343351E+001
4.5308266E+004 4.4198997E+001
4.5315859E+004 4.3316499E+001
4.5315859E+004 4.3316499E+001
4.5315859E+004 7.0015606E+001
4.5315859E+004 7.0015606E+001
4.5323142E+004 6.6760038E+001
4.5331123E+004 6.3657009E+001
4.5339875E+004 6.0699532E+001
4.5340628E+004 6.0463108E+001
4.5340628E+004 6.0463108E+001
4.5340628E+004 6.4270053E+001
4.5340628E+004 6.4270053E+001
4.5346294E+004 6.2251051E+001
4.5346294E+004 6.2251051E+001
4.5346294E+004 7.1735597E+001
4.5346294E+004 7.1735597E+001
4.5347852E+004 7.0944865E+001
4.5347852E+004 7.0944865E+001
4.5347852E+004 7.2009174E+001
4.5347852E+004 7.2009174E+001
4.5354755E+004 6.8660285E+001
4.5355359E+004 6.8387563E+001
4.5355359E+004 6.8387563E+001
4.5355359E+004 7.0370524E+001
4.5355359E+004 7.0370524E+001
4.5362572E+004 6.7098335E+001
4.5365284E+004 6.5975628E+001
4.5365284E+004 6.5975628E+001
4.5365284E+004 6.9108963E+001
4.5365284E+004 6.9108963E+001
4.5372751E+004 6.5895857E+001
4.5380936E+004 6.2833358E+001
4.5389913E+004 5.9914531E+001
4.5399769E+004 5.7132735E+001
4.5410601E+004 5.4481592E+001
4.5422517E+004 5.1954982E+001
4.5435642E+004 4.9547071E+001
4.5450113E+004 4.7252272E+001
4.5466090E+004 4.5065238E+001
4.5483751E+004 4.2980886E+001
4.5503297E+004 4.0994356E+001
4.5524958E+004 3.9101010E+001
4.5531402E+004 3.8588062E+001
4.5531402E+004 3.8588062E+001
4.5531402E+004 4.4683760E+001
4.5531402E+004 4.4683760E+001
4.5549385E+004 4.2617312E+001
4.5569293E+004 4.0647838E+001
4.5591360E+004 3.8770742E+001
4.5613674E+004 3.7129268E+001
4.5613674E+004 3.7129268E+001
4.5613674E+004 4.3271020E+001
4.5613674E+004 4.3271020E+001
4.5632938E+004 4.1270871E+001
4.5633947E+004 4.1173703E+001
4.5633947E+004 4.1173703E+001
4.5633947E+004 5.1273220E+001
4.5633947E+004 5.1273220E+001
4.5647432E+004 4.8897335E+001
4.5662306E+004 4.6633051E+001
4.5678733E+004 4.4475097E+001
4.5696896E+004 4.2418444E+001
4.5717007E+004 4.0458299E+001
4.5721622E+004 4.0046476E+001
4.5721622E+004 4.0046476E+001
4.5721622E+004 5.2700525E+001
4.5721622E+004 5.2700525E+001
4.5734370E+004 5.0257589E+001
4.5748421E+004 4.7929415E+001
4.5763929E+004 4.5710585E+001
4.5777704E+004 4.3984818E+001
4.5777704E+004 4.3984818E+001
4.5777704E+004 4.9545835E+001
4.5777704E+004 4.9545835E+001
4.5792176E+004 4.7251094E+001
4.5808154E+004 4.5064115E+001
4.5823786E+004 4.3202940E+001
4.5823786E+004 4.3202940E+001
4.5823786E+004 4.7123015E+001
4.5823786E+004 4.7123015E+001
4.5831886E+004 4.5980953E+001
4.5831886E+004 4.5980953E+001
4.5831886E+004 5.1181079E+001
4.5831886E+004 5.1181079E+001
4.5845421E+004 4.8809526E+001
4.5860350E+004 4.6549360E+001
4.5864304E+004 4.6001662E+001
4.5864304E+004 4.6001662E+001
4.5864304E+004 4.8258108E+001
4.5864304E+004 4.8258108E+001
4.5879592E+004 4.6023844E+001
4.5896481E+004 4.3894496E+001
4.5915162E+004 4.1865089E+001
4.5935854E+004 3.9930901E+001
4.5950468E+004 3.8722621E+001
4.5950468E+004 3.8722621E+001
4.5950468E+004 4.6569329E+001
4.5950468E+004 4.6569329E+001
4.5966942E+004 4.4414364E+001
4.5978423E+004 4.3082339E+001
4.5978423E+004 4.3082339E+001
4.5978423E+004 4.5158331E+001
4.5978423E+004 4.5158331E+001
4.5996006E+004 4.3069613E+001
4.6015465E+004 4.1078914E+001
4.6036405E+004 3.9232293E+001
4.6036405E+004 3.9232293E+001
4.6036405E+004 4.2519057E+001
4.6036405E+004 4.2519057E+001
4.6043750E+004 4.1761081E+001
4.6043750E+004 4.1761081E+001
4.6043750E+004 4.4746106E+001
4.6043750E+004 4.4746106E+001
4.6061680E+004 4.2676738E+001
4.6066947E+004 4.2122283E+001
4.6066947E+004 4.2122283E+001
4.6066947E+004 4.6936955E+001
4.6066947E+004 4.6936955E+001
4.6083150E+004 4.4764732E+001
4.6101064E+004 4.2694491E+001
4.6106569E+004 4.2114901E+001
4.6106569E+004 4.2114901E+001
4.6106569E+004 4.6181527E+001
4.6106569E+004 4.6181527E+001
4.6123336E+004 4.4044768E+001
4.6141881E+004 4.2008312E+001
4.6152046E+004 4.1008936E+001
4.6152046E+004 4.1008936E+001
4.6152046E+004 5.3739498E+001
4.6152046E+004 5.3739498E+001
4.6164298E+004 5.1247750E+001
4.6177796E+004 4.8873062E+001
4.6192685E+004 4.6609920E+001
4.6202694E+004 4.5257081E+001
4.6202694E+004 4.5257081E+001
4.6202694E+004 4.7601854E+001
4.6202694E+004 4.7601854E+001
4.6213474E+004 4.6055200E+001
4.6213474E+004 4.6055200E+001
4.6213474E+004 5.0878772E+001
4.6213474E+004 5.0878772E+001
4.6227174E+004 4.8521412E+001
4.6231179E+004 4.7891733E+001
4.6231179E+004 4.7891733E+001
4.6231179E+004 6.0174010E+001
4.6231179E+004 6.0174010E+001
4.6240951E+004 5.7380031E+001
4.6244823E+004 5.6373368E+001
4.6244823E+004 5.6373368E+001
4.6244823E+004 6.6902569E+001
4.6244823E+004 6.6902569E+001
4.6252771E+004 6.3792864E+001
4.6261487E+004 6.0829013E+001
4.6271053E+004 5.8004275E+001
4.6281563E+004 5.5312193E+001
4.6293121E+004 5.2746569E+001
4.6305846E+004 5.0301467E+001
4.6319873E+004 4.7971231E+001
4.6335352E+004 4.5750443E+001
4.6352455E+004 4.3633922E+001
4.6371377E+004 4.1616747E+001
4.6392338E+004 3.9694210E+001
4.6415587E+004 3.7861822E+001
4.6441408E+004 3.6115297E+001
4.6470124E+004 3.4450566E+001
4.6502099E+004 3.2863745E+001
4.6511413E+004 3.2443761E+001
4.6511413E+004 3.2443761E+001
4.6511413E+004 3.5107502E+001
4.6511413E+004 3.5107502E+001
4.6536066E+004 3.3784598E+001
4.6536066E+004 3.3784598E+001
4.6536066E+004 3.8701144E+001
4.6536066E+004 3.8701144E+001
4.6560657E+004 3.6915296E+001
4.6587986E+004 3.5213111E+001
4.6596434E+004 3.4735151E+001
4.6596434E+004 3.4735151E+001
4.6596434E+004 4.1845751E+001
4.6596434E+004 4.1845751E+001
4.6617146E+004 3.9912471E+001
4.6640116E+004 3.8069852E+001
4.6646048E+004 3.7635476E+001
4.6646048E+004 3.7635476E+001
4.6646048E+004 4.3674489E+001
4.6646048E+004 4.3674489E+001
4.6664932E+004 4.1655407E+001
4.6675398E+004 4.0654057E+001
4.6675398E+004 4.0654057E+001
4.6675398E+004 4.4721320E+001
4.6675398E+004 4.4721320E+001
4.6693349E+004 4.2653108E+001
4.6713221E+004 4.0681952E+001
4.6735247E+004 3.8803254E+001
4.6755622E+004 3.7291017E+001
4.6755622E+004 3.7291017E+001
4.6755622E+004 4.8027977E+001
4.6755622E+004 4.8027977E+001
4.6764205E+004 4.6749429E+001
4.6764205E+004 4.6749429E+001
4.6764205E+004 5.1234988E+001
4.6764205E+004 5.1234988E+001
4.6777710E+004 4.8860899E+001
4.6792607E+004 4.6598329E+001
4.6809060E+004 4.4442001E+001
4.6827252E+004 4.2386902E+001
4.6847395E+004 4.0428240E+001
4.6869726E+004 3.8561438E+001
4.6894514E+004 3.6782134E+001
4.6922067E+004 3.5086181E+001
4.6952733E+004 3.3469622E+001
4.6958312E+004 3.3200127E+001
4.6958312E+004 3.3200127E+001
4.6958312E+004 5.6042285E+001
4.6958312E+004 5.6042285E+001
4.6969570E+004 5.3442356E+001
4.6981960E+004 5.0964569E+001
4.6995613E+004 4.8603186E+001
4.7010675E+004 4.6352715E+001
4.7027312E+004 4.4207920E+001
4.7045711E+004 4.2163810E+001
4.7066086E+004 4.0215615E+001
4.7088676E+004 3.8358775E+001
4.7113757E+004 3.6588969E+001
4.7116345E+004 3.6420438E+001
4.7116345E+004 3.6420438E+001
4.7116345E+004 4.8851812E+001
4.7116345E+004 4.8851812E+001
4.7131248E+004 4.6589669E+001
4.7147707E+004 4.4433748E+001
4.7165907E+004 4.2379038E+001
4.7179991E+004 4.0977738E+001
4.7179991E+004 4.0977738E+001
4.7179991E+004 4.5258208E+001
4.7179991E+004 4.5258208E+001
4.7195868E+004 4.3345467E+001
4.7195868E+004 4.3345467E+001
4.7195868E+004 4.3352262E+001
4.7195868E+004 4.3352262E+001
4.7215055E+004 4.1348308E+001
4.7231518E+004 3.9842810E+001
4.7231518E+004 3.9842810E+001
4.7231518E+004 4.5350288E+001
4.7231518E+004 4.5350288E+001
4.7233970E+004 4.5034711E+001
4.7233970E+004 4.5034711E+001
4.7233970E+004 5.1083995E+001
4.7233970E+004 5.1083995E+001
4.7247557E+004 4.8716996E+001
4.7250976E+004 4.8171112E+001
4.7250976E+004 4.8171112E+001
4.7250976E+004 5.6477343E+001
4.7250976E+004 5.6477343E+001
4.7262061E+004 5.3856981E+001
4.7274259E+004 5.1359719E+001
4.7287697E+004 4.8979769E+001
4.7300743E+004 4.6965096E+001
4.7300743E+004 4.6965096E+001
4.7300743E+004 5.3731320E+001
4.7300743E+004 5.3731320E+001
4.7306044E+004 5.2606946E+001
4.7306044E+004 5.2606946E+001
4.7306044E+004 6.8201574E+001
4.7306044E+004 6.8201574E+001
4.7313703E+004 6.5030981E+001
4.7322099E+004 6.2009046E+001
4.7331311E+004 5.9128908E+001
4.7341428E+004 5.6384004E+001
4.7352549E+004 5.3768031E+001
4.7364788E+004 5.1274941E+001
4.7378272E+004 4.8898974E+001
4.7393145E+004 4.6634614E+001
4.7409570E+004 4.4476587E+001
4.7427733E+004 4.2419863E+001
4.7447841E+004 4.0459652E+001
4.7461401E+004 3.9287571E+001
4.7461401E+004 3.9287571E+001
4.7461401E+004 6.2288563E+001
4.7461401E+004 6.2288563E+001
4.7470533E+004 5.9395305E+001
4.7480560E+004 5.6637891E+001
4.7491581E+004 5.4009992E+001
4.7503709E+004 5.1505535E+001
4.7511297E+004 5.0105020E+001
4.7511297E+004 5.0105020E+001
4.7511297E+004 5.3748016E+001
4.7511297E+004 5.3748016E+001
4.7523545E+004 5.1255867E+001
4.7537039E+004 4.8880798E+001
4.7551924E+004 4.6617292E+001
4.7557084E+004 4.5903318E+001
4.7557084E+004 4.5903318E+001
4.7557084E+004 5.1958011E+001
4.7557084E+004 5.1958011E+001
4.7570207E+004 4.9549958E+001
4.7579727E+004 4.8000404E+001
4.7579727E+004 4.8000404E+001
4.7579727E+004 5.3627973E+001
4.7579727E+004 5.3627973E+001
4.7592030E+004 5.1141469E+001
4.7599481E+004 4.9794039E+001
4.7599481E+004 4.9794039E+001
4.7599481E+004 6.3741425E+001
4.7599481E+004 6.3741425E+001
4.7608210E+004 6.0779983E+001
4.7617792E+004 5.7957550E+001
4.7628318E+004 5.5267663E+001
4.7639895E+004 5.2704124E+001
4.7652641E+004 5.0261019E+001
4.7665341E+004 4.8141151E+001
4.7665341E+004 4.8141151E+001
4.7665341E+004 6.7389230E+001
4.7665341E+004 6.7389230E+001
4.7673178E+004 6.4256705E+001
4.7681772E+004 6.1271089E+001
4.7691203E+004 5.8425601E+001
4.7701563E+004 5.5713725E+001
4.7712954E+004 5.3129233E+001
4.7725494E+004 5.0666160E+001
4.7739313E+004 4.8318793E+001
4.7754560E+004 4.6081676E+001
4.7760533E+004 4.5287014E+001
4.7760533E+004 4.5287014E+001
4.7760533E+004 5.1269722E+001
4.7760533E+004 5.1269722E+001
4.7774020E+004 4.8894000E+001
4.7788896E+004 4.6629874E+001
4.7805325E+004 4.4472068E+001
4.7823491E+004 4.2415557E+001
4.7824161E+004 4.2345170E+001
4.7824161E+004 4.2345170E+001
4.7824161E+004 4.4673203E+001
4.7824161E+004 4.4673203E+001
4.7842153E+004 4.2607251E+001
4.7853034E+004 4.1492732E+001
4.7853034E+004 4.1492732E+001
4.7853034E+004 4.6840801E+001
4.7853034E+004 4.6840801E+001
4.7869308E+004 4.4673091E+001
4.7887300E+004 4.2607144E+001
4.7907218E+004 4.0638148E+001
4.7929297E+004 3.8761507E+001
4.7941824E+004 3.7810831E+001
4.7941824E+004 3.7810831E+001
4.7941824E+004 4.9887916E+001
4.7941824E+004 4.9887916E+001
4.7955661E+004 4.7641707E+001
4.7955661E+004 4.7641707E+001
4.7955661E+004 4.9458823E+001
4.7955661E+004 4.9458823E+001
4.7970187E+004 4.7168162E+001
4.7986223E+004 4.4985082E+001
4.7996395E+004 4.3751267E+001
4.7996395E+004 4.3751267E+001
4.7996395E+004 4.7441689E+001
4.7996395E+004 4.7441689E+001
4.8012238E+004 4.5245761E+001
4.8018959E+004 4.4403308E+001
4.8018959E+004 4.4403308E+001
4.8018959E+004 6.0409342E+001
4.8018959E+004 6.0409342E+001
4.8028656E+004 5.7604314E+001
4.8039312E+004 5.4931012E+001
4.8051032E+004 5.2383292E+001
4.8063938E+004 4.9955262E+001
4.8065149E+004 4.9744016E+001
4.8065149E+004 4.9744016E+001
4.8065149E+004 5.1796610E+001
4.8065149E+004 5.1796610E+001
4.8078356E+004 4.9396135E+001
4.8092920E+004 4.7108422E+001
4.8108999E+004 4.4928150E+001
4.8126775E+004 4.2850230E+001
4.8130167E+004 4.2485845E+001
4.8130167E+004 4.2485845E+001
4.8130167E+004 4.6726778E+001
4.8130167E+004 4.6726778E+001
4.8141703E+004 4.5166963E+001
4.8141703E+004 4.5166963E+001
4.8141703E+004 4.8803365E+001
4.8141703E+004 4.8803365E+001
4.8156636E+004 4.6543488E+001
4.8173130E+004 4.4389738E+001
4.8184326E+004 4.3091338E+001
4.8184326E+004 4.3091338E+001
4.8184326E+004 4.9150103E+001
4.8184326E+004 4.9150103E+001
4.8199042E+004 4.6873946E+001
4.8215291E+004 4.4704685E+001
4.8233256E+004 4.2637254E+001
4.8253144E+004 4.0666844E+001
4.8275188E+004 3.8788855E+001
4.8299655E+004 3.6998900E+001
4.8326846E+004 3.5292793E+001
4.8335759E+004 3.4785455E+001
4.8335759E+004 3.4785455E+001
4.8335759E+004 4.3192139E+001
4.8335759E+004 4.3192139E+001
4.8355100E+004 4.1195697E+001
4.8376530E+004 3.9292910E+001
4.8390389E+004 3.8200272E+001
4.8390389E+004 3.8200272E+001
4.8390389E+004 5.3937590E+001
4.8390389E+004 5.3937590E+001
4.8402549E+004 5.1436538E+001
4.8408615E+004 5.0311799E+001
4.8408615E+004 5.0311799E+001
4.8408615E+004 5.3549090E+001
4.8408615E+004 5.3549090E+001
4.8420955E+004 5.1066292E+001
4.8430257E+004 4.9408600E+001
4.8430257E+004 4.9408600E+001
4.8430257E+004 5.5429016E+001
4.8430257E+004 5.5429016E+001
4.8441766E+004 5.2857901E+001
4.8454437E+004 5.0407575E+001
4.8468403E+004 4.8072349E+001
4.8483814E+004 4.5846807E+001
4.8491240E+004 4.4880562E+001
4.8491240E+004 4.4880562E+001
4.8491240E+004 4.7939265E+001
4.8491240E+004 4.7939265E+001
4.8506445E+004 4.5759217E+001
4.8506445E+004 4.5759217E+001
4.8506445E+004 5.2636482E+001
4.8506445E+004 5.2636482E+001
4.8517011E+004 5.0592771E+001
4.8517011E+004 5.0592771E+001
4.8517011E+004 5.6791872E+001
4.8517011E+004 5.6791872E+001
4.8520638E+004 5.5875533E+001
4.8520638E+004 5.5875533E+001
4.8520638E+004 6.5401027E+001
4.8520638E+004 6.5401027E+001
4.8528942E+004 6.2361732E+001
4.8538053E+004 5.9465049E+001
4.8548057E+004 5.6704356E+001
4.8550907E+004 5.5983764E+001
4.8550907E+004 5.5983764E+001
4.8550907E+004 5.8742576E+001
4.8550907E+004 5.8742576E+001
4.8559045E+004 5.6544391E+001
4.8559045E+004 5.6544391E+001
4.8559045E+004 6.0615984E+001
4.8559045E+004 6.0615984E+001
4.8568677E+004 5.7801247E+001
4.8579260E+004 5.5118697E+001
4.8581982E+004 5.4485755E+001
4.8581982E+004 5.4485755E+001
4.8581982E+004 6.7043111E+001
4.8581982E+004 6.7043111E+001
4.8589898E+004 6.3926812E+001
4.8598578E+004 6.0956675E+001
4.8608105E+004 5.8125950E+001
4.8618571E+004 5.5428147E+001
4.8630080E+004 5.2857073E+001
4.8642752E+004 5.0406786E+001
4.8656718E+004 4.8071598E+001
4.8672129E+004 4.5846091E+001
4.8682671E+004 4.4493878E+001
4.8682671E+004 4.4493878E+001
4.8682671E+004 5.0580935E+001
4.8682671E+004 5.0580935E+001
4.8696538E+004 4.8237569E+001
4.8711840E+004 4.6004271E+001
4.8728744E+004 4.3875842E+001
4.8747443E+004 4.1847311E+001
4.8760917E+004 4.0554528E+001
4.8760917E+004 4.0554528E+001
4.8760917E+004 4.8091608E+001
4.8760917E+004 4.8091608E+001
4.8776316E+004 4.5865160E+001
4.8793329E+004 4.3743259E+001
4.8812149E+004 4.1720959E+001
4.8832996E+004 3.9793528E+001
4.8856118E+004 3.7956480E+001
4.8881795E+004 3.6205526E+001
4.8893427E+004 3.5492248E+001
4.8893427E+004 3.5492248E+001
4.8893427E+004 3.9499557E+001
4.8893427E+004 3.9499557E+001
4.8896948E+004 3.9207279E+001
4.8896948E+004 3.9207279E+001
4.8896948E+004 4.1382651E+001
4.8896948E+004 4.1382651E+001
4.8918168E+004 3.9471097E+001
4.8941708E+004 3.7649160E+001
4.8967856E+004 3.5912599E+001
4.8972869E+004 3.5607505E+001
4.8972869E+004 3.5607505E+001
4.8972869E+004 4.8590381E+001
4.8972869E+004 4.8590381E+001
4.8987939E+004 4.6340508E+001
4.9004585E+004 4.4196287E+001
4.9022995E+004 4.2152723E+001
4.9036091E+004 4.0865967E+001
4.9036091E+004 4.0865967E+001
4.9036091E+004 4.7313647E+001
4.9036091E+004 4.7313647E+001
4.9052025E+004 4.5123739E+001
4.9069637E+004 4.3036638E+001
4.9089128E+004 4.1047489E+001
4.9109692E+004 3.9235756E+001
4.9109692E+004 3.9235756E+001
4.9109692E+004 4.7413895E+001
4.9109692E+004 4.7413895E+001
4.9117250E+004 4.6325484E+001
4.9117250E+004 4.6325484E+001
4.9117250E+004 4.8249447E+001
4.9117250E+004 4.8249447E+001
4.9132543E+004 4.6015591E+001
4.9149438E+004 4.3886631E+001
4.9151460E+004 4.3651340E+001
4.9151460E+004 4.3651340E+001
4.9151460E+004 4.7412434E+001
4.9151460E+004 4.7412434E+001
4.9167323E+004 4.5217882E+001
4.9184857E+004 4.3126368E+001
4.9192971E+004 4.2254065E+001
4.9192971E+004 4.2254065E+001
4.9192971E+004 4.8116156E+001
4.9192971E+004 4.8116156E+001
4.9208353E+004 4.5888555E+001
4.9225348E+004 4.3765555E+001
4.9244148E+004 4.1742206E+001
4.9264972E+004 3.9813781E+001
4.9288067E+004 3.7975782E+001
4.9313716E+004 3.6223922E+001
4.9342236E+004 3.4554111E+001
4.9373993E+004 3.2962439E+001
4.9409398E+004 3.1445201E+001
4.9414439E+004 3.1246845E+001
4.9414439E+004 3.1246845E+001
4.9414439E+004 4.5730996E+001
4.9414439E+004 4.5730996E+001
4.9431558E+004 4.3615390E+001
4.9433884E+004 4.3350145E+001
4.9433884E+004 4.3350145E+001
4.9433884E+004 4.7917687E+001
4.9433884E+004 4.7917687E+001
4.9449399E+004 4.5699405E+001
4.9466543E+004 4.3585283E+001
4.9485511E+004 4.1570393E+001
4.9491633E+004 4.0978662E+001
4.9491633E+004 4.0978662E+001
4.9491633E+004 7.0458880E+001
4.9491633E+004 7.0458880E+001
4.9494861E+004 6.8929579E+001
4.9494861E+004 6.8929579E+001
4.9494861E+004 7.0276158E+001
4.9494861E+004 7.0276158E+001
4.9496158E+004 6.9654021E+001
4.9496158E+004 6.9654021E+001
4.9496158E+004 7.7825968E+001
4.9496158E+004 7.7825968E+001
4.9502114E+004 7.4205304E+001
4.9502765E+004 7.3837656E+001
4.9502765E+004 7.3837656E+001
4.9502765E+004 7.7147853E+001
4.9502765E+004 7.7147853E+001
4.9508821E+004 7.3558828E+001
4.9515449E+004 7.0137450E+001
4.9522708E+004 6.6876171E+001
4.9526225E+004 6.5444993E+001
4.9526225E+004 6.5444993E+001
4.9526225E+004 6.9793566E+001
4.9526225E+004 6.9793566E+001
4.9533552E+004 6.6548392E+001
4.9536880E+004 6.5210659E+001
4.9536880E+004 6.5210659E+001
4.9536880E+004 6.7324398E+001
4.9536880E+004 6.7324398E+001
4.9544733E+004 6.4194915E+001
4.9547369E+004 6.3234082E+001
4.9547369E+004 6.3234082E+001
4.9547369E+004 6.8507822E+001
4.9547369E+004 6.8507822E+001
4.9554963E+004 6.5322879E+001
4.9563286E+004 6.2287253E+001
4.9572418E+004 5.9394057E+001
4.9582446E+004 5.6636701E+001
4.9592074E+004 5.4319497E+001
4.9592074E+004 5.4319497E+001
4.9592074E+004 5.6929314E+001
4.9592074E+004 5.6929314E+001
4.9596895E+004 5.5712593E+001
4.9596895E+004 5.5712593E+001
4.9596895E+004 6.1832873E+001
4.9596895E+004 6.1832873E+001
4.9606159E+004 5.8961012E+001
4.9610590E+004 5.7718037E+001
4.9610590E+004 5.7718037E+001
4.9610590E+004 5.8726065E+001
4.9610590E+004 5.8726065E+001
4.9620845E+004 5.6000083E+001
4.9632120E+004 5.3402139E+001
4.9638533E+004 5.2075292E+001
4.9638533E+004 5.2075292E+001
4.9638533E+004 6.1612660E+001
4.9638533E+004 6.1612660E+001
4.9647862E+004 5.8751135E+001
4.9658108E+004 5.6023977E+001
4.9669373E+004 5.3424909E+001
4.9679798E+004 5.1317272E+001
4.9679798E+004 5.1317272E+001
4.9679798E+004 7.6185049E+001
4.9679798E+004 7.6185049E+001
4.9686000E+004 7.2640965E+001
4.9692788E+004 6.9262521E+001
4.9700224E+004 6.6042216E+001
4.9708373E+004 6.2972849E+001
4.9717312E+004 6.0047481E+001
4.9727125E+004 5.7259438E+001
4.9734252E+004 5.5458769E+001
4.9734252E+004 5.5458769E+001
4.9734252E+004 6.7604101E+001
4.9734252E+004 6.7604101E+001
4.9742041E+004 6.4461508E+001
4.9750582E+004 6.1466286E+001
4.9759955E+004 5.8611629E+001
4.9761742E+004 5.8109550E+001
4.9761742E+004 5.8109550E+001
4.9761742E+004 6.0548783E+001
4.9761742E+004 6.0548783E+001
4.9771395E+004 5.7737203E+001
4.9782002E+004 5.5057664E+001
4.9783847E+004 5.4627366E+001
4.9783847E+004 5.4627366E+001
4.9783847E+004 6.0952281E+001
4.9783847E+004 6.0952281E+001
4.9791303E+004 5.8702020E+001
4.9791303E+004 5.8702020E+001
4.9791303E+004 6.2881235E+001
4.9791303E+004 6.2881235E+001
4.9800267E+004 5.9960159E+001
4.9810108E+004 5.7176219E+001
4.9816362E+004 5.5593274E+001
4.9816362E+004 5.5593274E+001
4.9816362E+004 5.7350236E+001
4.9816362E+004 5.7350236E+001
4.9827112E+004 5.4688868E+001
4.9836510E+004 5.2642050E+001
4.9836510E+004 5.2642050E+001
4.9836510E+004 5.8008424E+001
4.9836510E+004 5.8008424E+001
4.9847018E+004 5.5316147E+001
4.9849278E+004 5.4783290E+001
4.9849278E+004 5.4783290E+001
4.9849278E+004 5.7768632E+001
4.9849278E+004 5.7768632E+001
4.9859873E+004 5.5087616E+001
4.9871527E+004 5.2532543E+001
4.9884358E+004 5.0097495E+001
4.9898503E+004 4.7776838E+001
4.9914114E+004 4.5565178E+001
4.9931365E+004 4.3457357E+001
4.9950453E+004 4.1448466E+001
4.9971599E+004 3.9533821E+001
4.9995057E+004 3.7708952E+001
5.0021113E+004 3.5969586E+001
5.0050092E+004 3.4311675E+001
5.0082365E+004 3.2731349E+001
5.0118355E+004 3.1224921E+001
5.0128444E+004 3.0841167E+001
5.0128444E+004 3.0841167E+001
5.0128444E+004 3.7294833E+001
5.0128444E+004 3.7294833E+001
5.0134866E+004 3.6855149E+001
5.0134866E+004 3.6855149E+001
5.0134866E+004 5.4210641E+001
5.0134866E+004 5.4210641E+001
5.0146903E+004 5.1696760E+001
5.0153250E+004 5.0504010E+001
5.0153250E+004 5.0504010E+001
5.0153250E+004 5.3936325E+001
5.0153250E+004 5.3936325E+001
5.0165411E+004 5.1435333E+001
5.0166474E+004 5.1232590E+001
5.0166474E+004 5.1232590E+001
5.0166474E+004 5.3662808E+001
5.0166474E+004 5.3662808E+001
5.0178761E+004 5.1174667E+001
5.0192299E+004 4.8803415E+001
5.0207233E+004 4.6543536E+001
5.0223726E+004 4.4389784E+001
5.0241964E+004 4.2337139E+001
5.0262158E+004 4.0380811E+001
5.0272354E+004 3.9494281E+001
5.0272354E+004 3.9494281E+001
5.0272354E+004 4.6303201E+001
5.0272354E+004 4.6303201E+001
5.0274762E+004 4.5972655E+001
5.0274762E+004 4.5972655E+001
5.0274762E+004 5.6066593E+001
5.0274762E+004 5.6066593E+001
5.0286010E+004 5.3465527E+001
5.0298390E+004 5.0986651E+001
5.0312030E+004 4.8624229E+001
5.0327079E+004 4.6372775E+001
5.0343701E+004 4.4227037E+001
5.0362083E+004 4.2182028E+001
5.0382438E+004 4.0232978E+001
5.0405007E+004 3.8375327E+001
5.0430064E+004 3.6604744E+001
5.0457919E+004 3.4917099E+001
5.0476574E+004 3.3917431E+001
5.0476574E+004 3.3917431E+001
5.0476574E+004 4.3030567E+001
5.0476574E+004 4.3030567E+001
5.0496072E+004 4.1041703E+001
5.0517678E+004 3.9146136E+001
5.0540033E+004 3.7452446E+001
5.0540033E+004 3.7452446E+001
5.0540033E+004 7.1618185E+001
5.0540033E+004 7.1618185E+001
5.0547008E+004 6.8287595E+001
5.0554648E+004 6.5112967E+001
5.0563024E+004 6.2087184E+001
5.0563694E+004 6.1862296E+001
5.0563694E+004 6.1862296E+001
5.0563694E+004 6.3195737E+001
5.0563694E+004 6.3195737E+001
5.0572571E+004 6.0259905E+001
5.0582316E+004 5.7461889E+001
5.0593024E+004 5.4795282E+001
5.0604803E+004 5.2253940E+001
5.0617774E+004 4.9831982E+001
5.0632075E+004 4.7523798E+001
5.0647861E+004 4.5324022E+001
5.0665308E+004 4.3227520E+001
5.0684614E+004 4.1229415E+001
5.0686376E+004 4.1060819E+001
5.0686376E+004 4.1060819E+001
5.0686376E+004 6.8064070E+001
5.0686376E+004 6.8064070E+001
5.0694064E+004 6.4899926E+001
5.0702494E+004 6.1884132E+001
5.0710308E+004 5.9428113E+001
5.0710308E+004 5.9428113E+001
5.0710308E+004 6.0843768E+001
5.0710308E+004 6.0843768E+001
5.0718828E+004 5.8305803E+001
5.0718828E+004 5.8305803E+001
5.0718828E+004 6.1715722E+001
5.0718828E+004 6.1715722E+001
5.0728127E+004 5.8849354E+001
5.0738339E+004 5.6117580E+001
5.0743659E+004 5.4834555E+001
5.0743659E+004 5.4834555E+001
5.0743659E+004 5.7528069E+001
5.0743659E+004 5.7528069E+001
5.0754343E+004 5.4858352E+001
5.0763324E+004 5.2879547E+001
5.0763324E+004 5.2879547E+001
5.0763324E+004 5.6229689E+001
5.0763324E+004 5.6229689E+001
5.0774506E+004 5.3620960E+001
5.0783653E+004 5.1737359E+001
5.0783653E+004 5.1737359E+001
5.0783653E+004 5.5991695E+001
5.0783653E+004 5.5991695E+001
5.0794931E+004 5.3394145E+001
5.0807344E+004 5.0918626E+001
5.0821023E+004 4.8559403E+001
5.0836113E+004 4.6310985E+001
5.0839599E+004 4.5834612E+001
5.0839599E+004 4.5834612E+001
5.0839599E+004 5.5604306E+001
5.0839599E+004 5.5604306E+001
5.0851035E+004 5.3024959E+001
5.0863625E+004 5.0566778E+001
5.0877500E+004 4.8224077E+001
5.0892810E+004 4.5991413E+001
5.0909724E+004 4.3863584E+001
5.0928434E+004 4.1835630E+001
5.0934504E+004 4.1237140E+001
5.0934504E+004 4.1237140E+001
5.0934504E+004 5.9796176E+001
5.0934504E+004 5.9796176E+001
5.0940481E+004 5.8069405E+001
5.0940481E+004 5.8069405E+001
5.0940481E+004 5.9666039E+001
5.0940481E+004 5.9666039E+001
5.0950419E+004 5.6895911E+001
5.0961341E+004 5.4255891E+001
5.0973357E+004 5.1739883E+001
5.0976161E+004 5.1200792E+001
5.0976161E+004 5.1200792E+001
5.0976161E+004 5.6190300E+001
5.0976161E+004 5.6190300E+001
5.0987359E+004 5.3583423E+001
5.0989949E+004 5.3029269E+001
5.0989949E+004 5.3029269E+001
5.0989949E+004 5.7123724E+001
5.0989949E+004 5.7123724E+001
5.0994721E+004 5.5906784E+001
5.0994721E+004 5.5906784E+001
5.0994721E+004 6.6008568E+001
5.0994721E+004 6.6008568E+001
5.0995393E+004 6.5738585E+001
5.0995393E+004 6.5738585E+001
5.0995393E+004 7.4334468E+001
5.0995393E+004 7.4334468E+001
5.1000767E+004 7.1439198E+001
5.1000767E+004 7.1439198E+001
5.1000767E+004 7.3181187E+001
5.1000767E+004 7.3181187E+001
5.1007460E+004 6.9777469E+001
5.1014791E+004 6.6533049E+001
5.1022824E+004 6.3440671E+001
5.1031635E+004 6.0493343E+001
5.1041306E+004 5.7684368E+001
5.1051932E+004 5.5007313E+001
5.1063619E+004 5.2456005E+001
5.1070446E+004 5.1119857E+001
5.1070446E+004 5.1119857E+001
5.1070446E+004 5.6604770E+001
5.1070446E+004 5.6604770E+001
5.1075978E+004 5.5238269E+001
5.1075978E+004 5.5238269E+001
5.1075978E+004 5.8094380E+001
5.1075978E+004 5.8094380E+001
5.1086456E+004 5.5398062E+001
5.1097978E+004 5.2828402E+001
5.1104692E+004 5.1485554E+001
5.1104692E+004 5.1485554E+001
5.1104692E+004 5.8946413E+001
5.1104692E+004 5.8946413E+001
5.1114871E+004 5.6210076E+001
5.1124648E+004 5.3910151E+001
5.1124648E+004 5.3910151E+001
5.1124648E+004 5.8797119E+001
5.1124648E+004 5.8797119E+001
5.1134878E+004 5.6067800E+001
5.1136519E+004 5.5663302E+001
5.1136519E+004 5.5663302E+001
5.1136519E+004 5.8817399E+001
5.1136519E+004 5.8817399E+001
5.1146742E+004 5.6087126E+001
5.1157982E+004 5.3485100E+001
5.1170352E+004 5.1005303E+001
5.1183983E+004 4.8642004E+001
5.1199020E+004 4.6389715E+001
5.1215629E+004 4.4243181E+001
5.1224625E+004 4.3200670E+001
5.1224625E+004 4.3200670E+001
5.1224625E+004 4.7902593E+001
5.1224625E+004 4.7902593E+001
5.1225147E+004 4.7822284E+001
5.1225147E+004 4.7822284E+001
5.1225147E+004 5.6377975E+001
5.1225147E+004 5.6377975E+001
5.1236271E+004 5.3762285E+001
5.1248512E+004 5.1269466E+001
5.1259178E+004 4.9360864E+001
5.1259178E+004 4.9360864E+001
5.1259178E+004 5.4177809E+001
5.1259178E+004 5.4177809E+001
5.1271230E+004 5.1665473E+001
5.1284505E+004 4.9271164E+001
5.1299145E+004 4.6989318E+001
5.1308748E+004 4.5656717E+001
5.1308748E+004 4.5656717E+001
5.1308748E+004 4.7128084E+001
5.1308748E+004 4.7128084E+001
5.1313896E+004 4.6391559E+001
5.1313896E+004 4.6391559E+001
5.1313896E+004 5.6306587E+001
5.1313896E+004 5.6306587E+001
5.1325048E+004 5.3694242E+001
5.1337321E+004 5.1204623E+001
5.1350843E+004 4.8831962E+001
5.1359447E+004 4.7484762E+001
5.1359447E+004 4.7484762E+001
5.1359447E+004 4.9034813E+001
5.1359447E+004 4.9034813E+001
5.1374235E+004 4.6764066E+001
5.1390564E+004 4.4599958E+001
5.1408620E+004 4.2537449E+001
5.1428609E+004 4.0571725E+001
5.1450766E+004 3.8698190E+001
5.1474526E+004 3.6968434E+001
5.1474526E+004 3.6968434E+001
5.1474526E+004 4.2970928E+001
5.1474526E+004 4.2970928E+001
5.1475936E+004 4.2816921E+001
5.1475936E+004 4.2816921E+001
5.1475936E+004 7.4433903E+001
5.1475936E+004 7.4433903E+001
5.1482417E+004 7.0971624E+001
5.1489513E+004 6.7671295E+001
5.1497288E+004 6.4525550E+001
5.1505813E+004 6.1527322E+001
5.1515167E+004 5.8669805E+001
5.1525441E+004 5.5946460E+001
5.1526080E+004 5.5788830E+001
5.1526080E+004 5.5788830E+001
5.1526080E+004 5.9428474E+001
5.1526080E+004 5.9428474E+001
5.1532404E+004 5.7638599E+001
5.1532404E+004 5.7638599E+001
5.1532404E+004 6.2044188E+001
5.1532404E+004 6.2044188E+001
5.1541606E+004 5.9162404E+001
5.1551712E+004 5.6415925E+001
5.1562820E+004 5.3798451E+001
5.1569411E+004 5.2406331E+001
5.1569411E+004 5.2406331E+001
5.1569411E+004 6.6504424E+001
5.1569411E+004 6.6504424E+001
5.1577451E+004 6.3413387E+001
5.1586269E+004 6.0467340E+001
5.1595948E+004 5.7659587E+001
5.1606583E+004 5.4983697E+001
5.1609915E+004 5.4217535E+001
5.1609915E+004 5.4217535E+001
5.1609915E+004 5.8596983E+001
5.1609915E+004 5.8596983E+001
5.1620214E+004 5.5877060E+001
5.1631539E+004 5.3284900E+001
5.1644004E+004 5.0814509E+001
5.1657740E+004 4.8460171E+001
5.1672895E+004 4.6216418E+001
5.1688579E+004 4.4203287E+001
5.1688579E+004 4.4203287E+001
5.1688579E+004 6.3774433E+001
5.1688579E+004 6.3774433E+001
5.1697299E+004 6.0811443E+001
5.1706871E+004 5.7987531E+001
5.1717387E+004 5.5296236E+001
5.1728952E+004 5.2731358E+001
5.1741685E+004 5.0286972E+001
5.1755719E+004 4.7957417E+001
5.1771208E+004 4.5737278E+001
5.1775281E+004 4.5203068E+001
5.1775281E+004 4.5203068E+001
5.1775281E+004 4.9967255E+001
5.1775281E+004 4.9967255E+001
5.1789502E+004 4.7652716E+001
5.1797603E+004 4.6471372E+001
5.1797603E+004 4.6471372E+001
5.1797603E+004 5.4679685E+001
5.1797603E+004 5.4679685E+001
5.1798698E+004 5.4428329E+001
5.1798698E+004 5.4428329E+001
5.1798698E+004 6.0832735E+001
5.1798698E+004 6.0832735E+001
5.1804653E+004 5.9024670E+001
5.1804653E+004 5.9024670E+001
5.1804653E+004 6.1359344E+001
5.1804653E+004 6.1359344E+001
5.1813706E+004 5.8608636E+001
5.1813706E+004 5.8608636E+001
5.1813706E+004 5.9920607E+001
5.1813706E+004 5.9920607E+001
5.1823560E+004 5.7138526E+001
5.1834390E+004 5.4487111E+001
5.1846304E+004 5.1960241E+001
5.1849390E+004 5.1360176E+001
5.1849390E+004 5.1360176E+001
5.1849390E+004 5.5205334E+001
5.1849390E+004 5.5205334E+001
5.1860993E+004 5.2644725E+001
5.1873768E+004 5.0204413E+001
5.1887851E+004 4.7878736E+001
5.1903393E+004 4.5662285E+001
5.1920566E+004 4.3549908E+001
5.1939567E+004 4.1536680E+001
5.1960616E+004 3.9617892E+001
5.1982836E+004 3.7870781E+001
5.1982836E+004 3.7870781E+001
5.1982836E+004 4.3230658E+001
5.1982836E+004 4.3230658E+001
5.2002139E+004 4.1232406E+001
5.2013063E+004 4.0221534E+001
5.2013063E+004 4.0221534E+001
5.2013063E+004 4.6119441E+001
5.2013063E+004 4.6119441E+001
5.2029878E+004 4.3985600E+001
5.2048477E+004 4.1951924E+001
5.2049319E+004 4.1866414E+001
5.2049319E+004 4.1866414E+001
5.2049319E+004 4.6410241E+001
5.2049319E+004 4.6410241E+001
5.2065913E+004 4.4262746E+001
5.2084263E+004 4.2216059E+001
5.2104583E+004 4.0265409E+001
5.2127112E+004 3.8406245E+001
5.2152124E+004 3.6634211E+001
5.2156880E+004 3.6325302E+001
5.2156880E+004 3.6325302E+001
5.2156880E+004 4.2415449E+001
5.2156880E+004 4.2415449E+001
5.2160929E+004 4.1995288E+001
5.2160929E+004 4.1995288E+001
5.2160929E+004 4.9530877E+001
5.2160929E+004 4.9530877E+001
5.2175411E+004 4.7236840E+001
5.2191398E+004 4.5050531E+001
5.2196029E+004 4.4472377E+001
5.2196029E+004 4.4472377E+001
5.2196029E+004 4.6837356E+001
5.2196029E+004 4.6837356E+001
5.2212305E+004 4.4669807E+001
5.2230300E+004 4.2604015E+001
5.2243046E+004 4.1308364E+001
5.2243046E+004 4.1308364E+001
5.2243046E+004 4.9768932E+001
5.2243046E+004 4.9768932E+001
5.2257385E+004 4.7463713E+001
5.2271919E+004 4.5433665E+001
5.2271919E+004 4.5433665E+001
5.2271919E+004 5.3190540E+001
5.2271919E+004 5.3190540E+001
5.2284429E+004 5.0724584E+001
5.2284922E+004 5.0634279E+001
5.2284922E+004 5.4457881E+001
5.2284922E+004 5.4457881E+001
5.2296848E+004 5.1932386E+001
5.2309985E+004 4.9525537E+001
5.2324469E+004 4.7231750E+001
5.2340461E+004 4.5045681E+001
5.2358138E+004 4.2962248E+001
5.2377702E+004 4.0976594E+001
5.2399384E+004 3.9084074E+001
5.2423442E+004 3.7280278E+001
5.2439102E+004 3.6239086E+001
5.2439102E+004 3.6239086E+001
5.2439102E+004 4.2199979E+001
5.2439102E+004 4.2199979E+001
5.2447036E+004 4.1401992E+001
5.2447036E+004 4.1401992E+001
5.2447036E+004 5.9455367E+001
5.2447036E+004 5.9455367E+001
5.2457043E+004 5.6695130E+001
5.2468042E+004 5.4064539E+001
5.2480146E+004 5.1557528E+001
5.2493478E+004 4.9168285E+001
5.2504883E+004 4.7371887E+001
5.2504883E+004 4.7371887E+001
5.2504883E+004 5.1318399E+001
5.2504883E+004 5.1318399E+001
5.2518343E+004 4.8940389E+001
5.2520697E+004 4.8557185E+001
5.2520697E+004 4.8557185E+001
5.2520697E+004 5.3990304E+001
5.2520697E+004 5.3990304E+001
5.2532834E+004 5.1486774E+001
5.2546204E+004 4.9100857E+001
5.2548359E+004 4.8746080E+001
5.2548359E+004 4.8746080E+001
5.2548359E+004 5.2313375E+001
5.2548359E+004 5.2313375E+001
5.2552558E+004 5.1485393E+001
5.2552558E+004 5.1485393E+001
5.2552558E+004 6.1098438E+001
5.2552558E+004 6.1098438E+001
5.2561763E+004 5.8338576E+001
5.2561763E+004 5.8338576E+001
5.2561763E+004 6.2695349E+001
5.2561763E+004 6.2695349E+001
5.2570779E+004 5.9783005E+001
5.2580678E+004 5.7007380E+001
5.2591557E+004 5.4362120E+001
5.2603526E+004 5.1841127E+001
5.2616710E+004 4.9438564E+001
5.2631248E+004 4.7148856E+001
5.2635892E+004 4.6481925E+001
5.2635892E+004 4.6481925E+001
5.2635892E+004 5.3510760E+001
5.2635892E+004 5.3510760E+001
5.2648250E+004 5.1029757E+001
5.2650229E+004 5.0663181E+001
5.2650229E+004 5.0663181E+001
5.2650229E+004 5.4602881E+001
5.2650229E+004 5.4602881E+001
5.2662092E+004 5.2070578E+001
5.2675157E+004 4.9657233E+001
5.2689562E+004 4.7357255E+001
5.2700410E+004 4.5825180E+001
5.2700410E+004 4.5825180E+001
5.2700410E+004 5.5769617E+001
5.2700410E+004 5.5769617E+001
5.2711779E+004 5.3182498E+001
5.2724293E+004 5.0716920E+001
5.2738083E+004 4.8367170E+001
5.2751736E+004 4.6342004E+001
5.2751736E+004 4.6342004E+001
5.2751736E+004 5.1866254E+001
5.2751736E+004 5.1866254E+001
5.2764907E+004 4.9462515E+001
5.2779430E+004 4.7171681E+001
5.2781943E+004 4.6806509E+001
5.2781943E+004 4.6806509E+001
5.2781943E+004 5.2445940E+001
5.2781943E+004 5.2445940E+001
5.2794818E+004 5.0014965E+001
5.2809011E+004 4.7698188E+001
5.2824676E+004 4.5490214E+001
5.2841987E+004 4.3385912E+001
5.2861143E+004 4.1380378E+001
5.2882365E+004 3.9468930E+001
5.2905908E+004 3.7647095E+001
5.2932060E+004 3.5910631E+001
5.2934343E+004 3.5770578E+001
5.2934343E+004 3.5770578E+001
5.2934343E+004 4.6061615E+001
5.2934343E+004 4.6061615E+001
5.2951203E+004 4.3930491E+001
5.2969852E+004 4.1899403E+001
5.2986835E+004 4.0285451E+001
5.2986835E+004 4.0285451E+001
5.2986835E+004 4.9246848E+001
5.2986835E+004 4.9246848E+001
5.2992812E+004 4.8273760E+001
5.2992812E+004 4.8273760E+001
5.2992812E+004 4.9638506E+001
5.2992812E+004 4.9638506E+001
5.3007228E+004 4.7339408E+001
5.3023144E+004 4.5148289E+001
5.3040735E+004 4.3060039E+001
5.3060204E+004 4.1069790E+001
5.3081778E+004 3.9172904E+001
5.3084093E+004 3.8984925E+001
5.3084093E+004 3.8984925E+001
5.3084093E+004 4.5813274E+001
5.3084093E+004 4.5813274E+001
5.3088066E+004 4.5289316E+001
5.3088066E+004 4.5289316E+001
5.3088066E+004 6.0673314E+001
5.3088066E+004 6.0673314E+001
5.3097681E+004 5.7855893E+001
5.3099541E+004 5.7353076E+001
5.3099541E+004 5.7353076E+001
5.3099541E+004 6.3570518E+001
5.3099541E+004 6.3570518E+001
5.3108317E+004 6.0617102E+001
5.3115047E+004 5.8606490E+001
5.3115047E+004 5.8606490E+001
5.3115047E+004 7.0704268E+001
5.3115047E+004 7.0704268E+001
5.3122195E+004 6.7416453E+001
5.3130026E+004 6.4282657E+001
5.3138613E+004 6.1295823E+001
5.3148037E+004 5.8449172E+001
5.3158388E+004 5.5736194E+001
5.3169770E+004 5.3150646E+001
5.3182300E+004 5.0686566E+001
5.3196107E+004 4.8338244E+001
5.3211342E+004 4.6100212E+001
5.3228172E+004 4.3967275E+001
5.3237759E+004 4.2880143E+001
5.3237759E+004 4.2880143E+001
5.3237759E+004 4.8842648E+001
5.3237759E+004 4.8842648E+001
5.3243751E+004 4.7891215E+001
5.3243751E+004 4.7891215E+001
5.3243751E+004 7.0339773E+001
5.3243751E+004 7.0339773E+001
5.3250969E+004 6.7069025E+001
5.3257544E+004 6.4446219E+001
5.3257544E+004 6.4446219E+001
5.3257544E+004 6.7159343E+001
5.3257544E+004 6.7159343E+001
5.3265433E+004 6.4037603E+001
5.3274084E+004 6.1062264E+001
5.3283579E+004 5.8226577E+001
5.3289910E+004 5.6537686E+001
5.3289910E+004 5.6537686E+001
5.3289910E+004 6.8224829E+001
5.3289910E+004 6.8224829E+001
5.3297565E+004 6.5053145E+001
5.3305955E+004 6.2030170E+001
5.3315161E+004 5.9149041E+001
5.3325271E+004 5.6403190E+001
5.3336385E+004 5.3786315E+001
5.3348615E+004 5.1292370E+001
5.3362089E+004 4.8915583E+001
5.3376952E+004 4.6650442E+001
5.3387110E+004 4.5274750E+001
5.3387110E+004 4.5274750E+001
5.3387110E+004 5.1032303E+001
5.3387110E+004 5.1032303E+001
5.3400726E+004 4.8667735E+001
5.3408625E+004 4.7438977E+001
5.3408625E+004 4.7438977E+001
5.3408625E+004 6.2878697E+001
5.3408625E+004 6.2878697E+001
5.3417590E+004 5.9957741E+001
5.3427432E+004 5.7173914E+001
5.3438248E+004 5.4520835E+001
5.3450147E+004 5.1992381E+001
5.3463252E+004 4.9582711E+001
5.3477702E+004 4.7286236E+001
5.3487969E+004 4.5838746E+001
5.3487969E+004 4.5838746E+001
5.3487969E+004 5.2273336E+001
5.3487969E+004 5.2273336E+001
5.3500931E+004 4.9850466E+001
5.3515221E+004 4.7541413E+001
5.3530994E+004 4.5340809E+001
5.3548427E+004 4.3243517E+001
5.3567718E+004 4.1244661E+001
5.3585937E+004 3.9601989E+001
5.3585937E+004 3.9601989E+001
5.3585937E+004 4.6660948E+001
5.3585937E+004 4.6660948E+001
5.3602343E+004 4.4501688E+001
5.3610699E+004 4.3513248E+001
5.3610699E+004 4.3513248E+001
5.3610699E+004 4.8771434E+001
5.3610699E+004 4.8771434E+001
5.3625653E+004 4.6513059E+001
5.3633468E+004 4.5452522E+001
5.3633468E+004 4.5452522E+001
5.3633468E+004 5.0403848E+001
5.3633468E+004 5.0403848E+001
5.3647435E+004 4.8068797E+001
5.3662849E+004 4.5843422E+001
5.3679879E+004 4.3722543E+001
5.3698719E+004 4.1701211E+001
5.3719587E+004 3.9774708E+001
5.3735757E+004 3.8460997E+001
5.3735757E+004 3.8460997E+001
5.3735757E+004 4.5612328E+001
5.3735757E+004 4.5612328E+001
5.3752971E+004 4.3502299E+001
5.3772016E+004 4.1491296E+001
5.3786875E+004 4.0109789E+001
5.3786875E+004 4.0109789E+001
5.3786875E+004 4.9705355E+001
5.3786875E+004 4.9705355E+001
5.3801252E+004 4.7403114E+001
5.3817122E+004 4.5209000E+001
5.3834663E+004 4.3117903E+001
5.3854076E+004 4.1124942E+001
5.3875586E+004 3.9225466E+001
5.3899454E+004 3.7415047E+001
5.3925970E+004 3.5689457E+001
5.3952118E+004 3.4218077E+001
5.3952118E+004 3.4218077E+001
5.3952118E+004 4.4333875E+001
5.3952118E+004 4.4333875E+001
5.3970406E+004 4.2283855E+001
5.3970519E+004 4.2272059E+001
5.3970519E+004 5.9629135E+001
5.3970519E+004 5.9629135E+001
5.3980468E+004 5.6860742E+001
5.3991404E+004 5.4222374E+001
5.4003436E+004 5.1707942E+001
5.4016689E+004 4.9311636E+001
5.4031304E+004 4.7027896E+001
5.4047442E+004 4.4851398E+001
5.4065282E+004 4.2777084E+001
5.4085030E+004 4.0800116E+001
5.4106917E+004 3.8915876E+001
5.4106942E+004 3.8913854E+001
5.4106942E+004 4.4297584E+001
5.4106942E+004 4.4297584E+001
5.4125262E+004 4.2249260E+001
5.4145547E+004 4.0297051E+001
5.4168037E+004 3.8436400E+001
5.4176660E+004 3.7791027E+001
5.4176660E+004 3.7791027E+001
5.4176660E+004 4.4736638E+001
5.4176660E+004 4.4736638E+001
5.4194598E+004 4.2667711E+001
5.4214455E+004 4.0695870E+001
5.4228238E+004 3.9483833E+001
5.4228238E+004 3.9483833E+001
5.4228238E+004 4.5906941E+001
5.4228238E+004 4.5906941E+001
5.4233195E+004 4.5251979E+001
5.4233195E+004 4.5251979E+001
5.4233195E+004 6.4929953E+001
5.4233195E+004 6.4929953E+001
5.4241617E+004 6.1912750E+001
5.4250857E+004 5.9037136E+001
5.4261005E+004 5.6296546E+001
5.4272161E+004 5.3684673E+001
5.4280412E+004 5.1970287E+001
5.4280412E+004 5.1970287E+001
5.4280412E+004 6.8075943E+001
5.4280412E+004 6.8075943E+001
5.4288098E+004 6.4911242E+001
5.4296525E+004 6.1894917E+001
5.4305770E+004 5.9020141E+001
5.4315924E+004 5.6280350E+001
5.4327086E+004 5.3669239E+001
5.4339370E+004 5.1180794E+001
5.4339578E+004 5.1141551E+001
5.4339578E+004 6.5073839E+001
5.4339578E+004 6.5073839E+001
5.4347964E+004 6.2049892E+001
5.4357164E+004 5.9167842E+001
5.4367268E+004 5.6421108E+001
5.4377702E+004 5.3950718E+001
5.4377702E+004 5.3950718E+001
5.4377702E+004 6.6475836E+001
5.4377702E+004 6.6475836E+001
5.4385749E+004 6.3386134E+001
5.4394574E+004 6.0441366E+001
5.4404262E+004 5.7634834E+001
5.4414906E+004 5.4960101E+001
5.4426614E+004 5.2411013E+001
5.4439506E+004 4.9981680E+001
5.4453718E+004 4.7666467E+001
5.4465494E+004 4.5978372E+001
5.4465494E+004 4.5978372E+001
5.4465494E+004 5.9924632E+001
5.4465494E+004 5.9924632E+001
5.4475347E+004 5.7142362E+001
5.4486175E+004 5.4490767E+001
5.4498087E+004 5.1963725E+001
5.4511207E+004 4.9555403E+001
5.4525674E+004 4.7260212E+001
5.4526934E+004 4.7074847E+001
5.4526934E+004 4.7074847E+001
5.4526934E+004 5.1865855E+001
5.4526934E+004 5.1865855E+001
5.4539460E+004 4.9571404E+001
5.4539460E+004 4.9571404E+001
5.4539460E+004 5.5307724E+001
5.4539460E+004 5.5307724E+001
5.4551020E+004 5.2742309E+001
5.4563748E+004 5.0297408E+001
5.4577776E+004 4.7967362E+001
5.4583482E+004 4.7108428E+001
5.4583482E+004 4.7108428E+001
5.4583482E+004 4.9344475E+001
5.4583482E+004 4.9344475E+001
5.4598077E+004 4.7059190E+001
5.4614192E+004 4.4881226E+001
5.4632007E+004 4.2805510E+001
5.4651726E+004 4.0827207E+001
5.4673582E+004 3.8941700E+001
5.4690205E+004 3.7678833E+001
5.4690205E+004 3.7678833E+001
5.4690205E+004 4.5399549E+001
5.4690205E+004 4.5399549E+001
5.4707590E+004 4.3299509E+001
5.4716098E+004 4.2374948E+001
5.4716098E+004 4.2374948E+001
5.4716098E+004 4.7640192E+001
5.4716098E+004 4.7640192E+001
5.4731803E+004 4.5434944E+001
5.4749160E+004 4.3333240E+001
5.4768365E+004 4.1330180E+001
5.4789644E+004 3.9421078E+001
5.4813250E+004 3.7601489E+001
5.4827200E+004 3.6643630E+001
5.4827200E+004 3.6643630E+001
5.4827200E+004 4.4111742E+001
5.4827200E+004 4.4111742E+001
5.4845685E+004 4.2072140E+001
5.4866156E+004 4.0128239E+001
5.4877890E+004 3.9133138E+001
5.4877890E+004 3.9133138E+001
5.4877890E+004 4.7680407E+001
5.4877890E+004 4.7680407E+001
5.4893568E+004 4.5473269E+001
5.4905915E+004 4.3940539E+001
5.4905915E+004 4.3940539E+001
5.4905915E+004 6.0131133E+001
5.4905915E+004 6.0131133E+001
5.4915702E+004 5.7339169E+001
5.4926456E+004 5.4678321E+001
5.4938286E+004 5.2142471E+001
5.4951314E+004 4.9725755E+001
5.4965678E+004 4.7422557E+001
5.4981535E+004 4.5227529E+001
5.4999061E+004 4.3135561E+001
5.5017283E+004 4.1253533E+001
5.5017283E+004 4.1253533E+001
5.5017283E+004 5.9433557E+001
5.5017283E+004 5.9433557E+001
5.5027297E+004 5.6674345E+001
5.5038305E+004 5.4044731E+001
5.5050417E+004 5.1538649E+001
5.5063759E+004 4.9150293E+001
5.5078475E+004 4.6874127E+001
5.5094724E+004 4.4704858E+001
5.5112689E+004 4.2637419E+001
5.5127613E+004 4.1129711E+001
5.5127613E+004 4.1129711E+001
5.5127613E+004 4.6474414E+001
5.5127613E+004 4.6474414E+001
5.5144158E+004 4.4323910E+001
5.5157518E+004 4.2795754E+001
5.5157518E+004 4.2795754E+001
5.5157518E+004 5.2661777E+001
5.5157518E+004 5.2661777E+001
5.5170285E+004 5.0220663E+001
5.5184358E+004 4.7894226E+001
5.5199890E+004 4.5677047E+001
5.5213689E+004 4.3952162E+001
5.5213689E+004 4.3952162E+001
5.5213689E+004 4.8293656E+001
5.5213689E+004 4.8293656E+001
5.5228953E+004 4.6057721E+001
5.5242981E+004 4.4262036E+001
5.5242981E+004 4.4262036E+001
5.5242981E+004 4.9802752E+001
5.5242981E+004 4.9802752E+001
5.5251816E+004 4.8337325E+001
5.5251816E+004 4.8337325E+001
5.5251816E+004 6.4516338E+001
5.5251816E+004 6.4516338E+001
5.5260343E+004 6.1518543E+001
5.5269700E+004 5.8661439E+001
5.5279977E+004 5.5938486E+001
5.5291277E+004 5.3343438E+001
5.5303714E+004 5.0870303E+001
5.5317419E+004 4.8513341E+001
5.5332539E+004 4.6267089E+001
5.5335552E+004 4.5855697E+001
5.5335552E+004 4.5855697E+001
5.5335552E+004 4.8794323E+001
5.5335552E+004 4.8794323E+001
5.5350491E+004 4.6534871E+001
5.5366991E+004 4.4381526E+001
5.5385237E+004 4.2329269E+001
5.5401367E+004 4.0742755E+001
5.5401367E+004 4.0742755E+001
5.5401367E+004 5.8477125E+001
5.5401367E+004 5.8477125E+001
5.5411709E+004 5.5762836E+001
5.5423080E+004 5.3176036E+001
5.5435597E+004 5.0710762E+001
5.5449391E+004 4.8361302E+001
5.5464610E+004 4.6122187E+001
5.5469079E+004 4.5521932E+001
5.5469079E+004 4.5521932E+001
5.5469079E+004 5.0628577E+001
5.5469079E+004 5.0628577E+001
5.5482919E+004 4.8282970E+001
5.5490020E+004 4.7200076E+001
5.5490020E+004 4.7200076E+001
5.5490020E+004 4.9389087E+001
5.5490020E+004 4.9389087E+001
5.5502337E+004 4.7432437E+001
5.5502337E+004 4.7432437E+001
5.5502337E+004 6.3038344E+001
5.5502337E+004 6.3038344E+001
5.5511257E+004 6.0109900E+001
5.5521050E+004 5.7318934E+001
5.5530493E+004 5.4963767E+001
5.5530493E+004 5.4963767E+001
5.5530493E+004 5.7256097E+001
5.5530493E+004 5.7256097E+001
5.5541278E+004 5.4599155E+001
5.5553143E+004 5.2067027E+001
5.5566210E+004 4.9653849E+001
5.5580617E+004 4.7354029E+001
5.5596522E+004 4.5162223E+001
5.5607425E+004 4.3828099E+001
5.5607425E+004 4.3828099E+001
5.5607425E+004 5.0250729E+001
5.5607425E+004 5.0250729E+001
5.5621481E+004 4.7922878E+001
5.5626368E+004 4.7186266E+001
5.5626368E+004 4.7186266E+001
5.5626368E+004 5.0306221E+001
5.5626368E+004 5.0306221E+001
5.5640391E+004 4.7975761E+001
5.5655867E+004 4.5754760E+001
5.5672968E+004 4.3638036E+001
5.5691886E+004 4.1620668E+001
5.5712842E+004 3.9697947E+001
5.5713616E+004 3.9632051E+001
5.5713616E+004 3.9632051E+001
5.5713616E+004 5.9367027E+001
5.5713616E+004 5.9367027E+001
5.5714305E+004 5.9164151E+001
5.5714305E+004 5.9164151E+001
5.5714305E+004 6.2523053E+001
5.5714305E+004 6.2523053E+001
5.5723370E+004 5.9618791E+001
5.5723930E+004 5.9451651E+001
5.5723930E+004 5.9451651E+001
5.5723930E+004 6.7858051E+001
5.5723930E+004 6.7858051E+001
5.5731664E+004 6.4703558E+001
5.5740143E+004 6.1696984E+001
5.5749447E+004 5.8831496E+001
5.5759665E+004 5.6100561E+001
5.5770899E+004 5.3497903E+001
5.5783264E+004 5.1017504E+001
5.5795480E+004 4.8881294E+001
5.5795480E+004 4.8881294E+001
5.5795480E+004 5.2056539E+001
5.5795480E+004 5.2056539E+001
5.5808552E+004 4.9643852E+001
5.5822065E+004 4.7477973E+001
5.5822065E+004 4.7477973E+001
5.5822065E+004 5.1651617E+001
5.5822065E+004 5.1651617E+001
5.5835348E+004 4.9257960E+001
5.5849996E+004 4.6976733E+001
5.5866171E+004 4.4802640E+001
5.5876268E+004 4.3592497E+001
5.5876268E+004 4.3592497E+001
5.5876268E+004 4.7115041E+001
5.5876268E+004 4.7115041E+001
5.5892343E+004 4.4934458E+001
5.5894239E+004 4.4696817E+001
5.5894239E+004 4.4696817E+001
5.5894239E+004 5.4663809E+001
5.5894239E+004 5.4663809E+001
5.5906075E+004 5.2128642E+001
5.5914020E+004 5.0612086E+001
5.5914020E+004 5.0612086E+001
5.5914020E+004 5.2789662E+001
5.5914020E+004 5.2789662E+001
5.5926724E+004 5.0342535E+001
5.5940727E+004 4.8010367E+001
5.5956180E+004 4.5787739E+001
5.5973254E+004 4.3669474E+001
5.5992143E+004 4.1650628E+001
5.6013066E+004 3.9726501E+001
5.6036274E+004 3.7892599E+001
5.6049163E+004 3.6982829E+001
5.6049163E+004 3.6982829E+001
5.6049163E+004 5.6588236E+001
5.6049163E+004 5.6588236E+001
5.6052519E+004 5.5747727E+001
5.6052519E+004 5.5747727E+001
5.6052519E+004 5.9642273E+001
5.6052519E+004 5.9642273E+001
5.6062464E+004 5.6873262E+001
5.6073394E+004 5.4234307E+001
5.6085421E+004 5.1719314E+001
5.6098668E+004 4.9322473E+001
5.6113277E+004 4.7038224E+001
5.6129407E+004 4.4861240E+001
5.6147239E+004 4.2786464E+001
5.6148306E+004 4.2671346E+001
5.6148306E+004 4.2671346E+001
5.6148306E+004 4.8028322E+001
5.6148306E+004 4.8028322E+001
5.6163746E+004 4.5804850E+001
5.6167549E+004 4.5303247E+001
5.6167549E+004 4.5303247E+001
5.6167549E+004 5.0274673E+001
5.6167549E+004 5.0274673E+001
5.6174394E+004 4.9094270E+001
5.6174394E+004 4.9094270E+001
5.6174394E+004 6.0514158E+001
5.6174394E+004 6.0514158E+001
5.6184059E+004 5.7704205E+001
5.6194678E+004 5.5026218E+001
5.6206357E+004 5.2474021E+001
5.6218322E+004 5.0199324E+001
5.6218322E+004 5.0199324E+001
5.6218322E+004 5.4350253E+001
5.6218322E+004 5.4350253E+001
5.6230296E+004 5.1829819E+001
5.6243486E+004 4.9427784E+001
5.6247911E+004 4.8693288E+001
5.6247911E+004 4.8693288E+001
5.6247911E+004 6.1928423E+001
5.6247911E+004 6.1928423E+001
5.6257147E+004 5.9052073E+001
5.6267290E+004 5.6310781E+001
5.6278440E+004 5.3698240E+001
5.6290711E+004 5.1208432E+001
5.6304231E+004 4.8835593E+001
5.6319144E+004 4.6574209E+001
5.6335614E+004 4.4419014E+001
5.6353827E+004 4.2364996E+001
5.6364841E+004 4.1257096E+001
5.6364841E+004 4.1257096E+001
5.6364841E+004 4.7257586E+001
5.6364841E+004 4.7257586E+001
5.6380814E+004 4.5070302E+001
5.6383123E+004 4.4778640E+001
5.6383123E+004 4.4778640E+001
5.6383123E+004 6.2094112E+001
5.6383123E+004 6.2094112E+001
5.6387138E+004 6.0780497E+001
5.6387138E+004 6.0780497E+001
5.6387138E+004 6.4121779E+001
5.6387138E+004 6.4121779E+001
5.6394346E+004 6.1603393E+001
5.6394346E+004 6.1603393E+001
5.6394346E+004 6.3953092E+001
5.6394346E+004 6.3953092E+001
5.6403019E+004 6.0981721E+001
5.6412538E+004 5.8149819E+001
5.6422996E+004 5.5450894E+001
5.6434496E+004 5.2878750E+001
5.6447157E+004 5.0427444E+001
5.6461111E+004 4.8091289E+001
5.6476509E+004 4.5864857E+001
5.6493523E+004 4.3742970E+001
5.6512344E+004 4.1720683E+001
5.6533191E+004 3.9793265E+001
5.6556312E+004 3.7956229E+001
5.6581990E+004 3.6205287E+001
5.6606411E+004 3.4761241E+001
5.6606411E+004 3.4761241E+001
5.6606411E+004 4.3050640E+001
5.6606411E+004 4.3050640E+001
5.6625889E+004 4.1060833E+001
5.6647473E+004 3.9164367E+001
5.6664775E+004 3.7829520E+001
5.6664775E+004 3.7829520E+001
5.6664775E+004 4.4778267E+001
5.6664775E+004 4.4778267E+001
5.6682677E+004 4.2707390E+001
5.6702495E+004 4.0733685E+001
5.6724460E+004 3.8852557E+001
5.6745512E+004 3.7287405E+001
5.6745512E+004 3.7287405E+001
5.6745512E+004 4.2160707E+001
5.6745512E+004 4.2160707E+001
5.6765889E+004 4.0212658E+001
5.6788484E+004 3.8355957E+001
5.6790914E+004 3.8171622E+001
5.6790914E+004 3.8171622E+001
5.6790914E+004 4.2544236E+001
5.6790914E+004 4.2544236E+001
5.6798659E+004 4.1744760E+001
5.6798659E+004 4.1744760E+001
5.6798659E+004 5.4950504E+001
5.6798659E+004 5.4950504E+001
5.6803010E+004 5.3958048E+001
5.6803010E+004 5.3958048E+001
5.6803010E+004 5.8736333E+001
5.6803010E+004 5.8736333E+001
5.6813261E+004 5.6009871E+001
5.6821149E+004 5.4150260E+001
5.6821149E+004 5.4150260E+001
5.6821149E+004 5.7773593E+001
5.6821149E+004 5.7773593E+001
5.6831743E+004 5.5092344E+001
5.6843394E+004 5.2537048E+001
5.6845065E+004 5.2198310E+001
5.6845065E+004 5.2198310E+001
5.6845065E+004 5.5132314E+001
5.6845065E+004 5.5132314E+001
5.6856699E+004 5.2575138E+001
5.6869509E+004 5.0138096E+001
5.6872413E+004 4.9630815E+001
5.6872413E+004 4.9630815E+001
5.6872413E+004 6.1519130E+001
5.6872413E+004 6.1519130E+001
5.6880718E+004 5.8962023E+001
5.6880718E+004 5.8962023E+001
5.6880718E+004 6.9789327E+001
5.6880718E+004 6.9789327E+001
5.6884056E+004 6.8252083E+001
5.6884056E+004 6.8252083E+001
5.6884056E+004 7.6866794E+001
5.6884056E+004 7.6866794E+001
5.6890154E+004 7.3290883E+001
5.6896828E+004 6.9882044E+001
5.6904138E+004 6.6632723E+001
5.6912148E+004 6.3535668E+001
5.6920933E+004 6.0583889E+001
5.6925520E+004 5.9192899E+001
5.6925520E+004 5.9192899E+001
5.6925520E+004 6.3844426E+001
5.6925520E+004 6.3844426E+001
5.6934222E+004 6.0878158E+001
5.6943774E+004 5.8051111E+001
5.6954266E+004 5.5356827E+001
5.6965806E+004 5.2789106E+001
5.6978510E+004 5.0342005E+001
5.6992513E+004 4.8009862E+001
5.7007967E+004 4.5787258E+001
5.7010947E+004 4.5393105E+001
5.7010947E+004 4.5393105E+001
5.7010947E+004 5.9486387E+001
5.7010947E+004 5.9486387E+001
5.7020944E+004 5.6724692E+001
5.7031931E+004 5.4092711E+001
5.7044022E+004 5.1584376E+001
5.7057340E+004 4.9193870E+001
5.7072028E+004 4.6915656E+001
5.7086023E+004 4.5022400E+001
5.7086023E+004 4.5022400E+001
5.7086023E+004 5.5495888E+001
5.7086023E+004 5.5495888E+001
5.7097505E+004 5.2921628E+001
5.7110144E+004 5.0468306E+001
5.7124075E+004 4.8130235E+001
5.7133556E+004 4.6715230E+001
5.7133556E+004 4.6715230E+001
5.7133556E+004 5.1399838E+001
5.7133556E+004 5.1399838E+001
5.7146972E+004 4.9018009E+001
5.7155322E+004 4.7693979E+001
5.7155322E+004 4.7693979E+001
5.7155322E+004 5.0899514E+001
5.7155322E+004 5.0899514E+001
5.7169011E+004 4.8541184E+001
5.7184113E+004 4.6293623E+001
5.7186156E+004 4.6012951E+001
5.7186156E+004 4.6012951E+001
5.7186156E+004 5.5779657E+001
5.7186156E+004 5.5779657E+001
5.7197520E+004 5.3192066E+001
5.7208728E+004 5.0965220E+001
5.7208728E+004 5.0965220E+001
5.7208728E+004 5.4325181E+001
5.7208728E+004 5.4325181E+001
5.7220714E+004 5.1805925E+001
5.7233916E+004 4.9405012E+001
5.7248474E+004 4.7116882E+001
5.7249568E+004 4.6957387E+001
5.7249568E+004 4.6957387E+001
5.7249568E+004 5.3490214E+001
5.7249568E+004 5.3490214E+001
5.7261936E+004 5.1010177E+001
5.7275564E+004 4.8646649E+001
5.7285455E+004 4.7125652E+001
5.7285455E+004 4.7125652E+001
5.7285455E+004 4.9490524E+001
5.7285455E+004 4.9490524E+001
5.7299961E+004 4.7198373E+001
5.7315976E+004 4.5013872E+001
5.7325211E+004 4.3886884E+001
5.7325211E+004 4.3886884E+001
5.7325211E+004 5.4198100E+001
5.7325211E+004 5.4198100E+001
5.7337254E+004 5.1684809E+001
5.7350519E+004 4.9289591E+001
5.7365148E+004 4.7006884E+001
5.7370571E+004 4.6238185E+001
5.7370571E+004 4.6238185E+001
5.7370571E+004 4.8801286E+001
5.7370571E+004 4.8801286E+001
5.7385506E+004 4.6541507E+001
5.7385994E+004 4.6472846E+001
5.7385994E+004 5.1730617E+001
5.7385994E+004 5.1730617E+001
5.7399235E+004 4.9333246E+001
5.7413838E+004 4.7048489E+001
5.7429960E+004 4.4871024E+001
5.7447784E+004 4.2795788E+001
5.7452401E+004 4.2304201E+001
5.7452401E+004 4.2304201E+001
5.7452401E+004 5.9511684E+001
5.7452401E+004 5.9511684E+001
5.7462390E+004 5.6748802E+001
5.7473368E+004 5.4115687E+001
5.7485448E+004 5.1606272E+001
5.7498755E+004 4.9214742E+001
5.7508301E+004 4.7692310E+001
5.7508301E+004 4.7692310E+001
5.7508301E+004 6.8926172E+001
5.7508301E+004 6.8926172E+001
5.7515806E+004 6.5721625E+001
5.7524032E+004 6.2667293E+001
5.7533056E+004 5.9756267E+001
5.7542964E+004 5.6981899E+001
5.7553853E+004 5.4337836E+001
5.7565833E+004 5.1817986E+001
5.7579028E+004 4.9416506E+001
5.7593580E+004 4.7127835E+001
5.7600074E+004 4.6204761E+001
5.7600074E+004 4.6204761E+001
5.7600074E+004 6.5297813E+001
5.7600074E+004 6.5297813E+001
5.7608404E+004 6.2263363E+001
5.7617543E+004 5.9371289E+001
5.7627578E+004 5.6615004E+001
5.7638609E+004 5.3988180E+001
5.7650746E+004 5.1484749E+001
5.7664117E+004 4.9098928E+001
5.7671992E+004 4.7840985E+001
5.7671992E+004 4.7840985E+001
5.7671992E+004 5.1911930E+001
5.7671992E+004 5.1911930E+001
5.7685139E+004 4.9506044E+001
5.7699635E+004 4.7213167E+001
5.7715640E+004 4.5027972E+001
5.7720856E+004 4.4379472E+001
5.7720856E+004 4.4379472E+001
5.7720856E+004 4.7677228E+001
5.7720856E+004 4.7677228E+001
5.7727388E+004 4.6715666E+001
5.7727388E+004 4.6715666E+001
5.7727388E+004 5.0696484E+001
5.7727388E+004 5.0696484E+001
5.7740808E+004 4.8407910E+001
5.7740808E+004 4.8407910E+001
5.7740808E+004 5.4450110E+001
5.7740808E+004 5.4450110E+001
5.7741439E+004 5.4306859E+001
5.7741439E+004 5.4306859E+001
5.7741439E+004 5.6133427E+001
5.7741439E+004 5.6133427E+001
5.7752660E+004 5.3529223E+001
5.7753135E+004 5.3426544E+001
5.7753135E+004 5.4368526E+001
5.7753135E+004 5.4368526E+001
5.7765101E+004 5.1847233E+001
5.7772867E+004 5.0386966E+001
5.7772867E+004 5.0386966E+001
5.7772867E+004 5.4208918E+001
5.7772867E+004 5.4208918E+001
5.7784905E+004 5.1695118E+001
5.7798165E+004 4.9299416E+001
5.7812788E+004 4.7016250E+001
5.7813746E+004 4.6877479E+001
5.7813746E+004 4.6877479E+001
5.7813746E+004 5.9426845E+001
5.7813746E+004 5.9426845E+001
5.7823762E+004 5.6667948E+001
5.7833462E+004 5.4331089E+001
5.7833462E+004 5.4331089E+001
5.7833462E+004 6.0121174E+001
5.7833462E+004 6.0121174E+001
5.7843251E+004 5.7329678E+001
5.7854009E+004 5.4669276E+001
5.7864685E+004 5.2365261E+001
5.7864685E+004 5.2365261E+001
5.7864685E+004 5.5318662E+001
5.7864685E+004 5.5318662E+001
5.7876240E+004 5.2752736E+001
5.7888962E+004 5.0307345E+001
5.7902985E+004 4.7976831E+001
5.7918461E+004 4.5755780E+001
5.7935560E+004 4.3639009E+001
5.7943796E+004 4.2721163E+001
5.7943796E+004 4.2721163E+001
5.7943796E+004 4.9660000E+001
5.7943796E+004 4.9660000E+001
5.7958200E+004 4.7359892E+001
5.7958879E+004 4.7259134E+001
5.7958879E+004 4.7259134E+001
5.7958879E+004 5.0703896E+001
5.7958879E+004 5.0703896E+001
5.7972677E+004 4.8354759E+001
5.7983030E+004 4.6794557E+001
5.7983030E+004 4.6794557E+001
5.7983030E+004 4.9093581E+001
5.7983030E+004 4.9093581E+001
5.7997781E+004 4.6820082E+001
5.7999587E+004 4.6562736E+001
5.7999587E+004 4.6562736E+001
5.7999587E+004 6.0839222E+001
5.7999587E+004 6.0839222E+001
5.8009150E+004 5.8014004E+001
5.8019657E+004 5.5321464E+001
5.8031211E+004 5.2755406E+001
5.8043932E+004 5.0309889E+001
5.8057954E+004 4.7979257E+001
5.8073427E+004 4.5758091E+001
5.8090525E+004 4.3641211E+001
5.8092862E+004 4.3374273E+001
5.8092862E+004 4.3374273E+001
5.8092862E+004 5.2482432E+001
5.8092862E+004 5.2482432E+001
5.8095782E+004 5.1896637E+001
5.8095782E+004 5.1896637E+001
5.8095782E+004 5.6217147E+001
5.8095782E+004 5.6217147E+001
5.8106969E+004 5.3609008E+001
5.8119282E+004 5.1123396E+001
5.8132848E+004 4.8754547E+001
5.8147813E+004 4.6496965E+001
5.8147879E+004 4.6487675E+001
5.8147879E+004 5.1374889E+001
5.8147879E+004 5.1374889E+001
5.8161309E+004 4.8994230E+001
5.8168233E+004 4.7889681E+001
5.8168233E+004 4.7889681E+001
5.8168233E+004 5.0194220E+001
5.8168233E+004 5.0194220E+001
5.8182321E+004 4.7869019E+001
5.8197870E+004 4.5653025E+001
5.8215051E+004 4.3541083E+001
5.8234060E+004 4.1528270E+001
5.8251738E+004 3.9897382E+001
5.8251738E+004 3.9897382E+001
5.8251738E+004 4.8481902E+001
5.8251738E+004 4.8481902E+001
5.8266879E+004 4.6237128E+001
5.8283604E+004 4.4097767E+001
5.8302102E+004 4.2058820E+001
5.8304153E+004 4.1849867E+001
5.8304153E+004 4.1849867E+001
5.8304153E+004 4.5344878E+001
5.8304153E+004 4.5344878E+001
5.8314961E+004 4.4005610E+001
5.8314961E+004 4.4005610E+001
5.8314961E+004 4.7666169E+001
5.8314961E+004 4.7666169E+001
5.8330648E+004 4.5459700E+001
5.8347984E+004 4.3356833E+001
5.8367167E+004 4.1352665E+001
5.8388421E+004 3.9442507E+001
5.8398154E+004 3.8655027E+001
5.8398154E+004 3.8655027E+001
5.8398154E+004 6.0286524E+001
5.8398154E+004 6.0286524E+001
5.8407890E+004 5.7487257E+001
5.8418589E+004 5.4819458E+001
5.8430358E+004 5.2276983E+001
5.8443317E+004 4.9853941E+001
5.8457605E+004 4.7544725E+001
5.8473377E+004 4.5343965E+001
5.8482569E+004 4.4196740E+001
5.8482569E+004 4.4196740E+001
5.8482569E+004 6.2145154E+001
5.8482569E+004 6.2145154E+001
5.8491741E+004 5.9258633E+001
5.8501814E+004 5.6507638E+001
5.8512887E+004 5.3885852E+001
5.8513976E+004 5.3646717E+001
5.8513976E+004 5.3646717E+001
5.8513976E+004 5.6736358E+001
5.8513976E+004 5.6736358E+001
5.8524959E+004 5.4103829E+001
5.8537044E+004 5.1594971E+001
5.8542149E+004 5.0634377E+001
5.8542149E+004 5.0634377E+001
5.8542149E+004 5.1534847E+001
5.8542149E+004 5.1534847E+001
5.8555494E+004 4.9146670E+001
5.8570211E+004 4.6870675E+001
5.8586463E+004 4.4701568E+001
5.8604431E+004 4.2634283E+001
5.8624321E+004 4.0664012E+001
5.8645996E+004 3.8815534E+001
5.8645996E+004 3.8815534E+001
5.8645996E+004 4.3632573E+001
5.8645996E+004 4.3632573E+001
5.8647177E+004 4.3496987E+001
5.8647177E+004 4.3496987E+001
5.8647177E+004 5.3979722E+001
5.8647177E+004 5.3979722E+001
5.8659319E+004 5.1476689E+001
5.8672694E+004 4.9091247E+001
5.8684785E+004 4.7202355E+001
5.8684785E+004 4.7202355E+001
5.8684785E+004 5.0304923E+001
5.8684785E+004 5.0304923E+001
5.8689206E+004 4.9531036E+001
5.8689206E+004 4.9531036E+001
5.8689206E+004 5.1846502E+001
5.8689206E+004 5.1846502E+001
5.8691976E+004 5.1310516E+001
5.8691976E+004 5.1310516E+001
5.8691976E+004 5.5324915E+001
5.8691976E+004 5.5324915E+001
5.8703528E+004 5.2758694E+001
5.8712400E+004 5.1013782E+001
5.8712400E+004 5.1013782E+001
5.8712400E+004 5.3350357E+001
5.8712400E+004 5.3350357E+001
5.8724834E+004 5.0876897E+001
5.8738535E+004 4.8519625E+001
5.8750525E+004 4.6709419E+001
5.8750525E+004 4.6709419E+001
5.8750525E+004 1.5021258E+002
5.8750525E+004 1.5021258E+002
5.8752096E+004 1.4330380E+002
5.8753847E+004 1.3670197E+002
5.8755794E+004 1.3039448E+002
5.8757953E+004 1.2436926E+002
5.8759356E+004 1.2087888E+002
5.8759356E+004 1.2087888E+002
5.8759356E+004 1.2209102E+002
5.8759356E+004 1.2209102E+002
5.8761837E+004 1.1643911E+002
5.8764574E+004 1.1104261E+002
5.8767585E+004 1.0589101E+002
5.8770894E+004 1.0097418E+002
5.8772430E+004 9.8904236E+001
5.8772430E+004 9.8904236E+001
5.8772430E+004 1.0250108E+002
5.8772430E+004 1.0250108E+002
5.8775956E+004 9.7739271E+001
5.8777162E+004 9.6249880E+001
5.8777162E+004 9.6249880E+001
5.8777162E+004 9.7753723E+001
5.8777162E+004 9.7753723E+001
5.8781027E+004 9.3209763E+001
5.8785260E+004 8.8875117E+001
5.8789895E+004 8.4740837E+001
5.8794966E+004 8.0798279E+001
5.8800515E+004 7.7039077E+001
5.8806587E+004 7.3455123E+001
5.8812135E+004 7.0569213E+001
5.8812135E+004 7.0569213E+001
5.8812135E+004 7.8867068E+001
5.8812135E+004 7.8867068E+001
5.8817943E+004 7.5197850E+001
5.8824300E+004 7.1699871E+001
5.8826617E+004 7.0534957E+001
5.8826617E+004 7.0534957E+001
5.8826617E+004 7.2442825E+001
5.8826617E+004 7.2442825E+001
5.8833441E+004 6.9073644E+001
5.8840916E+004 6.5862194E+001
5.8849108E+004 6.2801267E+001
5.8858094E+004 5.9883947E+001
5.8866412E+004 5.7512730E+001
5.8866412E+004 5.7512730E+001
5.8866412E+004 6.1850750E+001
5.8866412E+004 6.1850750E+001
5.8875671E+004 5.8978049E+001
5.8885839E+004 5.6240229E+001
5.8893844E+004 5.4331808E+001
5.8893844E+004 5.4331808E+001
5.8893844E+004 5.8303500E+001
5.8893844E+004 5.8303500E+001
5.8904247E+004 5.5597362E+001
5.8915686E+004 5.3018342E+001
5.8928279E+004 5.0560472E+001
5.8939847E+004 4.8583365E+001
5.8939847E+004 4.8583365E+001
5.8939847E+004 5.2432683E+001
5.8939847E+004 5.2432683E+001
5.8952728E+004 5.0002331E+001
5.8962764E+004 4.8328698E+001
5.8962764E+004 4.8328698E+001
5.8962764E+004 5.4412555E+001
5.8962764E+004 5.4412555E+001
5.8974711E+004 5.1889191E+001
5.8987870E+004 4.9484374E+001
5.8990689E+004 4.9010810E+001
5.8990689E+004 4.9010810E+001
5.8990689E+004 5.1560124E+001
5.8990689E+004 5.1560124E+001
5.9004020E+004 4.9170758E+001
5.9018722E+004 4.6893631E+001
5.9034957E+004 4.4723444E+001
5.9039187E+004 4.4206228E+001
5.9039187E+004 4.4206228E+001
5.9039187E+004 4.9361294E+001
5.9039187E+004 4.9361294E+001
5.9053772E+004 4.7075219E+001
5.9061118E+004 4.6038895E+001
5.9061118E+004 4.6038895E+001
5.9061118E+004 7.4592219E+001
5.9061118E+004 7.4592219E+001
5.9067573E+004 7.1122538E+001
5.9074641E+004 6.7815140E+001
5.9077221E+004 6.6712634E+001
5.9077221E+004 6.6712634E+001
5.9077221E+004 6.9718686E+001
5.9077221E+004 6.9718686E+001
5.9084564E+004 6.6477022E+001
5.9092610E+004 6.3387265E+001
5.9100130E+004 6.0850772E+001
5.9100130E+004 6.0850772E+001
5.9100130E+004 6.4609583E+001
5.9100130E+004 6.4609583E+001
5.9102679E+004 6.3662453E+001
5.9102679E+004 6.3662453E+001
5.9102679E+004 6.5334028E+001
5.9102679E+004 6.5334028E+001
5.9111000E+004 6.2297879E+001
5.9120129E+004 5.9404183E+001
5.9130153E+004 5.6646352E+001
5.9133312E+004 5.5851583E+001
5.9133312E+004 5.5851583E+001
5.9133312E+004 5.7725416E+001
5.9133312E+004 5.7725416E+001
5.9143923E+004 5.5046431E+001
5.9155594E+004 5.2493290E+001
5.9168445E+004 5.0060088E+001
5.9182569E+004 4.7747663E+001
5.9182569E+004 4.7747663E+001
5.9182569E+004 5.1626576E+001
5.9182569E+004 5.1626576E+001
5.9188678E+004 5.0481533E+001
5.9188678E+004 5.0481533E+001
5.9188678E+004 5.5685660E+001
5.9188678E+004 5.5685660E+001
5.9200080E+004 5.3102488E+001
5.9212633E+004 5.0640672E+001
5.9221657E+004 4.9069351E+001
5.9221657E+004 4.9069351E+001
5.9221657E+004 7.2993254E+001
5.9221657E+004 7.2993254E+001
5.9222667E+004 7.2451219E+001
5.9222667E+004 7.2451219E+001
5.9222667E+004 7.4334152E+001
5.9222667E+004 7.4334152E+001
5.9229165E+004 7.0876538E+001
5.9230943E+004 7.0006744E+001
5.9230943E+004 7.0006744E+001
5.9230943E+004 7.4207191E+001
5.9230943E+004 7.4207191E+001
5.9231570E+004 7.3853127E+001
5.9231570E+004 7.3853127E+001
5.9231570E+004 7.5225489E+001
5.9231570E+004 7.5225489E+001
5.9237461E+004 7.1963383E+001
5.9237461E+004 7.1963383E+001
5.9237461E+004 7.4144716E+001
5.9237461E+004 7.4144716E+001
5.9243990E+004 7.0695951E+001
5.9251139E+004 6.7408526E+001
5.9258973E+004 6.4275100E+001
5.9260420E+004 6.3740255E+001
5.9260420E+004 6.3740255E+001
5.9260420E+004 6.5758225E+001
5.9260420E+004 6.5758225E+001
5.9268638E+004 6.2702175E+001
5.9271394E+004 6.1764895E+001
5.9271394E+004 6.1764895E+001
5.9271394E+004 6.5542233E+001
5.9271394E+004 6.5542233E+001
5.9279664E+004 6.2496310E+001
5.9282861E+004 6.1423628E+001
5.9282861E+004 6.1423628E+001
5.9282861E+004 7.3097608E+001
5.9282861E+004 7.3097608E+001
5.9289569E+004 6.9697802E+001
5.9296916E+004 6.6457116E+001
5.9304967E+004 6.3368291E+001
5.9310128E+004 6.1594869E+001
5.9310128E+004 6.1594869E+001
5.9310128E+004 6.3452580E+001
5.9310128E+004 6.3452580E+001
5.9318935E+004 6.0504692E+001
5.9328602E+004 5.7695183E+001
5.9339224E+004 5.5017620E+001
5.9350907E+004 5.2465827E+001
5.9358532E+004 5.0979720E+001
5.9358532E+004 5.0979720E+001
5.9358532E+004 6.3982416E+001
5.9358532E+004 6.3982416E+001
5.9361728E+004 6.2834261E+001
5.9361728E+004 6.2834261E+001
5.9361728E+004 8.2239617E+001
5.9361728E+004 8.2239617E+001
5.9367094E+004 7.8413332E+001
5.9372966E+004 7.4765263E+001
5.9379393E+004 7.1287499E+001
5.9386430E+004 6.7972385E+001
5.9394139E+004 6.4812530E+001
5.9402590E+004 6.1800839E+001
5.9411863E+004 5.8930483E+001
5.9412154E+004 5.8846385E+001
5.9412154E+004 6.3139647E+001
5.9412154E+004 6.3139647E+001
5.9417327E+004 6.1380664E+001
5.9417327E+004 6.1380664E+001
5.9417327E+004 6.2776728E+001
5.9417327E+004 6.2776728E+001
5.9426320E+004 5.9860561E+001
5.9436193E+004 5.7081302E+001
5.9447045E+004 5.4432567E+001
5.9457540E+004 5.2193344E+001
5.9457540E+004 5.2193344E+001
5.9457540E+004 7.3353743E+001
5.9457540E+004 7.3353743E+001
5.9460433E+004 7.1810870E+001
5.9460433E+004 7.1810870E+001
5.9460433E+004 8.2701547E+001
5.9460433E+004 8.2701547E+001
5.9465743E+004 7.8853772E+001
5.9471553E+004 7.5185172E+001
5.9477912E+004 7.1687785E+001
5.9484874E+004 6.8353935E+001
5.9492500E+004 6.5176203E+001
5.9500860E+004 6.2147451E+001
5.9510032E+004 5.9260822E+001
5.9512927E+004 5.8427198E+001
5.9512927E+004 5.8427198E+001
5.9512927E+004 7.0199618E+001
5.9512927E+004 7.0199618E+001
5.9519319E+004 6.7296138E+001
5.9519319E+004 6.7296138E+001
5.9519319E+004 7.6002590E+001
5.9519319E+004 7.6002590E+001
5.9524693E+004 7.2922266E+001
5.9524693E+004 7.2922266E+001
5.9524693E+004 7.4879898E+001
5.9524693E+004 7.4879898E+001
5.9531101E+004 7.1396773E+001
5.9538117E+004 6.8076541E+001
5.9545804E+004 6.4911811E+001
5.9554230E+004 6.1895460E+001
5.9563475E+004 5.9020659E+001
5.9573629E+004 5.6280843E+001
5.9584791E+004 5.3669708E+001
5.9597075E+004 5.1181242E+001
5.9609631E+004 4.8969132E+001
5.9609631E+004 4.8969132E+001
5.9609631E+004 5.1405999E+001
5.9609631E+004 5.1405999E+001
5.9623044E+004 4.9023880E+001
5.9637839E+004 4.6753647E+001
5.9654176E+004 4.4590029E+001
5.9663421E+004 4.3493926E+001
5.9663421E+004 4.3493926E+001
5.9663421E+004 4.5717216E+001
5.9663421E+004 4.5717216E+001
5.9680551E+004 4.3602257E+001
5.9699503E+004 4.1586569E+001
5.9720496E+004 3.9665450E+001
5.9743783E+004 3.7834402E+001
5.9769646E+004 3.6089163E+001
5.9798408E+004 3.4425658E+001
5.9808573E+004 3.3893535E+001
5.9808573E+004 3.3893535E+001
5.9808573E+004 4.0076915E+001
5.9808573E+004 4.0076915E+001
5.9831336E+004 3.8226588E+001
5.9851071E+004 3.6825298E+001
5.9851071E+004 3.6825298E+001
5.9851071E+004 6.1633031E+001
5.9851071E+004 6.1633031E+001
5.9860394E+004 5.8770548E+001
5.9870633E+004 5.6042478E+001
5.9875740E+004 5.4814036E+001
5.9875740E+004 5.4814036E+001
5.9875740E+004 6.2314521E+001
5.9875740E+004 6.2314521E+001
5.9884864E+004 5.9420045E+001
5.9894883E+004 5.6661468E+001
5.9905895E+004 5.4032460E+001
5.9918013E+004 5.1526950E+001
5.9931362E+004 4.9139145E+001
5.9946084E+004 4.6863503E+001
5.9962341E+004 4.4694733E+001
5.9974463E+004 4.3265146E+001
5.9974463E+004 4.3265146E+001
5.9974463E+004 4.7927339E+001
5.9974463E+004 4.7927339E+001
5.9989972E+004 4.5708606E+001
5.9994965E+004 4.5057758E+001
5.9994965E+004 4.5057758E+001
5.9994965E+004 4.7246085E+001
5.9994965E+004 4.7246085E+001
6.0010946E+004 4.5059342E+001
6.0016452E+004 4.4374197E+001
6.0016452E+004 4.4374197E+001
6.0016452E+004 6.2475104E+001
6.0016452E+004 6.2475104E+001
6.0022081E+004 6.0624948E+001
6.0022081E+004 6.0624948E+001
6.0022081E+004 6.1300017E+001
6.0022081E+004 6.1300017E+001
6.0031503E+004 5.8453170E+001
6.0034426E+004 5.7645291E+001
6.0034426E+004 5.7645291E+001
6.0034426E+004 7.8572270E+001
6.0034426E+004 7.8572270E+001
6.0040275E+004 7.4916798E+001
6.0046677E+004 7.1431947E+001
6.0053687E+004 6.8110067E+001
6.0059561E+004 6.5646267E+001
6.0059561E+004 6.5646267E+001
6.0059561E+004 6.7577919E+001
6.0059561E+004 6.7577919E+001
6.0067357E+004 6.4436554E+001
6.0075904E+004 6.1442505E+001
6.0085284E+004 5.8588962E+001
6.0095586E+004 5.5869417E+001
6.0106240E+004 5.3420938E+001
6.0106240E+004 5.3420938E+001
6.0106240E+004 6.2246409E+001
6.0106240E+004 6.2246409E+001
6.0112221E+004 6.0306827E+001
6.0112221E+004 6.0306827E+001
6.0112221E+004 6.5600849E+001
6.0112221E+004 6.5600849E+001
6.0120477E+004 6.2552187E+001
6.0129533E+004 5.9646556E+001
6.0139477E+004 5.6877344E+001
6.0150406E+004 5.4238197E+001
6.0162431E+004 5.1723021E+001
6.0164265E+004 5.1368633E+001
6.0164265E+004 5.1368633E+001
6.0164265E+004 5.4607628E+001
6.0164265E+004 5.4607628E+001
6.0176126E+004 5.2075102E+001
6.0189189E+004 4.9661545E+001
6.0199807E+004 4.7931629E+001
6.0199807E+004 4.7931629E+001
6.0199807E+004 6.6319587E+001
6.0199807E+004 6.6319587E+001
6.0207890E+004 6.3237215E+001
6.0216756E+004 6.0299441E+001
6.0218365E+004 5.9807097E+001
6.0218365E+004 5.9807097E+001
6.0218365E+004 6.4043130E+001
6.0218365E+004 6.4043130E+001
6.0227015E+004 6.1067532E+001
6.0236508E+004 5.8231597E+001
6.0246936E+004 5.5528839E+001
6.0258404E+004 5.2953030E+001
6.0269037E+004 5.0860986E+001
6.0269037E+004 5.0860986E+001
6.0269037E+004 5.3109841E+001
6.0269037E+004 5.3109841E+001
6.0281585E+004 5.0647680E+001
6.0295415E+004 4.8301176E+001
6.0310674E+004 4.6064887E+001
6.0327531E+004 4.3933610E+001
6.0331752E+004 4.3445232E+001
6.0331752E+004 4.3445232E+001
6.0331752E+004 4.8778440E+001
6.0331752E+004 4.8778440E+001
6.0343910E+004 4.6915202E+001
6.0343910E+004 4.6915202E+001
6.0343910E+004 5.0317471E+001
6.0343910E+004 5.0317471E+001
6.0357205E+004 4.8097957E+001
6.0357205E+004 4.8097957E+001
6.0357205E+004 6.8447349E+001
6.0357205E+004 6.8447349E+001
6.0358086E+004 6.8054201E+001
6.0358086E+004 6.8054201E+001
6.0358086E+004 6.9024759E+001
6.0358086E+004 6.9024759E+001
6.0365571E+004 6.5815600E+001
6.0373775E+004 6.2756858E+001
6.0382773E+004 5.9841625E+001
6.0392653E+004 5.7063256E+001
6.0403511E+004 5.4415368E+001
6.0414612E+004 5.2057963E+001
6.0414612E+004 5.2057963E+001
6.0414612E+004 5.9950584E+001
6.0414612E+004 5.9950584E+001
6.0424456E+004 5.7167094E+001
6.0435275E+004 5.4514336E+001
6.0447177E+004 5.1986186E+001
6.0460285E+004 4.9576808E+001
6.0474739E+004 4.7280611E+001
6.0476655E+004 4.6999376E+001
6.0476655E+004 4.6999376E+001
6.0476655E+004 6.3557501E+001
6.0476655E+004 6.3557501E+001
6.0485434E+004 6.0604696E+001
6.0495070E+004 5.7790489E+001
6.0499277E+004 5.6676150E+001
6.0499277E+004 5.6676150E+001
6.0499277E+004 5.8655234E+001
6.0499277E+004 5.8655234E+001
6.0509556E+004 5.5932573E+001
6.0520858E+004 5.3337802E+001
6.0521103E+004 5.3285340E+001
6.0521103E+004 6.7723347E+001
6.0521103E+004 6.7723347E+001
6.0528867E+004 6.4575166E+001
6.0537378E+004 6.1574608E+001
6.0539329E+004 6.0941633E+001
6.0539329E+004 6.0941633E+001
6.0539329E+004 6.3056342E+001
6.0539329E+004 6.3056342E+001
6.0548244E+004 6.0127053E+001
6.0558032E+004 5.7335281E+001
6.0568787E+004 5.4674616E+001
6.0580619E+004 5.2138940E+001
6.0587146E+004 5.0881986E+001
6.0587146E+004 5.0881986E+001
6.0587146E+004 5.2619529E+001
6.0587146E+004 5.2619529E+001
6.0599934E+004 5.0180402E+001
6.0614030E+004 4.7855847E+001
6.0629588E+004 4.5640472E+001
6.0630332E+004 4.5542006E+001
6.0630332E+004 4.5542006E+001
6.0630332E+004 4.9003392E+001
6.0630332E+004 4.9003392E+001
6.0645139E+004 4.6734122E+001
6.0661491E+004 4.4571422E+001
6.0666465E+004 4.3971471E+001
6.0666465E+004 4.3971471E+001
6.0666465E+004 5.1420437E+001
6.0666465E+004 5.1420437E+001
6.0679871E+004 4.9037640E+001
6.0694656E+004 4.6766760E+001
6.0704790E+004 4.5383803E+001
6.0704790E+004 4.5383803E+001
6.0704790E+004 5.0450124E+001
6.0704790E+004 5.0450124E+001
6.0710230E+004 4.9494952E+001
6.0710230E+004 4.9494952E+001
6.0710230E+004 5.7719583E+001
6.0710230E+004 5.7719583E+001
6.0720843E+004 5.5040873E+001
6.0732517E+004 5.2487991E+001
6.0743388E+004 5.0406355E+001
6.0743388E+004 5.0406355E+001
6.0743388E+004 5.5842534E+001
6.0743388E+004 5.5842534E+001
6.0754726E+004 5.3251997E+001
6.0760337E+004 5.2095258E+001
6.0760337E+004 5.2095258E+001
6.0760337E+004 5.7840593E+001
6.0760337E+004 5.7840593E+001
6.0770906E+004 5.5156194E+001
6.0782530E+004 5.2597896E+001
6.0795329E+004 5.0159786E+001
6.0809437E+004 4.7836200E+001
6.0825008E+004 4.5621749E+001
6.0842214E+004 4.3511277E+001
6.0861251E+004 4.1499856E+001
6.0882340E+004 3.9582797E+001
6.0905734E+004 3.7755629E+001
6.0930091E+004 3.6114946E+001
6.0930091E+004 3.6114946E+001
6.0930091E+004 4.2302843E+001
6.0930091E+004 4.2302843E+001
6.0930582E+004 4.2251613E+001
6.0930582E+004 7.0660088E+001
6.0930582E+004 7.0660088E+001
6.0937739E+004 6.7374343E+001
6.0945580E+004 6.4242516E+001
6.0954177E+004 6.1257567E+001
6.0963612E+004 5.8412714E+001
6.0973977E+004 5.5701442E+001
6.0985373E+004 5.3117528E+001
6.0997918E+004 5.0655005E+001
6.1011743E+004 4.8308159E+001
6.1020942E+004 4.6917996E+001
6.1020942E+004 4.6917996E+001
6.1020942E+004 4.9316186E+001
6.1020942E+004 4.9316186E+001
6.1035554E+004 4.7032232E+001
6.1051689E+004 4.4855530E+001
6.1069526E+004 4.2781022E+001
6.1089269E+004 4.0803869E+001
6.1108730E+004 3.9113419E+001
6.1108730E+004 3.9113419E+001
6.1108730E+004 4.6282014E+001
6.1108730E+004 4.6282014E+001
6.1125420E+004 4.4140543E+001
6.1143880E+004 4.2099599E+001
6.1148426E+004 4.1639659E+001
6.1148426E+004 4.1639659E+001
6.1148426E+004 4.4442392E+001
6.1148426E+004 4.4442392E+001
6.1166619E+004 4.2387275E+001
6.1186761E+004 4.0428595E+001
6.1209091E+004 3.8561777E+001
6.1211443E+004 3.8380269E+001
6.1211443E+004 3.8380269E+001
6.1211443E+004 5.2332524E+001
6.1211443E+004 5.2332524E+001
6.1217981E+004 5.1059683E+001
6.1217981E+004 5.1059683E+001
6.1217981E+004 6.4631414E+001
6.1217981E+004 6.4631414E+001
6.1226478E+004 6.1628215E+001
6.1235802E+004 5.8765958E+001
6.1246043E+004 5.6038104E+001
6.1257302E+004 5.3438372E+001
6.1259378E+004 5.2996569E+001
6.1259378E+004 5.2996569E+001
6.1259378E+004 5.4403823E+001
6.1259378E+004 5.4403823E+001
6.1271328E+004 5.1880869E+001
6.1284491E+004 4.9476443E+001
6.1295320E+004 4.7733655E+001
6.1295320E+004 4.7733655E+001
6.1295320E+004 5.0880750E+001
6.1295320E+004 5.0880750E+001
6.1309019E+004 4.8523298E+001
6.1324133E+004 4.6276577E+001
6.1340828E+004 4.4135362E+001
6.1354466E+004 4.2597164E+001
6.1354466E+004 4.2597164E+001
6.1354466E+004 4.9660245E+001
6.1354466E+004 4.9660245E+001
6.1368870E+004 4.7360124E+001
6.1384770E+004 4.5168032E+001
6.1402346E+004 4.3078861E+001
6.1421796E+004 4.1087728E+001
6.1443349E+004 3.9189999E+001
6.1467265E+004 3.7381245E+001
6.1480182E+004 3.6507832E+001
6.1480182E+004 3.6507832E+001
6.1480182E+004 3.8729423E+001
6.1480182E+004 3.8729423E+001
6.1500805E+004 3.7208941E+001
6.1500805E+004 3.7208941E+001
6.1500805E+004 4.1188218E+001
6.1500805E+004 4.1188218E+001
6.1506132E+004 4.0686570E+001
6.1506132E+004 4.0686570E+001
6.1506132E+004 4.5047346E+001
6.1506132E+004 4.5047346E+001
6.1507605E+004 4.4860892E+001
6.1507605E+004 4.4860892E+001
6.1507605E+004 5.2960502E+001
6.1507605E+004 5.2960502E+001
6.1520226E+004 5.0505352E+001
6.1534136E+004 4.8165540E+001
6.1549485E+004 4.5935624E+001
6.1566443E+004 4.3810411E+001
6.1576306E+004 4.2705405E+001
6.1576306E+004 4.2705405E+001
6.1576306E+004 5.0686106E+001
6.1576306E+004 5.0686106E+001
6.1590114E+004 4.8337805E+001
6.1605349E+004 4.6099795E+001
6.1607931E+004 4.5750444E+001
6.1607931E+004 4.5750444E+001
6.1607931E+004 5.0531012E+001
6.1607931E+004 5.0531012E+001
6.1618688E+004 4.8687577E+001
6.1618688E+004 4.8687577E+001
6.1618688E+004 4.9818095E+001
6.1618688E+004 4.9818095E+001
6.1632997E+004 4.7510564E+001
6.1648792E+004 4.5311408E+001
6.1657175E+004 4.4263610E+001
6.1657175E+004 4.4263610E+001
6.1657175E+004 4.8600355E+001
6.1657175E+004 4.8600355E+001
6.1672239E+004 4.6350016E+001
6.1688878E+004 4.4205348E+001
6.1707280E+004 4.2161358E+001
6.1727657E+004 4.0213279E+001
6.1750250E+004 3.8356549E+001
6.1763773E+004 3.7366790E+001
6.1763773E+004 3.7366790E+001
6.1763773E+004 4.1563687E+001
6.1763773E+004 4.1563687E+001
6.1784792E+004 3.9643639E+001
6.1808106E+004 3.7813615E+001
6.1834001E+004 3.6069351E+001
6.1862799E+004 3.4406775E+001
6.1894868E+004 3.2822001E+001
6.1910993E+004 3.2109289E+001
6.1910993E+004 3.2109289E+001
6.1910993E+004 4.1329431E+001
6.1910993E+004 4.1329431E+001
6.1932273E+004 3.9420364E+001
6.1955880E+004 3.7600808E+001
6.1982104E+004 3.5866516E+001
6.1986825E+004 3.5580097E+001
6.1986825E+004 3.5580097E+001
6.1986825E+004 4.1371053E+001
6.1986825E+004 4.1371053E+001
6.2008058E+004 3.9460039E+001
6.2031612E+004 3.7638621E+001
6.2040894E+004 3.6990046E+001
6.2040894E+004 3.6990046E+001
6.2040894E+004 4.5400285E+001
6.2040894E+004 4.5400285E+001
6.2058278E+004 4.3300210E+001
6.2077515E+004 4.1298690E+001
6.2098829E+004 3.9391067E+001
6.2118923E+004 3.7827584E+001
6.2118923E+004 3.7827584E+001
6.2118923E+004 4.8579106E+001
6.2118923E+004 4.8579106E+001
6.2134000E+004 4.6329762E+001
6.2150654E+004 4.4186047E+001
6.2167355E+004 4.2320116E+001
6.2167355E+004 4.2320116E+001
6.2167355E+004 4.6970769E+001
6.2167355E+004 4.6970769E+001
6.2183534E+004 4.4796956E+001
6.2201421E+004 4.2725201E+001
6.2221220E+004 4.0750666E+001
6.2243165E+004 3.8868741E+001
6.2267521E+004 3.7075040E+001
6.2281856E+004 3.6134611E+001
6.2281856E+004 3.6134611E+001
6.2281856E+004 4.4021236E+001
6.2281856E+004 4.4021236E+001
6.2300423E+004 4.1985886E+001
6.2320985E+004 4.0046036E+001
6.2343787E+004 3.8197149E+001
6.2365702E+004 3.6655373E+001
6.2365702E+004 3.6655373E+001
6.2365702E+004 4.7744777E+001
6.2365702E+004 4.7744777E+001
6.2381335E+004 4.5534624E+001
6.2398611E+004 4.3428235E+001
6.2402614E+004 4.2980974E+001
6.2402614E+004 4.2980974E+001
6.2402614E+004 4.6128077E+001
6.2402614E+004 4.6128077E+001
6.2419423E+004 4.3993830E+001
6.2438014E+004 4.1959768E+001
6.2458604E+004 4.0021145E+001
6.2463878E+004 3.9567494E+001
6.2463878E+004 3.9567494E+001
6.2463878E+004 4.9244760E+001
6.2463878E+004 4.9244760E+001
6.2478535E+004 4.6964153E+001
6.2494718E+004 4.4790651E+001
6.2504284E+004 4.3642499E+001
6.2504284E+004 4.3642499E+001
6.2504284E+004 6.1899226E+001
6.2504284E+004 6.1899226E+001
6.2513528E+004 5.9024248E+001
6.2523681E+004 5.6284263E+001
6.2528259E+004 5.5165074E+001
6.2528259E+004 5.5165074E+001
6.2528259E+004 6.5525297E+001
6.2528259E+004 6.5525297E+001
6.2533531E+004 6.3532938E+001
6.2533531E+004 6.3532938E+001
6.2533531E+004 6.4898829E+001
6.2533531E+004 6.4898829E+001
6.2535306E+004 6.4226260E+001
6.2535306E+004 6.4226260E+001
6.2535306E+004 6.7008074E+001
6.2535306E+004 6.7008074E+001
6.2543230E+004 6.3893419E+001
6.2545424E+004 6.3101715E+001
6.2545424E+004 6.3101715E+001
6.2545424E+004 6.9074674E+001
6.2545424E+004 6.9074674E+001
6.2552898E+004 6.5863176E+001
6.2561090E+004 6.2802203E+001
6.2570076E+004 5.9884839E+001
6.2579942E+004 5.7104439E+001
6.2590784E+004 5.4454620E+001
6.2602713E+004 5.1929278E+001
6.2615850E+004 4.9522575E+001
6.2630337E+004 4.7228927E+001
6.2646331E+004 4.5042990E+001
6.2664010E+004 4.2959684E+001
6.2677258E+004 4.1581086E+001
6.2677258E+004 4.1581086E+001
6.2677258E+004 6.6442338E+001
6.2677258E+004 6.6442338E+001
6.2685312E+004 6.3354206E+001
6.2694146E+004 6.0410938E+001
6.2703843E+004 5.7605835E+001
6.2711139E+004 5.5732024E+001
6.2711139E+004 5.5732024E+001
6.2711139E+004 5.9546986E+001
6.2711139E+004 5.9546986E+001
6.2713031E+004 5.8990479E+001
6.2713031E+004 5.8990479E+001
6.2713031E+004 6.1342523E+001
6.2713031E+004 6.1342523E+001
6.2722440E+004 5.8493678E+001
6.2732228E+004 5.5912442E+001
6.2732228E+004 5.5912442E+001
6.2732228E+004 6.2303667E+001
6.2732228E+004 6.2303667E+001
6.2741355E+004 5.9409700E+001
6.2751378E+004 5.6651609E+001
6.2762394E+004 5.4023065E+001
6.2770429E+004 5.2320218E+001
6.2770429E+004 5.2320218E+001
6.2770429E+004 5.3848357E+001
6.2770429E+004 5.3848357E+001
6.2782631E+004 5.1351501E+001
6.2796073E+004 4.8971935E+001
6.2799769E+004 4.8373295E+001
6.2799769E+004 4.8373295E+001
6.2799769E+004 6.7610359E+001
6.2799769E+004 6.7610359E+001
6.2807465E+004 6.4502063E+001
6.2807465E+004 6.4502063E+001
6.2807465E+004 6.9170233E+001
6.2807465E+004 6.9170233E+001
6.2807967E+004 6.8938338E+001
6.2807967E+004 6.8938338E+001
6.2807967E+004 7.3254159E+001
6.2807967E+004 7.3254159E+001
6.2814648E+004 6.9847034E+001
6.2821965E+004 6.6599354E+001
6.2825842E+004 6.5045176E+001
6.2825842E+004 6.5045176E+001
6.2825842E+004 6.9185668E+001
6.2825842E+004 6.9185668E+001
6.2833294E+004 6.5968966E+001
6.2841460E+004 6.2903037E+001
6.2850418E+004 5.9980941E+001
6.2860253E+004 5.7196024E+001
6.2871061E+004 5.4541906E+001
6.2882950E+004 5.2012466E+001
6.2891786E+004 5.0345544E+001
6.2891786E+004 5.0345544E+001
6.2891786E+004 5.6030948E+001
6.2891786E+004 5.6030948E+001
6.2903049E+004 5.3431552E+001
6.2915444E+004 5.0954274E+001
6.2917480E+004 5.0578914E+001
6.2917480E+004 5.0578914E+001
6.2917480E+004 5.8037821E+001
6.2917480E+004 5.8037821E+001
6.2927977E+004 5.5344161E+001
6.2939522E+004 5.2777036E+001
6.2952233E+004 5.0330502E+001
6.2953388E+004 5.0124198E+001
6.2953388E+004 5.0124198E+001
6.2953388E+004 5.2745464E+001
6.2953388E+004 5.2745464E+001
6.2966114E+004 5.0300415E+001
6.2974018E+004 4.8943279E+001
6.2974018E+004 4.8943279E+001
6.2974018E+004 7.6188099E+001
6.2974018E+004 7.6188099E+001
6.2980219E+004 7.2643872E+001
6.2983795E+004 7.0802642E+001
6.2983795E+004 7.0802642E+001
6.2983795E+004 7.3301623E+001
6.2983795E+004 7.3301623E+001
6.2990467E+004 6.9892281E+001
6.2996300E+004 6.7260604E+001
6.2996300E+004 6.7260604E+001
6.2996300E+004 7.5680282E+001
6.2996300E+004 7.5680282E+001
6.3002580E+004 7.2159775E+001
6.3009455E+004 6.8803835E+001
6.3016986E+004 6.5605023E+001
6.3025240E+004 6.2556165E+001
6.3034296E+004 5.9650347E+001
6.3044238E+004 5.6880957E+001
6.3055166E+004 5.4241640E+001
6.3062294E+004 5.2704236E+001
6.3062294E+004 5.2704236E+001
6.3062294E+004 5.5777376E+001
6.3062294E+004 5.5777376E+001
6.3069174E+004 5.4164339E+001
6.3069174E+004 5.4164339E+001
6.3069174E+004 5.9004162E+001
6.3069174E+004 5.9004162E+001
6.3079333E+004 5.6265121E+001
6.3090502E+004 5.3654726E+001
6.3102793E+004 5.1166965E+001
6.3116335E+004 4.8796075E+001
6.3131274E+004 4.6536541E+001
6.3147772E+004 4.4383118E+001
6.3155695E+004 4.3451742E+001
6.3155695E+004 4.3451742E+001
6.3155695E+004 4.6345613E+001
6.3155695E+004 4.6345613E+001
6.3172338E+004 4.4201153E+001
6.3184496E+004 4.2815060E+001
6.3184496E+004 4.2815060E+001
6.3184496E+004 6.1049311E+001
6.3184496E+004 6.1049311E+001
6.3188325E+004 5.9855165E+001
6.3188325E+004 5.9855165E+001
6.3188325E+004 6.9884004E+001
6.3188325E+004 6.9884004E+001
6.3195634E+004 6.6634591E+001
6.3203354E+004 6.3641707E+001
6.3203354E+004 6.3641707E+001
6.3203354E+004 6.5343798E+001
6.3203354E+004 6.5343798E+001
6.3211673E+004 6.2307190E+001
6.3220799E+004 5.9413057E+001
6.3230820E+004 5.6654809E+001
6.3233176E+004 5.6058689E+001
6.3233176E+004 5.6058689E+001
6.3233176E+004 6.0096421E+001
6.3233176E+004 6.0096421E+001
6.3241128E+004 5.7800072E+001
6.3241128E+004 5.7800072E+001
6.3241128E+004 6.3444375E+001
6.3241128E+004 6.3444375E+001
6.3249938E+004 6.0496872E+001
6.3259607E+004 5.7687732E+001
6.3261838E+004 5.7091654E+001
6.3261838E+004 5.7091654E+001
6.3261838E+004 6.0990068E+001
6.3261838E+004 6.0990068E+001
6.3262903E+004 6.0651549E+001
6.3262903E+004 6.0651549E+001
6.3262903E+004 6.2742940E+001
6.3262903E+004 6.2742940E+001
6.3271755E+004 5.9873752E+001
6.3271755E+004 5.9873752E+001
6.3271755E+004 6.1653327E+001
6.3271755E+004 6.1653327E+001
6.3281072E+004 5.8789891E+001
6.3291304E+004 5.6060911E+001
6.3302554E+004 5.3460110E+001
6.3314936E+004 5.0981489E+001
6.3315632E+004 5.0851973E+001
6.3315632E+004 5.0851973E+001
6.3315632E+004 6.4155136E+001
6.3315632E+004 6.4155136E+001
6.3324253E+004 6.1174289E+001
6.3333713E+004 5.8333338E+001
6.3340414E+004 5.6541226E+001
6.3340414E+004 5.6541226E+001
6.3340414E+004 6.0310307E+001
6.3340414E+004 6.0310307E+001
6.3350143E+004 5.7509922E+001
6.3360833E+004 5.4841058E+001
6.3372592E+004 5.2297567E+001
6.3385542E+004 4.9873557E+001
6.3399818E+004 4.7563419E+001
6.3415576E+004 4.5361780E+001
6.3432992E+004 4.3263510E+001
6.3448466E+004 4.1633092E+001
6.3448466E+004 4.1633092E+001
6.3448466E+004 6.8573407E+001
6.3448466E+004 6.8573407E+001
6.3456045E+004 6.5385389E+001
6.3464354E+004 6.2346828E+001
6.3473468E+004 5.9450841E+001
6.3483477E+004 5.6690817E+001
6.3494478E+004 5.4060429E+001
6.3502301E+004 5.2396890E+001
6.3502301E+004 5.2396890E+001
6.3502301E+004 5.7155042E+001
6.3502301E+004 5.7155042E+001
6.3513124E+004 5.4502850E+001
6.3525031E+004 5.1975241E+001
6.3538145E+004 4.9566377E+001
6.3552606E+004 4.7270670E+001
6.3554686E+004 4.6965804E+001
6.3554686E+004 4.6965804E+001
6.3554686E+004 5.3390798E+001
6.3554686E+004 5.3390798E+001
6.3567101E+004 5.0915436E+001
6.3580781E+004 4.8556363E+001
6.3595873E+004 4.6308088E+001
6.3612544E+004 4.4165391E+001
6.3625547E+004 4.2691873E+001
6.3625547E+004 4.2691873E+001
6.3625547E+004 4.6839614E+001
6.3625547E+004 4.6839614E+001
6.3641821E+004 4.4671959E+001
6.3648121E+004 4.3911209E+001
6.3648121E+004 4.3911209E+001
6.3648121E+004 5.2678042E+001
6.3648121E+004 5.2678042E+001
6.3653670E+004 5.1569834E+001
6.3653670E+004 5.1569834E+001
6.3653670E+004 5.4441640E+001
6.3653670E+004 5.4441640E+001
6.3665604E+004 5.1916908E+001
6.3678749E+004 4.9510787E+001
6.3693242E+004 4.7217690E+001
6.3694834E+004 4.6984709E+001
6.3694834E+004 4.6984709E+001
6.3694834E+004 4.8806996E+001
6.3694834E+004 4.8806996E+001
6.3709765E+004 4.6546949E+001
6.3717323E+004 4.5517819E+001
6.3717323E+004 4.5517819E+001
6.3717323E+004 5.0153187E+001
6.3717323E+004 5.0153187E+001
6.3726976E+004 4.8525547E+001
6.3726976E+004 4.8525547E+001
6.3726976E+004 5.1533264E+001
6.3726976E+004 5.1533264E+001
6.3740321E+004 4.9145161E+001
6.3755040E+004 4.6869237E+001
6.3771292E+004 4.4700197E+001
6.3789261E+004 4.2632977E+001
6.3809153E+004 4.0662767E+001
6.3829211E+004 3.8942472E+001
6.3829211E+004 3.8942472E+001
6.3829211E+004 4.7655346E+001
6.3829211E+004 4.7655346E+001
6.3844905E+004 4.5449385E+001
6.3862250E+004 4.3347003E+001
6.3881442E+004 4.1343296E+001
6.3902706E+004 3.9433578E+001
6.3926296E+004 3.7613402E+001
6.3951438E+004 3.5943445E+001
6.3951438E+004 3.5943445E+001
6.3951438E+004 4.2550588E+001
6.3951438E+004 4.2550588E+001
6.3971413E+004 4.0584249E+001
6.3993556E+004 3.8710126E+001
6.4018134E+004 3.6923856E+001
6.4039501E+004 3.5568555E+001
6.4039501E+004 3.5568555E+001
6.4039501E+004 3.7783242E+001
6.4039501E+004 3.7783242E+001
6.4039646E+004 3.7772698E+001
6.4039646E+004 4.1030875E+001
6.4039646E+004 4.1030875E+001
6.4061265E+004 3.9135816E+001
6.4085253E+004 3.7329596E+001
6.4091496E+004 3.6900743E+001
6.4091496E+004 3.6900743E+001
6.4091496E+004 6.8567360E+001
6.4091496E+004 6.8567360E+001
6.4099076E+004 6.5379625E+001
6.4107386E+004 6.2341335E+001
6.4116502E+004 5.9445605E+001
6.4121827E+004 5.7926237E+001
6.4121827E+004 5.7926237E+001
6.4121827E+004 6.1388280E+001
6.4121827E+004 6.1388280E+001
6.4131222E+004 5.8537286E+001
6.4131244E+004 5.8531131E+001
6.4131244E+004 6.2047101E+001
6.4131244E+004 6.2047101E+001
6.4132559E+004 6.1608321E+001
6.4132559E+004 6.1608321E+001
6.4132559E+004 6.5219283E+001
6.4132559E+004 6.5219283E+001
6.4140909E+004 6.2188508E+001
6.4150069E+004 5.9299951E+001
6.4160128E+004 5.6547018E+001
6.4171185E+004 5.3923380E+001
6.4183352E+004 5.1422997E+001
6.4196757E+004 4.9040079E+001
6.4200994E+004 4.8352646E+001
6.4200994E+004 4.8352646E+001
6.4200994E+004 7.4297945E+001
6.4200994E+004 7.4297945E+001
6.4207498E+004 7.0842025E+001
6.4214619E+004 6.7547755E+001
6.4222422E+004 6.4407806E+001
6.4223490E+004 6.4009306E+001
6.4223490E+004 6.4009306E+001
6.4223490E+004 6.7014888E+001
6.4223490E+004 6.7014888E+001
6.4231413E+004 6.3899914E+001
6.4237586E+004 6.1745403E+001
6.4237586E+004 6.1745403E+001
6.4237586E+004 7.1507090E+001
6.4237586E+004 7.1507090E+001
6.4244581E+004 6.8181690E+001
6.4252244E+004 6.5012030E+001
6.4260646E+004 6.1990984E+001
6.4269089E+004 5.9337212E+001
6.4269089E+004 5.9337212E+001
6.4269089E+004 6.1593302E+001
6.4269089E+004 6.1593302E+001
6.4278424E+004 5.8732686E+001
6.4288676E+004 5.6006395E+001
6.4298592E+004 5.3700330E+001
6.4298592E+004 5.3700330E+001
6.4298592E+004 6.2246105E+001
6.4298592E+004 6.2246105E+001
6.4307736E+004 5.9354842E+001
6.4317776E+004 5.6599329E+001
6.4328813E+004 5.3973241E+001
6.4340957E+004 5.1470512E+001
6.4347100E+004 5.0329759E+001
6.4347100E+004 5.0329759E+001
6.4347100E+004 5.4306588E+001
6.4347100E+004 5.4306588E+001
6.4359094E+004 5.1788206E+001
6.4372305E+004 4.9388126E+001
6.4372970E+004 4.9275850E+001
6.4372970E+004 4.9275850E+001
6.4372970E+004 5.3528471E+001
6.4372970E+004 5.3528471E+001
6.4385320E+004 5.1046637E+001
6.4398928E+004 4.8681394E+001
6.4413939E+004 4.6427253E+001
6.4430520E+004 4.4278964E+001
6.4448856E+004 4.2231515E+001
6.4465107E+004 4.0645127E+001
6.4465107E+004 4.0645127E+001
6.4465107E+004 5.0785605E+001
6.4465107E+004 5.0785605E+001
6.4478859E+004 4.8432625E+001
6.4482038E+004 4.7933542E+001
6.4482038E+004 4.7933542E+001
6.4482038E+004 5.1468254E+001
6.4482038E+004 5.1468254E+001
6.4495417E+004 4.9083208E+001
6.4508342E+004 4.7073636E+001
6.4508342E+004 4.7073636E+001
6.4508342E+004 5.3914745E+001
6.4508342E+004 5.3914745E+001
6.4513490E+004 5.2810707E+001
6.4513490E+004 5.2810707E+001
6.4513490E+004 5.6086005E+001
6.4513490E+004 5.6086005E+001
6.4524730E+004 5.3484031E+001
6.4537100E+004 5.1004285E+001
6.4550732E+004 4.8641034E+001
6.4564702E+004 4.6537299E+001
6.4564702E+004 4.6537299E+001
6.4564702E+004 5.9840019E+001
6.4564702E+004 5.9840019E+001
6.4574565E+004 5.7066190E+001
6.4574565E+004 5.7066190E+001
6.4574565E+004 6.5312639E+001
6.4574565E+004 6.5312639E+001
6.4582892E+004 6.2277493E+001
6.4589660E+004 6.0093343E+001
6.4589660E+004 6.0093343E+001
6.4589660E+004 6.1942068E+001
6.4589660E+004 6.1942068E+001
6.4598891E+004 5.9065077E+001
6.4599281E+004 5.8951814E+001
6.4599281E+004 6.6310803E+001
6.4599281E+004 6.6310803E+001
6.4607367E+004 6.3228843E+001
6.4616235E+004 6.0291463E+001
6.4618908E+004 5.9480465E+001
6.4618908E+004 5.9480465E+001
6.4618908E+004 6.2731676E+001
6.4618908E+004 6.2731676E+001
6.4627914E+004 5.9817625E+001
6.4637801E+004 5.7040382E+001
6.4648668E+004 5.4393570E+001
6.4660624E+004 5.1871099E+001
6.4673791E+004 4.9467132E+001
6.4688312E+004 4.7176081E+001
6.4704343E+004 4.4992628E+001
6.4722064E+004 4.2911689E+001
6.4725944E+004 4.2493945E+001
6.4725944E+004 4.2493945E+001
6.4725944E+004 4.8139325E+001
6.4725944E+004 4.8139325E+001
6.4741310E+004 4.5910634E+001
6.4758287E+004 4.3786596E+001
6.4777068E+004 4.1762259E+001
6.4797870E+004 3.9832899E+001
6.4814578E+004 3.8471843E+001
6.4814578E+004 3.8471843E+001
6.4814578E+004 4.3090865E+001
6.4814578E+004 4.3090865E+001
6.4834017E+004 4.1099168E+001
6.4852219E+004 3.9475502E+001
6.4852219E+004 3.9475502E+001
6.4852219E+004 4.9809670E+001
6.4852219E+004 4.9809670E+001
6.4866533E+004 4.7502535E+001
6.4882334E+004 4.5303755E+001
6.4892331E+004 4.4063833E+001
6.4892331E+004 4.4063833E+001
6.4892331E+004 5.3870841E+001
6.4892331E+004 5.3870841E+001
6.4904522E+004 5.1372928E+001
6.4917953E+004 4.8992361E+001
6.4932767E+004 4.6723610E+001
6.4949127E+004 4.4561404E+001
6.4967000E+004 4.2523447E+001
6.4967000E+004 4.2523447E+001
6.4967000E+004 4.4988618E+001
6.4967000E+004 4.4988618E+001
6.4984724E+004 4.2907867E+001
6.5004342E+004 4.0924757E+001
6.5026083E+004 3.9034669E+001
6.5041099E+004 3.7879361E+001
6.5041099E+004 3.7879361E+001
6.5041099E+004 4.0660825E+001
6.5041099E+004 4.0660825E+001
6.5063150E+004 3.8783119E+001
6.5072934E+004 3.8032602E+001
6.5072934E+004 3.8032602E+001
6.5072934E+004 4.2042255E+001
6.5072934E+004 4.2042255E+001
6.5093437E+004 4.0099757E+001
6.5116171E+004 3.8248357E+001
6.5141413E+004 3.6483726E+001
6.5153213E+004 3.5742699E+001
6.5153213E+004 3.5742699E+001
6.5153213E+004 4.4710550E+001
6.5153213E+004 4.4710550E+001
6.5171173E+004 4.2642843E+001
6.5191055E+004 4.0672170E+001
6.5213093E+004 3.8793931E+001
6.5237553E+004 3.7003740E+001
6.5241564E+004 3.6733969E+001
6.5241564E+004 3.6733969E+001
6.5241564E+004 4.6652233E+001
6.5241564E+004 4.6652233E+001
6.5257977E+004 4.4493383E+001
6.5276125E+004 4.2435870E+001
6.5296217E+004 4.0474907E+001
6.5306074E+004 3.9610512E+001
6.5306074E+004 3.9610512E+001
6.5306074E+004 4.9390458E+001
6.5306074E+004 4.9390458E+001
6.5308786E+004 4.8937391E+001
6.5308786E+004 4.8937391E+001
6.5308786E+004 5.3966468E+001
6.5308786E+004 5.3966468E+001
6.5320933E+004 5.1464058E+001
6.5334316E+004 4.9079210E+001
6.5349075E+004 4.6806387E+001
6.5356292E+004 4.5805290E+001
6.5356292E+004 4.5805290E+001
6.5356292E+004 4.9782936E+001
6.5356292E+004 4.9782936E+001
6.5370622E+004 4.7477058E+001
6.5374194E+004 4.6950346E+001
6.5374194E+004 4.6950346E+001
6.5374194E+004 5.3226708E+001
6.5374194E+004 5.3226708E+001
6.5386687E+004 5.0759051E+001
6.5400454E+004 4.8407321E+001
6.5412870E+004 4.6549618E+001
6.5412870E+004 4.6549618E+001
6.5412870E+004 5.1429841E+001
6.5412870E+004 5.1429841E+001
6.5426271E+004 4.9046602E+001
6.5434665E+004 4.7713578E+001
6.5434665E+004 4.7713578E+001
6.5434665E+004 5.0882086E+001
6.5434665E+004 5.0882086E+001
6.5448363E+004 4.8524571E+001
6.5463476E+004 4.6277791E+001
6.5480170E+004 4.4136519E+001
6.5488578E+004 4.3166971E+001
6.5488578E+004 4.3166971E+001
6.5488578E+004 5.1138214E+001
6.5488578E+004 5.1138214E+001
6.5502136E+004 4.8768672E+001
6.5517092E+004 4.6510427E+001
6.5518210E+004 4.6353837E+001
6.5518210E+004 4.6353837E+001
6.5518210E+004 5.1308412E+001
6.5518210E+004 5.1308412E+001
6.5531675E+004 4.8930871E+001
6.5546528E+004 4.6665011E+001
6.5548761E+004 4.6350818E+001
6.5548761E+004 4.6350818E+001
6.5548761E+004 5.3607467E+001
6.5548761E+004 5.3607467E+001
6.5561074E+004 5.1121927E+001
6.5574641E+004 4.8753147E+001
6.5589606E+004 4.6495632E+001
6.5606135E+004 4.4344131E+001
6.5613567E+004 4.3471087E+001
6.5613567E+004 4.3471087E+001
6.5613567E+004 4.7325005E+001
6.5613567E+004 4.7325005E+001
6.5622867E+004 4.6004448E+001
6.5622867E+004 4.6004448E+001
6.5622867E+004 4.6901165E+001
6.5622867E+004 4.6901165E+001
6.5639096E+004 4.4730625E+001
6.5640955E+004 4.4500845E+001
6.5640955E+004 4.4500845E+001
6.5640955E+004 4.8079509E+001
6.5640955E+004 4.8079509E+001
6.5656361E+004 4.5853631E+001
6.5673383E+004 4.3732272E+001
6.5692214E+004 4.1710487E+001
6.5698730E+004 4.1075044E+001
6.5698730E+004 4.1075044E+001
6.5698730E+004 4.9095872E+001
6.5698730E+004 4.9095872E+001
6.5700918E+004 4.8735785E+001
6.5700918E+004 4.8735785E+001
6.5700918E+004 6.5041900E+001
6.5700918E+004 6.5041900E+001
6.5709312E+004 6.2019453E+001
6.5718521E+004 5.9138827E+001
6.5728634E+004 5.6393456E+001
6.5739752E+004 5.3777038E+001
6.5751987E+004 5.1283527E+001
6.5758865E+004 5.0025199E+001
6.5758865E+004 5.0025199E+001
6.5758865E+004 5.3000459E+001
6.5758865E+004 5.3000459E+001
6.5766010E+004 5.1561244E+001
6.5766010E+004 5.1561244E+001
6.5766010E+004 6.1612218E+001
6.5766010E+004 6.1612218E+001
6.5770978E+004 6.0035252E+001
6.5770978E+004 6.0035252E+001
6.5770978E+004 6.3070366E+001
6.5770978E+004 6.3070366E+001
6.5779889E+004 6.0140418E+001
6.5789673E+004 5.7348017E+001
6.5800423E+004 5.4686753E+001
6.5802426E+004 5.4229602E+001
6.5802426E+004 5.4229602E+001
6.5802426E+004 5.6846008E+001
6.5802426E+004 5.6846008E+001
6.5813367E+004 5.4208329E+001
6.5825405E+004 5.1694557E+001
6.5838666E+004 4.9298881E+001
6.5840077E+004 4.9062796E+001
6.5840077E+004 4.9062796E+001
6.5840077E+004 5.5049983E+001
6.5840077E+004 5.5049983E+001
6.5851746E+004 5.2496675E+001
6.5864595E+004 5.0063314E+001
6.5878760E+004 4.7744264E+001
6.5894393E+004 4.5534135E+001
6.5911670E+004 4.3427769E+001
6.5930785E+004 4.1420268E+001
6.5943356E+004 4.0247741E+001
6.5943356E+004 4.0247741E+001
6.5943356E+004 4.2963822E+001
6.5943356E+004 4.2963822E+001
6.5954626E+004 4.1781344E+001
6.5954626E+004 4.1781344E+001
6.5954626E+004 5.6723140E+001
6.5954626E+004 5.6723140E+001
6.5965614E+004 5.4091233E+001
6.5977705E+004 5.1582967E+001
6.5991024E+004 4.9192527E+001
6.6005714E+004 4.6914376E+001
6.6021933E+004 4.4743214E+001
6.6037003E+004 4.2982708E+001
6.6037003E+004 4.2982708E+001
6.6037003E+004 4.8054379E+001
6.6037003E+004 4.8054379E+001
6.6052427E+004 4.5829682E+001
6.6069468E+004 4.3709449E+001
6.6088319E+004 4.1688727E+001
6.6109201E+004 3.9762810E+001
6.6114043E+004 3.9354173E+001
6.6114043E+004 3.9354173E+001
6.6114043E+004 4.6388271E+001
6.6114043E+004 4.6388271E+001
6.6127252E+004 4.4654309E+001
6.6127252E+004 4.4654309E+001
6.6127252E+004 4.8944159E+001
6.6127252E+004 4.8944159E+001
6.6142096E+004 4.6677674E+001
6.6158490E+004 4.4517628E+001
6.6168060E+004 4.3390149E+001
6.6168060E+004 4.3390149E+001
6.6168060E+004 4.6793076E+001
6.6168060E+004 4.6793076E+001
6.6184369E+004 4.4627605E+001
6.6202400E+004 4.2563797E+001
6.6222362E+004 4.0596837E+001
6.6232579E+004 3.9693650E+001
6.6232579E+004 3.9693650E+001
6.6232579E+004 4.4032663E+001
6.6232579E+004 4.4032663E+001
6.6251135E+004 4.1996775E+001
6.6271686E+004 4.0056414E+001
6.6294475E+004 3.8207044E+001
6.6296112E+004 3.8084101E+001
6.6296112E+004 3.8084101E+001
6.6296112E+004 4.5470659E+001
6.6296112E+004 4.5470659E+001
6.6313439E+004 4.3367277E+001
6.6332612E+004 4.1362618E+001
6.6341749E+004 4.0503056E+001
6.6341749E+004 4.0503056E+001
6.6341749E+004 4.6417217E+001
6.6341749E+004 4.6417217E+001
6.6358337E+004 4.4269397E+001
6.6367321E+004 4.3226422E+001
6.6367321E+004 4.3226422E+001
6.6367321E+004 4.9525295E+001
6.6367321E+004 4.9525295E+001
6.6381806E+004 4.7231519E+001
6.6385555E+004 4.6687898E+001
6.6385555E+004 4.6687898E+001
6.6385555E+004 5.2570327E+001
6.6385555E+004 5.2570327E+001
6.6393656E+004 5.0986421E+001
6.6393656E+004 5.0986421E+001
6.6393656E+004 5.3665660E+001
6.6393656E+004 5.3665660E+001
6.6397737E+004 5.2796730E+001
6.6397737E+004 5.2796730E+001
6.6397737E+004 5.8018448E+001
6.6397737E+004 5.8018448E+001
6.6403364E+004 5.6525502E+001
6.6403364E+004 5.6525502E+001
6.6403364E+004 6.2130476E+001
6.6403364E+004 6.2130476E+001
6.6409301E+004 6.0214847E+001
6.6409301E+004 6.0214847E+001
6.6409301E+004 6.3153816E+001
6.6409301E+004 6.3153816E+001
6.6418189E+004 6.0219948E+001
6.6419397E+004 5.9850588E+001
6.6419397E+004 5.9850588E+001
6.6419397E+004 6.1917406E+001
6.6419397E+004 6.1917406E+001
6.6428636E+004 5.9041574E+001
6.6438783E+004 5.6300775E+001
6.6445623E+004 5.4652360E+001
6.6445623E+004 5.4652360E+001
6.6445623E+004 6.0407194E+001
6.6445623E+004 6.0407194E+001
6.6446015E+004 6.0285478E+001
6.6446015E+004 6.2358154E+001
6.6446015E+004 6.2358154E+001
6.6451131E+004 6.0678717E+001
6.6451131E+004 6.0678717E+001
6.6451131E+004 6.7962717E+001
6.6451131E+004 6.7962717E+001
6.6458842E+004 6.4803314E+001
6.6467295E+004 6.1792056E+001
6.6476571E+004 5.8922113E+001
6.6481018E+004 5.7677452E+001
6.6481018E+004 5.7677452E+001
6.6481018E+004 6.1563245E+001
6.6481018E+004 6.1563245E+001
6.6485513E+004 6.0134233E+001
6.6485513E+004 6.0134233E+001
6.6485513E+004 6.2924746E+001
6.6485513E+004 6.2924746E+001
6.6494465E+004 6.0001635E+001
6.6504293E+004 5.7215746E+001
6.6512557E+004 5.5148511E+001
6.6512557E+004 5.5148511E+001
6.6512557E+004 6.1151202E+001
6.6512557E+004 6.1151202E+001
6.6522025E+004 5.8311336E+001
6.6532425E+004 5.5604829E+001
6.6543861E+004 5.3025458E+001
6.6556450E+004 5.0567254E+001
6.6570325E+004 4.8224531E+001
6.6585635E+004 4.5991846E+001
6.6590270E+004 4.5375077E+001
6.6590270E+004 4.5375077E+001
6.6590270E+004 6.9222163E+001
6.6590270E+004 6.9222163E+001
6.6597714E+004 6.6003750E+001
6.6605872E+004 6.2936189E+001
6.6614821E+004 6.0012543E+001
6.6624645E+004 5.7226141E+001
6.6635441E+004 5.4570607E+001
6.6647319E+004 5.2039822E+001
6.6660399E+004 4.9627921E+001
6.6674822E+004 4.7329321E+001
6.6690745E+004 4.5138676E+001
6.6708344E+004 4.3050875E+001
6.6710850E+004 4.2776775E+001
6.6710850E+004 4.2776775E+001
6.6710850E+004 4.8178163E+001
6.6710850E+004 4.8178163E+001
6.6726190E+004 4.5947658E+001
6.6732228E+004 4.5151777E+001
6.6732228E+004 4.5151777E+001
6.6732228E+004 7.5244366E+001
6.6732228E+004 7.5244366E+001
6.6738577E+004 7.1744212E+001
6.6745528E+004 6.8407720E+001
6.6753143E+004 6.5227471E+001
6.6761491E+004 6.2196312E+001
6.6770649E+004 5.9307388E+001
6.6775807E+004 5.7843521E+001
6.6775807E+004 5.7843521E+001
6.6775807E+004 6.0941102E+001
6.6775807E+004 6.0941102E+001
6.6785338E+004 5.8111108E+001
6.6795810E+004 5.5414003E+001
6.6802753E+004 5.3817611E+001
6.6802753E+004 5.3817611E+001
6.6802753E+004 5.6830022E+001
6.6802753E+004 5.6830022E+001
6.6813701E+004 5.4193090E+001
6.6825746E+004 5.1680035E+001
6.6839013E+004 4.9285041E+001
6.6853645E+004 4.7002547E+001
6.6869801E+004 4.4827241E+001
6.6887662E+004 4.2754062E+001
6.6907432E+004 4.0778176E+001
6.6929345E+004 3.8894959E+001
6.6953664E+004 3.7100027E+001
6.6966817E+004 3.6232267E+001
6.6966817E+004 3.6232267E+001
6.6966817E+004 4.5380214E+001
6.6966817E+004 4.5380214E+001
6.6971144E+004 4.4826924E+001
6.6971144E+004 4.4826924E+001
6.6971144E+004 5.1526356E+001
6.6971144E+004 5.1526356E+001
6.6974131E+004 5.0959778E+001
6.6974131E+004 5.0959778E+001
6.6974131E+004 5.5676705E+001
6.6974131E+004 5.5676705E+001
6.6977975E+004 5.4762245E+001
6.6977975E+004 5.4762245E+001
6.6977975E+004 7.8088576E+001
6.6977975E+004 7.8088576E+001
6.6983893E+004 7.4455652E+001
6.6990370E+004 7.0992355E+001
6.6997463E+004 6.7691055E+001
6.7005234E+004 6.4544384E+001
6.7013519E+004 6.1621906E+001
6.7013519E+004 6.1621906E+001
6.7013519E+004 6.4955780E+001
6.7013519E+004 6.4955780E+001
6.7021934E+004 6.1937365E+001
6.7031167E+004 5.9060595E+001
6.7035117E+004 5.7943250E+001
6.7035117E+004 5.7943250E+001
6.7035117E+004 6.6908360E+001
6.7035117E+004 6.6908360E+001
6.7043064E+004 6.3798384E+001
6.7051778E+004 6.0834275E+001
6.7059917E+004 5.8404020E+001
6.7059917E+004 5.8404020E+001
6.7059917E+004 6.0545823E+001
6.7059917E+004 6.0545823E+001
6.7069572E+004 5.7734382E+001
6.7075802E+004 5.6112021E+001
6.7075802E+004 5.6112021E+001
6.7075802E+004 6.2291345E+001
6.7075802E+004 6.2291345E+001
6.7084932E+004 5.9397957E+001
6.7094959E+004 5.6640418E+001
6.7105979E+004 5.4012399E+001
6.7118106E+004 5.1507830E+001
6.7131465E+004 4.9120923E+001
6.7146198E+004 4.6846138E+001
6.7162468E+004 4.4678179E+001
6.7180456E+004 4.2611993E+001
6.7200369E+004 4.0642769E+001
6.7222442E+004 3.8765911E+001
6.7246941E+004 3.6977023E+001
6.7274168E+004 3.5271942E+001
6.7303603E+004 3.3689396E+001
6.7303603E+004 3.3689396E+001
6.7303603E+004 4.3056285E+001
6.7303603E+004 4.3056285E+001
6.7307534E+004 4.2628656E+001
6.7307534E+004 4.2628656E+001
6.7307534E+004 5.2111537E+001
6.7307534E+004 5.2111537E+001
6.7320577E+004 4.9696275E+001
6.7334959E+004 4.7394461E+001
6.7350836E+004 4.5200754E+001
6.7368384E+004 4.3110045E+001
6.7387804E+004 4.1117450E+001
6.7398269E+004 4.0155729E+001
6.7398269E+004 4.0155729E+001
6.7398269E+004 4.9213195E+001
6.7398269E+004 4.9213195E+001
6.7412946E+004 4.6934072E+001
6.7420420E+004 4.5889894E+001
6.7420420E+004 4.5889894E+001
6.7420420E+004 5.2674635E+001
6.7420420E+004 5.2674635E+001
6.7433181E+004 5.0232917E+001
6.7447247E+004 4.7905903E+001
6.7462770E+004 4.5688175E+001
6.7479923E+004 4.3574581E+001
6.7482806E+004 4.3247516E+001
6.7482806E+004 4.3247516E+001
6.7482806E+004 5.0729083E+001
6.7482806E+004 5.0729083E+001
6.7496590E+004 4.8378762E+001
6.7503985E+004 4.7245975E+001
6.7503985E+004 4.7245975E+001
6.7503985E+004 5.4327386E+001
6.7503985E+004 5.4327386E+001
6.7515970E+004 5.1808027E+001
6.7529171E+004 4.9407015E+001
6.7543728E+004 4.7118790E+001
6.7554928E+004 4.5563360E+001
6.7554928E+004 4.5563360E+001
6.7554928E+004 4.9075425E+001
6.7554928E+004 4.9075425E+001
6.7563570E+004 4.7702398E+001
6.7563570E+004 4.7702398E+001
6.7563570E+004 5.3159139E+001
6.7563570E+004 5.3159139E+001
6.7576095E+004 5.0694659E+001
6.7582642E+004 4.9535450E+001
6.7582642E+004 4.9535450E+001
6.7582642E+004 7.3412494E+001
6.7582642E+004 7.3412494E+001
6.7589295E+004 6.9997964E+001
6.7596582E+004 6.6743222E+001
6.7604566E+004 6.3640982E+001
6.7613323E+004 6.0684257E+001
6.7622934E+004 5.7866322E+001
6.7633494E+004 5.5180713E+001
6.7638306E+004 5.4072714E+001
6.7638306E+004 5.4072714E+001
6.7638306E+004 5.8472634E+001
6.7638306E+004 5.8472634E+001
6.7645749E+004 5.6478825E+001
6.7645749E+004 5.6478825E+001
6.7645749E+004 6.0166621E+001
6.7645749E+004 6.0166621E+001
6.7648423E+004 5.9360162E+001
6.7648423E+004 5.9360162E+001
6.7648423E+004 6.3633546E+001
6.7648423E+004 6.3633546E+001
6.7649453E+004 6.3262744E+001
6.7649453E+004 6.3262744E+001
6.7649453E+004 7.0241251E+001
6.7649453E+004 7.0241251E+001
6.7656691E+004 6.6975107E+001
6.7664623E+004 6.3861999E+001
6.7673320E+004 6.0894906E+001
6.7682866E+004 5.8067073E+001
6.7693353E+004 5.5372038E+001
6.7695881E+004 5.4775214E+001
6.7695881E+004 5.4775214E+001
6.7695881E+004 5.7813889E+001
6.7695881E+004 5.7813889E+001
6.7706460E+004 5.5130745E+001
6.7718095E+004 5.2573644E+001
6.7730906E+004 5.0136671E+001
6.7738687E+004 4.8812661E+001
6.7738687E+004 4.8812661E+001
6.7738687E+004 5.2659026E+001
6.7738687E+004 5.2659026E+001
6.7751455E+004 5.0218041E+001
6.7765530E+004 4.7891727E+001
6.7770272E+004 4.7177779E+001
6.7770272E+004 4.7177779E+001
6.7770272E+004 5.9145446E+001
6.7770272E+004 5.9145446E+001
6.7776823E+004 5.7319864E+001
6.7776823E+004 5.7319864E+001
6.7776823E+004 6.1950063E+001
6.7776823E+004 6.1950063E+001
6.7786052E+004 5.9072696E+001
6.7796188E+004 5.6330434E+001
6.7806880E+004 5.3815178E+001
6.7806880E+004 5.3815178E+001
6.7806880E+004 5.8395330E+001
6.7806880E+004 5.8395330E+001
6.7817250E+004 5.5684875E+001
6.7828653E+004 5.3101740E+001
6.7841206E+004 5.0639960E+001
6.7855040E+004 4.8293818E+001
6.7870304E+004 4.6057875E+001
6.7887166E+004 4.3926928E+001
6.7905819E+004 4.1896005E+001
6.7926477E+004 3.9960365E+001
6.7949386E+004 3.8115497E+001
6.7962569E+004 3.7168454E+001
6.7962569E+004 3.7168454E+001
6.7962569E+004 7.0621625E+001
6.7962569E+004 7.0621625E+001
6.7964761E+004 6.9565444E+001
6.7964761E+004 6.9565444E+001
6.7964761E+004 7.1466281E+001
6.7964761E+004 7.1466281E+001
6.7971764E+004 6.8142793E+001
6.7979435E+004 6.4974957E+001
6.7987846E+004 6.1955646E+001
6.7997074E+004 5.9078017E+001
6.8007208E+004 5.6335505E+001
6.8008465E+004 5.6020310E+001
6.8008465E+004 5.6020310E+001
6.8008465E+004 5.8258685E+001
6.8008465E+004 5.8258685E+001
6.8018884E+004 5.5554654E+001
6.8030340E+004 5.2977637E+001
6.8042953E+004 5.0521681E+001
6.8055334E+004 4.8419779E+001
6.8055334E+004 4.8419779E+001
6.8055334E+004 5.6114248E+001
6.8055334E+004 5.6114248E+001
6.8066562E+004 5.3510947E+001
6.8078921E+004 5.1029935E+001
6.8092538E+004 4.8665478E+001
6.8107560E+004 4.6412085E+001
6.8124152E+004 4.4264504E+001
6.8142212E+004 4.2247431E+001
6.8142212E+004 4.2247431E+001
6.8142212E+004 4.5080725E+001
6.8142212E+004 4.5080725E+001
6.8147592E+004 4.4409836E+001
6.8147592E+004 4.4409836E+001
6.8147592E+004 4.7293563E+001
6.8147592E+004 4.7293563E+001
6.8163540E+004 4.5104598E+001
6.8181168E+004 4.3018396E+001
6.8184425E+004 4.2663990E+001
6.8184425E+004 4.2663990E+001
6.8184425E+004 4.6172591E+001
6.8184425E+004 4.6172591E+001
6.8191547E+004 4.5224417E+001
6.8191547E+004 4.5224417E+001
6.8191547E+004 6.1717922E+001
6.8191547E+004 6.1717922E+001
6.8200845E+004 5.8851451E+001
6.8211056E+004 5.6119578E+001
6.8222282E+004 5.3516026E+001
6.8234638E+004 5.1034775E+001
6.8248253E+004 4.8670091E+001
6.8254335E+004 4.7714985E+001
6.8254335E+004 4.7714985E+001
6.8254335E+004 5.3672227E+001
6.8254335E+004 5.3672227E+001
6.8266618E+004 5.1183643E+001
6.8280151E+004 4.8811969E+001
6.8295079E+004 4.6551688E+001
6.8295234E+004 4.6529824E+001
6.8295234E+004 5.2533528E+001
6.8295234E+004 5.2533528E+001
6.8308065E+004 5.0098434E+001
6.8322209E+004 4.7777733E+001
6.8337820E+004 4.5566030E+001
6.8355071E+004 4.3458170E+001
6.8363874E+004 4.2491883E+001
6.8363874E+004 4.2491883E+001
6.8363874E+004 6.7753241E+001
6.8363874E+004 6.7753241E+001
6.8371630E+004 6.4603664E+001
6.8380135E+004 6.1601769E+001
6.8381891E+004 6.1030197E+001
6.8381891E+004 6.1030197E+001
6.8381891E+004 7.0692064E+001
6.8381891E+004 7.0692064E+001
6.8383274E+004 7.0018039E+001
6.8383274E+004 7.0018039E+001
6.8383274E+004 7.1506888E+001
6.8383274E+004 7.1506888E+001
6.8390270E+004 6.8181498E+001
6.8397933E+004 6.5011846E+001
6.8406334E+004 6.1990810E+001
6.8415552E+004 5.9111529E+001
6.8425674E+004 5.6367442E+001
6.8436802E+004 5.3752247E+001
6.8444545E+004 5.2132337E+001
6.8444545E+004 5.2132337E+001
6.8444545E+004 5.4524449E+001
6.8444545E+004 5.4524449E+001
6.8456443E+004 5.1995825E+001
6.8469546E+004 4.9585993E+001
6.8479734E+004 4.7930012E+001
6.8479734E+004 4.7930012E+001
6.8479734E+004 5.2070203E+001
6.8479734E+004 5.2070203E+001
6.8492799E+004 4.9656876E+001
6.8507204E+004 4.7356914E+001
6.8523107E+004 4.5164972E+001
6.8540685E+004 4.3075944E+001
6.8544223E+004 4.2689849E+001
6.8544223E+004 4.2689849E+001
6.8544223E+004 4.9616333E+001
6.8544223E+004 4.9616333E+001
6.8558653E+004 4.7318277E+001
6.8574583E+004 4.5128152E+001
6.8592191E+004 4.3040843E+001
6.8611678E+004 4.1051496E+001
6.8611687E+004 4.1050673E+001
6.8611687E+004 4.5899499E+001
6.8611687E+004 4.5899499E+001
6.8628673E+004 4.3775984E+001
6.8647464E+004 4.1752146E+001
6.8668277E+004 3.9823257E+001
6.8691360E+004 3.7984813E+001
6.8713240E+004 3.6471637E+001
6.8713240E+004 3.6471637E+001
6.8713240E+004 4.4067555E+001
6.8713240E+004 4.4067555E+001
6.8731765E+004 4.2030028E+001
6.8735373E+004 4.1665638E+001
6.8735373E+004 4.1665638E+001
6.8735373E+004 4.4014637E+001
6.8735373E+004 4.4014637E+001
6.8753945E+004 4.1979597E+001
6.8774514E+004 4.0040042E+001
6.8791917E+004 3.8603004E+001
6.8791917E+004 3.8603004E+001
6.8791917E+004 4.3363338E+001
6.8791917E+004 4.3363338E+001
6.8811093E+004 4.1358864E+001
6.8832340E+004 3.9448418E+001
6.8855910E+004 3.7627545E+001
6.8882092E+004 3.5891999E+001
6.8907823E+004 3.4416590E+001
6.8907823E+004 3.4416590E+001
6.8907823E+004 4.1951101E+001
6.8907823E+004 4.1951101E+001
6.8928422E+004 4.0012882E+001
6.8951265E+004 3.8165549E+001
6.8960727E+004 3.7474902E+001
6.8960727E+004 3.7474902E+001
6.8960727E+004 4.5464786E+001
6.8960727E+004 4.5464786E+001
6.8978060E+004 4.3361679E+001
6.8997238E+004 4.1357283E+001
6.9018428E+004 3.9451714E+001
6.9018428E+004 3.9451714E+001
6.9018428E+004 6.6633483E+001
6.9018428E+004 6.6633483E+001
6.9026438E+004 6.3536393E+001
6.9035223E+004 6.0584580E+001
6.9044865E+004 5.7771317E+001
6.9055459E+004 5.5090175E+001
6.9057633E+004 5.4583566E+001
6.9057633E+004 5.4583566E+001
6.9057633E+004 6.1242299E+001
6.9057633E+004 6.1242299E+001
6.9067073E+004 5.8398163E+001
6.9077442E+004 5.5687576E+001
6.9088844E+004 5.3104314E+001
6.9097312E+004 5.1402396E+001
6.9097312E+004 5.1402396E+001
6.9097312E+004 5.9653100E+001
6.9097312E+004 5.9653100E+001
6.9107253E+004 5.6883580E+001
6.9118180E+004 5.4244140E+001
6.9130202E+004 5.1728685E+001
6.9143444E+004 4.9331404E+001
6.9158048E+004 4.7046734E+001
6.9174172E+004 4.4869351E+001
6.9191997E+004 4.2794193E+001
6.9211727E+004 4.0816422E+001
6.9233595E+004 3.8931422E+001
6.9257864E+004 3.7134779E+001
6.9261404E+004 3.6893622E+001
6.9261404E+004 3.6893622E+001
6.9261404E+004 5.2413412E+001
6.9261404E+004 5.2413412E+001
6.9274295E+004 4.9983966E+001
6.9288506E+004 4.7668646E+001
6.9304192E+004 4.5462061E+001
6.9321526E+004 4.3359083E+001
6.9340707E+004 4.1354809E+001
6.9361958E+004 3.9444551E+001
6.9369302E+004 3.8845404E+001
6.9369302E+004 3.8845404E+001
6.9369302E+004 5.6050468E+001
6.9369302E+004 5.6050468E+001
6.9380556E+004 5.3450156E+001
6.9389967E+004 5.1533271E+001
6.9389967E+004 5.1533271E+001
6.9389967E+004 5.6682674E+001
6.9389967E+004 5.6682674E+001
6.9400971E+004 5.4052669E+001
6.9402754E+004 5.3659289E+001
6.9402754E+004 5.3659289E+001
6.9402754E+004 5.9509485E+001
6.9402754E+004 5.9509485E+001
6.9407206E+004 5.8226611E+001
6.9407206E+004 5.8226611E+001
6.9407206E+004 6.2647085E+001
6.9407206E+004 6.2647085E+001
6.9407931E+004 6.2397063E+001
6.9407931E+004 6.2397063E+001
6.9407931E+004 7.7705038E+001
6.9407931E+004 7.7705038E+001
6.9413905E+004 7.4090006E+001
6.9420443E+004 7.0643801E+001
6.9427603E+004 6.7358819E+001
6.9435447E+004 6.4227720E+001
6.9444049E+004 6.1243465E+001
6.9446207E+004 6.0555170E+001
6.9446207E+004 6.0555170E+001
6.9446207E+004 6.3421675E+001
6.9446207E+004 6.3421675E+001
6.9455023E+004 6.0475238E+001
6.9464699E+004 5.7667114E+001
6.9475332E+004 5.4990870E+001
6.9487026E+004 5.2440335E+001
6.9499904E+004 5.0009623E+001
6.9514100E+004 4.7693098E+001
6.9529769E+004 4.5485363E+001
6.9547084E+004 4.3381289E+001
6.9566244E+004 4.1375972E+001
6.9583601E+004 3.9790668E+001
6.9583601E+004 3.9790668E+001
6.9583601E+004 5.8845804E+001
6.9583601E+004 5.8845804E+001
6.9593815E+004 5.6114196E+001
6.9605043E+004 5.3510897E+001
6.9617402E+004 5.1029888E+001
6.9631019E+004 4.8665433E+001
6.9646041E+004 4.6412042E+001
6.9662633E+004 4.4264463E+001
6.9662689E+004 4.4257654E+001
6.9662689E+004 4.8106924E+001
6.9662689E+004 4.8106924E+001
6.9678077E+004 4.5879756E+001
6.9684727E+004 4.5009615E+001
6.9684727E+004 4.5009615E+001
6.9684727E+004 4.9687449E+001
6.9684727E+004 4.9687449E+001
6.9699114E+004 4.7386050E+001
6.9714996E+004 4.5192738E+001
6.9732551E+004 4.3102406E+001
6.9734751E+004 4.2860572E+001
6.9734751E+004 4.2860572E+001
6.9734751E+004 5.8753200E+001
6.9734751E+004 5.8753200E+001
6.9744996E+004 5.6025945E+001
6.9756260E+004 5.3426785E+001
6.9768658E+004 5.0949730E+001
6.9782319E+004 4.8589045E+001
6.9787371E+004 4.7795517E+001
6.9787371E+004 4.7795517E+001
6.9787371E+004 5.2023572E+001
6.9787371E+004 5.2023572E+001
6.9800460E+004 4.9612436E+001
6.9814893E+004 4.7314564E+001
6.9830826E+004 4.5124612E+001
6.9848437E+004 4.3037470E+001
6.9867927E+004 4.1048282E+001
6.9889526E+004 3.9152406E+001
6.9913492E+004 3.7345415E+001
6.9940120E+004 3.5623078E+001
6.9963880E+004 3.4285115E+001
6.9963880E+004 3.4285115E+001
6.9963880E+004 4.1985556E+001
6.9963880E+004 4.1985556E+001
6.9984443E+004 4.0045721E+001
7.0007245E+004 3.8196849E+001
7.0032563E+004 3.6434629E+001
7.0060712E+004 3.4754949E+001
7.0071952E+004 3.4149898E+001
7.0071952E+004 3.4149898E+001
7.0071952E+004 4.0725760E+001
7.0071952E+004 4.0725760E+001
7.0093926E+004 3.8845004E+001
7.0118315E+004 3.7052417E+001
7.0134865E+004 3.5975956E+001
7.0134865E+004 3.5975956E+001
7.0134865E+004 4.3240820E+001
7.0134865E+004 4.3240820E+001
7.0146909E+004 4.1956037E+001
7.0146909E+004 4.1956037E+001
7.0146909E+004 4.9004122E+001
7.0146909E+004 4.9004122E+001
7.0161716E+004 4.6734818E+001
7.0164153E+004 4.6390565E+001
7.0164153E+004 4.6390565E+001
7.0164153E+004 4.8172798E+001
7.0164153E+004 4.8172798E+001
7.0179497E+004 4.5942544E+001
7.0186394E+004 4.5037224E+001
7.0186394E+004 4.5037224E+001
7.0186394E+004 5.0078912E+001
7.0186394E+004 5.0078912E+001
7.0200550E+004 4.7759129E+001
7.0216173E+004 4.5548301E+001
7.0226961E+004 4.4193097E+001
7.0226961E+004 4.4193097E+001
7.0226961E+004 5.2443329E+001
7.0226961E+004 5.2443329E+001
7.0239837E+004 5.0012476E+001
7.0254031E+004 4.7695817E+001
7.0269698E+004 4.5487954E+001
7.0271094E+004 4.5305770E+001
7.0271094E+004 4.5305770E+001
7.0271094E+004 7.4882561E+001
7.0271094E+004 7.4882561E+001
7.0277501E+004 7.1399312E+001
7.0284517E+004 6.8078960E+001
7.0292203E+004 6.4914118E+001
7.0300628E+004 6.1897658E+001
7.0309873E+004 5.9022753E+001
7.0320026E+004 5.6282839E+001
7.0324678E+004 5.5146207E+001
7.0324678E+004 5.5146207E+001
7.0324678E+004 5.7143069E+001
7.0324678E+004 5.7143069E+001
7.0335505E+004 5.4491440E+001
7.0338859E+004 5.3740685E+001
7.0338859E+004 5.3740685E+001
7.0338859E+004 6.1276654E+001
7.0338859E+004 6.1276654E+001
7.0348288E+004 5.8430905E+001
7.0358646E+004 5.5718780E+001
7.0370035E+004 5.3134051E+001
7.0382572E+004 5.0670751E+001
7.0396389E+004 4.8323169E+001
7.0403878E+004 4.7180467E+001
7.0403878E+004 4.7180467E+001
7.0403878E+004 5.1679443E+001
7.0403878E+004 5.1679443E+001
7.0417146E+004 4.9284478E+001
7.0431778E+004 4.7002010E+001
7.0435097E+004 4.6526994E+001
7.0435097E+004 4.6526994E+001
7.0435097E+004 5.2844694E+001
7.0435097E+004 5.2844694E+001
7.0437380E+004 5.2375269E+001
7.0437380E+004 5.2375269E+001
7.0437380E+004 5.7543112E+001
7.0437380E+004 5.7543112E+001
7.0448058E+004 5.4872687E+001
7.0459804E+004 5.2327708E+001
7.0472738E+004 4.9902288E+001
7.0486997E+004 4.7590799E+001
7.0502737E+004 4.5387873E+001
7.0520131E+004 4.3288381E+001
7.0539379E+004 4.1287417E+001
7.0560706E+004 3.9380323E+001
7.0570521E+004 3.8590347E+001
7.0570521E+004 3.8590347E+001
7.0570521E+004 4.4100606E+001
7.0570521E+004 4.4100606E+001
7.0571489E+004 4.3985708E+001
7.0571489E+004 4.3985708E+001
7.0571489E+004 5.4114836E+001
7.0571489E+004 5.4114836E+001
7.0581373E+004 5.2033687E+001
7.0581373E+004 5.2033687E+001
7.0581373E+004 5.8672870E+001
7.0581373E+004 5.8672870E+001
7.0591646E+004 5.5949381E+001
7.0602941E+004 5.3353820E+001
7.0615374E+004 5.0880197E+001
7.0619465E+004 5.0137662E+001
7.0619465E+004 5.0137662E+001
7.0619465E+004 5.3034715E+001
7.0619465E+004 5.3034715E+001
7.0632050E+004 5.0576075E+001
7.0645920E+004 4.8232937E+001
7.0661224E+004 4.5999857E+001
7.0672341E+004 4.4563156E+001
7.0672341E+004 4.4563156E+001
7.0672341E+004 4.7820284E+001
7.0672341E+004 4.7820284E+001
7.0687923E+004 4.5606581E+001
7.0705141E+004 4.3496822E+001
7.0724191E+004 4.1486076E+001
7.0745296E+004 3.9569665E+001
7.0761442E+004 3.8278570E+001
7.0761442E+004 3.8278570E+001
7.0761442E+004 5.6714093E+001
7.0761442E+004 5.6714093E+001
7.0772434E+004 5.4082611E+001
7.0784529E+004 5.1574751E+001
7.0789882E+004 5.0570160E+001
7.0789882E+004 5.0570160E+001
7.0789882E+004 5.5840129E+001
7.0789882E+004 5.5840129E+001
7.0790857E+004 5.5601539E+001
7.0790857E+004 5.5601539E+001
7.0790857E+004 5.9397167E+001
7.0790857E+004 5.9397167E+001
7.0800883E+004 5.6639665E+001
7.0811904E+004 5.4011682E+001
7.0824031E+004 5.1507146E+001
7.0830710E+004 5.0268057E+001
7.0830710E+004 5.0268057E+001
7.0830710E+004 5.5856032E+001
7.0830710E+004 5.5856032E+001
7.0842043E+004 5.3264860E+001
7.0854517E+004 5.0795409E+001
7.0865124E+004 4.8947897E+001
7.0865124E+004 4.8947897E+001
7.0865124E+004 5.7234848E+001
7.0865124E+004 5.7234848E+001
7.0875918E+004 5.4578904E+001
7.0887791E+004 5.2047729E+001
7.0900868E+004 4.9635457E+001
7.0903329E+004 4.9217347E+001
7.0903329E+004 4.9217347E+001
7.0903329E+004 6.5591534E+001
7.0903329E+004 6.5591534E+001
7.0911587E+004 6.2543306E+001
7.0920646E+004 5.9638093E+001
7.0930592E+004 5.6869279E+001
7.0941524E+004 5.4230511E+001
7.0953553E+004 5.1715696E+001
7.0966802E+004 4.9319026E+001
7.0981413E+004 4.7034938E+001
7.0997545E+004 4.4858109E+001
7.1010687E+004 4.3297998E+001
7.1010687E+004 4.3297998E+001
7.1010687E+004 4.7002421E+001
7.1010687E+004 4.7002421E+001
7.1026843E+004 4.4827120E+001
7.1044703E+004 4.2753947E+001
7.1052644E+004 4.1922313E+001
7.1052644E+004 4.1922313E+001
7.1052644E+004 4.5170339E+001
7.1052644E+004 4.5170339E+001
7.1058008E+004 4.4497251E+001
7.1058008E+004 4.4497251E+001
7.1058008E+004 5.0022875E+001
7.1058008E+004 5.0022875E+001
7.1066204E+004 4.8640912E+001
7.1066204E+004 4.8640912E+001
7.1066204E+004 6.7693372E+001
7.1066204E+004 6.7693372E+001
7.1073974E+004 6.4546592E+001
7.1077824E+004 6.3135873E+001
7.1077824E+004 6.3135873E+001
7.1077824E+004 6.4830198E+001
7.1077824E+004 6.4830198E+001
7.1086271E+004 6.1817678E+001
7.1095539E+004 5.8946531E+001
7.1105718E+004 5.6210188E+001
7.1112873E+004 5.4497529E+001
7.1112873E+004 5.4497529E+001
7.1112873E+004 5.6778717E+001
7.1112873E+004 5.6778717E+001
7.1123840E+004 5.4144196E+001
7.1128683E+004 5.3090161E+001
7.1128683E+004 5.3090161E+001
7.1128683E+004 6.6381598E+001
7.1128683E+004 6.6381598E+001
7.1136752E+004 6.3296316E+001
7.1145602E+004 6.0355767E+001
7.1155316E+004 5.7553251E+001
7.1165991E+004 5.4882350E+001
7.1168993E+004 5.4194150E+001
7.1168993E+004 5.4194150E+001
7.1168993E+004 5.6225108E+001
7.1168993E+004 5.6225108E+001
7.1180177E+004 5.3616594E+001
7.1192486E+004 5.1130625E+001
7.1206048E+004 4.8761439E+001
7.1221008E+004 4.6503533E+001
7.1237532E+004 4.4351661E+001
7.1251201E+004 4.2787209E+001
7.1251201E+004 4.2787209E+001
7.1251201E+004 5.5248537E+001
7.1251201E+004 5.5248537E+001
7.1262786E+004 5.2685897E+001
7.1275541E+004 5.0243649E+001
7.1284472E+004 4.8723784E+001
7.1284472E+004 4.8723784E+001
7.1284472E+004 5.1016650E+001
7.1284472E+004 5.1016650E+001
7.1298096E+004 4.8652817E+001
7.1313127E+004 4.6400019E+001
7.1329728E+004 4.4253001E+001
7.1348087E+004 4.2206772E+001
7.1368416E+004 4.0256559E+001
7.1390957E+004 3.8397810E+001
7.1415981E+004 3.6626172E+001
7.1443799E+004 3.4937522E+001
7.1474763E+004 3.3327917E+001
7.1509275E+004 3.1793602E+001
7.1547792E+004 3.0330983E+001
7.1568859E+004 2.9618787E+001
7.1568859E+004 2.9618787E+001
7.1568859E+004 3.5471466E+001
7.1568859E+004 3.5471466E+001
7.1577087E+004 3.4994539E+001
7.1577087E+004 3.4994539E+001
7.1577087E+004 3.7716639E+001
7.1577087E+004 3.7716639E+001
7.1578587E+004 3.7608543E+001
7.1578587E+004 3.7608543E+001
7.1578587E+004 4.3120864E+001
7.1578587E+004 4.3120864E+001
7.1593080E+004 4.1603071E+001
7.1593080E+004 4.1603071E+001
7.1593080E+004 5.0002564E+001
7.1593080E+004 5.0002564E+001
7.1607280E+004 4.7686371E+001
7.1622953E+004 4.5478952E+001
7.1640274E+004 4.3375180E+001
7.1643546E+004 4.3009904E+001
7.1643546E+004 4.3009904E+001
7.1643546E+004 6.0757406E+001
7.1643546E+004 6.0757406E+001
7.1653135E+004 5.7936033E+001
7.1663669E+004 5.5247158E+001
7.1675254E+004 5.2684583E+001
7.1688010E+004 5.0242397E+001
7.1702071E+004 4.7914938E+001
7.1717588E+004 4.5696785E+001
7.1734734E+004 4.3582786E+001
7.1753704E+004 4.1568013E+001
7.1774718E+004 3.9647764E+001
7.1798027E+004 3.7817546E+001
7.1814990E+004 3.6642645E+001
7.1814990E+004 3.6642645E+001
7.1814990E+004 4.2376158E+001
7.1814990E+004 4.2376158E+001
7.1835144E+004 4.0418000E+001
7.1848565E+004 3.9261025E+001
7.1848565E+004 3.9261025E+001
7.1848565E+004 4.2388141E+001
7.1848565E+004 4.2388141E+001
7.1868707E+004 4.0429420E+001
7.1879096E+004 3.9523285E+001
7.1879096E+004 3.9523285E+001
7.1879096E+004 6.2032325E+001
7.1879096E+004 6.2032325E+001
7.1887059E+004 5.9515331E+001
7.1887059E+004 5.9515331E+001
7.1887059E+004 6.5315611E+001
7.1887059E+004 6.5315611E+001
7.1895385E+004 6.2280326E+001
7.1904518E+004 5.9387456E+001
7.1914548E+004 5.6630410E+001
7.1925573E+004 5.4002862E+001
7.1937704E+004 5.1498741E+001
7.1944242E+004 5.0285151E+001
7.1944242E+004 5.0285151E+001
7.1944242E+004 5.2796410E+001
7.1944242E+004 5.2796410E+001
7.1944958E+004 5.2648259E+001
7.1944958E+004 5.2648259E+001
7.1944958E+004 5.5594579E+001
7.1944958E+004 5.5594579E+001
7.1956399E+004 5.3015690E+001
7.1968993E+004 5.0557945E+001
7.1982873E+004 4.8215659E+001
7.1983337E+004 4.8142847E+001
7.1983337E+004 5.2897491E+001
7.1983337E+004 5.2897491E+001
7.1995988E+004 5.0445304E+001
7.2009932E+004 4.8108314E+001
7.2025319E+004 4.5881081E+001
7.2028406E+004 4.5470485E+001
7.2028406E+004 4.5470485E+001
7.2028406E+004 4.6959295E+001
7.2028406E+004 4.6959295E+001
7.2044593E+004 4.4786022E+001
7.2062489E+004 4.2714780E+001
7.2063920E+004 4.2561320E+001
7.2063920E+004 4.2561320E+001
7.2063920E+004 4.8926141E+001
7.2063920E+004 4.8926141E+001
7.2078776E+004 4.6660504E+001
7.2095182E+004 4.4501264E+001
7.2113323E+004 4.2443381E+001
7.2117172E+004 4.2042895E+001
7.2117172E+004 4.2042895E+001
7.2117172E+004 5.2562098E+001
7.2117172E+004 5.2562098E+001
7.2129988E+004 5.0125665E+001
7.2135782E+004 4.9129823E+001
7.2135782E+004 4.9129823E+001
7.2135782E+004 5.3266675E+001
7.2135782E+004 5.3266675E+001
7.2148256E+004 5.0797138E+001
7.2149107E+004 5.0640578E+001
7.2149107E+004 5.0640578E+001
7.2149107E+004 5.3876156E+001
7.2149107E+004 5.3876156E+001
7.2160714E+004 5.1488902E+001
7.2160714E+004 5.1488902E+001
7.2160714E+004 5.7555004E+001
7.2160714E+004 5.7555004E+001
7.2171387E+004 5.4884020E+001
7.2181055E+004 5.2760264E+001
7.2181055E+004 5.2760264E+001
7.2181055E+004 5.4664949E+001
7.2181055E+004 5.4664949E+001
7.2192891E+004 5.2129728E+001
7.2195650E+004 5.1586898E+001
7.2195650E+004 5.1586898E+001
7.2195650E+004 5.4155695E+001
7.2195650E+004 5.4155695E+001
7.2207711E+004 5.1644398E+001
7.2220998E+004 4.9251080E+001
7.2235651E+004 4.6970176E+001
7.2250316E+004 4.4985670E+001
7.2250316E+004 4.4985670E+001
7.2250316E+004 4.6473958E+001
7.2250316E+004 4.6473958E+001
7.2266862E+004 4.4323477E+001
7.2285158E+004 4.2273941E+001
7.2305418E+004 4.0320572E+001
7.2323016E+004 3.8836849E+001
7.2323016E+004 3.8836849E+001
7.2323016E+004 4.5039392E+001
7.2323016E+004 4.5039392E+001
7.2336722E+004 4.3396447E+001
7.2336722E+004 4.3396447E+001
7.2336722E+004 5.3914531E+001
7.2336722E+004 5.3914531E+001
7.2348893E+004 5.1414563E+001
7.2358040E+004 4.9749998E+001
7.2358040E+004 4.9749998E+001
7.2358040E+004 6.3787117E+001
7.2358040E+004 6.3787117E+001
7.2366757E+004 6.0823535E+001
7.2367202E+004 6.0682532E+001
7.2367202E+004 6.4238089E+001
7.2367202E+004 6.4238089E+001
7.2375801E+004 6.1253347E+001
7.2385237E+004 5.8408693E+001
7.2395603E+004 5.5697610E+001
7.2407001E+004 5.3113876E+001
7.2412774E+004 5.1933929E+001
7.2412774E+004 5.1933929E+001
7.2412774E+004 5.7159397E+001
7.2412774E+004 5.7159397E+001
7.2417797E+004 5.5878324E+001
7.2417797E+004 5.5878324E+001
7.2417797E+004 6.3055156E+001
7.2417797E+004 6.3055156E+001
7.2426713E+004 6.0125922E+001
7.2436501E+004 5.7334203E+001
7.2443897E+004 5.5461783E+001
7.2443897E+004 5.5461783E+001
7.2443897E+004 5.7126551E+001
7.2443897E+004 5.7126551E+001
7.2454731E+004 5.4475697E+001
7.2466650E+004 5.1949364E+001
7.2479778E+004 4.9541717E+001
7.2494253E+004 4.7247170E+001
7.2510233E+004 4.5060376E+001
7.2527898E+004 4.2976253E+001
7.2547448E+004 4.0989940E+001
7.2559302E+004 3.9916541E+001
7.2559302E+004 3.9916541E+001
7.2559302E+004 5.0544474E+001
7.2559302E+004 5.0544474E+001
7.2573190E+004 4.8202822E+001
7.2586114E+004 4.6298151E+001
7.2586114E+004 4.6298151E+001
7.2586114E+004 5.3138143E+001
7.2586114E+004 5.3138143E+001
7.2594459E+004 5.1456592E+001
7.2594459E+004 5.1456592E+001
7.2594459E+004 5.3807330E+001
7.2594459E+004 5.3807330E+001
7.2606679E+004 5.1312403E+001
7.2620143E+004 4.8934674E+001
7.2625874E+004 4.8018109E+001
7.2625874E+004 4.8018109E+001
7.2625874E+004 5.1853336E+001
7.2625874E+004 5.1853336E+001
7.2639051E+004 4.9450202E+001
7.2653582E+004 4.7159946E+001
7.2669625E+004 4.4977252E+001
7.2687359E+004 4.2897036E+001
7.2706987E+004 4.0914433E+001
7.2728741E+004 3.9024830E+001
7.2746663E+004 3.7660090E+001
7.2746663E+004 3.7660090E+001
7.2746663E+004 4.1234591E+001
7.2746663E+004 4.1234591E+001
7.2768050E+004 3.9329978E+001
7.2791777E+004 3.7514662E+001
7.2814289E+004 3.6019584E+001
7.2814289E+004 3.6019584E+001
7.2814289E+004 4.1920843E+001
7.2814289E+004 4.1920843E+001
7.2819984E+004 4.1354927E+001
7.2819984E+004 4.1354927E+001
7.2819984E+004 4.2867153E+001
7.2819984E+004 4.2867153E+001
7.2839642E+004 4.0885954E+001
7.2854480E+004 3.9567216E+001
7.2854480E+004 3.9567216E+001
7.2854480E+004 6.0961549E+001
7.2854480E+004 6.0961549E+001
7.2864006E+004 5.8130594E+001
7.2870265E+004 5.6468167E+001
7.2870265E+004 5.6468167E+001
7.2870265E+004 6.0404371E+001
7.2870265E+004 6.0404371E+001
7.2879964E+004 5.7599577E+001
7.2890621E+004 5.4926497E+001
7.2902344E+004 5.2378989E+001
7.2915252E+004 4.9951161E+001
7.2928167E+004 4.7836471E+001
7.2928167E+004 4.7836471E+001
7.2928167E+004 5.4289398E+001
7.2928167E+004 5.4289398E+001
7.2928207E+004 5.4280407E+001
7.2928207E+004 5.7596869E+001
7.2928207E+004 5.7596869E+001
7.2934375E+004 5.6001026E+001
7.2934375E+004 5.6001026E+001
7.2934375E+004 7.9037572E+001
7.2934375E+004 7.9037572E+001
7.2940160E+004 7.5360401E+001
7.2946490E+004 7.1854836E+001
7.2953421E+004 6.8513162E+001
7.2961014E+004 6.5327969E+001
7.2964465E+004 6.4014157E+001
7.2964465E+004 6.4014157E+001
7.2964465E+004 6.7020276E+001
7.2964465E+004 6.7020276E+001
7.2972386E+004 6.3905049E+001
7.2981072E+004 6.0935934E+001
7.2990606E+004 5.8106182E+001
7.3001079E+004 5.5409309E+001
7.3012596E+004 5.2839120E+001
7.3025276E+004 5.0389678E+001
7.3039252E+004 4.8055294E+001
7.3045747E+004 4.7075905E+001
7.3045747E+004 4.7075905E+001
7.3045747E+004 5.7268886E+001
7.3045747E+004 5.7268886E+001
7.3053916E+004 5.5218767E+001
7.3053916E+004 5.5218767E+001
7.3053916E+004 5.7101131E+001
7.3053916E+004 5.7101131E+001
7.3064759E+004 5.4451466E+001
7.3076689E+004 5.1926273E+001
7.3089828E+004 4.9519711E+001
7.3104317E+004 4.7226197E+001
7.3120312E+004 4.5040388E+001
7.3137993E+004 4.2957204E+001
7.3157563E+004 4.0971787E+001
7.3179250E+004 3.9079491E+001
7.3203315E+004 3.7275910E+001
7.3203818E+004 3.7240867E+001
7.3203818E+004 3.7240867E+001
7.3203818E+004 4.5837366E+001
7.3203818E+004 4.5837366E+001
7.3220853E+004 4.3716772E+001
7.3226354E+004 4.3093270E+001
7.3226354E+004 4.3093270E+001
7.3226354E+004 4.5742586E+001
7.3226354E+004 4.5742586E+001
7.3235486E+004 4.4571841E+001
7.3235486E+004 4.4571841E+001
7.3235486E+004 7.2744373E+001
7.3235486E+004 7.2744373E+001
7.3242256E+004 6.9361088E+001
7.3249671E+004 6.6136174E+001
7.3257798E+004 6.3062398E+001
7.3266712E+004 6.0132824E+001
7.3276497E+004 5.7340781E+001
7.3287251E+004 5.4679857E+001
7.3299080E+004 5.2143935E+001
7.3307580E+004 5.0525252E+001
7.3307580E+004 5.0525252E+001
7.3307580E+004 5.4143615E+001
7.3307580E+004 5.4143615E+001
7.3319648E+004 5.1632886E+001
7.3332940E+004 4.9240110E+001
7.3347600E+004 4.6959721E+001
7.3354431E+004 4.6000822E+001
7.3354431E+004 4.6000822E+001
7.3354431E+004 5.0760757E+001
7.3354431E+004 5.0760757E+001
7.3368197E+004 4.8408946E+001
7.3373936E+004 4.7520771E+001
7.3373936E+004 4.7520771E+001
7.3373936E+004 6.2831217E+001
7.3373936E+004 6.2831217E+001
7.3376423E+004 6.1978670E+001
7.3376423E+004 6.1978670E+001
7.3376423E+004 6.3873959E+001
7.3376423E+004 6.3873959E+001
7.3377353E+004 6.3535348E+001
7.3377353E+004 6.3535348E+001
7.3377353E+004 6.4891525E+001
7.3377353E+004 6.4891525E+001
7.3381883E+004 6.3215942E+001
7.3381883E+004 6.3215942E+001
7.3381883E+004 8.1957359E+001
7.3381883E+004 8.1957359E+001
7.3387284E+004 7.8144202E+001
7.3393194E+004 7.4508693E+001
7.3398030E+004 7.1870493E+001
7.3398030E+004 7.1870493E+001
7.3398030E+004 7.4606569E+001
7.3398030E+004 7.4606569E+001
7.3404483E+004 7.1136220E+001
7.3411548E+004 6.7828180E+001
7.3419289E+004 6.4675088E+001
7.3427775E+004 6.1669845E+001
7.3436920E+004 5.8853289E+001
7.3436920E+004 5.8853289E+001
7.3436920E+004 6.2293512E+001
7.3436920E+004 6.2293512E+001
7.3446050E+004 5.9400022E+001
7.3456075E+004 5.6642386E+001
7.3467095E+004 5.4014275E+001
7.3471298E+004 5.3102465E+001
7.3471298E+004 5.3102465E+001
7.3471298E+004 6.7042468E+001
7.3471298E+004 6.7042468E+001
7.3479214E+004 6.3926199E+001
7.3487895E+004 6.0956091E+001
7.3497422E+004 5.8125393E+001
7.3507888E+004 5.5427617E+001
7.3519398E+004 5.2856567E+001
7.3524670E+004 5.1791358E+001
7.3524670E+004 5.1791358E+001
7.3524670E+004 6.1360644E+001
7.3524670E+004 6.1360644E+001
7.3528002E+004 6.0301803E+001
7.3528002E+004 6.0301803E+001
7.3528002E+004 6.7320697E+001
7.3528002E+004 6.7320697E+001
7.3535515E+004 6.4317479E+001
7.3535515E+004 6.4317479E+001
7.3535515E+004 6.8644610E+001
7.3535515E+004 6.8644610E+001
7.3543080E+004 6.5453253E+001
7.3551371E+004 6.2411507E+001
7.3560468E+004 5.9512484E+001
7.3570456E+004 5.6749564E+001
7.3581434E+004 5.4116414E+001
7.3585937E+004 5.3135828E+001
7.3585937E+004 5.3135828E+001
7.3585937E+004 5.5530438E+001
7.3585937E+004 5.5530438E+001
7.3589643E+004 5.4654965E+001
7.3589643E+004 5.4654965E+001
7.3589643E+004 5.7097095E+001
7.3589643E+004 5.7097095E+001
7.3589901E+004 5.7029315E+001
7.3589901E+004 6.0336558E+001
7.3589901E+004 6.0336558E+001
7.3599621E+004 5.7534941E+001
7.3610302E+004 5.4864900E+001
7.3622051E+004 5.2320288E+001
7.3634282E+004 5.0018334E+001
7.3634282E+004 5.0018334E+001
7.3634282E+004 5.1783092E+001
7.3634282E+004 5.1783092E+001
7.3647496E+004 4.9383253E+001
7.3662067E+004 4.7096145E+001
7.3678156E+004 4.4916451E+001
7.3683658E+004 4.4238406E+001
7.3683658E+004 4.4238406E+001
7.3683658E+004 5.0397222E+001
7.3683658E+004 5.0397222E+001
7.3697629E+004 4.8062483E+001
7.3708535E+004 4.6453036E+001
7.3708535E+004 4.6453036E+001
7.3708535E+004 4.8927299E+001
7.3708535E+004 4.8927299E+001
7.3723390E+004 4.6661607E+001
7.3739795E+004 4.4502316E+001
7.3757936E+004 4.2444383E+001
7.3778019E+004 4.0483020E+001
7.3800284E+004 3.8613651E+001
7.3824998E+004 3.6831907E+001
7.3832079E+004 3.6367043E+001
7.3832079E+004 3.6367043E+001
7.3832079E+004 4.9030345E+001
7.3832079E+004 4.9030345E+001
7.3845327E+004 4.6980496E+001
7.3845327E+004 4.6980496E+001
7.3845327E+004 5.4229227E+001
7.3845327E+004 5.4229227E+001
7.3857356E+004 5.1714473E+001
7.3869703E+004 4.9469735E+001
7.3869703E+004 4.9469735E+001
7.3869703E+004 5.5003421E+001
7.3869703E+004 5.5003421E+001
7.3881392E+004 5.2452295E+001
7.3894263E+004 5.0021021E+001
7.3908453E+004 4.7703960E+001
7.3924114E+004 4.5495715E+001
7.3941421E+004 4.3391155E+001
7.3960571E+004 4.1385374E+001
7.3981788E+004 3.9473692E+001
7.4005325E+004 3.7651634E+001
7.4031469E+004 3.5914957E+001
7.4060549E+004 3.4259608E+001
7.4075118E+004 3.3517207E+001
7.4075118E+004 3.3517207E+001
7.4075118E+004 5.0935540E+001
7.4075118E+004 5.0935540E+001
7.4088787E+004 4.8575522E+001
7.4095465E+004 4.7536072E+001
7.4095465E+004 4.7536072E+001
7.4095465E+004 4.9744274E+001
7.4095465E+004 4.9744274E+001
7.4101619E+004 4.8712522E+001
7.4101619E+004 4.8712522E+001
7.4101619E+004 5.5876333E+001
7.4101619E+004 5.5876333E+001
7.4112944E+004 5.3284207E+001
7.4125410E+004 5.0813848E+001
7.4139146E+004 4.8459540E+001
7.4141707E+004 4.8055509E+001
7.4141707E+004 4.8055509E+001
7.4141707E+004 5.0946298E+001
7.4141707E+004 5.0946298E+001
7.4155370E+004 4.8585773E+001
7.4170443E+004 4.6336116E+001
7.4187092E+004 4.4192102E+001
7.4205506E+004 4.2148734E+001
7.4223463E+004 4.0417557E+001
7.4223463E+004 4.0417557E+001
7.4223463E+004 6.0475843E+001
7.4223463E+004 6.0475843E+001
7.4225104E+004 5.9969534E+001
7.4225104E+004 5.9969534E+001
7.4225104E+004 7.1949861E+001
7.4225104E+004 7.1949861E+001
7.4232018E+004 6.8603750E+001
7.4239591E+004 6.5414309E+001
7.4247892E+004 6.2374391E+001
7.4256999E+004 5.9477112E+001
7.4266999E+004 5.6715853E+001
7.4277990E+004 5.4084288E+001
7.4290084E+004 5.1576349E+001
7.4303407E+004 4.9186220E+001
7.4318100E+004 4.6908366E+001
7.4334324E+004 4.4737487E+001
7.4349581E+004 4.2957279E+001
7.4349581E+004 4.2957279E+001
7.4349581E+004 5.1553583E+001
7.4349581E+004 5.1553583E+001
7.4362915E+004 4.9164525E+001
7.4377622E+004 4.6887690E+001
7.4382371E+004 4.6217498E+001
7.4382371E+004 4.6217498E+001
7.4382371E+004 5.1748273E+001
7.4382371E+004 5.1748273E+001
7.4395603E+004 4.9350071E+001
7.4410195E+004 4.7064524E+001
7.4426306E+004 4.4886310E+001
7.4444117E+004 4.2810356E+001
7.4463832E+004 4.0831825E+001
7.4485098E+004 3.8992635E+001
7.4485098E+004 3.8992635E+001
7.4485098E+004 5.4219703E+001
7.4485098E+004 5.4219703E+001
7.4497131E+004 5.1705396E+001
7.4510385E+004 4.9309210E+001
7.4525002E+004 4.7025584E+001
7.4541141E+004 4.4849195E+001
7.4545547E+004 4.4306101E+001
7.4545547E+004 4.4306101E+001
7.4545547E+004 4.7730430E+001
7.4545547E+004 4.7730430E+001
7.4561191E+004 4.5520950E+001
7.4578477E+004 4.3415203E+001
7.4580165E+004 4.3224970E+001
7.4580165E+004 4.3224970E+001
7.4580165E+004 5.0036167E+001
7.4580165E+004 5.0036167E+001
7.4594346E+004 4.7718393E+001
7.4601538E+004 4.6660504E+001
7.4601538E+004 4.6660504E+001
7.4601538E+004 6.4196686E+001
7.4601538E+004 6.4196686E+001
7.4610147E+004 6.1213888E+001
7.4619595E+004 5.8371086E+001
7.4619693E+004 5.8343615E+001
7.4619693E+004 6.1436066E+001
7.4619693E+004 6.1436066E+001
7.4619991E+004 6.1338690E+001
7.4619991E+004 6.6142392E+001
7.4619991E+004 6.6142392E+001
7.4626579E+004 6.3615617E+001
7.4626579E+004 6.3615617E+001
7.4626579E+004 6.9002219E+001
7.4626579E+004 6.9002219E+001
7.4627029E+004 6.8795909E+001
7.4627029E+004 7.2151846E+001
7.4627029E+004 7.2151846E+001
7.4633906E+004 6.8796277E+001
7.4641438E+004 6.5597820E+001
7.4649694E+004 6.2549298E+001
7.4658752E+004 5.9643804E+001
7.4668696E+004 5.6874721E+001
7.4671245E+004 5.6223046E+001
7.4671245E+004 5.6223046E+001
7.4671245E+004 6.0074663E+001
7.4671245E+004 6.0074663E+001
7.4681050E+004 5.7285346E+001
7.4691824E+004 5.4627028E+001
7.4703676E+004 5.2093590E+001
7.4716729E+004 4.9679170E+001
7.4731122E+004 4.7378160E+001
7.4746999E+004 4.5186568E+001
7.4746999E+004 4.5186568E+001
7.4746999E+004 6.4122522E+001
7.4746999E+004 6.4122522E+001
7.4750712E+004 6.2786081E+001
7.4750712E+004 6.2786081E+001
7.4750712E+004 7.3550763E+001
7.4750712E+004 7.3550763E+001
7.4757342E+004 7.0129762E+001
7.4764602E+004 6.6868844E+001
7.4772558E+004 6.3760721E+001
7.4781282E+004 6.0798373E+001
7.4790858E+004 5.7975075E+001
7.4801378E+004 5.5284365E+001
7.4812948E+004 5.2720042E+001
7.4825687E+004 5.0276189E+001
7.4839728E+004 4.7947140E+001
7.4855223E+004 4.5727482E+001
7.4872345E+004 4.3612041E+001
7.4891287E+004 4.1595894E+001
7.4912271E+004 3.9674337E+001
7.4932927E+004 3.8034413E+001
7.4932927E+004 3.8034413E+001
7.4932927E+004 4.8543172E+001
7.4932927E+004 4.8543172E+001
7.4948028E+004 4.6295518E+001
7.4964708E+004 4.4153412E+001
7.4983156E+004 4.2111863E+001
7.5000536E+004 4.0437143E+001
7.5000536E+004 4.0437143E+001
7.5000536E+004 5.1427909E+001
7.5000536E+004 5.1427909E+001
7.5013937E+004 4.9044760E+001
7.5028719E+004 4.6773548E+001
7.5045041E+004 4.4608995E+001
7.5052633E+004 4.3701274E+001
7.5052633E+004 4.3701274E+001
7.5052633E+004 4.8308145E+001
7.5052633E+004 4.8308145E+001
7.5067888E+004 4.6071529E+001
7.5084740E+004 4.3939940E+001
7.5096851E+004 4.2583581E+001
7.5096851E+004 4.2583581E+001
7.5096851E+004 4.8841726E+001
7.5096851E+004 4.8841726E+001
7.5111761E+004 4.6580055E+001
7.5128227E+004 4.4424586E+001
7.5146435E+004 4.2370306E+001
7.5146532E+004 4.2360049E+001
7.5146532E+004 4.4935591E+001
7.5146532E+004 4.4935591E+001
7.5164301E+004 4.2857323E+001
7.5170018E+004 4.2248669E+001
7.5170018E+004 4.2248669E+001
7.5170018E+004 4.7689595E+001
7.5170018E+004 4.7689595E+001
7.5185689E+004 4.5482025E+001
7.5203008E+004 4.3378108E+001
7.5222170E+004 4.1372940E+001
7.5243401E+004 3.9461838E+001
7.5266953E+004 3.7640336E+001
7.5279321E+004 3.6784193E+001
7.5279321E+004 3.6784193E+001
7.5279321E+004 4.3937542E+001
7.5279321E+004 4.3937542E+001
7.5297963E+004 4.1906124E+001
7.5312230E+004 4.0535584E+001
7.5312230E+004 4.0535584E+001
7.5312230E+004 4.5640063E+001
7.5312230E+004 4.5640063E+001
7.5314890E+004 4.5291156E+001
7.5314890E+004 4.5291156E+001
7.5314890E+004 5.4004091E+001
7.5314890E+004 5.4004091E+001
7.5327021E+004 5.1499912E+001
7.5340384E+004 4.9113377E+001
7.5355122E+004 4.6838948E+001
7.5371397E+004 4.4671324E+001
7.5383479E+004 4.3248561E+001
7.5383479E+004 4.3248561E+001
7.5383479E+004 4.8365232E+001
7.5383479E+004 4.8365232E+001
7.5398695E+004 4.6125932E+001
7.5405874E+004 4.5173436E+001
7.5405874E+004 4.5173436E+001
7.5405874E+004 4.9981830E+001
7.5405874E+004 4.9981830E+001
7.5406975E+004 4.9789322E+001
7.5406975E+004 4.9789322E+001
7.5406975E+004 5.1638975E+001
7.5406975E+004 5.1638975E+001
7.5420264E+004 4.9245913E+001
7.5434921E+004 4.6965252E+001
7.5451103E+004 4.4791699E+001
7.5468994E+004 4.2720190E+001
7.5469558E+004 4.2659514E+001
7.5469558E+004 4.2659514E+001
7.5469558E+004 4.5287508E+001
7.5469558E+004 4.5287508E+001
7.5482138E+004 4.3746730E+001
7.5482138E+004 4.3746730E+001
7.5482138E+004 5.0795235E+001
7.5482138E+004 5.0795235E+001
7.5495885E+004 4.8441803E+001
7.5511052E+004 4.6198914E+001
7.5527806E+004 4.4061342E+001
7.5546336E+004 4.2024107E+001
7.5566858E+004 4.0082462E+001
7.5584385E+004 3.8631028E+001
7.5584385E+004 3.8631028E+001
7.5584385E+004 5.7915895E+001
7.5584385E+004 5.7915895E+001
7.5590856E+004 5.6218255E+001
7.5590856E+004 5.6218255E+001
7.5590856E+004 5.7805078E+001
7.5590856E+004 5.7805078E+001
7.5600273E+004 5.5398179E+001
7.5600273E+004 5.5398179E+001
7.5600273E+004 5.8173733E+001
7.5600273E+004 5.8173733E+001
7.5610545E+004 5.5515967E+001
7.5610545E+004 5.5515967E+001
7.5610545E+004 6.6085916E+001
7.5610545E+004 6.6085916E+001
7.5618684E+004 6.3014499E+001
7.5627611E+004 6.0087175E+001
7.5637412E+004 5.7297273E+001
7.5648181E+004 5.4638394E+001
7.5660029E+004 5.2104422E+001
7.5673076E+004 4.9689495E+001
7.5687462E+004 4.7387999E+001
7.5703343E+004 4.5194596E+001
7.5720896E+004 4.3104177E+001
7.5740322E+004 4.1111855E+001
7.5761848E+004 3.9212994E+001
7.5785732E+004 3.7403160E+001
7.5812267E+004 3.5678128E+001
7.5841787E+004 3.4033856E+001
7.5874669E+004 3.2466522E+001
7.5911345E+004 3.0972467E+001
7.5949350E+004 2.9643097E+001
7.5949350E+004 2.9643097E+001
7.5949350E+004 4.4096461E+001
7.5949350E+004 4.4096461E+001
7.5967849E+004 4.2057576E+001
7.5988335E+004 4.0114359E+001
7.6009858E+004 3.8352281E+001
7.6009858E+004 3.8352281E+001
7.6009858E+004 4.2448188E+001
7.6009858E+004 4.2448188E+001
7.6029938E+004 4.0486646E+001
7.6044026E+004 3.9268738E+001
7.6044026E+004 3.9268738E+001
7.6044026E+004 4.6496681E+001
7.6044026E+004 4.6496681E+001
7.6060554E+004 4.4345131E+001
7.6078832E+004 4.2294584E+001
7.6099070E+004 4.0340246E+001
7.6121508E+004 3.8477568E+001
7.6146416E+004 3.6702200E+001
7.6174105E+004 3.5009993E+001
7.6182953E+004 3.4519190E+001
7.6182953E+004 3.4519190E+001
7.6182953E+004 3.6772921E+001
7.6182953E+004 3.6772921E+001
7.6210521E+004 3.5077401E+001
7.6214018E+004 3.4879389E+001
7.6214018E+004 3.4879389E+001
7.6214018E+004 4.0334289E+001
7.6214018E+004 4.0334289E+001
7.6224780E+004 3.9403830E+001
7.6224780E+004 3.9403830E+001
7.6224780E+004 4.8126872E+001
7.6224780E+004 4.8126872E+001
7.6229711E+004 4.7374000E+001
7.6229711E+004 4.7374000E+001
7.6229711E+004 5.4736574E+001
7.6229711E+004 5.4736574E+001
7.6241516E+004 5.2197985E+001
7.6254516E+004 4.9778658E+001
7.6268848E+004 4.7472981E+001
7.6284670E+004 4.5275583E+001
7.6302156E+004 4.3181357E+001
7.6316141E+004 4.1707467E+001
7.6316141E+004 4.1707467E+001
7.6316141E+004 4.6651832E+001
7.6316141E+004 4.6651832E+001
7.6332553E+004 4.4493000E+001
7.6350702E+004 4.2435505E+001
7.6353346E+004 4.2159140E+001
7.6353346E+004 4.2159140E+001
7.6353346E+004 5.5684530E+001
7.6353346E+004 5.5684530E+001
7.6364750E+004 5.3101411E+001
7.6377302E+004 5.0639646E+001
7.6391136E+004 4.8293519E+001
7.6401030E+004 4.6804816E+001
7.6401030E+004 4.6804816E+001
7.6401030E+004 5.4059653E+001
7.6401030E+004 5.4059653E+001
7.6413136E+004 5.1552872E+001
7.6426471E+004 4.9163847E+001
7.6441177E+004 4.6887045E+001
7.6457417E+004 4.4717168E+001
7.6475372E+004 4.2649150E+001
7.6495248E+004 4.0678181E+001
7.6517278E+004 3.8799659E+001
7.6541730E+004 3.7009201E+001
7.6568904E+004 3.5302610E+001
7.6586452E+004 3.4325967E+001
7.6586452E+004 3.4325967E+001
7.6586452E+004 6.5281688E+001
7.6586452E+004 6.5281688E+001
7.6594786E+004 6.2247991E+001
7.6603929E+004 5.9356640E+001
7.6604366E+004 5.9227967E+001
7.6604366E+004 6.5604855E+001
7.6604366E+004 6.5604855E+001
7.6612620E+004 6.2556004E+001
7.6613360E+004 6.2302156E+001
7.6613360E+004 6.2302156E+001
7.6613360E+004 6.5100446E+001
7.6613360E+004 6.5100446E+001
7.6621739E+004 6.2075250E+001
7.6627262E+004 6.0291498E+001
7.6627262E+004 6.0291498E+001
7.6627262E+004 6.1589999E+001
7.6627262E+004 6.1589999E+001
7.6631113E+004 6.0358053E+001
7.6631113E+004 6.0358053E+001
7.6631113E+004 7.0150151E+001
7.6631113E+004 7.0150151E+001
7.6638370E+004 6.6888277E+001
7.6646321E+004 6.3779242E+001
7.6655040E+004 6.0816028E+001
7.6664611E+004 5.7991900E+001
7.6669286E+004 5.6744885E+001
7.6669286E+004 5.6744885E+001
7.6669286E+004 5.9089188E+001
7.6669286E+004 5.9089188E+001
7.6679416E+004 5.6346151E+001
7.6690552E+004 5.3731957E+001
7.6702807E+004 5.1240564E+001
7.6716310E+004 4.8866213E+001
7.6731204E+004 4.6603393E+001
7.6747652E+004 4.4446827E+001
7.6765841E+004 4.2391502E+001
7.6785979E+004 4.0432623E+001
7.6808304E+004 3.8565617E+001
7.6824661E+004 3.7358880E+001
7.6824661E+004 3.7358880E+001
7.6824661E+004 4.3550848E+001
7.6824661E+004 4.3550848E+001
7.6843661E+004 4.1537576E+001
7.6849930E+004 4.0933500E+001
7.6849930E+004 4.0933500E+001
7.6849930E+004 4.4414150E+001
7.6849930E+004 4.4414150E+001
7.6864080E+004 4.2791158E+001
7.6864080E+004 4.2791158E+001
7.6864080E+004 5.7709198E+001
7.6864080E+004 5.7709198E+001
7.6874697E+004 5.5030976E+001
7.6886374E+004 5.2478557E+001
7.6899232E+004 5.0046048E+001
7.6913407E+004 4.7727810E+001
7.6929052E+004 4.5518452E+001
7.6940390E+004 4.4100481E+001
7.6940390E+004 4.4100481E+001
7.6940390E+004 4.8083286E+001
7.6940390E+004 4.8083286E+001
7.6955794E+004 4.5857230E+001
7.6965397E+004 4.4619177E+001
7.6965397E+004 4.4619177E+001
7.6965397E+004 5.9924048E+001
7.6965397E+004 5.9924048E+001
7.6975250E+004 5.7141805E+001
7.6986079E+004 5.4490236E+001
7.6997991E+004 5.1963219E+001
7.7011111E+004 4.9554921E+001
7.7025578E+004 4.7259753E+001
7.7041550E+004 4.5072367E+001
7.7059205E+004 4.2987680E+001
7.7073606E+004 4.1493045E+001
7.7073606E+004 4.1493045E+001
7.7073606E+004 6.0800578E+001
7.7073606E+004 6.0800578E+001
7.7074297E+004 6.0582319E+001
7.7074297E+004 6.0582319E+001
7.7074297E+004 7.1212913E+001
7.7074297E+004 7.1212913E+001
7.7081347E+004 6.7901281E+001
7.7089072E+004 6.4744760E+001
7.7091666E+004 6.3775335E+001
7.7091666E+004 6.3775335E+001
7.7091666E+004 6.7181569E+001
7.7091666E+004 6.7181569E+001
7.7099550E+004 6.4058786E+001
7.7102227E+004 6.3089430E+001
7.7102227E+004 6.3089430E+001
7.7102227E+004 7.1477826E+001
7.7102227E+004 7.1477826E+001
7.7109228E+004 6.8153798E+001
7.7116898E+004 6.4985445E+001
7.7125305E+004 6.1965645E+001
7.7134530E+004 5.9087546E+001
7.7144661E+004 5.6344587E+001
7.7145742E+004 5.6073086E+001
7.7145742E+004 5.6073086E+001
7.7145742E+004 5.7401173E+001
7.7145742E+004 5.7401173E+001
7.7149481E+004 5.6426973E+001
7.7149481E+004 5.6426973E+001
7.7149481E+004 5.9185278E+001
7.7149481E+004 5.9185278E+001
7.7159579E+004 5.6437725E+001
7.7170679E+004 5.3819226E+001
7.7182894E+004 5.1323739E+001
7.7196351E+004 4.8945478E+001
7.7211195E+004 4.6678931E+001
7.7217521E+004 4.5804919E+001
7.7217521E+004 4.5804919E+001
7.7217521E+004 5.4087210E+001
7.7217521E+004 5.4087210E+001
7.7229614E+004 5.1579134E+001
7.7242935E+004 4.9188874E+001
7.7251707E+004 4.7786378E+001
7.7251707E+004 4.7786378E+001
7.7251707E+004 5.3124155E+001
7.7251707E+004 5.3124155E+001
7.7264134E+004 5.0682242E+001
7.7264134E+004 5.0682242E+001
7.7264134E+004 7.2479258E+001
7.7264134E+004 7.2479258E+001
7.7270952E+004 6.9108372E+001
7.7278419E+004 6.5895294E+001
7.7284955E+004 6.3413887E+001
7.7284955E+004 6.3413887E+001
7.7284955E+004 6.6821135E+001
7.7284955E+004 6.6821135E+001
7.7292921E+004 6.3715251E+001
7.7301658E+004 6.0755039E+001
7.7311247E+004 5.7933777E+001
7.7321782E+004 5.5245008E+001
7.7329406E+004 5.3515337E+001
7.7329406E+004 5.3515337E+001
7.7329406E+004 5.5671901E+001
7.7329406E+004 5.5671901E+001
7.7340815E+004 5.3089376E+001
7.7353374E+004 5.0628177E+001
7.7367214E+004 4.8282589E+001
7.7382485E+004 4.6047174E+001
7.7387006E+004 4.5443108E+001
7.7387006E+004 4.5443108E+001
7.7387006E+004 5.2867299E+001
7.7387006E+004 5.2867299E+001
7.7392684E+004 5.1722002E+001
7.7392684E+004 5.1722002E+001
7.7392684E+004 5.5489537E+001
7.7392684E+004 5.5489537E+001
7.7400781E+004 5.3634503E+001
7.7400781E+004 5.3634503E+001
7.7400781E+004 5.5826659E+001
7.7400781E+004 5.5826659E+001
7.7412126E+004 5.3236867E+001
7.7424614E+004 5.0768733E+001
7.7426868E+004 5.0358165E+001
7.7426868E+004 5.0358165E+001
7.7426868E+004 7.4121254E+001
7.7426868E+004 7.4121254E+001
7.7433401E+004 7.0673586E+001
7.7437979E+004 6.8515615E+001
7.7437979E+004 6.8515615E+001
7.7437979E+004 6.9921915E+001
7.7437979E+004 6.9921915E+001
7.7445280E+004 6.6670725E+001
7.7448670E+004 6.5301891E+001
7.7448670E+004 6.5301891E+001
7.7448670E+004 6.8985317E+001
7.7448670E+004 6.8985317E+001
7.7452996E+004 6.7076170E+001
7.7452996E+004 6.7076170E+001
7.7452996E+004 6.8412334E+001
7.7452996E+004 6.8412334E+001
7.7460610E+004 6.5231869E+001
7.7468956E+004 6.2200504E+001
7.7478113E+004 5.9311383E+001
7.7488168E+004 5.6557913E+001
7.7498292E+004 5.4139393E+001
7.7498292E+004 5.4139393E+001
7.7498292E+004 6.3815169E+001
7.7498292E+004 6.3815169E+001
7.7507001E+004 6.0850275E+001
7.7516561E+004 5.8024538E+001
7.7520580E+004 5.6945874E+001
7.7520580E+004 5.6945874E+001
7.7520580E+004 6.1511917E+001
7.7520580E+004 6.1511917E+001
7.7529938E+004 5.8655125E+001
7.7540218E+004 5.5932469E+001
7.7544205E+004 5.4971723E+001
7.7544205E+004 5.4971723E+001
7.7544205E+004 5.9195240E+001
7.7544205E+004 5.9195240E+001
7.7554299E+004 5.6447219E+001
7.7565396E+004 5.3828273E+001
7.7573093E+004 5.2210927E+001
7.7573093E+004 5.2210927E+001
7.7573093E+004 5.7393470E+001
7.7573093E+004 5.7393470E+001
7.7583826E+004 5.4730080E+001
7.7595634E+004 5.2191796E+001
7.7598801E+004 5.1567859E+001
7.7598801E+004 5.1567859E+001
7.7598801E+004 5.9127024E+001
7.7598801E+004 5.9127024E+001
7.7608918E+004 5.6382208E+001
7.7620040E+004 5.3766319E+001
7.7632280E+004 5.1273310E+001
7.7645764E+004 4.8897420E+001
7.7660638E+004 4.6633133E+001
7.7673337E+004 4.4935608E+001
7.7673337E+004 4.4935608E+001
7.7673337E+004 4.6354178E+001
7.7673337E+004 4.6354178E+001
7.7689973E+004 4.4209314E+001
7.7704701E+004 4.2547498E+001
7.7704701E+004 4.2547498E+001
7.7704701E+004 4.5720382E+001
7.7704701E+004 4.5720382E+001
7.7721828E+004 4.3605274E+001
7.7724242E+004 4.3330312E+001
7.7724242E+004 4.3330312E+001
7.7724242E+004 4.8434944E+001
7.7724242E+004 4.8434944E+001
7.7739413E+004 4.6192377E+001
7.7747062E+004 4.5175197E+001
7.7747062E+004 4.5175197E+001
7.7747062E+004 7.4681627E+001
7.7747062E+004 7.4681627E+001
7.7753502E+004 7.1207774E+001
7.7760554E+004 6.7896383E+001
7.7764082E+004 6.6397061E+001
7.7764082E+004 6.6397061E+001
7.7764082E+004 6.9529956E+001
7.7764082E+004 6.9529956E+001
7.7771463E+004 6.6297126E+001
7.7777279E+004 6.4036068E+001
7.7777279E+004 6.4036068E+001
7.7777279E+004 6.5576955E+001
7.7777279E+004 6.5576955E+001
7.7785540E+004 6.2529408E+001
7.7794603E+004 5.9624848E+001
7.7804554E+004 5.6856656E+001
7.7815491E+004 5.4218479E+001
7.7827524E+004 5.1704230E+001
7.7840779E+004 4.9308099E+001
7.7847625E+004 4.8194455E+001
7.7847625E+004 4.8194455E+001
7.7847625E+004 5.0511989E+001
7.7847625E+004 5.0511989E+001
7.7861531E+004 4.8171865E+001
7.7872893E+004 4.6487611E+001
7.7872893E+004 4.6487611E+001
7.7872893E+004 5.2175890E+001
7.7872893E+004 5.2175890E+001
7.7885904E+004 4.9757602E+001
7.7900249E+004 4.7452915E+001
7.7916085E+004 4.5256460E+001
7.7933587E+004 4.3163133E+001
7.7952955E+004 4.1168053E+001
7.7974417E+004 3.9266555E+001
7.7978165E+004 3.8961435E+001
7.7978165E+004 3.8961435E+001
7.7978165E+004 4.6091152E+001
7.7978165E+004 4.6091152E+001
7.7995002E+004 4.3958640E+001
7.8013626E+004 4.1926231E+001
7.8020409E+004 4.1254685E+001
7.8020409E+004 4.1254685E+001
7.8020409E+004 5.3077207E+001
7.8020409E+004 5.3077207E+001
7.8032973E+004 5.0616580E+001
7.8046820E+004 4.8271537E+001
7.8062099E+004 4.6036642E+001
7.8078978E+004 4.3906693E+001
7.8097254E+004 4.1916327E+001
7.8097254E+004 4.1916327E+001
7.8097254E+004 4.8445176E+001
7.8097254E+004 4.8445176E+001
7.8112419E+004 4.6202128E+001
7.8112717E+004 4.6161133E+001
7.8112717E+004 7.5494309E+001
7.8112717E+004 7.5494309E+001
7.8119026E+004 7.1982483E+001
7.8125934E+004 6.8634844E+001
7.8133500E+004 6.5443945E+001
7.8141794E+004 6.2402636E+001
7.8150893E+004 5.9504031E+001
7.8160884E+004 5.6741506E+001
7.8171865E+004 5.4108735E+001
7.8173032E+004 5.3849368E+001
7.8173032E+004 5.3849368E+001
7.8173032E+004 5.5705096E+001
7.8173032E+004 5.5705096E+001
7.8184427E+004 5.3121010E+001
7.8187057E+004 5.2572852E+001
7.8187057E+004 5.2572852E+001
7.8187057E+004 6.5930580E+001
7.8187057E+004 6.5930580E+001
7.8195233E+004 6.2866453E+001
7.8204201E+004 5.9946072E+001
7.8214047E+004 5.7162794E+001
7.8216749E+004 5.6462390E+001
7.8216749E+004 5.6462390E+001
7.8216749E+004 7.3497204E+001
7.8216749E+004 7.3497204E+001
7.8223388E+004 7.0078709E+001
7.8230658E+004 6.6820183E+001
7.8238625E+004 6.3714343E+001
7.8247362E+004 6.0754173E+001
7.8256952E+004 5.7932952E+001
7.8267487E+004 5.5244222E+001
7.8279074E+004 5.2681785E+001
7.8291831E+004 5.0239730E+001
7.8305893E+004 4.7912396E+001
7.8321412E+004 4.5694363E+001
7.8334064E+004 4.4102938E+001
7.8334064E+004 4.4102938E+001
7.8334064E+004 4.9387269E+001
7.8334064E+004 4.9387269E+001
7.8342599E+004 4.8004414E+001
7.8342599E+004 4.8004414E+001
7.8342599E+004 5.1569842E+001
7.8342599E+004 5.1569842E+001
7.8350459E+004 5.0116122E+001
7.8350459E+004 5.0116122E+001
7.8350459E+004 5.5364673E+001
7.8350459E+004 5.5364673E+001
7.8361995E+004 5.2796583E+001
7.8369252E+004 5.1352375E+001
7.8369252E+004 5.1352375E+001
7.8369252E+004 5.7884895E+001
7.8369252E+004 5.7884895E+001
7.8379805E+004 5.5198414E+001
7.8385403E+004 5.3914774E+001
7.8385403E+004 5.3914774E+001
7.8385403E+004 5.9436845E+001
7.8385403E+004 5.9436845E+001
7.8395417E+004 5.6677479E+001
7.8406423E+004 5.4047718E+001
7.8407154E+004 5.3885395E+001
7.8407154E+004 5.3885395E+001
7.8407154E+004 6.6434181E+001
7.8407154E+004 6.6434181E+001
7.8415210E+004 6.3346431E+001
7.8419710E+004 6.1792909E+001
7.8419710E+004 6.1792909E+001
7.8419710E+004 6.2868625E+001
7.8419710E+004 6.2868625E+001
7.8425162E+004 6.1041625E+001
7.8425162E+004 6.1041625E+001
7.8425162E+004 7.2233928E+001
7.8425162E+004 7.2233928E+001
7.8432024E+004 6.8874521E+001
7.8439540E+004 6.5672395E+001
7.8447778E+004 6.2620374E+001
7.8456815E+004 5.9711546E+001
7.8466737E+004 5.6939279E+001
7.8477643E+004 5.4297220E+001
7.8489641E+004 5.1779277E+001
7.8495705E+004 5.0632356E+001
7.8495705E+004 5.0632356E+001
7.8495705E+004 5.9211209E+001
7.8495705E+004 5.9211209E+001
7.8505793E+004 5.6462437E+001
7.8516884E+004 5.3842776E+001
7.8529088E+004 5.1346182E+001
7.8532404E+004 5.0724919E+001
7.8532404E+004 5.0724919E+001
7.8532404E+004 5.9554857E+001
7.8532404E+004 5.9554857E+001
7.8542378E+004 5.6789955E+001
7.8553341E+004 5.4154906E+001
7.8562230E+004 5.2267447E+001
7.8562230E+004 5.2267447E+001
7.8562230E+004 5.6147355E+001
7.8562230E+004 5.6147355E+001
7.8566549E+004 5.5097338E+001
7.8566549E+004 5.5097338E+001
7.8566549E+004 5.7513402E+001
7.8566549E+004 5.7513402E+001
7.8577238E+004 5.4844374E+001
7.8588996E+004 5.2300727E+001
7.8601943E+004 4.9876569E+001
7.8616218E+004 4.7566288E+001
7.8631974E+004 4.5364515E+001
7.8649388E+004 4.3266117E+001
7.8660910E+004 4.2032192E+001
7.8660910E+004 4.2032192E+001
7.8660910E+004 4.7183416E+001
7.8660910E+004 4.7183416E+001
7.8676936E+004 4.4999619E+001
7.8689427E+004 4.3498303E+001
7.8689427E+004 4.3498303E+001
7.8689427E+004 5.0020996E+001
7.8689427E+004 5.0020996E+001
7.8701930E+004 4.7960939E+001
7.8701930E+004 4.7960939E+001
7.8701930E+004 5.5236797E+001
7.8701930E+004 5.5236797E+001
7.8713520E+004 5.2674709E+001
7.8726281E+004 5.0232987E+001
7.8729458E+004 4.9675558E+001
7.8729458E+004 4.9675558E+001
7.8729458E+004 5.0788497E+001
7.8729458E+004 5.0788497E+001
7.8743208E+004 4.8435381E+001
7.8758379E+004 4.6192794E+001
7.8775138E+004 4.4055508E+001
7.8793674E+004 4.2018547E+001
7.8814201E+004 4.0077163E+001
7.8836501E+004 3.8261555E+001
7.8836501E+004 3.8261555E+001
7.8836501E+004 5.8446555E+001
7.8836501E+004 5.8446555E+001
7.8838575E+004 5.7869745E+001
7.8838575E+004 5.7869745E+001
7.8838575E+004 6.3425747E+001
7.8838575E+004 6.3425747E+001
7.8847390E+004 6.0479119E+001
7.8857065E+004 5.7670813E+001
7.8867696E+004 5.4994395E+001
7.8879389E+004 5.2443694E+001
7.8885025E+004 5.1333706E+001
7.8885025E+004 5.1333706E+001
7.8885025E+004 5.4392770E+001
7.8885025E+004 5.4392770E+001
7.8891819E+004 5.2912263E+001
7.8891819E+004 5.2912263E+001
7.8891819E+004 7.7941083E+001
7.8891819E+004 7.7941083E+001
7.8897759E+004 7.4315045E+001
7.8899481E+004 7.3349802E+001
7.8899481E+004 7.3349802E+001
7.8899481E+004 7.4860722E+001
7.8899481E+004 7.4860722E+001
7.8905892E+004 7.1378494E+001
7.8912911E+004 6.8059117E+001
7.8920601E+004 6.4895204E+001
7.8929032E+004 6.1879633E+001
7.8938282E+004 5.9005575E+001
7.8948440E+004 5.6266468E+001
7.8959608E+004 5.3656010E+001
7.8971899E+004 5.1168187E+001
7.8972871E+004 5.0985438E+001
7.8972871E+004 5.0985438E+001
7.8972871E+004 5.5451257E+001
7.8972871E+004 5.5451257E+001
7.8981555E+004 5.3473307E+001
7.8981555E+004 5.3473307E+001
7.8981555E+004 6.5954704E+001
7.8981555E+004 6.5954704E+001
7.8984212E+004 6.4907515E+001
7.8984212E+004 6.4907515E+001
7.8984212E+004 6.6378448E+001
7.8984212E+004 6.6378448E+001
7.8992282E+004 6.3293314E+001
7.8993542E+004 6.2847333E+001
7.8993542E+004 6.2847333E+001
7.8993542E+004 6.5241403E+001
7.8993542E+004 6.5241403E+001
7.9001886E+004 6.2209590E+001
7.9002248E+004 6.2087139E+001
7.9002248E+004 6.6566136E+001
7.9002248E+004 6.6566136E+001
7.9010274E+004 6.3472205E+001
7.9012022E+004 6.2851094E+001
7.9012022E+004 6.2851094E+001
7.9012022E+004 6.4814185E+001
7.9012022E+004 6.4814185E+001
7.9020473E+004 6.1802417E+001
7.9029745E+004 5.8931987E+001
7.9039929E+004 5.6196328E+001
7.9051125E+004 5.3589167E+001
7.9063447E+004 5.1104488E+001
7.9077023E+004 4.8736526E+001
7.9090810E+004 4.6646366E+001
7.9090810E+004 4.6646366E+001
7.9090810E+004 7.4431976E+001
7.9090810E+004 7.4431976E+001
7.9092135E+004 7.3682866E+001
7.9092135E+004 7.3682866E+001
7.9092135E+004 7.5021646E+001
7.9092135E+004 7.5021646E+001
7.9098520E+004 7.1531906E+001
7.9105511E+004 6.8205344E+001
7.9113169E+004 6.5034575E+001
7.9121564E+004 6.2012471E+001
7.9130775E+004 5.9132173E+001
7.9140891E+004 5.6387115E+001
7.9152011E+004 5.3770995E+001
7.9159862E+004 5.2127922E+001
7.9159862E+004 5.2127922E+001
7.9159862E+004 6.2615905E+001
7.9159862E+004 6.2615905E+001
7.9168901E+004 5.9707285E+001
7.9178824E+004 5.6935219E+001
7.9180115E+004 5.6601413E+001
7.9180115E+004 5.6601413E+001
7.9180115E+004 5.8747230E+001
7.9180115E+004 5.8747230E+001
7.9190362E+004 5.6020255E+001
7.9201629E+004 5.3421362E+001
7.9214029E+004 5.0944563E+001
7.9227693E+004 4.8584120E+001
7.9242767E+004 4.6334541E+001
7.9250840E+004 4.5253059E+001
7.9250840E+004 4.5253059E+001
7.9250840E+004 5.4910886E+001
7.9250840E+004 5.4910886E+001
7.9262569E+004 5.2364112E+001
7.9275484E+004 4.9936984E+001
7.9289723E+004 4.7623863E+001
7.9305440E+004 4.5419383E+001
7.9319345E+004 4.3711399E+001
7.9319345E+004 4.3711399E+001
7.9319345E+004 4.8044618E+001
7.9319345E+004 4.8044618E+001
7.9334775E+004 4.5820380E+001
7.9351823E+004 4.3700584E+001
7.9357987E+004 4.3004662E+001
7.9357987E+004 4.3004662E+001
7.9357987E+004 5.2840674E+001
7.9357987E+004 5.2840674E+001
7.9368690E+004 5.0748616E+001
7.9368690E+004 5.0748616E+001
7.9368690E+004 5.4846601E+001
7.9368690E+004 5.4846601E+001
7.9380447E+004 5.2302850E+001
7.9393394E+004 4.9878592E+001
7.9407667E+004 4.7568216E+001
7.9419365E+004 4.5900943E+001
7.9419365E+004 4.5900943E+001
7.9419365E+004 5.7845541E+001
7.9419365E+004 5.7845541E+001
7.9429932E+004 5.5160909E+001
7.9441554E+004 5.2602390E+001
7.9444111E+004 5.2084798E+001
7.9444111E+004 5.2084798E+001
7.9444111E+004 5.6220100E+001
7.9444111E+004 5.6220100E+001
7.9455297E+004 5.3611821E+001
7.9467608E+004 5.1126077E+001
7.9481173E+004 4.8757103E+001
7.9495426E+004 4.6598863E+001
7.9495426E+004 4.6598863E+001
7.9495426E+004 6.5950722E+001
7.9495426E+004 6.5950722E+001
7.9503597E+004 6.2885649E+001
7.9512559E+004 5.9964367E+001
7.9522399E+004 5.7180229E+001
7.9527139E+004 5.5967822E+001
7.9527139E+004 5.5967822E+001
7.9527139E+004 5.7055441E+001
7.9527139E+004 5.7055441E+001
7.9538000E+004 5.4407921E+001
7.9540319E+004 5.3887626E+001
7.9540319E+004 5.3887626E+001
7.9540319E+004 6.0211756E+001
7.9540319E+004 6.0211756E+001
7.9545612E+004 5.8643701E+001
7.9545612E+004 5.8643701E+001
7.9545612E+004 7.0322538E+001
7.9545612E+004 7.0322538E+001
7.9552834E+004 6.7052598E+001
7.9560748E+004 6.3935854E+001
7.9569426E+004 6.0965293E+001
7.9578950E+004 5.8134162E+001
7.9589413E+004 5.5435974E+001
7.9597304E+004 5.3630860E+001
7.9597304E+004 5.3630860E+001
7.9597304E+004 6.1574436E+001
7.9597304E+004 6.1574436E+001
7.9606644E+004 5.8714706E+001
7.9616903E+004 5.5989256E+001
7.9628182E+004 5.3391820E+001
7.9640596E+004 5.0916410E+001
7.9644983E+004 5.0119803E+001
7.9644983E+004 5.0119803E+001
7.9644983E+004 6.6274035E+001
7.9644983E+004 6.6274035E+001
7.9653077E+004 6.3193801E+001
7.9661955E+004 6.0258059E+001
7.9671701E+004 5.7460130E+001
7.9682409E+004 5.4793606E+001
7.9694189E+004 5.2252341E+001
7.9707161E+004 4.9830459E+001
7.9709173E+004 4.9483800E+001
7.9709173E+004 4.9483800E+001
7.9709173E+004 5.3797066E+001
7.9709173E+004 5.3797066E+001
7.9716495E+004 5.2257614E+001
7.9716495E+004 5.2257614E+001
7.9716495E+004 5.8814868E+001
7.9716495E+004 5.8814868E+001
7.9726719E+004 5.6084714E+001
7.9737959E+004 5.3482800E+001
7.9745545E+004 5.1917708E+001
7.9745545E+004 5.1917708E+001
7.9745545E+004 5.7274717E+001
7.9745545E+004 5.7274717E+001
7.9756323E+004 5.4616900E+001
7.9768180E+004 5.2083938E+001
7.9772015E+004 5.1336011E+001
7.9772015E+004 5.1336011E+001
7.9772015E+004 5.4258517E+001
7.9772015E+004 5.4258517E+001
7.9784031E+004 5.1742385E+001
7.9785064E+004 5.1541685E+001
7.9785064E+004 5.1541685E+001
7.9785064E+004 5.4640013E+001
7.9785064E+004 5.4640013E+001
7.9785834E+004 5.4463211E+001
7.9785834E+004 5.4463211E+001
7.9785834E+004 6.1304870E+001
7.9785834E+004 6.1304870E+001
7.9789836E+004 6.0043203E+001
7.9789836E+004 6.0043203E+001
7.9789836E+004 6.3228740E+001
7.9789836E+004 6.3228740E+001
7.9790354E+004 6.3044891E+001
7.9790354E+004 6.3044891E+001
7.9790354E+004 6.4848797E+001
7.9790354E+004 6.4848797E+001
7.9798796E+004 6.1835403E+001
7.9808059E+004 5.8963424E+001
7.9818232E+004 5.6226288E+001
7.9829416E+004 5.3617719E+001
7.9841725E+004 5.1131697E+001
7.9855286E+004 4.8762460E+001
7.9861305E+004 4.7811573E+001
7.9861305E+004 4.7811573E+001
7.9861305E+004 5.2258222E+001
7.9861305E+004 5.2258222E+001
7.9874274E+004 4.9836063E+001
7.9888573E+004 4.7527687E+001
7.9904356E+004 4.5327729E+001
7.9921800E+004 4.3231052E+001
7.9941103E+004 4.1232781E+001
7.9962491E+004 3.9328253E+001
7.9986221E+004 3.7513018E+001
8.0012474E+004 3.5789345E+001
8.0012474E+004 3.5789345E+001
8.0012474E+004 4.8045893E+001
8.0012474E+004 4.8045893E+001
8.0027903E+004 4.5821595E+001
8.0044951E+004 4.3701742E+001
8.0063810E+004 4.1681380E+001
8.0084700E+004 3.9755808E+001
8.0107869E+004 3.7920531E+001
8.0133601E+004 3.6171264E+001
8.0162216E+004 3.4503908E+001
8.0194078E+004 3.2914587E+001
8.0205133E+004 3.2415633E+001
8.0205133E+004 3.2415633E+001
8.0205133E+004 4.2856952E+001
8.0205133E+004 4.2856952E+001
8.0224801E+004 4.0876232E+001
8.0234424E+004 4.0005297E+001
8.0234424E+004 4.0005297E+001
8.0234424E+004 7.2173559E+001
8.0234424E+004 7.2173559E+001
8.0236582E+004 7.1066015E+001
8.0236582E+004 7.1066015E+001
8.0236582E+004 7.3719807E+001
8.0236582E+004 7.3719807E+001
8.0243183E+004 7.0290909E+001
8.0245134E+004 6.9360822E+001
8.0245134E+004 6.9360822E+001
8.0245134E+004 7.7665372E+001
8.0245134E+004 7.7665372E+001
8.0249817E+004 7.4791371E+001
8.0249817E+004 7.4791371E+001
8.0249817E+004 7.8834264E+001
8.0249817E+004 7.8834264E+001
8.0253374E+004 7.6527142E+001
8.0253374E+004 7.6527142E+001
8.0253374E+004 7.8002780E+001
8.0253374E+004 7.8002780E+001
8.0259304E+004 7.4373862E+001
8.0265795E+004 7.0914391E+001
8.0272903E+004 6.7616736E+001
8.0280690E+004 6.4473550E+001
8.0289228E+004 6.1477764E+001
8.0292528E+004 6.0423007E+001
8.0292528E+004 6.0423007E+001
8.0292528E+004 6.2095957E+001
8.0292528E+004 6.2095957E+001
8.0301715E+004 5.9211748E+001
8.0311803E+004 5.6462950E+001
8.0322894E+004 5.3843265E+001
8.0327611E+004 5.2832673E+001
8.0327611E+004 5.2832673E+001
8.0327611E+004 5.9308873E+001
8.0327611E+004 5.9308873E+001
8.0335392E+004 5.7142717E+001
8.0335392E+004 5.7142717E+001
8.0335392E+004 6.2584140E+001
8.0335392E+004 6.2584140E+001
8.0344440E+004 5.9677009E+001
8.0354373E+004 5.6906365E+001
8.0365291E+004 5.4265854E+001
8.0377304E+004 5.1749378E+001
8.0384865E+004 5.0333908E+001
8.0384865E+004 5.0333908E+001
8.0384865E+004 5.2887592E+001
8.0384865E+004 5.2887592E+001
8.0397521E+004 5.0435870E+001
8.0411470E+004 4.8099321E+001
8.0414316E+004 4.7661135E+001
8.0414316E+004 4.7661135E+001
8.0414316E+004 6.2918864E+001
8.0414316E+004 6.2918864E+001
8.0419282E+004 6.1243916E+001
8.0419282E+004 6.1243916E+001
8.0419282E+004 6.3448912E+001
8.0419282E+004 6.3448912E+001
8.0428090E+004 6.0501197E+001
8.0437759E+004 5.7691853E+001
8.0448382E+004 5.5014446E+001
8.0460067E+004 5.2462802E+001
8.0472933E+004 5.0031034E+001
8.0487116E+004 4.7713502E+001
8.0502771E+004 4.5504812E+001
8.0505155E+004 4.5194646E+001
8.0505155E+004 4.5194646E+001
8.0505155E+004 4.8562700E+001
8.0505155E+004 4.8562700E+001
8.0520244E+004 4.6314127E+001
8.0536910E+004 4.4171147E+001
8.0555342E+004 4.2128764E+001
8.0575753E+004 4.0182206E+001
8.0598385E+004 3.8326935E+001
8.0619332E+004 3.6833187E+001
8.0619332E+004 3.6833187E+001
8.0619332E+004 5.5142238E+001
8.0619332E+004 5.5142238E+001
8.0630962E+004 5.2584596E+001
8.0643767E+004 5.0147112E+001
8.0644247E+004 5.0062133E+001
8.0644247E+004 6.4951232E+001
8.0644247E+004 6.4951232E+001
8.0652663E+004 6.1933030E+001
8.0661898E+004 5.9056463E+001
8.0664719E+004 5.8251780E+001
8.0664719E+004 5.8251780E+001
8.0664719E+004 7.0279342E+001
8.0664719E+004 7.0279342E+001
8.0671950E+004 6.7011422E+001
8.0679873E+004 6.3896610E+001
8.0688562E+004 6.0927892E+001
8.0698097E+004 5.8098516E+001
8.0708573E+004 5.5402004E+001
8.0720094E+004 5.2832158E+001
8.0732777E+004 5.0383043E+001
8.0744604E+004 4.8385290E+001
8.0744604E+004 4.8385290E+001
8.0744604E+004 5.3519625E+001
8.0744604E+004 5.3519625E+001
8.0756958E+004 5.1038205E+001
8.0770571E+004 4.8673359E+001
8.0785588E+004 4.6419595E+001
8.0802174E+004 4.4271664E+001
8.0805192E+004 4.3912139E+001
8.0805192E+004 4.3912139E+001
8.0805192E+004 4.8055623E+001
8.0805192E+004 4.8055623E+001
8.0820615E+004 4.5830868E+001
8.0826306E+004 4.5085281E+001
8.0826306E+004 4.5085281E+001
8.0826306E+004 5.0387996E+001
8.0826306E+004 5.0387996E+001
8.0835860E+004 4.8753768E+001
8.0835860E+004 4.8753768E+001
8.0835860E+004 6.7622820E+001
8.0835860E+004 6.7622820E+001
8.0843645E+004 6.4479349E+001
8.0852182E+004 6.1483290E+001
8.0852797E+004 6.1282169E+001
8.0852797E+004 6.1282169E+001
8.0852797E+004 6.5242598E+001
8.0852797E+004 6.5242598E+001
8.0861141E+004 6.2210729E+001
8.0870295E+004 5.9321128E+001
8.0871727E+004 5.8902926E+001
8.0871727E+004 5.8902926E+001
8.0871727E+004 6.2920097E+001
8.0871727E+004 6.2920097E+001
8.0880681E+004 5.9997203E+001
8.0890510E+004 5.7211522E+001
8.0895637E+004 5.5901196E+001
8.0895637E+004 5.5901196E+001
8.0895637E+004 6.2006815E+001
8.0895637E+004 6.2006815E+001
8.0904850E+004 5.9126782E+001
8.0914968E+004 5.6381978E+001
8.0926090E+004 5.3766100E+001
8.0937028E+004 5.1520490E+001
8.0937028E+004 5.1520490E+001
8.0937028E+004 5.3340918E+001
8.0937028E+004 5.3340918E+001
8.0949466E+004 5.0867901E+001
8.0963173E+004 4.8511052E+001
8.0978191E+004 4.6279133E+001
8.0978191E+004 4.6279133E+001
8.0978191E+004 5.1115894E+001
8.0978191E+004 5.1115894E+001
8.0991761E+004 4.8747396E+001
8.1000387E+004 4.7403947E+001
8.1000387E+004 4.7403947E+001
8.1000387E+004 4.9705097E+001
8.1000387E+004 4.9705097E+001
8.1014764E+004 4.7402868E+001
8.1030634E+004 4.5208766E+001
8.1048176E+004 4.3117681E+001
8.1067588E+004 4.1124730E+001
8.1089100E+004 3.9225264E+001
8.1105878E+004 3.7922284E+001
8.1105878E+004 3.7922284E+001
8.1105878E+004 4.8112476E+001
8.1105878E+004 4.8112476E+001
8.1109692E+004 4.7527443E+001
8.1109692E+004 4.7527443E+001
8.1109692E+004 6.4855147E+001
8.1109692E+004 6.4855147E+001
8.1118132E+004 6.1841455E+001
8.1127394E+004 5.8969191E+001
8.1137565E+004 5.6231786E+001
8.1148746E+004 5.3622958E+001
8.1155822E+004 5.2147198E+001
8.1155822E+004 5.2147198E+001
8.1155822E+004 5.5581739E+001
8.1155822E+004 5.5581739E+001
8.1167267E+004 5.3003454E+001
8.1173938E+004 5.1655777E+001
8.1173938E+004 5.1655777E+001
8.1173938E+004 5.2805593E+001
8.1173938E+004 5.2805593E+001
8.1177139E+004 5.2152632E+001
8.1177139E+004 5.2152632E+001
8.1177139E+004 5.6381529E+001
8.1177139E+004 5.6381529E+001
8.1188261E+004 5.3765672E+001
8.1200501E+004 5.1272693E+001
8.1213986E+004 4.8896832E+001
8.1228860E+004 4.6632572E+001
8.1231129E+004 4.6314037E+001
8.1231129E+004 4.6314037E+001
8.1231129E+004 6.2372213E+001
8.1231129E+004 6.2372213E+001
8.1240236E+004 5.9475037E+001
8.1250237E+004 5.6713875E+001
8.1261229E+004 5.4082403E+001
8.1268917E+004 5.2444326E+001
8.1268917E+004 5.2444326E+001
8.1268917E+004 5.5198804E+001
8.1268917E+004 5.5198804E+001
8.1280523E+004 5.2638502E+001
8.1293302E+004 5.0198483E+001
8.1307388E+004 4.7873083E+001
8.1311090E+004 4.7313524E+001
8.1311090E+004 4.7313524E+001
8.1311090E+004 6.2210060E+001
8.1311090E+004 6.2210060E+001
8.1320244E+004 5.9320490E+001
8.1326244E+004 5.7627222E+001
8.1326244E+004 5.7627222E+001
8.1326244E+004 5.9716254E+001
8.1326244E+004 5.9716254E+001
8.1336164E+004 5.6943766E+001
8.1347068E+004 5.4301496E+001
8.1359064E+004 5.1783353E+001
8.1372278E+004 4.9383501E+001
8.1386849E+004 4.7096382E+001
8.1402938E+004 4.4916676E+001
8.1420723E+004 4.2839294E+001
8.1440408E+004 4.0859404E+001
8.1448746E+004 4.0102215E+001
8.1448746E+004 4.0102215E+001
8.1448746E+004 4.5097213E+001
8.1448746E+004 4.5097213E+001
8.1466380E+004 4.3011359E+001
8.1485896E+004 4.1023397E+001
8.1507523E+004 3.9128690E+001
8.1531522E+004 3.7322801E+001
8.1541799E+004 3.6625747E+001
8.1541799E+004 3.6625747E+001
8.1541799E+004 3.9842238E+001
8.1541799E+004 3.9842238E+001
8.1564858E+004 3.8002904E+001
8.1565722E+004 3.7938959E+001
8.1565722E+004 3.7938959E+001
8.1565722E+004 4.2650153E+001
8.1565722E+004 4.2650153E+001
8.1579467E+004 4.1253845E+001
8.1579467E+004 4.1253845E+001
8.1579467E+004 4.7275800E+001
8.1579467E+004 4.7275800E+001
8.1595427E+004 4.5087665E+001
8.1613069E+004 4.3002259E+001
8.1632594E+004 4.1014725E+001
8.1654232E+004 3.9120425E+001
8.1657874E+004 3.8827326E+001
8.1657874E+004 3.8827326E+001
8.1657874E+004 4.3740648E+001
8.1657874E+004 4.3740648E+001
8.1668630E+004 4.2545975E+001
8.1668630E+004 4.2545975E+001
8.1668630E+004 5.1516763E+001
8.1668630E+004 5.1516763E+001
8.1681984E+004 4.9129436E+001
8.1696712E+004 4.6854252E+001
8.1704984E+004 4.5709022E+001
8.1704984E+004 4.5709022E+001
8.1704984E+004 6.1937296E+001
8.1704984E+004 6.1937296E+001
8.1705851E+004 6.1648395E+001
8.1705851E+004 6.1648395E+001
8.1705851E+004 6.3096021E+001
8.1705851E+004 6.3096021E+001
8.1714756E+004 6.0164868E+001
8.1721177E+004 5.8283091E+001
8.1721177E+004 5.8283091E+001
8.1721177E+004 6.1669110E+001
8.1721177E+004 6.1669110E+001
8.1730489E+004 5.8804932E+001
8.1740716E+004 5.6075245E+001
8.1751960E+004 5.3473774E+001
8.1764336E+004 5.0994510E+001
8.1777973E+004 4.8631719E+001
8.1792501E+004 4.6451364E+001
8.1792501E+004 4.6451364E+001
8.1792501E+004 4.8248365E+001
8.1792501E+004 4.8248365E+001
8.1807795E+004 4.6014560E+001
8.1824691E+004 4.3885648E+001
8.1843381E+004 4.1856657E+001
8.1863929E+004 3.9936017E+001
8.1863929E+004 3.9936017E+001
8.1863929E+004 4.2691269E+001
8.1863929E+004 4.2691269E+001
8.1883762E+004 4.0718321E+001
8.1900799E+004 3.9235002E+001
8.1900799E+004 3.9235002E+001
8.1900799E+004 4.4900449E+001
8.1900799E+004 4.4900449E+001
8.1918598E+004 4.2823830E+001
8.1938299E+004 4.0844666E+001
8.1960134E+004 3.8958340E+001
8.1979682E+004 3.7485558E+001
8.1979682E+004 3.7485558E+001
8.1979682E+004 4.5713320E+001
8.1979682E+004 4.5713320E+001
8.1990619E+004 4.4325132E+001
8.1990619E+004 4.4325132E+001
8.1990619E+004 4.9407448E+001
8.1990619E+004 4.9407448E+001
8.2005176E+004 4.7119203E+001
8.2021248E+004 4.4938424E+001
8.2039015E+004 4.2860025E+001
8.2058680E+004 4.0879161E+001
8.2080474E+004 3.8991214E+001
8.2104660E+004 3.7191777E+001
8.2131535E+004 3.5476636E+001
8.2131774E+004 3.5462477E+001
8.2131774E+004 4.1732707E+001
8.2131774E+004 4.1732707E+001
8.2152608E+004 3.9804724E+001
8.2163549E+004 3.8897550E+001
8.2163549E+004 3.8897550E+001
8.2163549E+004 6.4643830E+001
8.2163549E+004 6.4643830E+001
8.2172044E+004 6.1640049E+001
8.2181364E+004 5.8777236E+001
8.2191601E+004 5.6048851E+001
8.2198386E+004 5.4434416E+001
8.2198386E+004 5.4434416E+001
8.2198386E+004 5.7294799E+001
8.2198386E+004 5.7294799E+001
8.2198578E+004 5.7243698E+001
8.2198578E+004 5.8866768E+001
8.2198578E+004 5.8866768E+001
8.2208784E+004 5.6134175E+001
8.2220005E+004 5.3529936E+001
8.2231854E+004 5.1141499E+001
8.2231854E+004 5.1141499E+001
8.2231854E+004 6.4724575E+001
8.2231854E+004 6.4724575E+001
8.2240327E+004 6.1717014E+001
8.2249625E+004 5.8850585E+001
8.2259837E+004 5.6118752E+001
8.2271064E+004 5.3515239E+001
8.2272677E+004 5.3169375E+001
8.2272677E+004 5.3169375E+001
8.2272677E+004 6.4297336E+001
8.2272677E+004 6.4297336E+001
8.2281260E+004 6.1309812E+001
8.2290679E+004 5.8462505E+001
8.2301026E+004 5.5748903E+001
8.2312403E+004 5.3162758E+001
8.2324044E+004 5.0859630E+001
8.2324044E+004 5.0859630E+001
8.2324044E+004 7.3825058E+001
8.2324044E+004 7.3825058E+001
8.2330627E+004 7.0391235E+001
8.2337836E+004 6.7118076E+001
8.2345735E+004 6.3998269E+001
8.2354396E+004 6.1024777E+001
8.2363902E+004 5.8190851E+001
8.2374345E+004 5.5490008E+001
8.2380994E+004 5.3952366E+001
8.2380994E+004 5.3952366E+001
8.2380994E+004 5.6145636E+001
8.2380994E+004 5.6145636E+001
8.2392210E+004 5.3540859E+001
8.2398324E+004 5.2263915E+001
8.2398324E+004 5.2263915E+001
8.2398324E+004 7.1882812E+001
8.2398324E+004 7.1882812E+001
8.2405249E+004 6.8539829E+001
8.2412836E+004 6.5353385E+001
8.2421152E+004 6.2316327E+001
8.2424913E+004 6.1070578E+001
8.2424913E+004 6.1070578E+001
8.2424913E+004 6.2185446E+001
8.2424913E+004 6.2185446E+001
8.2434074E+004 5.9297033E+001
8.2444134E+004 5.6544237E+001
8.2455192E+004 5.3920730E+001
8.2467361E+004 5.1420471E+001
8.2480767E+004 4.9037672E+001
8.2495552E+004 4.6766791E+001
8.2511880E+004 4.4602555E+001
8.2529933E+004 4.2539924E+001
8.2549919E+004 4.0574085E+001
8.2561723E+004 3.9538310E+001
8.2561723E+004 3.9538310E+001
8.2561723E+004 4.6237153E+001
8.2561723E+004 4.6237153E+001
8.2578448E+004 4.4097791E+001
8.2591218E+004 4.2655971E+001
8.2591218E+004 4.2655971E+001
8.2591218E+004 5.0567018E+001
8.2591218E+004 5.0567018E+001
8.2605093E+004 4.8224306E+001
8.2620403E+004 4.5991631E+001
8.2626783E+004 4.5149467E+001
8.2626783E+004 4.5149467E+001
8.2626783E+004 4.9704576E+001
8.2626783E+004 4.9704576E+001
8.2641160E+004 4.7402372E+001
8.2657031E+004 4.5208293E+001
8.2674573E+004 4.3117230E+001
8.2693986E+004 4.1124300E+001
8.2700640E+004 4.0503874E+001
8.2700640E+004 4.0503874E+001
8.2700640E+004 4.7201721E+001
8.2700640E+004 4.7201721E+001
8.2716652E+004 4.5017063E+001
8.2734353E+004 4.2934975E+001
8.2753944E+004 4.0950602E+001
8.2754773E+004 4.0872683E+001
8.2754773E+004 4.0872683E+001
8.2754773E+004 4.9304322E+001
8.2754773E+004 4.9304322E+001
8.2769393E+004 4.7020926E+001
8.2785536E+004 4.4844756E+001
8.2795741E+004 4.3618731E+001
8.2795741E+004 4.3618731E+001
8.2795741E+004 5.2472056E+001
8.2795741E+004 5.2472056E+001
8.2808603E+004 5.0039852E+001
8.2813194E+004 4.9249589E+001
8.2813194E+004 4.9249589E+001
8.2813194E+004 5.1112824E+001
8.2813194E+004 5.1112824E+001
8.2826766E+004 4.8744469E+001
8.2832324E+004 4.7865356E+001
8.2832324E+004 4.7865356E+001
8.2832324E+004 5.7590118E+001
8.2832324E+004 5.7590118E+001
8.2842984E+004 5.4917483E+001
8.2854710E+004 5.2370399E+001
8.2864590E+004 5.0480121E+001
8.2864590E+004 5.0480121E+001
8.2864590E+004 5.9027568E+001
8.2864590E+004 5.9027568E+001
8.2874741E+004 5.6287427E+001
8.2885901E+004 5.3675984E+001
8.2898182E+004 5.1187222E+001
8.2905396E+004 4.9877196E+001
8.2905396E+004 4.9877196E+001
8.2905396E+004 5.5215338E+001
8.2905396E+004 5.5215338E+001
8.2916996E+004 5.2654259E+001
8.2929766E+004 5.0213499E+001
8.2943844E+004 4.7887397E+001
8.2959380E+004 4.5670539E+001
8.2976547E+004 4.3557774E+001
8.2980172E+004 4.3148309E+001
8.2980172E+004 4.3148309E+001
8.2980172E+004 4.6693420E+001
8.2980172E+004 4.6693420E+001
8.2996554E+004 4.4532633E+001
8.3014667E+004 4.2473282E+001
8.3034722E+004 4.0510562E+001
8.3038777E+004 4.0146494E+001
8.3038777E+004 4.0146494E+001
8.3038777E+004 4.4113994E+001
8.3038777E+004 4.4113994E+001
8.3042528E+004 4.3673381E+001
8.3042528E+004 4.3673381E+001
8.3042528E+004 5.1303445E+001
8.3042528E+004 5.1303445E+001
8.3048229E+004 5.0252364E+001
8.3048229E+004 5.0252364E+001
8.3048229E+004 5.4745632E+001
8.3048229E+004 5.4745632E+001
8.3060030E+004 5.2206617E+001
8.3073025E+004 4.9786884E+001
8.3087353E+004 4.7480821E+001
8.3103169E+004 4.5283054E+001
8.3117422E+004 4.3550745E+001
8.3117422E+004 4.3550745E+001
8.3117422E+004 5.4198937E+001
8.3117422E+004 5.4198937E+001
8.3129464E+004 5.1685607E+001
8.3140433E+004 4.9678978E+001
8.3140433E+004 4.9678978E+001
8.3140433E+004 5.3320571E+001
8.3140433E+004 5.3320571E+001
8.3152881E+004 5.0848511E+001
8.3166598E+004 4.8492574E+001
8.3181732E+004 4.6247298E+001
8.3198449E+004 4.4107459E+001
8.3216938E+004 4.2068057E+001
8.3237413E+004 4.0124347E+001
8.3260117E+004 3.8271793E+001
8.3285325E+004 3.6506069E+001
8.3313350E+004 3.4823038E+001
8.3344548E+004 3.3218787E+001
8.3358753E+004 3.2563027E+001
8.3358753E+004 3.2563027E+001
8.3358753E+004 5.4858856E+001
8.3358753E+004 5.4858856E+001
8.3370504E+004 5.2314528E+001
8.3373824E+004 5.1656604E+001
8.3373824E+004 5.1656604E+001
8.3373824E+004 5.7031482E+001
8.3373824E+004 5.7031482E+001
8.3380304E+004 5.5405914E+001
8.3380304E+004 5.5405914E+001
8.3380304E+004 5.8414067E+001
8.3380304E+004 5.8414067E+001
8.3390668E+004 5.5702732E+001
8.3391361E+004 5.5534085E+001
8.3391361E+004 5.5534085E+001
8.3391361E+004 6.4316747E+001
8.3391361E+004 6.4316747E+001
8.3399939E+004 6.1328311E+001
8.3409353E+004 5.8480135E+001
8.3419693E+004 5.5765704E+001
8.3422924E+004 5.4990268E+001
8.3422924E+004 5.4990268E+001
8.3422924E+004 6.1762154E+001
8.3422924E+004 6.1762154E+001
8.3432209E+004 5.8893610E+001
8.3442406E+004 5.6159755E+001
8.3453616E+004 5.3554314E+001
8.3465954E+004 5.1071271E+001
8.3479548E+004 4.8704871E+001
8.3494545E+004 4.6449625E+001
8.3511109E+004 4.4300287E+001
8.3529426E+004 4.2251836E+001
8.3549708E+004 4.0299506E+001
8.3570750E+004 3.8549597E+001
8.3570750E+004 3.8549597E+001
8.3570750E+004 4.3537421E+001
8.3570750E+004 4.3537421E+001
8.3581633E+004 4.2346293E+001
8.3581633E+004 4.2346293E+001
8.3581633E+004 6.0904411E+001
8.3581633E+004 6.0904411E+001
8.3582445E+004 6.0647006E+001
8.3582445E+004 6.0647006E+001
8.3582445E+004 7.1354057E+001
8.3582445E+004 7.1354057E+001
8.3589469E+004 6.8035825E+001
8.3597164E+004 6.4872999E+001
8.3605600E+004 6.1858470E+001
8.3614856E+004 5.8985406E+001
8.3625022E+004 5.6247243E+001
8.3635002E+004 5.3898339E+001
8.3635002E+004 5.3898339E+001
8.3635002E+004 5.9077405E+001
8.3635002E+004 5.9077405E+001
8.3645136E+004 5.6334922E+001
8.3645747E+004 5.6180922E+001
8.3645747E+004 5.6180922E+001
8.3645747E+004 6.0039601E+001
8.3645747E+004 6.0039601E+001
8.3655563E+004 5.7251927E+001
8.3666350E+004 5.4595181E+001
8.3678216E+004 5.2063240E+001
8.3691285E+004 4.9650239E+001
8.3694183E+004 4.9158549E+001
8.3694183E+004 4.9158549E+001
8.3694183E+004 5.3179140E+001
8.3694183E+004 5.3179140E+001
8.3695700E+004 5.2859940E+001
8.3695700E+004 5.2859940E+001
8.3695700E+004 5.5338058E+001
8.3695700E+004 5.5338058E+001
8.3707247E+004 5.2771219E+001
8.3719960E+004 5.0324959E+001
8.3733973E+004 4.7993618E+001
8.3749438E+004 4.5771777E+001
8.3766524E+004 4.3654257E+001
8.3785427E+004 4.1636126E+001
8.3787450E+004 4.1436533E+001
8.3787450E+004 4.1436533E+001
8.3787450E+004 4.4564824E+001
8.3787450E+004 4.4564824E+001
8.3794076E+004 4.3771742E+001
8.3794076E+004 4.3771742E+001
8.3794076E+004 5.2166143E+001
8.3794076E+004 5.2166143E+001
8.3807092E+004 4.9748314E+001
8.3821443E+004 4.7444061E+001
8.3837284E+004 4.5248023E+001
8.3846667E+004 4.4085504E+001
8.3846667E+004 4.4085504E+001
8.3846667E+004 4.9837964E+001
8.3846667E+004 4.9837964E+001
8.3854651E+004 4.8504948E+001
8.3854651E+004 4.8504948E+001
8.3854651E+004 6.3304078E+001
8.3854651E+004 6.3304078E+001
8.3863498E+004 6.0363164E+001
8.3873211E+004 5.7560303E+001
8.3883882E+004 5.4889070E+001
8.3895621E+004 5.2343321E+001
8.3899848E+004 5.1508530E+001
8.3899848E+004 5.1508530E+001
8.3899848E+004 5.5805001E+001
8.3899848E+004 5.5805001E+001
8.3911202E+004 5.3216222E+001
8.3923700E+004 5.0749058E+001
8.3937472E+004 4.8397797E+001
8.3952668E+004 4.6156977E+001
8.3969454E+004 4.4021371E+001
8.3974256E+004 4.3463627E+001
8.3974256E+004 4.3463627E+001
8.3974256E+004 4.5762228E+001
8.3974256E+004 4.5762228E+001
8.3991350E+004 4.3645154E+001
8.4008459E+004 4.1806273E+001
8.4008459E+004 4.1806273E+001
8.4008459E+004 4.8499810E+001
8.4008459E+004 4.8499810E+001
8.4023588E+004 4.6254194E+001
8.4040300E+004 4.4114031E+001
8.4058783E+004 4.2074323E+001
8.4079251E+004 4.0130319E+001
8.4101948E+004 3.8277484E+001
8.4112521E+004 3.7501319E+001
8.4112521E+004 3.7501319E+001
8.4112521E+004 4.0396271E+001
8.4112521E+004 4.0396271E+001
8.4128685E+004 3.9018594E+001
8.4128685E+004 3.9018594E+001
8.4128685E+004 4.2374741E+001
8.4128685E+004 4.2374741E+001
8.4143880E+004 4.0869939E+001
8.4143880E+004 4.0869939E+001
8.4143880E+004 4.9484972E+001
8.4143880E+004 4.9484972E+001
8.4158390E+004 4.7193082E+001
8.4174409E+004 4.5008830E+001
8.4181255E+004 4.4164778E+001
8.4181255E+004 4.4164778E+001
8.4181255E+004 5.3324129E+001
8.4181255E+004 5.3324129E+001
8.4193322E+004 5.0921779E+001
8.4193322E+004 5.0921779E+001
8.4193322E+004 5.3554165E+001
8.4193322E+004 5.3554165E+001
8.4199819E+004 5.2199415E+001
8.4199819E+004 5.2199415E+001
8.4199819E+004 5.3852573E+001
8.4199819E+004 5.3852573E+001
8.4212019E+004 5.1355519E+001
8.4225459E+004 4.8975765E+001
8.4240284E+004 4.6707794E+001
8.4256655E+004 4.4546332E+001
8.4274757E+004 4.2486342E+001
8.4294797E+004 4.0523008E+001
8.4306764E+004 3.9477652E+001
8.4306764E+004 3.9477652E+001
8.4306764E+004 5.1418653E+001
8.4306764E+004 5.1418653E+001
8.4320171E+004 4.9035940E+001
8.4334958E+004 4.6765140E+001
8.4351287E+004 4.4600982E+001
8.4363016E+004 4.3224134E+001
8.4363016E+004 4.3224134E+001
8.4363016E+004 4.7172109E+001
8.4363016E+004 4.7172109E+001
8.4366162E+004 4.6716379E+001
8.4366162E+004 4.6716379E+001
8.4366162E+004 5.1614856E+001
8.4366162E+004 5.1614856E+001
8.4379464E+004 4.9222925E+001
8.4386215E+004 4.8129878E+001
8.4386215E+004 4.8129878E+001
8.4386215E+004 5.1146185E+001
8.4386215E+004 5.1146185E+001
8.4399769E+004 4.8776271E+001
8.4410517E+004 4.7117469E+001
8.4410517E+004 4.7117469E+001
8.4410517E+004 5.5165578E+001
8.4410517E+004 5.5165578E+001
8.4411600E+004 5.4910356E+001
8.4411600E+004 5.4910356E+001
8.4411600E+004 5.7620761E+001
8.4411600E+004 5.7620761E+001
8.4422250E+004 5.4946686E+001
8.4425529E+004 5.4193587E+001
8.4425529E+004 5.4193587E+001
8.4425529E+004 5.8186412E+001
8.4425529E+004 5.8186412E+001
8.4435974E+004 5.5485776E+001
8.4447459E+004 5.2911992E+001
8.4460104E+004 5.0459123E+001
8.4460543E+004 5.0379779E+001
8.4460543E+004 5.4448278E+001
8.4460543E+004 5.4448278E+001
8.4463387E+004 5.3810922E+001
8.4463387E+004 5.3810922E+001
8.4463387E+004 5.6295666E+001
8.4463387E+004 5.6295666E+001
8.4474544E+004 5.3683835E+001
8.4486821E+004 5.1194705E+001
8.4498847E+004 4.9068114E+001
8.4498847E+004 4.9068114E+001
8.4498847E+004 5.3560349E+001
8.4498847E+004 5.3560349E+001
8.4509503E+004 5.1393133E+001
8.4509503E+004 5.1393133E+001
8.4509503E+004 5.3562325E+001
8.4509503E+004 5.3562325E+001
8.4521837E+004 5.1078908E+001
8.4528462E+004 4.9879653E+001
8.4528462E+004 4.9879653E+001
8.4528462E+004 5.3780009E+001
8.4528462E+004 5.3780009E+001
8.4540695E+004 5.1286358E+001
8.4554173E+004 4.8909855E+001
8.4569039E+004 4.6644983E+001
8.4585456E+004 4.4486472E+001
8.4596926E+004 4.3149159E+001
8.4596926E+004 4.3149159E+001
8.4596926E+004 4.8032929E+001
8.4596926E+004 4.8032929E+001
8.4612364E+004 4.5809240E+001
8.4616025E+004 4.5325732E+001
8.4616025E+004 4.5325732E+001
8.4616025E+004 5.4579384E+001
8.4616025E+004 5.4579384E+001
8.4627899E+004 5.2048186E+001
8.4640975E+004 4.9635893E+001
8.4650789E+004 4.8032703E+001
8.4650789E+004 4.8032703E+001
8.4650789E+004 5.1956591E+001
8.4650789E+004 5.1956591E+001
8.4663913E+004 4.9548604E+001
8.4668132E+004 4.8842307E+001
8.4668132E+004 4.8842307E+001
8.4668132E+004 5.1770963E+001
8.4668132E+004 5.1770963E+001
8.4681352E+004 4.9371694E+001
8.4691503E+004 4.7742421E+001
8.4691503E+004 4.7742421E+001
8.4691503E+004 6.1999082E+001
8.4691503E+004 6.1999082E+001
8.4696207E+004 6.0475544E+001
8.4696207E+004 6.0475544E+001
8.4696207E+004 6.1507934E+001
8.4696207E+004 6.1507934E+001
8.4705567E+004 5.8651328E+001
8.4715848E+004 5.5928851E+001
8.4727151E+004 5.3334256E+001
8.4739593E+004 5.0861552E+001
8.4745196E+004 4.9854247E+001
8.4745196E+004 4.9854247E+001
8.4745196E+004 5.2209800E+001
8.4745196E+004 5.2209800E+001
8.4758190E+004 4.9789917E+001
8.4759925E+004 4.9491202E+001
8.4759925E+004 4.9491202E+001
8.4759925E+004 5.3139946E+001
8.4759925E+004 5.3139946E+001
8.4772459E+004 5.0676369E+001
8.4786273E+004 4.8328525E+001
8.4801514E+004 4.6090950E+001
8.4818351E+004 4.3958448E+001
8.4836975E+004 4.1926048E+001
8.4855912E+004 4.0136190E+001
8.4855912E+004 4.0136190E+001
8.4855912E+004 5.0431481E+001
8.4855912E+004 5.0431481E+001
8.4869864E+004 4.8095137E+001
8.4870012E+004 4.8071930E+001
8.4870012E+004 7.3011912E+001
8.4870012E+004 7.3011912E+001
8.4873169E+004 7.1355664E+001
8.4873169E+004 7.1355664E+001
8.4873169E+004 7.2440412E+001
8.4873169E+004 7.2440412E+001
8.4879993E+004 6.9071345E+001
8.4887468E+004 6.5860002E+001
8.4891297E+004 6.4373079E+001
8.4891297E+004 6.4373079E+001
8.4891297E+004 6.6402946E+001
8.4891297E+004 6.6402946E+001
8.4899361E+004 6.3316662E+001
8.4902913E+004 6.2082464E+001
8.4902913E+004 6.2082464E+001
8.4902913E+004 6.6875996E+001
8.4902913E+004 6.6875996E+001
8.4910867E+004 6.3767538E+001
8.4919590E+004 6.0804870E+001
8.4929163E+004 5.7981267E+001
8.4934652E+004 5.6526440E+001
8.4934652E+004 5.6526440E+001
8.4934652E+004 5.8463421E+001
8.4934652E+004 5.8463421E+001
8.4944998E+004 5.5749776E+001
8.4956375E+004 5.3163590E+001
8.4968898E+004 5.0698901E+001
8.4982698E+004 4.8349998E+001
8.4997925E+004 4.6111415E+001
8.5014747E+004 4.3977951E+001
8.5033353E+004 4.1944634E+001
8.5053959E+004 4.0006717E+001
8.5054292E+004 3.9977558E+001
8.5054292E+004 4.7122105E+001
8.5054292E+004 4.7122105E+001
8.5058518E+004 4.6515142E+001
8.5058518E+004 4.6515142E+001
8.5058518E+004 4.8299013E+001
8.5058518E+004 4.8299013E+001
8.5071618E+004 4.6358604E+001
8.5071618E+004 4.6358604E+001
8.5071618E+004 5.0135058E+001
8.5071618E+004 5.0135058E+001
8.5085741E+004 4.7812634E+001
8.5101328E+004 4.5599291E+001
8.5118552E+004 4.3489875E+001
8.5137609E+004 4.1479456E+001
8.5158721E+004 3.9563355E+001
8.5164040E+004 3.9122189E+001
8.5164040E+004 3.9122189E+001
8.5164040E+004 7.2150251E+001
8.5164040E+004 7.2150251E+001
8.5166498E+004 7.0894225E+001
8.5166498E+004 7.0894225E+001
8.5166498E+004 7.7403421E+001
8.5166498E+004 7.7403421E+001
8.5172516E+004 7.3802466E+001
8.5179102E+004 7.0369700E+001
8.5183316E+004 6.8399922E+001
8.5183316E+004 6.8399922E+001
8.5183316E+004 7.7031824E+001
8.5183316E+004 7.7031824E+001
8.5189389E+004 7.3448206E+001
8.5189559E+004 7.3354418E+001
8.5189559E+004 7.5688486E+001
8.5189559E+004 7.5688486E+001
8.5195838E+004 7.2167597E+001
8.5202712E+004 6.8811290E+001
8.5210241E+004 6.5612129E+001
8.5218494E+004 6.2562937E+001
8.5221640E+004 6.1503678E+001
8.5221640E+004 6.1503678E+001
8.5221640E+004 6.6008102E+001
8.5221640E+004 6.6008102E+001
8.5229797E+004 6.2940336E+001
8.5238745E+004 6.0016496E+001
8.5241583E+004 5.9167982E+001
8.5241583E+004 5.9167982E+001
8.5241583E+004 6.1713495E+001
8.5241583E+004 6.1713495E+001
8.5250421E+004 5.8979412E+001
8.5250421E+004 5.8979412E+001
8.5250421E+004 6.4087206E+001
8.5250421E+004 6.4087206E+001
8.5252154E+004 6.3453653E+001
8.5252154E+004 6.3453653E+001
8.5252154E+004 7.9429367E+001
8.5252154E+004 7.9429367E+001
8.5257885E+004 7.5733933E+001
8.5264157E+004 7.2210919E+001
8.5271023E+004 6.8852584E+001
8.5278105E+004 6.5825315E+001
8.5278105E+004 6.5825315E+001
8.5278105E+004 6.7520035E+001
8.5278105E+004 6.7520035E+001
8.5279766E+004 6.6813388E+001
8.5279766E+004 6.6813388E+001
8.5279766E+004 7.5325995E+001
8.5279766E+004 7.5325995E+001
8.5286102E+004 7.1822038E+001
8.5293039E+004 6.8481900E+001
8.5300638E+004 6.5298173E+001
8.5308968E+004 6.2263706E+001
8.5318106E+004 5.9371616E+001
8.5321988E+004 5.8255872E+001
8.5321988E+004 5.8255872E+001
8.5321988E+004 5.9531384E+001
8.5321988E+004 5.9531384E+001
8.5331970E+004 5.6767580E+001
8.5333288E+004 5.6429702E+001
8.5333288E+004 5.6429702E+001
8.5333288E+004 6.2648699E+001
8.5333288E+004 6.2648699E+001
8.5342317E+004 5.9738546E+001
8.5349005E+004 5.7822311E+001
8.5349005E+004 5.7822311E+001
8.5349005E+004 6.1313896E+001
8.5349005E+004 6.1313896E+001
8.5353214E+004 5.9988386E+001
8.5353214E+004 5.9988386E+001
8.5353214E+004 6.4569948E+001
8.5353214E+004 6.4569948E+001
8.5354716E+004 6.4008002E+001
8.5354716E+004 6.4008002E+001
8.5354716E+004 6.5939771E+001
8.5354716E+004 6.5939771E+001
8.5355745E+004 6.5528359E+001
8.5355745E+004 6.5528359E+001
8.5355745E+004 6.7843359E+001
8.5355745E+004 6.7843359E+001
8.5363482E+004 6.4689555E+001
8.5371965E+004 6.1683635E+001
8.5381272E+004 5.8818775E+001
8.5391495E+004 5.6088437E+001
8.5391499E+004 5.6087544E+001
8.5391499E+004 5.8403687E+001
8.5391499E+004 5.8403687E+001
8.5401866E+004 5.5692840E+001
8.5413266E+004 5.3109331E+001
8.5417994E+004 5.2137057E+001
8.5417994E+004 5.2137057E+001
8.5417994E+004 5.6128556E+001
8.5417994E+004 5.6128556E+001
8.5428500E+004 5.3679532E+001
8.5428500E+004 5.3679532E+001
8.5428500E+004 5.5995591E+001
8.5428500E+004 5.5995591E+001
8.5431899E+004 5.5170606E+001
8.5431899E+004 5.5170606E+001
8.5431899E+004 5.7145262E+001
8.5431899E+004 5.7145262E+001
8.5442726E+004 5.4493530E+001
8.5454637E+004 5.1966359E+001
8.5460305E+004 5.0880195E+001
8.5460305E+004 5.0880195E+001
8.5460305E+004 5.6182714E+001
8.5460305E+004 5.6182714E+001
8.5462976E+004 5.5524901E+001
8.5462976E+004 5.5524901E+001
8.5462976E+004 6.7124121E+001
8.5462976E+004 6.7124121E+001
8.5470873E+004 6.4004031E+001
8.5479533E+004 6.1030269E+001
8.5489037E+004 5.8196085E+001
8.5495851E+004 5.6387688E+001
8.5495851E+004 5.6387688E+001
8.5495851E+004 7.2515268E+001
8.5495851E+004 7.2515268E+001
8.5502662E+004 6.9142696E+001
8.5508086E+004 6.6758925E+001
8.5508086E+004 6.6758925E+001
8.5508086E+004 7.6723348E+001
8.5508086E+004 7.6723348E+001
8.5514205E+004 7.3154138E+001
8.5520904E+004 6.9751685E+001
8.5522986E+004 6.8781921E+001
8.5522986E+004 6.8781921E+001
8.5522986E+004 7.1617979E+001
8.5522986E+004 7.1617979E+001
8.5529961E+004 6.8287398E+001
8.5534898E+004 6.6182884E+001
8.5534898E+004 6.6182884E+001
8.5534898E+004 6.8889278E+001
8.5534898E+004 6.8889278E+001
8.5542411E+004 6.5686460E+001
8.5550646E+004 6.2633779E+001
8.5559679E+004 5.9724324E+001
8.5569598E+004 5.6951457E+001
8.5580498E+004 5.4308826E+001
8.5592491E+004 5.1790339E+001
8.5605701E+004 4.9390159E+001
8.5620269E+004 4.7102727E+001
8.5636352E+004 4.4922723E+001
8.5643340E+004 4.4066761E+001
8.5643340E+004 4.4066761E+001
8.5643340E+004 4.6354162E+001
8.5643340E+004 4.6354162E+001
8.5659976E+004 4.4209299E+001
8.5678374E+004 4.2165124E+001
8.5689787E+004 4.1035518E+001
8.5689787E+004 4.1035518E+001
8.5689787E+004 6.0445637E+001
8.5689787E+004 6.0445637E+001
8.5699473E+004 5.7638904E+001
8.5710115E+004 5.4963981E+001
8.5721822E+004 5.2414710E+001
8.5734712E+004 4.9985203E+001
8.5748922E+004 4.7669826E+001
8.5764607E+004 4.5463185E+001
8.5781940E+004 4.3360154E+001
8.5801120E+004 4.1355829E+001
8.5805001E+004 4.0983651E+001
8.5805001E+004 4.0983651E+001
8.5805001E+004 4.3733412E+001
8.5805001E+004 4.3733412E+001
8.5823831E+004 4.1711574E+001
8.5844688E+004 3.9784584E+001
8.5844895E+004 3.9766796E+001
8.5844895E+004 4.5141911E+001
8.5844895E+004 4.5141911E+001
8.5862492E+004 4.3053959E+001
8.5874466E+004 4.1793093E+001
8.5874466E+004 4.1793093E+001
8.5874466E+004 5.1126019E+001
8.5874466E+004 5.1126019E+001
8.5883781E+004 4.9460315E+001
8.5883781E+004 4.9460315E+001
8.5883781E+004 5.4802315E+001
8.5883781E+004 5.4802315E+001
8.5895557E+004 5.2260643E+001
8.5908525E+004 4.9838370E+001
8.5922822E+004 4.7529886E+001
8.5938604E+004 4.5329824E+001
8.5952223E+004 4.3664799E+001
8.5952223E+004 4.3664799E+001
8.5952223E+004 5.1725651E+001
8.5952223E+004 5.1725651E+001
8.5954988E+004 5.1194239E+001
8.5954988E+004 5.1194239E+001
8.5954988E+004 5.2871711E+001
8.5954988E+004 5.2871711E+001
8.5967652E+004 5.0420736E+001
8.5981610E+004 4.8084894E+001
8.5997013E+004 4.5858762E+001
8.6003587E+004 4.4999424E+001
8.6003587E+004 4.4999424E+001
8.6003587E+004 5.9668633E+001
8.6003587E+004 5.9668633E+001
8.6013523E+004 5.6898384E+001
8.6024444E+004 5.4258248E+001
8.6027914E+004 5.3491798E+001
8.6027914E+004 5.3491798E+001
8.6027914E+004 5.7534233E+001
8.6027914E+004 5.7534233E+001
8.6038595E+004 5.4864225E+001
8.6050344E+004 5.2319645E+001
8.6063283E+004 4.9894601E+001
8.6077546E+004 4.7583473E+001
8.6093291E+004 4.5380892E+001
8.6105514E+004 4.3872131E+001
8.6105514E+004 4.3872131E+001
8.6105514E+004 5.4359454E+001
8.6105514E+004 5.4359454E+001
8.6117484E+004 5.1838587E+001
8.6130669E+004 4.9436142E+001
8.6145208E+004 4.7146548E+001
8.6161261E+004 4.4964484E+001
8.6179005E+004 4.2884867E+001
8.6195725E+004 4.1177996E+001
8.6195725E+004 4.1177996E+001
8.6195725E+004 4.6629682E+001
8.6195725E+004 4.6629682E+001
8.6212154E+004 4.4471885E+001
8.6230320E+004 4.2415382E+001
8.6250434E+004 4.0455382E+001
8.6270622E+004 3.8751473E+001
8.6270622E+004 3.8751473E+001
8.6270622E+004 4.7314715E+001
8.6270622E+004 4.7314715E+001
8.6286554E+004 4.5124757E+001
8.6289918E+004 4.4700260E+001
8.6289918E+004 4.4700260E+001
8.6289918E+004 4.8008142E+001
8.6289918E+004 4.8008142E+001
8.6305372E+004 4.5785619E+001
8.6319446E+004 4.4016090E+001
8.6319446E+004 4.4016090E+001
8.6319446E+004 4.8570813E+001
8.6319446E+004 4.8570813E+001
8.6334529E+004 4.6321859E+001
8.6339713E+004 4.5618506E+001
8.6339713E+004 4.5618506E+001
8.6339713E+004 5.3536224E+001
8.6339713E+004 5.3536224E+001
8.6352059E+004 5.1054028E+001
8.6365663E+004 4.8688438E+001
8.6371200E+004 4.7815560E+001
8.6371200E+004 4.7815560E+001
8.6371200E+004 5.2683610E+001
8.6371200E+004 5.2683610E+001
8.6383956E+004 5.0241469E+001
8.6398018E+004 4.7914054E+001
8.6411139E+004 4.6016256E+001
8.6411139E+004 4.6016256E+001
8.6411139E+004 4.8639518E+001
8.6411139E+004 4.8639518E+001
8.6426178E+004 4.6387345E+001
8.6442788E+004 4.4240922E+001
8.6461158E+004 4.2195261E+001
8.6481500E+004 4.0245588E+001
8.6500405E+004 3.8668040E+001
8.6500405E+004 3.8668040E+001
8.6500405E+004 4.3615086E+001
8.6500405E+004 4.3615086E+001
8.6519344E+004 4.1598796E+001
8.6523086E+004 4.1233072E+001
8.6523086E+004 4.1233072E+001
8.6523086E+004 5.2717571E+001
8.6523086E+004 5.2717571E+001
8.6535826E+004 5.0273833E+001
8.6549868E+004 4.7944896E+001
8.6563593E+004 4.5961919E+001
8.6563593E+004 4.5961919E+001
8.6563593E+004 5.0564031E+001
8.6563593E+004 5.0564031E+001
8.6577470E+004 4.8221459E+001
8.6592782E+004 4.5988918E+001
8.6609698E+004 4.3861206E+001
8.6628410E+004 4.1833363E+001
8.6631627E+004 4.1512757E+001
8.6631627E+004 4.1512757E+001
8.6631627E+004 5.3959135E+001
8.6631627E+004 5.3959135E+001
8.6643778E+004 5.1457070E+001
8.6654972E+004 4.9438208E+001
8.6654972E+004 4.9438208E+001
8.6654972E+004 5.1909281E+001
8.6654972E+004 5.1909281E+001
8.6668120E+004 4.9503519E+001
8.6682619E+004 4.7210760E+001
8.6691709E+004 4.5928023E+001
8.6691709E+004 4.5928023E+001
8.6691709E+004 4.8796234E+001
8.6691709E+004 4.8796234E+001
8.6699273E+004 4.7608224E+001
8.6699273E+004 4.7608224E+001
8.6699273E+004 5.3042842E+001
8.6699273E+004 5.3042842E+001
8.6711854E+004 5.0583823E+001
8.6725719E+004 4.8240320E+001
8.6737567E+004 4.6480783E+001
8.6737567E+004 4.6480783E+001
8.6737567E+004 5.3036422E+001
8.6737567E+004 5.3036422E+001
8.6750151E+004 5.0577703E+001
8.6764020E+004 4.8234489E+001
8.6779323E+004 4.6001335E+001
8.6796230E+004 4.3873043E+001
8.6814931E+004 4.1844644E+001
8.6835645E+004 3.9911416E+001
8.6844086E+004 3.9199449E+001
8.6844086E+004 3.9199449E+001
8.6844086E+004 4.4587345E+001
8.6844086E+004 4.4587345E+001
8.6862152E+004 4.2525429E+001
8.6882153E+004 4.0560265E+001
8.6884974E+004 4.0304878E+001
8.6884974E+004 4.0304878E+001
8.6884974E+004 4.4074665E+001
8.6884974E+004 4.4074665E+001
8.6903493E+004 4.2036804E+001
8.6908899E+004 4.1494235E+001
8.6908899E+004 4.1494235E+001
8.6908899E+004 4.7250249E+001
8.6908899E+004 4.7250249E+001
8.6924878E+004 4.5063310E+001
8.6942540E+004 4.2979049E+001
8.6950316E+004 4.2150668E+001
8.6950316E+004 4.2150668E+001
8.6950316E+004 6.1496153E+001
8.6950316E+004 6.1496153E+001
8.6959680E+004 5.8640100E+001
8.6969964E+004 5.5918150E+001
8.6973167E+004 5.5143154E+001
8.6973167E+004 5.5143154E+001
8.6973167E+004 5.8578121E+001
8.6973167E+004 5.8578121E+001
8.6983473E+004 5.5859085E+001
8.6994804E+004 5.3267770E+001
8.7007278E+004 5.0798182E+001
8.7021023E+004 4.8444611E+001
8.7025384E+004 4.7763449E+001
8.7025384E+004 4.7763449E+001
8.7025384E+004 5.1763395E+001
8.7025384E+004 5.1763395E+001
8.7038608E+004 4.9364481E+001
8.7053191E+004 4.7078257E+001
8.7069292E+004 4.4899402E+001
8.7070595E+004 4.4735982E+001
8.7070595E+004 4.4735982E+001
8.7070595E+004 5.0748519E+001
8.7070595E+004 5.0748519E+001
8.7075449E+004 4.9878186E+001
8.7075449E+004 4.9878186E+001
8.7075449E+004 5.6949953E+001
8.7075449E+004 5.6949953E+001
8.7086350E+004 5.4307392E+001
8.7098344E+004 5.1788973E+001
8.7111555E+004 4.9388857E+001
8.7126123E+004 4.7101486E+001
8.7142207E+004 4.4921540E+001
8.7159988E+004 4.2843930E+001
8.7172572E+004 4.1541747E+001
8.7172572E+004 4.1541747E+001
8.7172572E+004 4.4914015E+001
8.7172572E+004 4.4914015E+001
8.7190360E+004 4.2836758E+001
8.7210048E+004 4.0856987E+001
8.7225891E+004 3.9457173E+001
8.7225891E+004 3.9457173E+001
8.7225891E+004 4.5311863E+001
8.7225891E+004 4.5311863E+001
8.7243347E+004 4.3215932E+001
8.7243444E+004 4.3205115E+001
8.7243444E+004 5.0030740E+001
8.7243444E+004 5.0030740E+001
8.7257628E+004 4.7713222E+001
8.7273283E+004 4.5504545E+001
8.7290583E+004 4.3399570E+001
8.7296048E+004 4.2793866E+001
8.7296048E+004 4.2793866E+001
8.7296048E+004 4.9707389E+001
8.7296048E+004 4.9707389E+001
8.7298701E+004 4.9255171E+001
8.7298701E+004 4.9255171E+001
8.7298701E+004 5.2303327E+001
8.7298701E+004 5.2303327E+001
8.7311648E+004 4.9879047E+001
8.7325921E+004 4.7568650E+001
8.7341676E+004 4.5366766E+001
8.7343571E+004 4.5121917E+001
8.7343571E+004 4.5121917E+001
8.7343571E+004 5.0800195E+001
8.7343571E+004 5.0800195E+001
8.7357315E+004 4.8446529E+001
8.7372479E+004 4.6203418E+001
8.7379832E+004 4.5223496E+001
8.7379832E+004 4.5223496E+001
8.7379832E+004 5.9142650E+001
8.7379832E+004 5.9142650E+001
8.7383410E+004 5.8123609E+001
8.7383410E+004 5.8123609E+001
8.7383410E+004 6.1705761E+001
8.7383410E+004 6.1705761E+001
8.7392711E+004 5.8839861E+001
8.7402927E+004 5.6108533E+001
8.7414158E+004 5.3505500E+001
8.7426519E+004 5.1024744E+001
8.7440089E+004 4.8668409E+001
8.7440089E+004 4.8668409E+001
8.7440089E+004 5.7996790E+001
8.7440089E+004 5.7996790E+001
8.7450602E+004 5.5305059E+001
8.7455809E+004 5.4101287E+001
8.7455809E+004 5.4101287E+001
8.7455809E+004 6.2886438E+001
8.7455809E+004 6.2886438E+001
8.7461455E+004 6.0995862E+001
8.7461455E+004 6.0995862E+001
8.7461455E+004 6.4556307E+001
8.7461455E+004 6.4556307E+001
8.7469971E+004 6.1556635E+001
8.7471460E+004 6.1072126E+001
8.7471460E+004 6.1072126E+001
8.7471460E+004 7.4478291E+001
8.7471460E+004 7.4478291E+001
8.7477934E+004 7.1013936E+001
8.7480014E+004 6.9993950E+001
8.7480014E+004 6.9993950E+001
8.7480014E+004 7.1444570E+001
8.7480014E+004 7.1444570E+001
8.7487021E+004 6.8122099E+001
8.7494698E+004 6.4955233E+001
8.7503113E+004 6.1936844E+001
8.7512346E+004 5.9060099E+001
8.7522486E+004 5.6318429E+001
8.7533633E+004 5.3705531E+001
8.7541440E+004 5.2077144E+001
8.7541440E+004 5.2077144E+001
8.7541440E+004 5.8026089E+001
8.7541440E+004 5.8026089E+001
8.7551942E+004 5.5332981E+001
8.7563491E+004 5.2766381E+001
8.7576207E+004 5.0320349E+001
8.7578819E+004 4.9858127E+001
8.7578819E+004 4.9858127E+001
8.7578819E+004 5.6265071E+001
8.7578819E+004 5.6265071E+001
8.7589988E+004 5.3654679E+001
8.7600585E+004 5.1487559E+001
8.7600585E+004 5.1487559E+001
8.7600585E+004 7.4296840E+001
8.7600585E+004 7.4296840E+001
8.7607089E+004 7.0840972E+001
8.7614210E+004 6.7546752E+001
8.7622013E+004 6.4406849E+001
8.7630568E+004 6.1414194E+001
8.7639956E+004 5.8561982E+001
8.7650268E+004 5.5843705E+001
8.7661606E+004 5.3253113E+001
8.7668342E+004 5.1873635E+001
8.7668342E+004 5.1873635E+001
8.7668342E+004 5.5406308E+001
8.7668342E+004 5.5406308E+001
8.7679861E+004 5.2836260E+001
8.7681742E+004 5.2448812E+001
8.7681742E+004 5.2448812E+001
8.7681742E+004 5.7627037E+001
8.7681742E+004 5.7627037E+001
8.7692389E+004 5.4952669E+001
8.7698316E+004 5.3614445E+001
8.7698316E+004 5.3614445E+001
8.7698316E+004 5.8466785E+001
8.7698316E+004 5.8466785E+001
8.7708661E+004 5.5752982E+001
8.7720036E+004 5.3166645E+001
8.7732557E+004 5.0701813E+001
8.7734465E+004 5.0355060E+001
8.7734465E+004 5.0355060E+001
8.7734465E+004 5.3727041E+001
8.7734465E+004 5.3727041E+001
8.7746723E+004 5.1235879E+001
8.7760227E+004 4.8861749E+001
8.7775124E+004 4.6599138E+001
8.7784287E+004 4.5356473E+001
8.7784287E+004 4.5356473E+001
8.7784287E+004 4.8003866E+001
8.7784287E+004 4.8003866E+001
8.7793618E+004 4.6621105E+001
8.7793618E+004 4.6621105E+001
8.7793618E+004 5.6888751E+001
8.7793618E+004 5.6888751E+001
8.7804543E+004 5.4249068E+001
8.7816563E+004 5.1733381E+001
8.7829803E+004 4.9335879E+001
8.7834084E+004 4.8628693E+001
8.7834084E+004 4.8628693E+001
8.7834084E+004 5.1225861E+001
8.7834084E+004 5.1225861E+001
8.7847555E+004 4.8858608E+001
8.7847555E+004 4.8858608E+001
8.7847555E+004 5.1416492E+001
8.7847555E+004 5.1416492E+001
8.7860963E+004 4.9033880E+001
8.7872039E+004 4.7300446E+001
8.7872039E+004 4.7300446E+001
8.7872039E+004 6.3691028E+001
8.7872039E+004 6.3691028E+001
8.7873725E+004 6.3085570E+001
8.7873725E+004 6.3085570E+001
8.7873725E+004 8.1197712E+001
8.7873725E+004 8.1197712E+001
8.7875355E+004 8.0019701E+001
8.7875355E+004 8.0019701E+001
8.7875355E+004 8.3925388E+001
8.7875355E+004 8.3925388E+001
8.7880520E+004 8.0020714E+001
8.7886171E+004 7.6297731E+001
8.7892355E+004 7.2748381E+001
8.7899124E+004 6.9364908E+001
8.7906539E+004 6.6139815E+001
8.7914665E+004 6.3065868E+001
8.7923578E+004 6.0136132E+001
8.7933362E+004 5.7343933E+001
8.7944114E+004 5.4682861E+001
8.7955942E+004 5.2146797E+001
8.7968968E+004 4.9729878E+001
8.7983330E+004 4.7426486E+001
8.7989514E+004 4.6529188E+001
8.7989514E+004 4.6529188E+001
8.7989514E+004 5.9262979E+001
8.7989514E+004 5.9262979E+001
8.7999585E+004 5.6511781E+001
8.8010656E+004 5.3889800E+001
8.8022839E+004 5.1390995E+001
8.8032465E+004 4.9646255E+001
8.8032465E+004 4.9646255E+001
8.8032465E+004 5.4181375E+001
8.8032465E+004 5.4181375E+001
8.8044515E+004 5.1668871E+001
8.8057789E+004 4.9274403E+001
8.8072427E+004 4.6992405E+001
8.8088590E+004 4.4817576E+001
8.8106459E+004 4.2744851E+001
8.8126239E+004 4.0769398E+001
8.8131770E+004 4.0265381E+001
8.8131770E+004 4.0265381E+001
8.8131770E+004 4.5448413E+001
8.8131770E+004 4.5448413E+001
8.8134979E+004 4.5034158E+001
8.8134979E+004 4.5034158E+001
8.8134979E+004 4.7405289E+001
8.8134979E+004 4.7405289E+001
8.8138706E+004 4.6858683E+001
8.8138706E+004 4.6858683E+001
8.8138706E+004 5.1572668E+001
8.8138706E+004 5.1572668E+001
8.8152030E+004 4.9182712E+001
8.8163377E+004 4.7393383E+001
8.8163377E+004 4.7393383E+001
8.8163377E+004 5.2967880E+001
8.8163377E+004 5.2967880E+001
8.8175994E+004 5.0512383E+001
8.8183221E+004 4.9251145E+001
8.8183221E+004 4.9251145E+001
8.8183221E+004 5.4196089E+001
8.8183221E+004 5.4196089E+001
8.8195265E+004 5.1682893E+001
8.8208531E+004 4.9287765E+001
8.8223161E+004 4.7005144E+001
8.8239315E+004 4.4829715E+001
8.8256441E+004 4.2835148E+001
8.8256441E+004 4.2835148E+001
8.8256441E+004 4.6864691E+001
8.8256441E+004 4.6864691E+001
8.8272697E+004 4.4695865E+001
8.8290670E+004 4.2628848E+001
8.8307286E+004 4.0962382E+001
8.8307286E+004 4.0962382E+001
8.8307286E+004 4.4363738E+001
8.8307286E+004 4.4363738E+001
8.8325547E+004 4.2312317E+001
8.8329908E+004 4.1863889E+001
8.8329908E+004 4.1863889E+001
8.8329908E+004 5.1866289E+001
8.8329908E+004 5.1866289E+001
8.8343078E+004 4.9462548E+001
8.8357601E+004 4.7171713E+001
8.8368266E+004 4.5681908E+001
8.8368266E+004 4.5681908E+001
8.8368266E+004 4.8431449E+001
8.8368266E+004 4.8431449E+001
8.8383439E+004 4.6189047E+001
8.8400201E+004 4.4051935E+001
8.8418740E+004 4.2015142E+001
8.8419655E+004 4.1921871E+001
8.8419655E+004 4.1921871E+001
8.8419655E+004 4.7681763E+001
8.8419655E+004 4.7681763E+001
8.8435331E+004 4.5474561E+001
8.8452655E+004 4.3370995E+001
8.8455676E+004 4.3033536E+001
8.8455676E+004 4.3033536E+001
8.8455676E+004 5.5533375E+001
8.8455676E+004 5.5533375E+001
8.8467142E+004 5.2957353E+001
8.8474541E+004 5.1472826E+001
8.8474541E+004 5.1472826E+001
8.8474541E+004 5.8829615E+001
8.8474541E+004 5.8829615E+001
8.8484760E+004 5.6098768E+001
8.8493619E+004 5.4014062E+001
8.8493619E+004 5.4014062E+001
8.8493619E+004 5.8399254E+001
8.8493619E+004 5.8399254E+001
8.8503988E+004 5.5688615E+001
8.8515390E+004 5.3105304E+001
8.8527194E+004 5.0779568E+001
8.8527194E+004 5.0779568E+001
8.8527194E+004 5.6157139E+001
8.8527194E+004 5.6157139E+001
8.8538405E+004 5.3551821E+001
8.8550744E+004 5.1068895E+001
8.8564340E+004 4.8702606E+001
8.8578211E+004 4.6605029E+001
8.8578211E+004 4.6605029E+001
8.8578211E+004 5.0372463E+001
8.8578211E+004 5.0372463E+001
8.8580447E+004 4.9974702E+001
8.8580447E+004 4.9974702E+001
8.8580447E+004 5.9832594E+001
8.8580447E+004 5.9832594E+001
8.8584462E+004 5.8653520E+001
8.8584462E+004 5.8653520E+001
8.8584462E+004 7.1747085E+001
8.8584462E+004 7.1747085E+001
8.8591413E+004 6.8410458E+001
8.8599027E+004 6.5230081E+001
8.8607374E+004 6.2198800E+001
8.8616531E+004 5.9309759E+001
8.8619753E+004 5.8382037E+001
8.8619753E+004 5.8382037E+001
8.8619753E+004 5.9503140E+001
8.8619753E+004 5.9503140E+001
8.8626918E+004 5.7480655E+001
8.8626918E+004 5.7480655E+001
8.8626918E+004 6.7452542E+001
8.8626918E+004 6.7452542E+001
8.8634741E+004 6.4317058E+001
8.8640031E+004 6.2422062E+001
8.8640031E+004 6.2422062E+001
8.8640031E+004 7.0157211E+001
8.8640031E+004 7.0157211E+001
8.8647286E+004 6.6895006E+001
8.8655236E+004 6.3785656E+001
8.8657184E+004 6.3084686E+001
8.8657184E+004 6.3084686E+001
8.8657184E+004 6.6093153E+001
8.8657184E+004 6.6093153E+001
8.8665321E+004 6.3021396E+001
8.8669027E+004 6.1752480E+001
8.8669027E+004 6.1752480E+001
8.8669027E+004 6.4710314E+001
8.8669027E+004 6.4710314E+001
8.8677504E+004 6.1703422E+001
8.8685085E+004 5.9336245E+001
8.8685085E+004 5.9336245E+001
8.8685085E+004 7.9119136E+001
8.8685085E+004 7.9119136E+001
8.8687401E+004 7.7577313E+001
8.8687401E+004 7.7577313E+001
8.8687401E+004 8.3835765E+001
8.8687401E+004 8.3835765E+001
8.8690205E+004 8.1652354E+001
8.8690205E+004 8.1652354E+001
8.8690205E+004 8.3929245E+001
8.8690205E+004 8.3929245E+001
8.8695369E+004 8.0024392E+001
8.8701020E+004 7.6301237E+001
8.8707203E+004 7.2751723E+001
8.8713972E+004 6.9368094E+001
8.8718896E+004 6.7173766E+001
8.8718896E+004 6.7173766E+001
8.8718896E+004 7.0433626E+001
8.8718896E+004 7.0433626E+001
8.8726096E+004 6.7158480E+001
8.8733986E+004 6.4036780E+001
8.8742637E+004 6.1061479E+001
8.8752132E+004 5.8225829E+001
8.8762562E+004 5.5523342E+001
8.8774032E+004 5.2947792E+001
8.8774352E+004 5.2880955E+001
8.8774352E+004 6.1104393E+001
8.8774352E+004 6.1104393E+001
8.8783833E+004 5.8266727E+001
8.8794249E+004 5.5562317E+001
8.8805703E+004 5.2984942E+001
8.8818312E+004 5.0528643E+001
8.8832209E+004 4.8187735E+001
8.8847543E+004 4.5956780E+001
8.8864484E+004 4.3830573E+001
8.8883224E+004 4.1804169E+001
8.8903981E+004 3.9872842E+001
8.8927001E+004 3.8032079E+001
8.8952565E+004 3.6277577E+001
8.8955448E+004 3.6095124E+001
8.8955448E+004 3.6095124E+001
8.8955448E+004 5.2265405E+001
8.8955448E+004 5.2265405E+001
8.8963875E+004 5.0648935E+001
8.8963875E+004 5.0648935E+001
8.8963875E+004 5.2880998E+001
8.8963875E+004 5.2880998E+001
8.8966663E+004 5.2308351E+001
8.8966663E+004 5.2308351E+001
8.8966663E+004 6.5960994E+001
8.8966663E+004 6.5960994E+001
8.8969175E+004 6.4969855E+001
8.8969175E+004 6.4969855E+001
8.8969175E+004 6.6266001E+001
8.8969175E+004 6.6266001E+001
8.8977271E+004 6.3186144E+001
8.8986150E+004 6.0250759E+001
8.8995898E+004 5.7453173E+001
8.9006610E+004 5.4786977E+001
8.9018392E+004 5.2246022E+001
8.9031368E+004 4.9824436E+001
8.9045673E+004 4.7516607E+001
8.9060982E+004 4.5379425E+001
8.9060982E+004 4.5379425E+001
8.9060982E+004 5.8194260E+001
8.9060982E+004 5.8194260E+001
8.9071423E+004 5.5493258E+001
8.9082906E+004 5.2919122E+001
8.9092953E+004 5.0938979E+001
8.9092953E+004 5.0938979E+001
8.9092953E+004 5.3609138E+001
8.9092953E+004 5.3609138E+001
8.9093050E+004 5.3588112E+001
8.9093050E+004 6.1121476E+001
8.9093050E+004 6.1121476E+001
8.9102527E+004 5.8283007E+001
8.9112937E+004 5.5577832E+001
8.9124384E+004 5.2999731E+001
8.9136836E+004 5.0569733E+001
8.9136836E+004 5.0569733E+001
8.9136836E+004 5.4564489E+001
8.9136836E+004 5.4564489E+001
8.9148716E+004 5.2033992E+001
8.9161800E+004 4.9622365E+001
8.9172297E+004 4.7915167E+001
8.9172297E+004 4.7915167E+001
8.9172297E+004 5.2276197E+001
8.9172297E+004 5.2276197E+001
8.9185257E+004 4.9853192E+001
8.9199545E+004 4.7544011E+001
8.9214202E+004 4.5487815E+001
8.9214202E+004 4.5487815E+001
8.9214202E+004 4.9238333E+001
8.9214202E+004 4.9238333E+001
8.9220591E+004 4.8201016E+001
8.9220591E+004 4.8201016E+001
8.9220591E+004 5.8219631E+001
8.9220591E+004 5.8219631E+001
8.9221618E+004 5.7935007E+001
8.9221618E+004 5.7935007E+001
8.9221618E+004 5.9801987E+001
8.9221618E+004 5.9801987E+001
8.9231511E+004 5.7025475E+001
8.9242383E+004 5.4379364E+001
8.9250178E+004 5.2692701E+001
8.9250178E+004 5.2692701E+001
8.9250178E+004 6.3020377E+001
8.9250178E+004 6.3020377E+001
8.9259104E+004 6.0092777E+001
8.9268902E+004 5.7302613E+001
8.9279670E+004 5.4643484E+001
8.9291515E+004 5.2109272E+001
8.9304560E+004 4.9694117E+001
8.9305050E+004 4.9609652E+001
8.9305050E+004 5.1686616E+001
8.9305050E+004 5.1686616E+001
8.9318315E+004 4.9291314E+001
8.9332943E+004 4.7008526E+001
8.9349094E+004 4.4832939E+001
8.9366950E+004 4.2759492E+001
8.9374189E+004 4.1998892E+001
8.9374189E+004 4.1998892E+001
8.9374189E+004 4.4895667E+001
8.9374189E+004 4.4895667E+001
8.9391992E+004 4.2819273E+001
8.9407422E+004 4.1243246E+001
8.9407422E+004 4.1243246E+001
8.9407422E+004 5.0596782E+001
8.9407422E+004 5.0596782E+001
8.9421281E+004 4.8252670E+001
8.9436572E+004 4.6018662E+001
8.9442445E+004 4.5240156E+001
8.9442445E+004 4.5240156E+001
8.9442445E+004 5.0572218E+001
8.9442445E+004 5.0572218E+001
8.9447911E+004 4.9605687E+001
8.9447911E+004 4.9605687E+001
8.9447911E+004 5.4150279E+001
8.9447911E+004 5.4150279E+001
8.9459975E+004 5.1639237E+001
8.9464224E+004 5.0833721E+001
8.9464224E+004 5.0833721E+001
8.9464224E+004 5.8213444E+001
8.9464224E+004 5.8213444E+001
8.9474658E+004 5.5511539E+001
8.9474982E+004 5.5433512E+001
8.9474982E+004 6.1370786E+001
8.9474982E+004 6.1370786E+001
8.9477947E+004 6.0425503E+001
8.9477947E+004 6.0425503E+001
8.9477947E+004 6.7401401E+001
8.9477947E+004 6.7401401E+001
8.9485782E+004 6.4268308E+001
8.9494372E+004 6.1282147E+001
8.9503800E+004 5.8436139E+001
8.9514156E+004 5.5723770E+001
8.9525543E+004 5.3138807E+001
8.9538078E+004 5.0675283E+001
8.9551892E+004 4.8327489E+001
8.9567134E+004 4.6089964E+001
8.9583972E+004 4.3957508E+001
8.9593294E+004 4.2899872E+001
8.9593294E+004 4.2899872E+001
8.9593294E+004 5.2455249E+001
8.9593294E+004 5.2455249E+001
8.9602218E+004 5.0730113E+001
8.9602218E+004 5.0730113E+001
8.9602218E+004 6.4598301E+001
8.9602218E+004 6.4598301E+001
8.9610724E+004 6.1596657E+001
8.9620057E+004 5.8735883E+001
8.9630309E+004 5.6009442E+001
8.9641580E+004 5.3411058E+001
8.9653985E+004 5.0934743E+001
8.9655325E+004 5.0686861E+001
8.9655325E+004 5.0686861E+001
8.9655325E+004 5.4459700E+001
8.9655325E+004 5.4459700E+001
8.9667251E+004 5.1934120E+001
8.9679888E+004 4.9612038E+001
8.9679888E+004 4.9612038E+001
8.9679888E+004 5.7120382E+001
8.9679888E+004 5.7120382E+001
8.9690724E+004 5.4469817E+001
8.9702645E+004 5.1943761E+001
8.9715776E+004 4.9536377E+001
8.9730254E+004 4.7242081E+001
8.9746238E+004 4.5055526E+001
8.9747047E+004 4.4952827E+001
8.9747047E+004 4.4952827E+001
8.9747047E+004 5.2796709E+001
8.9747047E+004 5.2796709E+001
8.9759747E+004 5.0349252E+001
8.9773746E+004 4.8016768E+001
8.9789195E+004 4.5793840E+001
8.9806264E+004 4.3675290E+001
8.9814735E+004 4.2729746E+001
8.9814735E+004 4.2729746E+001
8.9814735E+004 4.6823359E+001
8.9814735E+004 4.6823359E+001
8.9831021E+004 4.4656465E+001
8.9849028E+004 4.2591300E+001
8.9868962E+004 4.0623048E+001
8.9870117E+004 4.0517386E+001
8.9870117E+004 4.0517386E+001
8.9870117E+004 6.0632576E+001
8.9870117E+004 6.0632576E+001
8.9878192E+004 5.8242963E+001
8.9878192E+004 5.8242963E+001
8.9878192E+004 6.0269008E+001
8.9878192E+004 6.0269008E+001
8.9887934E+004 5.7470564E+001
8.9898639E+004 5.4803550E+001
8.9910414E+004 5.2261820E+001
8.9923382E+004 4.9839492E+001
8.9937678E+004 4.7530955E+001
8.9953459E+004 4.5330842E+001
8.9970900E+004 4.3234020E+001
8.9990201E+004 4.1235609E+001
9.0011586E+004 3.9330948E+001
9.0035312E+004 3.7515588E+001
9.0061669E+004 3.5785281E+001
9.0074888E+004 3.5007847E+001
9.0074888E+004 3.5007847E+001
9.0074888E+004 4.0987513E+001
9.0074888E+004 4.0987513E+001
9.0096557E+004 3.9094485E+001
9.0099990E+004 3.8818622E+001
9.0099990E+004 3.8818622E+001
9.0099990E+004 4.4539322E+001
9.0099990E+004 4.4539322E+001
9.0118098E+004 4.2479659E+001
9.0138146E+004 4.0516639E+001
9.0138866E+004 4.0451151E+001
9.0138866E+004 4.0451151E+001
9.0138866E+004 4.1970148E+001
9.0138866E+004 4.1970148E+001
9.0139607E+004 4.1894775E+001
9.0139607E+004 4.1894775E+001
9.0139607E+004 4.5739550E+001
9.0139607E+004 4.5739550E+001
9.0154648E+004 4.3862272E+001
9.0154648E+004 4.3862272E+001
9.0154648E+004 5.4071115E+001
9.0154648E+004 5.4071115E+001
9.0163160E+004 5.2267818E+001
9.0163160E+004 5.2267818E+001
9.0163160E+004 5.6287526E+001
9.0163160E+004 5.6287526E+001
9.0172172E+004 5.4148448E+001
9.0172172E+004 5.4148448E+001
9.0172172E+004 5.6502725E+001
9.0172172E+004 5.6502725E+001
9.0183246E+004 5.3881169E+001
9.0185882E+004 5.3308019E+001
9.0185882E+004 5.3308019E+001
9.0185882E+004 6.5762802E+001
9.0185882E+004 6.5762802E+001
9.0185932E+004 6.5742718E+001
9.0185932E+004 7.2791892E+001
9.0185932E+004 7.2791892E+001
9.0192694E+004 6.9406383E+001
9.0200100E+004 6.6179346E+001
9.0201095E+004 6.5777472E+001
9.0201095E+004 6.5777472E+001
9.0201095E+004 6.8343142E+001
9.0201095E+004 6.8343142E+001
9.0208723E+004 6.5165913E+001
9.0217086E+004 6.2137644E+001
9.0226261E+004 5.9251476E+001
9.0230190E+004 5.8129296E+001
9.0230190E+004 5.8129296E+001
9.0230190E+004 6.0204145E+001
9.0230190E+004 6.0204145E+001
9.0239953E+004 5.7408750E+001
9.0250681E+004 5.4744642E+001
9.0262482E+004 5.2205673E+001
9.0275478E+004 4.9785985E+001
9.0289754E+004 4.7487758E+001
9.0289754E+004 4.7487758E+001
9.0289754E+004 4.9340787E+001
9.0289754E+004 4.9340787E+001
9.0304351E+004 4.7055676E+001
9.0309411E+004 4.6334953E+001
9.0309411E+004 4.6334953E+001
9.0309411E+004 5.1601398E+001
9.0309411E+004 5.1601398E+001
9.0322720E+004 4.9210096E+001
9.0337399E+004 4.6931119E+001
9.0353606E+004 4.4759170E+001
9.0361044E+004 4.3860053E+001
9.0361044E+004 4.3860053E+001
9.0361044E+004 4.7001606E+001
9.0361044E+004 4.7001606E+001
9.0377200E+004 4.4826344E+001
9.0380325E+004 4.4439581E+001
9.0380325E+004 4.4439581E+001
9.0380325E+004 6.1834202E+001
9.0380325E+004 6.1834202E+001
9.0389589E+004 5.8962278E+001
9.0399762E+004 5.6225196E+001
9.0410946E+004 5.3616678E+001
9.0416582E+004 5.2431231E+001
9.0416582E+004 5.2431231E+001
9.0416582E+004 5.7513974E+001
9.0416582E+004 5.7513974E+001
9.0427271E+004 5.4844919E+001
9.0439028E+004 5.2301246E+001
9.0451976E+004 4.9877064E+001
9.0466250E+004 4.7566760E+001
9.0482006E+004 4.5364965E+001
9.0499347E+004 4.3274629E+001
9.0499347E+004 4.3274629E+001
9.0499347E+004 6.2002354E+001
9.0499347E+004 6.2002354E+001
9.0508561E+004 5.9122531E+001
9.0518680E+004 5.6377927E+001
9.0529803E+004 5.3762239E+001
9.0542045E+004 5.1269422E+001
9.0552653E+004 4.9370553E+001
9.0552653E+004 4.9370553E+001
9.0552653E+004 5.2934542E+001
9.0552653E+004 5.2934542E+001
9.0565286E+004 5.0480613E+001
9.0567468E+004 5.0089790E+001
9.0567468E+004 5.0089790E+001
9.0567468E+004 5.2554758E+001
9.0567468E+004 5.2554758E+001
9.0580288E+004 5.0118668E+001
9.0594421E+004 4.7797016E+001
9.0610018E+004 4.5584407E+001
9.0627254E+004 4.3475690E+001
9.0638481E+004 4.2254001E+001
9.0638481E+004 4.2254001E+001
9.0638481E+004 4.9371101E+001
9.0638481E+004 4.9371101E+001
9.0653060E+004 4.7084565E+001
9.0669157E+004 4.4905415E+001
9.0676061E+004 4.4060425E+001
9.0676061E+004 4.4060425E+001
9.0676061E+004 4.7313106E+001
9.0676061E+004 4.7313106E+001
9.0679991E+004 4.6740775E+001
9.0679991E+004 4.6740775E+001
9.0679991E+004 5.9782460E+001
9.0679991E+004 5.9782460E+001
9.0689890E+004 5.7006861E+001
9.0696008E+004 5.5470346E+001
9.0696008E+004 5.5470346E+001
9.0696008E+004 5.8957751E+001
9.0696008E+004 5.8957751E+001
9.0706183E+004 5.6220881E+001
9.0717369E+004 5.3612566E+001
9.0729680E+004 5.1126787E+001
9.0743244E+004 4.8757780E+001
9.0758206E+004 4.6500047E+001
9.0774732E+004 4.4348338E+001
9.0793007E+004 4.2297641E+001
9.0797394E+004 4.1847008E+001
9.0797394E+004 4.1847008E+001
9.0797394E+004 7.2436510E+001
9.0797394E+004 7.2436510E+001
9.0804219E+004 6.9067625E+001
9.0809336E+004 6.6819338E+001
9.0809336E+004 6.6819338E+001
9.0809336E+004 7.5717346E+001
9.0809336E+004 7.5717346E+001
9.0815610E+004 7.2195107E+001
9.0822479E+004 6.8837513E+001
9.0830002E+004 6.5637122E+001
9.0838249E+004 6.2586757E+001
9.0846111E+004 6.0036030E+001
9.0846111E+004 6.0036030E+001
9.0846111E+004 6.1773553E+001
9.0846111E+004 6.1773553E+001
9.0855392E+004 5.8904476E+001
9.0865585E+004 5.6170110E+001
9.0872098E+004 5.4607723E+001
9.0872098E+004 5.4607723E+001
9.0872098E+004 6.6277425E+001
9.0872098E+004 6.6277425E+001
9.0880191E+004 6.3197032E+001
9.0889068E+004 6.0261138E+001
9.0893186E+004 5.9027247E+001
9.0893186E+004 5.9027247E+001
9.0893186E+004 6.0559250E+001
9.0893186E+004 6.0559250E+001
9.0902837E+004 5.7747178E+001
9.0913440E+004 5.5067171E+001
9.0923468E+004 5.2847993E+001
9.0923468E+004 5.2847993E+001
9.0923468E+004 5.8641831E+001
9.0923468E+004 5.8641831E+001
9.0933752E+004 5.5919801E+001
9.0944142E+004 5.3521588E+001
9.0944142E+004 5.3521588E+001
9.0944142E+004 6.5253142E+001
9.0944142E+004 6.5253142E+001
9.0952483E+004 6.2220779E+001
9.0961634E+004 5.9330705E+001
9.0971683E+004 5.6576327E+001
9.0982728E+004 5.3951314E+001
9.0994883E+004 5.1449617E+001
9.1002078E+004 5.0122901E+001
9.1002078E+004 5.0122901E+001
9.1002078E+004 6.5684173E+001
9.1002078E+004 6.5684173E+001
9.1010313E+004 6.2631600E+001
9.1019347E+004 5.9722246E+001
9.1029266E+004 5.6949477E+001
9.1033297E+004 5.5925575E+001
9.1033297E+004 5.5925575E+001
9.1033297E+004 6.0021277E+001
9.1033297E+004 6.0021277E+001
9.1043118E+004 5.7234465E+001
9.1047753E+004 5.6044782E+001
9.1047753E+004 5.6044782E+001
9.1047753E+004 6.6479537E+001
9.1047753E+004 6.6479537E+001
9.1055798E+004 6.3389663E+001
9.1064623E+004 6.0444730E+001
9.1069268E+004 5.9046314E+001
9.1069268E+004 5.9046314E+001
9.1069268E+004 6.1786257E+001
9.1069268E+004 6.1786257E+001
9.1078545E+004 5.8916586E+001
9.1088734E+004 5.6181651E+001
9.1099936E+004 5.3575181E+001
9.1102626E+004 5.3000211E+001
9.1102626E+004 5.3000211E+001
9.1102626E+004 6.8437513E+001
9.1102626E+004 6.8437513E+001
9.1110235E+004 6.5255867E+001
9.1118575E+004 6.2223377E+001
9.1127725E+004 5.9333181E+001
9.1134367E+004 5.7466484E+001
9.1134367E+004 5.7466484E+001
9.1134367E+004 5.9844238E+001
9.1134367E+004 5.9844238E+001
9.1144246E+004 5.7065746E+001
9.1155103E+004 5.4417742E+001
9.1160916E+004 5.3141471E+001
9.1160916E+004 5.3141471E+001
9.1160916E+004 5.7350138E+001
9.1160916E+004 5.7350138E+001
9.1171666E+004 5.4688775E+001
9.1183491E+004 5.2152433E+001
9.1196514E+004 4.9735248E+001
9.1210873E+004 4.7431606E+001
9.1226723E+004 4.5236153E+001
9.1244242E+004 4.3143780E+001
9.1255960E+004 4.1900715E+001
9.1255960E+004 4.1900715E+001
9.1255960E+004 7.2143997E+001
9.1255960E+004 7.2143997E+001
9.1257739E+004 7.1228679E+001
9.1257739E+004 7.1228679E+001
9.1257739E+004 7.3772770E+001
9.1257739E+004 7.3772770E+001
9.1264331E+004 7.0341394E+001
9.1271549E+004 6.7070570E+001
9.1279459E+004 6.3952983E+001
9.1288132E+004 6.0981617E+001
9.1297652E+004 5.8149720E+001
9.1308109E+004 5.5450800E+001
9.1316825E+004 5.3465999E+001
9.1316825E+004 5.3465999E+001
9.1316825E+004 6.5608388E+001
9.1316825E+004 6.5608388E+001
9.1325079E+004 6.2559371E+001
9.1334133E+004 5.9653403E+001
9.1344075E+004 5.6883870E+001
9.1355001E+004 5.4244416E+001
9.1367023E+004 5.1728947E+001
9.1371873E+004 5.0807888E+001
9.1371873E+004 5.0807888E+001
9.1371873E+004 6.0571813E+001
9.1371873E+004 6.0571813E+001
9.1381519E+004 5.7759150E+001
9.1390009E+004 5.5580317E+001
9.1390009E+004 5.5580317E+001
9.1390009E+004 6.5608503E+001
9.1390009E+004 6.5608503E+001
9.1398262E+004 6.2559481E+001
9.1404199E+004 6.0605449E+001
9.1404199E+004 6.0605449E+001
9.1404199E+004 6.5435112E+001
9.1404199E+004 6.5435112E+001
9.1412496E+004 6.2394217E+001
9.1421597E+004 5.9496007E+001
9.1431590E+004 5.6733860E+001
9.1442575E+004 5.4101449E+001
9.1454661E+004 5.1592703E+001
9.1467975E+004 4.9201807E+001
9.1482658E+004 4.6923219E+001
9.1498872E+004 4.4751642E+001
9.1516797E+004 4.2682015E+001
9.1536639E+004 4.0709502E+001
9.1558633E+004 3.8829510E+001
9.1583043E+004 3.7037650E+001
9.1610170E+004 3.5329733E+001
9.1616002E+004 3.4993856E+001
9.1616002E+004 3.4993856E+001
9.1616002E+004 6.3563707E+001
9.1616002E+004 6.3563707E+001
9.1624779E+004 6.0610611E+001
9.1634413E+004 5.7796126E+001
9.1635741E+004 5.7437013E+001
9.1635741E+004 5.7437013E+001
9.1635741E+004 6.2293379E+001
9.1635741E+004 6.2293379E+001
9.1639909E+004 6.0919045E+001
9.1639909E+004 6.0919045E+001
9.1639909E+004 7.2917296E+001
9.1639909E+004 7.2917296E+001
9.1646648E+004 6.9525925E+001
9.1647385E+004 6.9181423E+001
9.1647385E+004 6.9181423E+001
9.1647385E+004 7.0315832E+001
9.1647385E+004 7.0315832E+001
9.1654609E+004 6.7046205E+001
9.1662524E+004 6.3929762E+001
9.1671204E+004 6.0959487E+001
9.1680730E+004 5.8128629E+001
9.1691195E+004 5.5430700E+001
9.1693397E+004 5.4907940E+001
9.1693397E+004 5.4907940E+001
9.1693397E+004 5.7235568E+001
9.1693397E+004 5.7235568E+001
9.1700116E+004 5.5535278E+001
9.1700116E+004 5.5535278E+001
9.1700116E+004 5.8437326E+001
9.1700116E+004 5.8437326E+001
9.1703328E+004 5.7551776E+001
9.1703328E+004 5.7551776E+001
9.1703328E+004 6.5573454E+001
9.1703328E+004 6.5573454E+001
9.1711591E+004 6.2526070E+001
9.1720654E+004 5.9621667E+001
9.1730606E+004 5.6853624E+001
9.1741544E+004 5.4215589E+001
9.1753579E+004 5.1701476E+001
9.1766836E+004 4.9305474E+001
9.1781455E+004 4.7022024E+001
9.1797597E+004 4.4845802E+001
9.1806345E+004 4.3788116E+001
9.1806345E+004 4.3788116E+001
9.1806345E+004 4.9977304E+001
9.1806345E+004 4.9977304E+001
9.1820560E+004 4.7662296E+001
9.1836250E+004 4.5456009E+001
9.1853589E+004 4.3353315E+001
9.1870509E+004 4.1569801E+001
9.1870509E+004 4.1569801E+001
9.1870509E+004 5.8180795E+001
9.1870509E+004 5.8180795E+001
9.1880955E+004 5.5480422E+001
9.1892443E+004 5.2906889E+001
9.1905090E+004 5.0454260E+001
9.1907243E+004 5.0069128E+001
9.1907243E+004 5.0069128E+001
9.1907243E+004 5.3422894E+001
9.1907243E+004 5.3422894E+001
9.1919643E+004 5.0946023E+001
9.1933306E+004 4.8585512E+001
9.1948380E+004 4.6335866E+001
9.1965029E+004 4.4191864E+001
9.1973702E+004 4.3189002E+001
9.1973702E+004 4.3189002E+001
9.1973702E+004 4.9946653E+001
9.1973702E+004 4.9946653E+001
9.1987936E+004 4.7633077E+001
9.1989068E+004 4.7462305E+001
9.1989068E+004 4.7462305E+001
9.1989068E+004 5.1682787E+001
9.1989068E+004 5.1682787E+001
9.2002335E+004 4.9287665E+001
9.2016965E+004 4.7005048E+001
9.2033119E+004 4.4829624E+001
9.2050978E+004 4.2756333E+001
9.2070746E+004 4.0780341E+001
9.2092656E+004 3.8897022E+001
9.2100943E+004 3.8252279E+001
9.2100943E+004 3.8252279E+001
9.2100943E+004 5.3286962E+001
9.2100943E+004 5.3286962E+001
9.2113407E+004 5.0816474E+001
9.2127142E+004 4.8462043E+001
9.2131273E+004 4.7815307E+001
9.2131273E+004 4.7815307E+001
9.2131273E+004 4.9650696E+001
9.2131273E+004 4.9650696E+001
9.2134405E+004 4.9120026E+001
9.2134405E+004 4.9120026E+001
9.2134405E+004 5.6761248E+001
9.2134405E+004 5.6761248E+001
9.2145379E+004 5.4127549E+001
9.2157453E+004 5.1617576E+001
9.2170754E+004 4.9225517E+001
9.2173378E+004 4.8791389E+001
9.2173378E+004 4.8791389E+001
9.2173378E+004 5.2125288E+001
9.2173378E+004 5.2125288E+001
9.2186414E+004 4.9709379E+001
9.2200789E+004 4.7406949E+001
9.2216656E+004 4.5212655E+001
9.2234194E+004 4.3121386E+001
9.2253604E+004 4.1128263E+001
9.2260366E+004 4.0497761E+001
9.2260366E+004 4.0497761E+001
9.2260366E+004 4.8845660E+001
9.2260366E+004 4.8845660E+001
9.2275273E+004 4.6583806E+001
9.2280181E+004 4.5905343E+001
9.2280181E+004 4.5905343E+001
9.2280181E+004 5.1932187E+001
9.2280181E+004 5.1932187E+001
9.2293317E+004 4.9525347E+001
9.2307802E+004 4.7231569E+001
9.2323794E+004 4.5045508E+001
9.2341471E+004 4.2962084E+001
9.2361035E+004 4.0976437E+001
9.2382717E+004 3.9083924E+001
9.2406776E+004 3.7280136E+001
9.2411522E+004 3.6954004E+001
9.2411522E+004 3.6954004E+001
9.2411522E+004 4.3586919E+001
9.2411522E+004 4.3586919E+001
9.2430487E+004 4.1571952E+001
9.2441631E+004 4.0515033E+001
9.2441631E+004 4.0515033E+001
9.2441631E+004 6.0730597E+001
9.2441631E+004 6.0730597E+001
9.2451228E+004 5.7910484E+001
9.2454984E+004 5.6906173E+001
9.2454984E+004 5.6906173E+001
9.2454984E+004 5.8114646E+001
9.2454984E+004 5.8114646E+001
9.2465454E+004 5.5417374E+001
9.2476968E+004 5.2846807E+001
9.2481054E+004 5.2015901E+001
9.2481054E+004 5.2015901E+001
9.2481054E+004 5.3294047E+001
9.2481054E+004 5.3294047E+001
9.2493515E+004 5.0823228E+001
9.2494908E+004 5.0567325E+001
9.2494908E+004 5.0567325E+001
9.2494908E+004 6.6162584E+001
9.2494908E+004 6.6162584E+001
9.2503029E+004 6.3087569E+001
9.2511936E+004 6.0156813E+001
9.2521714E+004 5.7363642E+001
9.2532458E+004 5.4701646E+001
9.2544278E+004 5.2164700E+001
9.2557295E+004 4.9746938E+001
9.2571646E+004 4.7442750E+001
9.2587489E+004 4.5246773E+001
9.2604999E+004 4.3153901E+001
9.2617793E+004 4.1801591E+001
9.2617793E+004 4.1801591E+001
9.2617793E+004 6.0907953E+001
9.2617793E+004 6.0907953E+001
9.2627335E+004 5.8079510E+001
9.2637818E+004 5.5383890E+001
9.2649346E+004 5.2814897E+001
9.2662038E+004 5.0366590E+001
9.2676027E+004 4.8033291E+001
9.2691464E+004 4.5809586E+001
9.2708521E+004 4.3690297E+001
9.2718493E+004 4.2582960E+001
9.2718493E+004 4.2582960E+001
9.2718493E+004 5.4086762E+001
9.2718493E+004 5.4086762E+001
9.2721793E+004 5.3364070E+001
9.2721793E+004 5.3364070E+001
9.2721793E+004 5.7208872E+001
9.2721793E+004 5.7208872E+001
9.2723145E+004 5.6854225E+001
9.2723145E+004 5.6854225E+001
9.2723145E+004 5.8080880E+001
9.2723145E+004 5.8080880E+001
9.2733627E+004 5.5385197E+001
9.2737124E+004 5.4564228E+001
9.2737124E+004 5.4564228E+001
9.2737124E+004 5.6788975E+001
9.2737124E+004 5.6788975E+001
9.2748087E+004 5.4153972E+001
9.2760150E+004 5.1642757E+001
9.2773437E+004 4.9249516E+001
9.2788091E+004 4.6968686E+001
9.2793497E+004 4.6204191E+001
9.2793497E+004 4.6204191E+001
9.2793497E+004 5.0732868E+001
9.2793497E+004 5.0732868E+001
9.2807279E+004 4.8382369E+001
9.2822484E+004 4.6142269E+001
9.2839282E+004 4.4007355E+001
9.2845045E+004 4.3341408E+001
9.2845045E+004 4.3341408E+001
9.2845045E+004 5.0274966E+001
9.2845045E+004 5.0274966E+001
9.2851296E+004 4.9193577E+001
9.2851296E+004 4.9193577E+001
9.2851296E+004 5.2221951E+001
9.2851296E+004 5.2221951E+001
9.2864283E+004 4.9801497E+001
9.2878602E+004 4.7494746E+001
9.2894408E+004 4.5296329E+001
9.2911878E+004 4.3201128E+001
9.2912280E+004 4.3156318E+001
9.2912280E+004 5.7058546E+001
9.2912280E+004 5.7058546E+001
9.2923139E+004 5.4410880E+001
9.2926572E+004 5.3646157E+001
9.2926572E+004 5.3646157E+001
9.2926572E+004 6.6174329E+001
9.2926572E+004 6.6174329E+001
9.2934690E+004 6.3098766E+001
9.2940249E+004 6.1217481E+001
9.2940249E+004 6.1217481E+001
9.2940249E+004 6.5510638E+001
9.2940249E+004 6.5510638E+001
9.2946614E+004 6.3130300E+001
9.2946614E+004 6.3130300E+001
9.2946614E+004 6.5093785E+001
9.2946614E+004 6.5093785E+001
9.2947718E+004 6.4669366E+001
9.2947718E+004 6.4669366E+001
9.2947718E+004 7.4558548E+001
9.2947718E+004 7.4558548E+001
9.2954178E+004 7.1090439E+001
9.2961252E+004 6.7784544E+001
9.2968523E+004 6.4814882E+001
9.2968523E+004 6.4814882E+001
9.2968523E+004 7.0445470E+001
9.2968523E+004 7.0445470E+001
9.2975722E+004 6.7169769E+001
9.2983609E+004 6.4047540E+001
9.2992257E+004 6.1071734E+001
9.3001749E+004 5.8235602E+001
9.3012176E+004 5.5532656E+001
9.3023642E+004 5.2956667E+001
9.3036265E+004 5.0501698E+001
9.3050177E+004 4.8162057E+001
9.3065528E+004 4.5932304E+001
9.3082488E+004 4.3807247E+001
9.3101250E+004 4.1781940E+001
9.3122031E+004 3.9851657E+001
9.3129210E+004 3.9246317E+001
9.3129210E+004 3.9246317E+001
9.3129210E+004 4.7919168E+001
9.3129210E+004 4.7919168E+001
9.3141089E+004 4.6190028E+001
9.3141089E+004 4.6190028E+001
9.3141089E+004 5.6077885E+001
9.3141089E+004 5.6077885E+001
9.3152332E+004 5.3476291E+001
9.3164707E+004 5.0996908E+001
9.3178342E+004 4.8634004E+001
9.3193384E+004 4.6382091E+001
9.3209999E+004 4.4235915E+001
9.3218547E+004 4.3243960E+001
9.3218547E+004 4.3243960E+001
9.3218547E+004 4.9334077E+001
9.3218547E+004 4.9334077E+001
9.3233149E+004 4.7049282E+001
9.3249271E+004 4.4871780E+001
9.3267094E+004 4.2796508E+001
9.3286822E+004 4.0818628E+001
9.3308688E+004 3.8933524E+001
9.3332953E+004 3.7136782E+001
9.3359917E+004 3.5424221E+001
9.3377788E+004 3.4419577E+001
9.3377788E+004 3.4419577E+001
9.3377788E+004 6.1324503E+001
9.3377788E+004 6.1324503E+001
9.3387203E+004 5.8476505E+001
9.3397545E+004 5.5762246E+001
9.3408916E+004 5.3175473E+001
9.3421433E+004 5.0710225E+001
9.3435228E+004 4.8360791E+001
9.3450447E+004 4.6121699E+001
9.3467261E+004 4.3987752E+001
9.3485858E+004 4.1953975E+001
9.3494824E+004 4.1071931E+001
9.3494824E+004 4.1071931E+001
9.3494824E+004 5.8570560E+001
9.3494824E+004 5.8570560E+001
9.3495036E+004 5.8510255E+001
9.3495036E+004 6.0235725E+001
9.3495036E+004 6.0235725E+001
9.3504789E+004 5.7438845E+001
9.3510073E+004 5.6074314E+001
9.3510073E+004 5.6074314E+001
9.3510073E+004 5.8393813E+001
9.3510073E+004 5.8393813E+001
9.3520443E+004 5.5683429E+001
9.3531847E+004 5.3100362E+001
9.3544400E+004 5.0638647E+001
9.3558235E+004 4.8292567E+001
9.3573500E+004 4.6056683E+001
9.3590363E+004 4.3925791E+001
9.3609017E+004 4.1894922E+001
9.3619901E+004 4.0836578E+001
9.3619901E+004 4.0836578E+001
9.3619901E+004 5.9612291E+001
9.3619901E+004 5.9612291E+001
9.3629856E+004 5.6844689E+001
9.3640798E+004 5.4207071E+001
9.3652836E+004 5.1693358E+001
9.3666097E+004 4.9297739E+001
9.3680721E+004 4.7014651E+001
9.3696868E+004 4.4838776E+001
9.3711006E+004 4.3169824E+001
9.3711006E+004 4.3169824E+001
9.3711006E+004 5.2511365E+001
9.3711006E+004 5.2511365E+001
9.3723848E+004 5.0077313E+001
9.3738005E+004 4.7757605E+001
9.3753629E+004 4.5546848E+001
9.3762959E+004 4.4367227E+001
9.3762959E+004 4.4367227E+001
9.3762959E+004 5.4380561E+001
9.3762959E+004 5.4380561E+001
9.3765453E+004 5.3822522E+001
9.3765453E+004 5.3822522E+001
9.3765453E+004 5.7607064E+001
9.3765453E+004 5.7607064E+001
9.3769729E+004 5.6485429E+001
9.3769729E+004 5.6485429E+001
9.3769729E+004 5.8462615E+001
9.3769729E+004 5.8462615E+001
9.3780075E+004 5.5749008E+001
9.3791452E+004 5.3162858E+001
9.3794031E+004 5.2623945E+001
9.3794031E+004 5.2623945E+001
9.3794031E+004 5.7502342E+001
9.3794031E+004 5.7502342E+001
9.3799122E+004 5.6181705E+001
9.3799122E+004 5.6181705E+001
9.3799122E+004 6.6781821E+001
9.3799122E+004 6.6781821E+001
9.3807097E+004 6.3677773E+001
9.3815844E+004 6.0719320E+001
9.3825444E+004 5.7899737E+001
9.3835992E+004 5.5212562E+001
9.3842396E+004 5.3750735E+001
9.3842396E+004 5.3750735E+001
9.3842396E+004 5.6782921E+001
9.3842396E+004 5.6782921E+001
9.3853361E+004 5.4148203E+001
9.3865427E+004 5.1637258E+001
9.3878717E+004 4.9244277E+001
9.3893374E+004 4.6963692E+001
9.3909558E+004 4.4790212E+001
9.3927450E+004 4.2718774E+001
9.3934828E+004 4.1946254E+001
9.3934828E+004 4.1946254E+001
9.3934828E+004 5.9153231E+001
9.3934828E+004 5.9153231E+001
9.3943590E+004 5.6749641E+001
9.3943590E+004 5.6749641E+001
9.3943590E+004 5.9240944E+001
9.3943590E+004 5.9240944E+001
9.3953669E+004 5.6490776E+001
9.3957289E+004 5.5590305E+001
9.3957289E+004 5.5590305E+001
9.3957289E+004 5.7688146E+001
9.3957289E+004 5.7688146E+001
9.3967914E+004 5.5010913E+001
9.3979600E+004 5.2459436E+001
9.3983064E+004 5.1767762E+001
9.3983064E+004 5.1767762E+001
9.3983064E+004 5.4892962E+001
9.3983064E+004 5.4892962E+001
9.3992958E+004 5.2721595E+001
9.3992958E+004 5.2721595E+001
9.3992958E+004 5.6897862E+001
9.3992958E+004 5.6897862E+001
9.4003879E+004 5.4257750E+001
9.4015895E+004 5.1741655E+001
9.4018353E+004 5.1267918E+001
9.4018353E+004 5.1267918E+001
9.4018353E+004 5.4588458E+001
9.4018353E+004 5.4588458E+001
9.4020982E+004 5.3994092E+001
9.4020982E+004 5.3994092E+001
9.4020982E+004 5.7272943E+001
9.4020982E+004 5.7272943E+001
9.4028039E+004 5.5487721E+001
9.4028039E+004 5.5487721E+001
9.4028039E+004 5.8204190E+001
9.4028039E+004 5.8204190E+001
9.4038477E+004 5.5502720E+001
9.4049956E+004 5.2928140E+001
9.4055411E+004 5.1822676E+001
9.4055411E+004 5.1822676E+001
9.4055411E+004 5.5168907E+001
9.4055411E+004 5.5168907E+001
9.4067030E+004 5.2610011E+001
9.4077269E+004 5.0628656E+001
9.4077269E+004 5.0628656E+001
9.4077269E+004 5.4251654E+001
9.4077269E+004 5.4251654E+001
9.4089288E+004 5.1735845E+001
9.4102526E+004 4.9338228E+001
9.4117125E+004 4.7053237E+001
9.4133245E+004 4.4875551E+001
9.4136774E+004 4.4438060E+001
9.4136774E+004 4.4438060E+001
9.4136774E+004 4.7624934E+001
9.4136774E+004 4.7624934E+001
9.4152490E+004 4.5420404E+001
9.4159442E+004 4.4539392E+001
9.4159442E+004 4.4539392E+001
9.4159442E+004 5.3524250E+001
9.4159442E+004 5.3524250E+001
9.4164873E+004 5.2386376E+001
9.4164873E+004 5.2386376E+001
9.4164873E+004 5.7024925E+001
9.4164873E+004 5.7024925E+001
9.4175745E+004 5.4378840E+001
9.4187707E+004 5.1857062E+001
9.4200882E+004 4.9453753E+001
9.4215411E+004 4.7163331E+001
9.4231451E+004 4.4980478E+001
9.4249182E+004 4.2900110E+001
9.4252404E+004 4.2552531E+001
9.4252404E+004 4.2552531E+001
9.4252404E+004 4.5912105E+001
9.4252404E+004 4.5912105E+001
9.4269381E+004 4.3787997E+001
9.4279581E+004 4.2648616E+001
9.4279581E+004 4.2648616E+001
9.4279581E+004 5.0777488E+001
9.4279581E+004 5.0777488E+001
9.4293338E+004 4.8424891E+001
9.4308516E+004 4.6182797E+001
9.4325282E+004 4.4045978E+001
9.4343826E+004 4.2009465E+001
9.4364364E+004 4.0068508E+001
9.4387137E+004 3.8218575E+001
9.4404529E+004 3.6975296E+001
9.4404529E+004 3.6975296E+001
9.4404529E+004 4.3711711E+001
9.4404529E+004 4.3711711E+001
9.4423378E+004 4.1690884E+001
9.4436043E+004 4.0486006E+001
9.4436043E+004 4.0486006E+001
9.4436043E+004 4.4465071E+001
9.4436043E+004 4.4465071E+001
9.4454216E+004 4.2408888E+001
9.4474336E+004 4.0449193E+001
9.4483584E+004 3.9638043E+001
9.4483584E+004 3.9638043E+001
9.4483584E+004 4.1299563E+001
9.4483584E+004 4.1299563E+001
9.4504897E+004 3.9391898E+001
9.4528542E+004 3.7573679E+001
9.4554808E+004 3.5840660E+001
9.4577891E+004 3.4513352E+001
9.4577891E+004 3.4513352E+001
9.4577891E+004 5.1815208E+001
9.4577891E+004 5.1815208E+001
9.4591088E+004 4.9413859E+001
9.4605640E+004 4.7125312E+001
9.4612558E+004 4.6144266E+001
9.4612558E+004 4.6144266E+001
9.4612558E+004 5.2084674E+001
9.4612558E+004 5.2084674E+001
9.4625616E+004 4.9670670E+001
9.4640013E+004 4.7370060E+001
9.4655907E+004 4.5177500E+001
9.4673474E+004 4.3087884E+001
9.4692916E+004 4.1096327E+001
9.4714459E+004 3.9198195E+001
9.4738363E+004 3.7389056E+001
9.4764921E+004 3.5664684E+001
9.4794466E+004 3.4021043E+001
9.4823448E+004 3.2627909E+001
9.4823448E+004 3.2627909E+001
9.4823448E+004 4.0321080E+001
9.4823448E+004 4.0321080E+001
9.4845909E+004 3.8459301E+001
9.4870844E+004 3.6684790E+001
9.4898562E+004 3.4993392E+001
9.4929414E+004 3.3381168E+001
9.4955674E+004 3.2184609E+001
9.4955674E+004 3.2184609E+001
9.4955674E+004 5.7332720E+001
9.4955674E+004 5.7332720E+001
9.4961156E+004 5.5926544E+001
9.4961156E+004 5.5926544E+001
9.4961156E+004 6.3028899E+001
9.4961156E+004 6.3028899E+001
9.4970079E+004 6.0100899E+001
9.4979875E+004 5.7310355E+001
9.4983792E+004 5.6295724E+001
9.4983792E+004 5.6295724E+001
9.4983792E+004 5.9564751E+001
9.4983792E+004 5.9564751E+001
9.4993763E+004 5.6799384E+001
9.5004722E+004 5.4163891E+001
9.5007202E+004 5.3615594E+001
9.5007202E+004 5.3615594E+001
9.5007202E+004 5.5468872E+001
9.5007202E+004 5.5468872E+001
9.5018695E+004 5.2895883E+001
9.5031347E+004 5.0443771E+001
9.5045292E+004 4.8106853E+001
9.5060680E+004 4.5879689E+001
9.5077682E+004 4.3757105E+001
9.5096489E+004 4.1734154E+001
9.5097677E+004 4.1615742E+001
9.5097677E+004 4.1615742E+001
9.5097677E+004 4.7807957E+001
9.5097677E+004 4.7807957E+001
9.5107800E+004 4.6331881E+001
9.5107800E+004 4.6331881E+001
9.5107800E+004 4.8199509E+001
9.5107800E+004 4.8199509E+001
9.5123126E+004 4.5968000E+001
9.5140059E+004 4.3841266E+001
9.5143770E+004 4.3413761E+001
9.5143770E+004 4.3413761E+001
9.5143770E+004 4.7079964E+001
9.5143770E+004 4.7079964E+001
9.5159870E+004 4.4901030E+001
9.5164593E+004 4.4317538E+001
9.5164593E+004 4.4317538E+001
9.5164593E+004 5.0104397E+001
9.5164593E+004 5.0104397E+001
9.5169891E+004 4.9192535E+001
9.5169891E+004 4.9192535E+001
9.5169891E+004 5.2303926E+001
9.5169891E+004 5.2303926E+001
9.5182837E+004 4.9879617E+001
9.5188253E+004 4.8960405E+001
9.5188253E+004 4.8960405E+001
9.5188253E+004 5.5692534E+001
9.5188253E+004 5.5692534E+001
9.5199653E+004 5.3109039E+001
9.5212203E+004 5.0646915E+001
9.5226032E+004 4.8300447E+001
9.5241292E+004 4.6064192E+001
9.5258150E+004 4.3932948E+001
9.5276797E+004 4.1901745E+001
9.5276917E+004 4.1889582E+001
9.5276917E+004 5.7123971E+001
9.5276917E+004 5.7123971E+001
9.5287752E+004 5.4473238E+001
9.5299672E+004 5.1947020E+001
9.5312800E+004 4.9539484E+001
9.5319380E+004 4.8452379E+001
9.5319380E+004 4.8452379E+001
9.5319380E+004 5.3275909E+001
9.5319380E+004 5.3275909E+001
9.5331849E+004 5.0805938E+001
9.5345590E+004 4.8452003E+001
9.5360567E+004 4.6233721E+001
9.5360567E+004 4.6233721E+001
9.5360567E+004 6.4811146E+001
9.5360567E+004 6.4811146E+001
9.5369019E+004 6.1799520E+001
9.5378292E+004 5.8929226E+001
9.5388477E+004 5.6193697E+001
9.5399674E+004 5.3586660E+001
9.5411997E+004 5.1102099E+001
9.5425574E+004 4.8734249E+001
9.5440552E+004 4.6477622E+001
9.5457095E+004 4.4326968E+001
9.5475389E+004 4.2277269E+001
9.5481799E+004 4.1624911E+001
9.5481799E+004 4.1624911E+001
9.5481799E+004 5.2209602E+001
9.5481799E+004 5.2209602E+001
9.5484766E+004 5.1623909E+001
9.5484766E+004 5.1623909E+001
9.5484766E+004 5.4534344E+001
9.5484766E+004 5.4534344E+001
9.5496659E+004 5.2005258E+001
9.5509758E+004 4.9594982E+001
9.5524200E+004 4.7297931E+001
9.5540145E+004 4.5108762E+001
9.5557769E+004 4.3022364E+001
9.5577275E+004 4.1033886E+001
9.5584790E+004 4.0340080E+001
9.5584790E+004 4.0340080E+001
9.5584790E+004 4.5569017E+001
9.5584790E+004 4.5569017E+001
9.5602039E+004 4.3461018E+001
9.5621123E+004 4.1451955E+001
9.5636685E+004 4.0013094E+001
9.5636685E+004 4.0013094E+001
9.5636685E+004 5.1311984E+001
9.5636685E+004 5.1311984E+001
9.5649726E+004 4.9003468E+001
9.5649726E+004 4.9003468E+001
9.5649726E+004 5.0866554E+001
9.5649726E+004 5.0866554E+001
9.5663433E+004 4.8509768E+001
9.5672669E+004 4.7096661E+001
9.5672669E+004 4.7096661E+001
9.5672669E+004 4.9477208E+001
9.5672669E+004 4.9477208E+001
9.5673562E+004 4.9325735E+001
9.5673562E+004 4.9325735E+001
9.5673562E+004 5.1509399E+001
9.5673562E+004 5.1509399E+001
9.5686920E+004 4.9122418E+001
9.5701653E+004 4.6847563E+001
9.5717921E+004 4.4679537E+001
9.5735908E+004 4.2613288E+001
9.5753964E+004 4.0814606E+001
9.5753964E+004 4.0814606E+001
9.5753964E+004 4.7010028E+001
9.5753964E+004 4.7010028E+001
9.5770114E+004 4.4834370E+001
9.5787969E+004 4.2760856E+001
9.5807733E+004 4.0784651E+001
9.5808087E+004 4.0751710E+001
9.5808087E+004 4.5736709E+001
9.5808087E+004 4.5736709E+001
9.5825201E+004 4.3620834E+001
9.5844135E+004 4.1604274E+001
9.5865110E+004 3.9682323E+001
9.5888374E+004 3.7850488E+001
9.5914213E+004 3.6104494E+001
9.5931241E+004 3.5085289E+001
9.5931241E+004 3.5085289E+001
9.5931241E+004 3.9191426E+001
9.5931241E+004 3.9191426E+001
9.5955155E+004 3.7382605E+001
9.5960435E+004 3.7017089E+001
9.5960435E+004 3.7017089E+001
9.5960435E+004 4.1118092E+001
9.5960435E+004 4.1118092E+001
9.5981954E+004 3.9218937E+001
9.6005830E+004 3.7408825E+001
9.6007977E+004 3.7258425E+001
9.6007977E+004 3.7258425E+001
9.6007977E+004 5.6561131E+001
9.6007977E+004 5.6561131E+001
9.6019029E+004 5.3936830E+001
9.6021910E+004 5.3309304E+001
9.6021910E+004 5.3309304E+001
9.6021910E+004 6.6694593E+001
9.6021910E+004 6.6694593E+001
9.6029906E+004 6.3594635E+001
9.6038675E+004 6.0640087E+001
9.6048300E+004 5.7824222E+001
9.6058875E+004 5.5140593E+001
9.6064736E+004 5.3803169E+001
9.6064736E+004 5.3803169E+001
9.6064736E+004 7.5971485E+001
9.6064736E+004 7.5971485E+001
9.6070970E+004 7.2437369E+001
9.6077795E+004 6.9068444E+001
9.6085271E+004 6.5857238E+001
9.6088019E+004 6.4779776E+001
9.6088019E+004 6.4779776E+001
9.6088019E+004 6.6130084E+001
9.6088019E+004 6.6130084E+001
9.6096147E+004 6.3056593E+001
9.6105063E+004 6.0127292E+001
9.6114850E+004 5.7335508E+001
9.6125605E+004 5.4674833E+001
9.6128608E+004 5.3994266E+001
9.6128608E+004 5.3994266E+001
9.6128608E+004 6.3443410E+001
9.6128608E+004 6.3443410E+001
9.6137418E+004 6.0495953E+001
9.6147088E+004 5.7686855E+001
9.6157713E+004 5.5009683E+001
9.6164006E+004 5.3587715E+001
9.6164006E+004 5.3587715E+001
9.6164006E+004 6.1222317E+001
9.6164006E+004 6.1222317E+001
9.6173452E+004 5.8379121E+001
9.6183828E+004 5.5669428E+001
9.6195237E+004 5.3087019E+001
9.6207797E+004 5.0625931E+001
9.6212663E+004 4.9759787E+001
9.6212663E+004 4.9759787E+001
9.6212663E+004 6.2686978E+001
9.6212663E+004 6.2686978E+001
9.6221681E+004 5.9775027E+001
9.6223770E+004 5.9154404E+001
9.6223770E+004 5.9154404E+001
9.6223770E+004 6.2270696E+001
9.6223770E+004 6.2270696E+001
9.6232907E+004 5.9378278E+001
9.6242939E+004 5.6621664E+001
9.6253967E+004 5.3994527E+001
9.6266102E+004 5.1490798E+001
9.6279470E+004 4.9104692E+001
9.6294214E+004 4.6830671E+001
9.6306651E+004 4.5144847E+001
9.6306651E+004 4.5144847E+001
9.6306651E+004 4.7282786E+001
9.6306651E+004 4.7282786E+001
9.6322607E+004 4.5094324E+001
9.6340243E+004 4.3008605E+001
9.6359762E+004 4.1020773E+001
9.6363161E+004 4.0702528E+001
9.6363161E+004 4.0702528E+001
9.6363161E+004 5.1307634E+001
9.6363161E+004 5.1307634E+001
9.6376627E+004 4.8930130E+001
9.6391480E+004 4.6664305E+001
9.6407883E+004 4.4504887E+001
9.6426021E+004 4.2446833E+001
9.6435723E+004 4.1460023E+001
9.6435723E+004 4.1460023E+001
9.6435723E+004 4.7164060E+001
9.6435723E+004 4.7164060E+001
9.6451763E+004 4.4981173E+001
9.6460359E+004 4.3931560E+001
9.6460359E+004 4.3931560E+001
9.6460359E+004 6.0373171E+001
9.6460359E+004 6.0373171E+001
9.6470068E+004 5.7569842E+001
9.6479762E+004 5.5125583E+001
9.6479762E+004 5.5125583E+001
9.6479762E+004 5.7044459E+001
9.6479762E+004 5.7044459E+001
9.6490627E+004 5.4397456E+001
9.6502581E+004 5.1874802E+001
9.6515747E+004 4.9470661E+001
9.6526574E+004 4.7728714E+001
9.6526574E+004 4.7728714E+001
9.6526574E+004 5.0722405E+001
9.6526574E+004 5.0722405E+001
9.6540362E+004 4.8372398E+001
9.6555574E+004 4.6132764E+001
9.6572379E+004 4.3998296E+001
9.6590966E+004 4.1964024E+001
9.6610109E+004 4.0151231E+001
9.6610109E+004 4.0151231E+001
9.6610109E+004 5.1687519E+001
9.6610109E+004 5.1687519E+001
9.6610866E+004 5.1540640E+001
9.6610866E+004 5.1540640E+001
9.6610866E+004 5.7119244E+001
9.6610866E+004 5.7119244E+001
9.6621702E+004 5.4468732E+001
9.6628041E+004 5.3077962E+001
9.6628041E+004 5.3077962E+001
9.6628041E+004 5.8775100E+001
9.6628041E+004 5.8775100E+001
9.6638278E+004 5.6046816E+001
9.6649534E+004 5.3446674E+001
9.6661923E+004 5.0968685E+001
9.6669272E+004 4.9652147E+001
9.6669272E+004 4.9652147E+001
9.6669272E+004 5.2959237E+001
9.6669272E+004 5.2959237E+001
9.6681893E+004 5.0504146E+001
9.6695804E+004 4.8164390E+001
9.6711153E+004 4.5934529E+001
9.6728112E+004 4.3809367E+001
9.6746872E+004 4.1783960E+001
9.6747060E+004 4.1765069E+001
9.6747060E+004 4.9759011E+001
9.6747060E+004 4.9759011E+001
9.6750713E+004 4.9137807E+001
9.6750713E+004 4.9137807E+001
9.6750713E+004 5.5987152E+001
9.6750713E+004 5.5987152E+001
9.6761992E+004 5.3389815E+001
9.6774408E+004 5.0914499E+001
9.6788088E+004 4.8555470E+001
9.6803181E+004 4.6307237E+001
9.6807028E+004 4.5782563E+001
9.6807028E+004 4.5782563E+001
9.6807028E+004 4.9491964E+001
9.6807028E+004 4.9491964E+001
9.6821533E+004 4.7199745E+001
9.6837548E+004 4.5015180E+001
9.6855250E+004 4.2933181E+001
9.6858468E+004 4.2585151E+001
9.6858468E+004 4.2585151E+001
9.6858468E+004 4.9762061E+001
9.6858468E+004 4.9762061E+001
9.6872811E+004 4.7457165E+001
9.6879721E+004 4.6456098E+001
9.6879721E+004 4.6456098E+001
9.6879721E+004 5.0658554E+001
9.6879721E+004 5.0658554E+001
9.6893544E+004 4.8311542E+001
9.6908796E+004 4.6074766E+001
9.6925646E+004 4.3943024E+001
9.6944284E+004 4.1911349E+001
9.6964925E+004 3.9974988E+001
9.6978456E+004 3.8848232E+001
9.6978456E+004 3.8848232E+001
9.6978456E+004 4.6020132E+001
9.6978456E+004 4.6020132E+001
9.6995348E+004 4.3890959E+001
9.7004439E+004 4.2863361E+001
9.7004439E+004 4.2863361E+001
9.7004439E+004 4.6095701E+001
9.7004439E+004 4.6095701E+001
9.7005173E+004 4.5995594E+001
9.7005173E+004 4.5995594E+001
9.7005173E+004 6.2290605E+001
9.7005173E+004 6.2290605E+001
9.7014304E+004 5.9397252E+001
9.7018731E+004 5.8128328E+001
9.7018731E+004 5.8128328E+001
9.7018731E+004 6.8690071E+001
9.7018731E+004 6.8690071E+001
9.7026286E+004 6.5496593E+001
9.7034567E+004 6.2452813E+001
9.7043652E+004 5.9551850E+001
9.7053627E+004 5.6787089E+001
9.7064591E+004 5.4152175E+001
9.7076654E+004 5.1641044E+001
9.7089942E+004 4.9247884E+001
9.7091942E+004 4.8915466E+001
9.7091942E+004 4.8915466E+001
9.7091942E+004 7.4451336E+001
9.7091942E+004 7.4451336E+001
9.7098420E+004 7.0988241E+001
9.7105513E+004 6.7687134E+001
9.7113285E+004 6.4540646E+001
9.7121805E+004 6.1541709E+001
9.7131155E+004 5.8683517E+001
9.7140355E+004 5.6224393E+001
9.7140355E+004 5.6224393E+001
9.7140355E+004 5.8372228E+001
9.7140355E+004 5.8372228E+001
9.7150734E+004 5.5662859E+001
9.7162146E+004 5.3080760E+001
9.7174709E+004 5.0619966E+001
9.7181279E+004 4.9461906E+001
9.7181279E+004 4.9461906E+001
9.7181279E+004 5.2605476E+001
9.7181279E+004 5.2605476E+001
9.7194074E+004 5.0167009E+001
9.7205643E+004 4.8234732E+001
9.7205643E+004 4.8234732E+001
9.7205643E+004 5.3178432E+001
9.7205643E+004 5.3178432E+001
9.7218158E+004 5.0713045E+001
9.7231951E+004 4.8363478E+001
9.7247169E+004 4.6124260E+001
9.7263981E+004 4.3990193E+001
9.7282576E+004 4.1956301E+001
9.7303169E+004 4.0017840E+001
9.7326006E+004 3.8170274E+001
9.7351364E+004 3.6409300E+001
9.7378633E+004 3.4781560E+001
9.7378633E+004 3.4781560E+001
9.7378633E+004 5.3147614E+001
9.7378633E+004 5.3147614E+001
9.7391164E+004 5.0683677E+001
9.7404973E+004 4.8335490E+001
9.7420209E+004 4.6097588E+001
9.7430025E+004 4.4813339E+001
9.7430025E+004 4.4813339E+001
9.7430025E+004 7.4488586E+001
9.7430025E+004 7.4488586E+001
9.7436497E+004 7.1023749E+001
9.7441394E+004 6.8690074E+001
9.7441394E+004 6.8690074E+001
9.7441394E+004 6.9894622E+001
9.7441394E+004 6.9894622E+001
9.7448651E+004 6.6665439E+001
9.7448651E+004 6.6665439E+001
9.7448651E+004 7.1613553E+001
9.7448651E+004 7.1613553E+001
9.7451466E+004 7.0210256E+001
9.7451466E+004 7.0210256E+001
9.7451466E+004 7.4806956E+001
9.7451466E+004 7.4806956E+001
9.7452984E+004 7.3938066E+001
9.7452984E+004 7.3938066E+001
9.7452984E+004 7.5560821E+001
9.7452984E+004 7.5560821E+001
9.7454322E+004 7.4770238E+001
9.7454322E+004 7.4770238E+001
9.7454322E+004 7.6441630E+001
9.7454322E+004 7.6441630E+001
9.7460484E+004 7.2885569E+001
9.7467230E+004 6.9495676E+001
9.7474617E+004 6.6264453E+001
9.7478419E+004 6.4761393E+001
9.7478419E+004 6.4761393E+001
9.7478419E+004 6.6095545E+001
9.7478419E+004 6.6095545E+001
9.7486556E+004 6.3023676E+001
9.7488059E+004 6.2499481E+001
9.7488059E+004 6.2499481E+001
9.7488059E+004 6.6320095E+001
9.7488059E+004 6.6320095E+001
9.7496142E+004 6.3237699E+001
9.7505008E+004 6.0299903E+001
9.7511529E+004 5.8377918E+001
9.7511529E+004 5.8377918E+001
9.7511529E+004 6.3164844E+001
9.7511529E+004 6.3164844E+001
9.7520414E+004 6.0230459E+001
9.7530169E+004 5.7433827E+001
9.7540887E+004 5.4768540E+001
9.7547848E+004 5.3222561E+001
9.7547848E+004 5.3222561E+001
9.7547848E+004 5.8105874E+001
9.7547848E+004 5.8105874E+001
9.7558321E+004 5.5409015E+001
9.7569838E+004 5.2838841E+001
9.7582518E+004 5.0389412E+001
9.7596494E+004 4.8055039E+001
9.7611917E+004 4.5830311E+001
9.7628958E+004 4.3710049E+001
9.7634055E+004 4.3131563E+001
9.7634055E+004 4.3131563E+001
9.7634055E+004 4.8597730E+001
9.7634055E+004 4.8597730E+001
9.7649121E+004 4.6347514E+001
9.7650500E+004 4.6156655E+001
9.7650500E+004 4.6156655E+001
9.7650500E+004 5.5964258E+001
9.7650500E+004 5.5964258E+001
9.7661790E+004 5.3367998E+001
9.7662204E+004 5.3279289E+001
9.7662204E+004 5.9588572E+001
9.7662204E+004 5.9588572E+001
9.7671984E+004 5.6869246E+001
9.7671984E+004 5.6869246E+001
9.7671984E+004 5.8423594E+001
9.7671984E+004 5.8423594E+001
9.7675754E+004 5.7388987E+001
9.7675754E+004 5.7388987E+001
9.7675754E+004 6.2954254E+001
9.7675754E+004 6.2954254E+001
9.7684698E+004 6.0029760E+001
9.7694517E+004 5.7242549E+001
9.7694754E+004 5.7179709E+001
9.7694754E+004 6.1924999E+001
9.7694754E+004 6.1924999E+001
9.7703991E+004 5.9048810E+001
9.7714135E+004 5.6307671E+001
9.7725286E+004 5.3695276E+001
9.7731105E+004 5.2467257E+001
9.7731105E+004 5.2467257E+001
9.7731105E+004 5.4666072E+001
9.7731105E+004 5.4666072E+001
9.7742941E+004 5.2130798E+001
9.7755975E+004 4.9714631E+001
9.7770346E+004 4.7411953E+001
9.7786210E+004 4.5217424E+001
9.7799411E+004 4.3612467E+001
9.7799411E+004 4.3612467E+001
9.7799411E+004 5.0801664E+001
9.7799411E+004 5.0801664E+001
9.7813155E+004 4.8447929E+001
9.7822620E+004 4.7006954E+001
9.7822620E+004 4.7006954E+001
9.7822620E+004 5.6633821E+001
9.7822620E+004 5.6633821E+001
9.7826718E+004 5.5610265E+001
9.7826718E+004 5.5610265E+001
9.7826718E+004 6.1687521E+001
9.7826718E+004 6.1687521E+001
9.7828620E+004 6.1066704E+001
9.7828620E+004 6.1066704E+001
9.7828620E+004 6.3125810E+001
9.7828620E+004 6.3125810E+001
9.7837516E+004 6.0193258E+001
9.7841983E+004 5.8862876E+001
9.7841983E+004 5.8862876E+001
9.7841983E+004 6.1499002E+001
9.7841983E+004 6.1499002E+001
9.7851345E+004 5.8642815E+001
9.7861629E+004 5.5920738E+001
9.7872936E+004 5.3326524E+001
9.7885381E+004 5.0854184E+001
9.7899095E+004 4.8497980E+001
9.7904762E+004 4.7615671E+001
9.7904762E+004 4.7615671E+001
9.7904762E+004 4.9548357E+001
9.7904762E+004 4.9548357E+001
9.7911034E+004 4.8509867E+001
9.7911034E+004 4.8509867E+001
9.7911034E+004 5.6758652E+001
9.7911034E+004 5.6758652E+001
9.7922009E+004 5.4125075E+001
9.7934085E+004 5.1615218E+001
9.7935328E+004 5.1375708E+001
9.7935328E+004 5.1375708E+001
9.7935328E+004 5.6065003E+001
9.7935328E+004 5.6065003E+001
9.7946577E+004 5.3464011E+001
9.7958957E+004 5.0985206E+001
9.7972599E+004 4.8622852E+001
9.7987648E+004 4.6371463E+001
9.8004271E+004 4.4225787E+001
9.8022654E+004 4.2180837E+001
9.8043010E+004 4.0231842E+001
9.8065581E+004 3.8374244E+001
9.8090639E+004 3.6603712E+001
9.8092896E+004 3.6456445E+001
9.8092896E+004 3.6456445E+001
9.8092896E+004 4.2168222E+001
9.8092896E+004 4.2168222E+001
9.8113266E+004 4.0219820E+001
9.8135851E+004 3.8362783E+001
9.8143327E+004 3.7804601E+001
9.8143327E+004 3.7804601E+001
9.8143327E+004 4.2396400E+001
9.8143327E+004 4.2396400E+001
9.8146921E+004 4.2023325E+001
9.8146921E+004 4.2023325E+001
9.8146921E+004 4.7935712E+001
9.8146921E+004 4.7935712E+001
9.8147580E+004 4.7834224E+001
9.8147580E+004 4.7834224E+001
9.8147580E+004 5.5840479E+001
9.8147580E+004 5.5840479E+001
9.8158919E+004 5.3250039E+001
9.8171401E+004 5.0781285E+001
9.8185155E+004 4.8428509E+001
9.8200331E+004 4.6186245E+001
9.8217094E+004 4.4049264E+001
9.8235636E+004 4.2012597E+001
9.8243552E+004 4.1227281E+001
9.8243552E+004 4.1227281E+001
9.8243552E+004 7.0753046E+001
9.8243552E+004 7.0753046E+001
9.8250690E+004 6.7462946E+001
9.8258511E+004 6.4326974E+001
9.8267087E+004 6.1338059E+001
9.8276498E+004 5.8489424E+001
9.8286835E+004 5.5774557E+001
9.8298201E+004 5.3187206E+001
9.8310713E+004 5.0721406E+001
9.8324501E+004 4.8371445E+001
9.8339714E+004 4.6131856E+001
9.8356520E+004 4.3997431E+001
9.8375108E+004 4.1963199E+001
9.8394113E+004 4.0162597E+001
9.8394113E+004 4.0162597E+001
9.8394113E+004 4.9192220E+001
9.8394113E+004 4.9192220E+001
9.8396222E+004 4.8842871E+001
9.8396222E+004 4.8842871E+001
9.8396222E+004 5.1431546E+001
9.8396222E+004 5.1431546E+001
9.8409622E+004 4.9048227E+001
9.8424401E+004 4.6776852E+001
9.8440721E+004 4.4612144E+001
9.8458766E+004 4.2549062E+001
9.8471288E+004 4.1280171E+001
9.8471288E+004 4.1280171E+001
9.8471288E+004 4.8869319E+001
9.8471288E+004 4.8869319E+001
9.8475272E+004 4.8228969E+001
9.8475272E+004 4.8228969E+001
9.8475272E+004 5.0450287E+001
9.8475272E+004 5.0450287E+001
9.8489213E+004 4.8113063E+001
9.8501561E+004 4.6298111E+001
9.8501561E+004 4.6298111E+001
9.8501561E+004 5.2140234E+001
9.8501561E+004 5.2140234E+001
9.8501718E+004 5.2108916E+001
9.8501718E+004 5.4373365E+001
9.8501718E+004 5.4373365E+001
9.8513682E+004 5.1851844E+001
9.8526860E+004 4.9448779E+001
9.8541392E+004 4.7158591E+001
9.8557435E+004 4.4975960E+001
9.8575170E+004 4.2895804E+001
9.8594800E+004 4.0913260E+001
9.8616555E+004 3.9023712E+001
9.8635362E+004 3.7595952E+001
9.8635362E+004 3.7595952E+001
9.8635362E+004 5.8462644E+001
9.8635362E+004 5.8462644E+001
9.8645708E+004 5.5749036E+001
9.8657085E+004 5.3162885E+001
9.8669608E+004 5.0698229E+001
9.8683409E+004 4.8349358E+001
9.8697469E+004 4.6270456E+001
9.8697469E+004 4.6270456E+001
9.8697469E+004 5.1193086E+001
9.8697469E+004 5.1193086E+001
9.8710997E+004 4.8820968E+001
9.8725919E+004 4.6560267E+001
9.8742400E+004 4.4405728E+001
9.8760624E+004 4.2352334E+001
9.8780803E+004 4.0395295E+001
9.8785806E+004 3.9951603E+001
9.8785806E+004 3.9951603E+001
9.8785806E+004 5.5113111E+001
9.8785806E+004 5.5113111E+001
9.8797449E+004 5.2556839E+001
9.8810268E+004 5.0120651E+001
9.8824399E+004 4.7798906E+001
9.8839995E+004 4.5586208E+001
9.8857229E+004 4.3477406E+001
9.8876298E+004 4.1467573E+001
9.8897423E+004 3.9552030E+001
9.8920857E+004 3.7726307E+001
9.8946886E+004 3.5986134E+001
9.8975835E+004 3.4327447E+001
9.8989588E+004 3.3620709E+001
9.8989588E+004 3.3620709E+001
9.8989588E+004 4.0159048E+001
9.8989588E+004 4.0159048E+001
9.8998129E+004 3.9424745E+001
9.8998129E+004 3.9424745E+001
9.8998129E+004 4.2805772E+001
9.8998129E+004 4.2805772E+001
9.9017848E+004 4.0827457E+001
9.9039703E+004 3.8941938E+001
9.9063957E+004 3.7144801E+001
9.9090909E+004 3.5431863E+001
9.9097550E+004 3.5046623E+001
9.9097550E+004 3.5046623E+001
9.9097550E+004 4.7467085E+001
9.9097550E+004 4.7467085E+001
9.9113375E+004 4.5269964E+001
9.9114637E+004 4.5107572E+001
9.9114637E+004 4.5107572E+001
9.9114637E+004 5.7435705E+001
9.9114637E+004 5.7435705E+001
9.9125355E+004 5.4770329E+001
9.9137145E+004 5.2230153E+001
9.9150129E+004 4.9809314E+001
9.9164443E+004 4.7502196E+001
9.9180244E+004 4.5303431E+001
9.9197708E+004 4.3207896E+001
9.9217033E+004 4.1210713E+001
9.9238184E+004 3.9328750E+001
9.9238184E+004 3.9328750E+001
9.9238184E+004 5.7702431E+001
9.9238184E+004 5.7702431E+001
9.9248803E+004 5.5024527E+001
9.9256296E+004 5.3343103E+001
9.9256296E+004 5.3343103E+001
9.9256296E+004 6.5704700E+001
9.9256296E+004 6.5704700E+001
9.9264526E+004 6.2651163E+001
9.9268268E+004 6.1392350E+001
9.9268268E+004 6.1392350E+001
9.9268268E+004 6.9236010E+001
9.9268268E+004 6.9236010E+001
9.9275708E+004 6.6016948E+001
9.9283864E+004 6.2948767E+001
9.9292809E+004 6.0024530E+001
9.9302629E+004 5.7237565E+001
9.9306539E+004 5.6228767E+001
9.9306539E+004 5.6228767E+001
9.9306539E+004 6.0027363E+001
9.9306539E+004 6.0027363E+001
9.9316358E+004 5.7240265E+001
9.9327149E+004 5.4584067E+001
9.9339020E+004 5.2052649E+001
9.9352095E+004 4.9640145E+001
9.9357687E+004 4.8705587E+001
9.9357687E+004 4.8705587E+001
9.9357687E+004 5.2289513E+001
9.9357687E+004 5.2289513E+001
9.9370641E+004 4.9865882E+001
9.9384922E+004 4.7556104E+001
9.9390696E+004 4.6709495E+001
9.9390696E+004 4.6709495E+001
9.9390696E+004 4.8860624E+001
9.9390696E+004 4.8860624E+001
9.9398751E+004 4.7593783E+001
9.9398751E+004 4.7593783E+001
9.9398751E+004 5.1938213E+001
9.9398751E+004 5.1938213E+001
9.9411884E+004 4.9531091E+001
9.9426365E+004 4.7237044E+001
9.9442353E+004 4.5050725E+001
9.9460026E+004 4.2967055E+001
9.9471968E+004 4.1717111E+001
9.9471968E+004 4.1717111E+001
9.9471968E+004 4.7300849E+001
9.9471968E+004 4.7300849E+001
9.9487911E+004 4.5111543E+001
9.9505533E+004 4.3025015E+001
9.9520099E+004 4.1510273E+001
9.9520099E+004 4.1510273E+001
9.9520099E+004 5.6512109E+001
9.9520099E+004 5.6512109E+001
9.9531169E+004 5.3890112E+001
9.9543352E+004 5.1391293E+001
9.9556773E+004 4.9009866E+001
9.9571576E+004 4.6740292E+001
9.9587923E+004 4.4577302E+001
9.9605998E+004 4.2515857E+001
9.9626009E+004 4.0551139E+001
9.9648192E+004 3.8678571E+001
9.9671121E+004 3.7007405E+001
9.9671121E+004 3.7007405E+001
9.9671121E+004 4.6917466E+001
9.9671121E+004 4.6917466E+001
9.9675616E+004 4.6281097E+001
9.9675616E+004 4.6281097E+001
9.9675616E+004 5.4441811E+001
9.9675616E+004 5.4441811E+001
9.9687550E+004 5.1917071E+001
9.9700694E+004 4.9510943E+001
9.9707725E+004 4.8354163E+001
9.9707725E+004 4.8354163E+001
9.9707725E+004 5.1021030E+001
9.9707725E+004 5.1021030E+001
9.9710969E+004 5.0424547E+001
9.9710969E+004 5.0424547E+001
9.9710969E+004 5.4301345E+001
9.9710969E+004 5.4301345E+001
9.9722965E+004 5.1783208E+001
9.9736179E+004 4.9383364E+001
9.9750751E+004 4.7096251E+001
9.9766839E+004 4.4916551E+001
9.9784624E+004 4.2839175E+001
9.9801250E+004 4.1146725E+001
9.9801250E+004 4.1146725E+001
9.9801250E+004 4.7287392E+001
9.9801250E+004 4.7287392E+001
9.9816586E+004 4.5176957E+001
9.9816586E+004 4.5176957E+001
9.9816586E+004 4.8928588E+001
9.9816586E+004 4.8928588E+001
9.9826685E+004 4.7350223E+001
9.9826685E+004 4.7350223E+001
9.9826685E+004 6.3733962E+001
9.9826685E+004 6.3733962E+001
9.9835417E+004 6.0772871E+001
9.9845000E+004 5.7950771E+001
9.9855529E+004 5.5261204E+001
9.9867109E+004 5.2697968E+001
9.9879858E+004 5.0255152E+001
9.9893912E+004 4.7927093E+001
9.9909421E+004 4.5708371E+001
9.9926557E+004 4.3593828E+001
9.9943882E+004 4.1740017E+001
9.9943882E+004 4.1740017E+001
9.9943882E+004 4.5005385E+001
9.9943882E+004 4.5005385E+001
9.9961592E+004 4.2923846E+001
9.9978500E+004 4.1194243E+001
9.9978500E+004 4.1194243E+001
9.9978500E+004 6.4199248E+001
9.9978500E+004 6.4199248E+001
9.9987109E+004 6.1216330E+001
9.9996557E+004 5.8373414E+001
1.0000000E+005 5.7428886E+001
1.0000000E+005 5.7428886E+001
