# model = dl07_MW
# Size-integrated extinction, albedo and scattering asymmetry per H
# for the Draine & Li (2007) / Weingartner & Draine (2001) Milky-Way
# dust model.
#
# Model definition: WD01 R_V = 3.1, b_C = 6e-5 size distribution
#   (Draine's "MW 3.1_60"), with the Draine (2003a) x0.93 abundance
#   reduction applied, heated by the MMP83 field at U = 1 for the
#   PAH ionization fraction (WD01b charging).
# Size grid: Draine's 84-point log grid, 3.548 A - 5.012 um.
# Optics:
#   silicate     : Mie on the D03 astrosilicate dielectric function
#     ../data/dielectric/index_silD03
#   carbonaceous : absorption from the DL07 PAH <-> graphite xi-blend
#     (neutral and cation mixed by the ionization fraction, a > 100 A
#     fully ionized); scattering and <cos> from random-orientation D03
#     graphite (1/3 parallel + 2/3 perpendicular), which is the
#     standard DL07 treatment -- PAH scattering is Rayleigh-negligible.
#     ../data/dielectric/index_CpaD03, index_CpeD03
#
# Wavelength range:  9.120000E-02 -  3.981000E+04 um, 1129 points.
#   The grid is the T-matrix Q table's own: no EUV extension was requested,
#   but that grid by itself already covers the ionizing band.
#
# How far to trust the EUV band of THIS model:
#   the optics are Mie on the D03 dielectric functions at EVERY
#   wavelength, so nothing changes character across the band, and the
#   result can be checked directly against Draine's own published
#   table kext_albedo_WD_MW_3.1_60_D03.all (2003 vintage), which
#   spans 1e-4 - 1e4 um.  Running this program prints that comparison
#   decade by decade.
#
# Column order follows Draine's kext_albedo tables and MoCHII's
#   par%ion_dust_kext reader: the first four columns are
#   lambda, albedo, <cos>, C_ext/H, and a reader may stop there.
#   Draine's 5th column is K_abs [cm^2/g]; ours is C_abs/H [cm^2/H],
#   so no dust-mass normalization is folded into the first six
#   columns; K_abs is a separate trailing column instead.
#   A host running the Zubko model through an ionizing band needs
#   exactly such a file: that model has no EUV extension of its own
#   (its optics table IS the model definition), so the host reads the
#   ionizing-band optics from a curve file instead.
#
# SCOPE: these are size-integrated TRANSPORT optics, not a dust model.
#   There is no size-resolved Cabs(lambda, a), no grain enthalpy and no
#   Planck integral here, so stochastic heating and thermal emission
#   cannot be computed from this file.  A host that needs emission must
#   build the model (build_astrodust / build_dl07 / build_zubko /
#   build_from_files).  The builder reads this very curve back in, and
#   dust_extinction serves it on the model wavelength grid while
#   dust_emission supplies the re-emitted spectrum, so the absorbed
#   power and the emission refer to one and the same grain.
#
# Units: lambda micron; cross sections cm^2 per H nucleon;
#   albedo and <cos> dimensionless.
#
# K_abs [cm^2/g] = C_abs/H / (M_dust/N_H), M_dust/N_H =  1.750186E-26 g/H.
#   The dust mass per H is this model's own size distribution
#   weighted by the solid density of each grain material:
#   M_dust/N_H = sum_pop rho * sum_a (4/3) pi a^3 dn(a).
#   Densities: 3.5 g/cm^3 astrosilicate, 2.2 g/cm^3 graphite (Draine & Li 2007 sec. 2).
#
#             lambda               albedo                <cos>              C_ext/H              C_abs/H              C_sca/H                K_abs
#           (micron)                                                       (cm^2/H)             (cm^2/H)             (cm^2/H)             (cm^2/g)
 9.120000000000E-002  2.501650976092E-001  6.549980762931E-001  2.325385593676E-021  1.743655279655E-021  5.817303140210E-022  9.962685348303E+004
 9.226000000000E-002  2.537804759031E-001  6.525571442239E-001  2.300269227895E-021  1.716505808534E-021  5.837634193605E-022  9.807562004084E+004
 9.332000000000E-002  2.573476873567E-001  6.500464425371E-001  2.276365538577E-021  1.690548131645E-021  5.858174069313E-022  9.659248188712E+004
 9.441000000000E-002  2.606477146841E-001  6.482676437857E-001  2.250239973745E-021  1.663720067098E-021  5.865199066473E-022  9.505961258255E+004
 9.550000000000E-002  2.639331578825E-001  6.464256459482E-001  2.225055624000E-021  1.637789666693E-021  5.872659573065E-022  9.357803291942E+004
 9.661000000000E-002  2.668084439478E-001  6.457104018762E-001  2.197297804704E-021  1.611040196541E-021  5.862576081629E-022  9.204965424579E+004
 9.772000000000E-002  2.697043359307E-001  6.448576819041E-001  2.170631394575E-021  1.585202695751E-021  5.854286988241E-022  9.057338256776E+004
 9.886000000000E-002  2.719570825857E-001  6.455166839890E-001  2.142083338958E-021  1.559528603439E-021  5.825547355184E-022  8.910644752454E+004
 1.000000000000E-001  2.743770671273E-001  6.457101774810E-001  2.115288716187E-021  1.534902002112E-021  5.803867140748E-022  8.769936274647E+004
 1.012000000000E-001  2.781599463354E-001  6.457845880070E-001  2.080080656454E-021  1.501485532681E-021  5.785951237725E-022  8.579005318123E+004
 1.023000000000E-001  2.814638081847E-001  6.455191547531E-001  2.051719960529E-021  1.474235047110E-021  5.774849134191E-022  8.423304809828E+004
 1.035000000000E-001  2.850059114633E-001  6.464447310555E-001  2.017014795440E-021  1.442153655231E-021  5.748611402094E-022  8.240002056950E+004
 1.047000000000E-001  2.888991363375E-001  6.471572941297E-001  1.982653650567E-021  1.409866723262E-021  5.727869273052E-022  8.055524914124E+004
 1.059000000000E-001  2.919729799563E-001  6.489105190402E-001  1.948256179258E-021  1.379418016882E-021  5.688381623764E-022  7.881550800968E+004
 1.072000000000E-001  2.952421864016E-001  6.508740512785E-001  1.911873704749E-021  1.347407932035E-021  5.644657727137E-022  7.698655473536E+004
 1.084000000000E-001  2.978233821480E-001  6.534223124004E-001  1.879141883232E-021  1.319489492032E-021  5.596523912001E-022  7.539138488489E+004
 1.097000000000E-001  3.003533134409E-001  6.564307246710E-001  1.845047954158E-021  1.290881687670E-021  5.541662664887E-022  7.375682697261E+004
 1.109000000000E-001  3.032263271594E-001  6.582479895863E-001  1.815142632598E-021  1.264743598845E-021  5.503990337532E-022  7.226338066126E+004
 1.122000000000E-001  3.055075311392E-001  6.615283415452E-001  1.785862237868E-021  1.240267874623E-021  5.455943632459E-022  7.086491651560E+004
 1.135000000000E-001  3.079331579726E-001  6.647770818879E-001  1.757171142147E-021  1.216079883247E-021  5.410912588998E-022  6.948289249921E+004
 1.148000000000E-001  3.106744654875E-001  6.677619156747E-001  1.728962946058E-021  1.191818306943E-021  5.371446391141E-022  6.809666407672E+004
 1.161000000000E-001  3.135643680885E-001  6.695276029598E-001  1.703020099287E-021  1.169013678012E-021  5.340064212750E-022  6.679368094022E+004
 1.175000000000E-001  3.168434169550E-001  6.712930445130E-001  1.675759935178E-021  1.144806431320E-021  5.309535038581E-022  6.541055673694E+004
 1.189000000000E-001  3.201759259562E-001  6.727847370680E-001  1.649669579442E-021  1.121485094322E-021  5.281844851194E-022  6.407805056372E+004
 1.202000000000E-001  3.233355595385E-001  6.739964376114E-001  1.626302934869E-021  1.100461365444E-021  5.258415694249E-022  6.287682232724E+004
 1.216000000000E-001  3.268980886455E-001  6.751519565444E-001  1.601818654167E-021  1.078187197763E-021  5.236314564040E-022  6.160414804015E+004
 1.230000000000E-001  3.302413462155E-001  6.761632072302E-001  1.578541451399E-021  1.057241797432E-021  5.212996539670E-022  6.040739524486E+004
 1.244000000000E-001  3.336924014478E-001  6.770701369001E-001  1.555889729516E-021  1.036701149286E-021  5.191885802303E-022  5.923376868737E+004
 1.259000000000E-001  3.372720920317E-001  6.779091062845E-001  1.532573876626E-021  1.015679479064E-021  5.168943975629E-022  5.803265807586E+004
 1.274000000000E-001  3.407463897358E-001  6.786569796807E-001  1.510109188026E-021  9.955449340994E-022  5.145642539268E-022  5.688223494780E+004
 1.288000000000E-001  3.438117644169E-001  6.792325047337E-001  1.489979458440E-021  9.777069918890E-022  5.122724665513E-022  5.586303231309E+004
 1.303000000000E-001  3.478529382625E-001  6.797544040189E-001  1.465436471971E-021  9.556800893589E-022  5.097563826123E-022  5.460448596127E+004
 1.318000000000E-001  3.503698485949E-001  6.800515026297E-001  1.447167202221E-021  9.401234486875E-022  5.070437535337E-022  5.371562955774E+004
 1.333000000000E-001  3.527336564791E-001  6.802251998250E-001  1.429668629350E-021  9.253763861657E-022  5.042922431840E-022  5.287302984534E+004
 1.349000000000E-001  3.549589702557E-001  6.800900943474E-001  1.412220999784E-021  9.109404879271E-022  5.012805118567E-022  5.204820905909E+004
 1.365000000000E-001  3.570359513930E-001  6.797362175375E-001  1.395572848761E-021  8.973031689657E-022  4.982696797957E-022  5.126901652378E+004
 1.380000000000E-001  3.588611845151E-001  6.789794882267E-001  1.381051716319E-021  8.854458615242E-022  4.956058547949E-022  5.059152812056E+004
 1.396000000000E-001  3.607341936219E-001  6.778702165978E-001  1.366335161783E-021  8.734513489799E-022  4.928838128030E-022  4.990620025915E+004
 1.412000000000E-001  3.626390628164E-001  6.763034358036E-001  1.352522781775E-021  8.620451877544E-022  4.904775940209E-022  4.925448889941E+004
 1.429000000000E-001  3.649856427702E-001  6.740703486250E-001  1.338576049835E-021  8.500150098890E-022  4.885610399458E-022  4.856712323628E+004
 1.445000000000E-001  3.676574680293E-001  6.716999613322E-001  1.325529520522E-021  8.381886932085E-022  4.873408273131E-022  4.789140554545E+004
 1.462000000000E-001  3.707955914008E-001  6.693091982666E-001  1.311513794113E-021  8.252102611945E-022  4.863035329184E-022  4.714985969072E+004
 1.479000000000E-001  3.740102141941E-001  6.672801043541E-001  1.297740412966E-021  8.123722431444E-022  4.853681698218E-022  4.641633663820E+004
 1.496000000000E-001  3.773464606071E-001  6.653253802602E-001  1.284777363193E-021  7.999711725239E-022  4.848061906689E-022  4.570777935617E+004
 1.514000000000E-001  3.809165506092E-001  6.638260689852E-001  1.271588409797E-021  7.872193389423E-022  4.843690708543E-022  4.497918060692E+004
 1.531000000000E-001  3.849861272917E-001  6.618830566589E-001  1.260286621802E-021  7.750937559966E-022  4.851928658049E-022  4.428636380441E+004
 1.549000000000E-001  3.901802226096E-001  6.591461432124E-001  1.249542486761E-021  7.619957211165E-022  4.875467656445E-022  4.353798422667E+004
 1.567000000000E-001  3.940971905960E-001  6.574754175575E-001  1.239717403929E-021  7.511482579074E-022  4.885691460212E-022  4.291819507431E+004
 1.585000000000E-001  3.988093009143E-001  6.552535308608E-001  1.230924693113E-021  7.400204767745E-022  4.909042163385E-022  4.228238945753E+004
 1.603000000000E-001  4.042178120716E-001  6.524689455206E-001  1.223313044548E-021  7.288281222021E-022  4.944849223458E-022  4.164289432216E+004
 1.622000000000E-001  4.090105580257E-001  6.500022486431E-001  1.217126630957E-021  7.193089884413E-022  4.978176425156E-022  4.109900164134E+004
 1.641000000000E-001  4.147968661224E-001  6.467998596447E-001  1.211918146226E-021  7.092182971747E-022  5.026998490515E-022  4.052245200329E+004
 1.660000000000E-001  4.208043874645E-001  6.432387596161E-001  1.208253015431E-021  6.998148453702E-022  5.084381700604E-022  3.998516901732E+004
 1.679000000000E-001  4.260724126045E-001  6.399017952727E-001  1.206501261437E-021  6.924443581662E-022  5.140569032707E-022  3.956404308874E+004
 1.698000000000E-001  4.322463579609E-001  6.357995524322E-001  1.205538180833E-021  6.844486927851E-022  5.210894880478E-022  3.910719649027E+004
 1.718000000000E-001  4.366786390209E-001  6.323922982476E-001  1.207068189434E-021  6.799672952664E-022  5.271008941675E-022  3.885114385234E+004
 1.738000000000E-001  4.411903272897E-001  6.286749296055E-001  1.209471614239E-021  6.758644369054E-022  5.336071773337E-022  3.861671972415E+004
 1.758000000000E-001  4.460360864150E-001  6.245068851158E-001  1.212659237791E-021  6.717694572118E-022  5.408897805793E-022  3.838274575767E+004
 1.778000000000E-001  4.512731158032E-001  6.198795315433E-001  1.216803479626E-021  6.676927820548E-022  5.491106975708E-022  3.814981765353E+004
 1.799000000000E-001  4.575349615946E-001  6.143769519525E-001  1.222341959485E-021  6.630777779965E-022  5.592641814885E-022  3.788613116773E+004
 1.820000000000E-001  4.598962167698E-001  6.106937164781E-001  1.231117497399E-021  6.649312179459E-022  5.661862794528E-022  3.799203076408E+004
 1.841000000000E-001  4.622891920196E-001  6.067002096009E-001  1.241070435849E-021  6.673369868210E-022  5.737334490280E-022  3.812948865843E+004
 1.862000000000E-001  4.644924506897E-001  6.022767457868E-001  1.252491954858E-021  6.707188972767E-022  5.817730575810E-022  3.832272014254E+004
 1.884000000000E-001  4.661809222738E-001  5.972892264529E-001  1.266478123947E-021  6.760701840859E-022  5.904079398613E-022  3.862847545617E+004
 1.905000000000E-001  4.663478624766E-001  5.926792477790E-001  1.282286339850E-021  6.842948461780E-022  5.979914936721E-022  3.909840619005E+004
 1.928000000000E-001  4.632269323019E-001  5.889303655501E-001  1.303597118035E-021  6.997358240901E-022  6.038612939451E-022  3.998065399558E+004
 1.950000000000E-001  4.604022688534E-001  5.852127025685E-001  1.327526301202E-021  7.163301801661E-022  6.111961210360E-022  4.092880211908E+004
 1.972000000000E-001  4.580322701904E-001  5.814192625645E-001  1.353178138444E-021  7.333788837205E-022  6.197992547236E-022  4.190291019589E+004
 1.995000000000E-001  4.556059081051E-001  5.774110856080E-001  1.380819449282E-021  7.517099501629E-022  6.291094991194E-022  4.295028836287E+004
 2.018000000000E-001  4.499125846775E-001  5.742113212181E-001  1.410000265418E-021  7.756234016081E-022  6.343768638104E-022  4.431662605083E+004
 2.042000000000E-001  4.424733812491E-001  5.707691195939E-001  1.441828882872E-021  8.038579818852E-022  6.379709009871E-022  4.592985913952E+004
 2.065000000000E-001  4.355714726729E-001  5.669154566751E-001  1.472198862468E-021  8.309510358753E-022  6.412478265924E-022  4.747786908838E+004
 2.089000000000E-001  4.302585998496E-001  5.630416195349E-001  1.500502508311E-021  8.548984000144E-022  6.456041082967E-022  4.884614443858E+004
 2.113000000000E-001  4.267673095944E-001  5.598544428134E-001  1.527038179797E-021  8.753482041568E-022  6.516899756397E-022  5.001458046193E+004
 2.138000000000E-001  4.252727674076E-001  5.568947010077E-001  1.548423774147E-021  8.899213105959E-022  6.585024635513E-022  5.084724088337E+004
 2.163000000000E-001  4.259150649556E-001  5.548948798015E-001  1.556286560525E-021  8.934406690092E-022  6.628458915153E-022  5.104832570162E+004
 2.188000000000E-001  4.285454921227E-001  5.529791523968E-001  1.550365191205E-021  8.859631773701E-022  6.644020138349E-022  5.062108588384E+004
 2.213000000000E-001  4.326298649765E-001  5.508854450475E-001  1.532400304790E-021  8.694381678386E-022  6.629621369510E-022  4.967689999881E+004
 2.239000000000E-001  4.381047755367E-001  5.484600248214E-001  1.505792374483E-021  8.460975442553E-022  6.596948302278E-022  4.834329185214E+004
 2.265000000000E-001  4.457076673059E-001  5.457010095454E-001  1.472151046203E-021  8.160020374778E-022  6.561490087249E-022  4.662373140965E+004
 2.291000000000E-001  4.554975601518E-001  5.443950724962E-001  1.434448295796E-021  7.810605968972E-022  6.533876988991E-022  4.462728989864E+004
 2.317000000000E-001  4.668881635238E-001  5.436056940988E-001  1.398095958960E-021  7.453415042509E-022  6.527544547087E-022  4.258641585023E+004
 2.344000000000E-001  4.791427840385E-001  5.427844694323E-001  1.361409218714E-021  7.090998154436E-022  6.523094032703E-022  4.051568233833E+004
 2.371000000000E-001  4.908094807170E-001  5.425160136283E-001  1.322970404863E-021  6.736439874484E-022  6.493264174150E-022  3.848985038518E+004
 2.399000000000E-001  5.015972433396E-001  5.425352073739E-001  1.283232075713E-021  6.395664039703E-022  6.436656717426E-022  3.654276689004E+004
 2.427000000000E-001  5.102295670644E-001  5.428010298193E-001  1.246180152749E-021  6.103421929277E-022  6.358379598214E-022  3.487298948296E+004
 2.455000000000E-001  5.177502981143E-001  5.424258086661E-001  1.213901341470E-021  5.854035600424E-022  6.284977814273E-022  3.344807622544E+004
 2.483000000000E-001  5.246684631275E-001  5.414631449665E-001  1.185435237029E-021  5.634747530800E-022  6.219604839493E-022  3.219513473879E+004
 2.512000000000E-001  5.318519573495E-001  5.413182980454E-001  1.157468716828E-021  5.418667142124E-022  6.156020026161E-022  3.096052090919E+004
 2.541000000000E-001  5.388878981295E-001  5.422377459362E-001  1.133458321660E-021  5.226513490832E-022  6.108069725768E-022  2.986261675996E+004
 2.570000000000E-001  5.455962682783E-001  5.430559114665E-001  1.113440300492E-021  5.059514275930E-022  6.074888728993E-022  2.890843696830E+004
 2.600000000000E-001  5.513876769236E-001  5.440703851113E-001  1.094850816291E-021  4.911635681186E-022  6.036872481729E-022  2.806350624926E+004
 2.630000000000E-001  5.560608372755E-001  5.452646630829E-001  1.076710950999E-021  4.779941580829E-022  5.987167929165E-022  2.731104852474E+004
 2.661000000000E-001  5.600460352700E-001  5.462594863835E-001  1.058528118531E-021  4.657036425257E-022  5.928244760048E-022  2.660880800338E+004
 2.691000000000E-001  5.631545843300E-001  5.468190272797E-001  1.042350794870E-021  4.553461662588E-022  5.870046286110E-022  2.601701512865E+004
 2.723000000000E-001  5.659049481279E-001  5.469950893778E-001  1.027206775724E-021  4.459053785911E-022  5.813013971325E-022  2.547759889156E+004
 2.754000000000E-001  5.680982792506E-001  5.471904439301E-001  1.014176150325E-021  4.380244244683E-022  5.761517258565E-022  2.502730652536E+004
 2.786000000000E-001  5.702867097933E-001  5.482185267659E-001  1.001333338679E-021  4.302862435574E-022  5.710470951215E-022  2.458517176121E+004
 2.818000000000E-001  5.727437243840E-001  5.497589230843E-001  9.899288932076E-022  4.229533320365E-022  5.669755611710E-022  2.416619278628E+004
 2.851000000000E-001  5.752548327315E-001  5.513140462713E-001  9.796870521354E-022  4.161173408300E-022  5.635697113054E-022  2.377560623957E+004
 2.884000000000E-001  5.774365148356E-001  5.527684279623E-001  9.704942402039E-022  4.100954284726E-022  5.603988117313E-022  2.343153353946E+004
 2.917000000000E-001  5.793003445196E-001  5.541698896916E-001  9.613359697196E-022  4.044337112619E-022  5.569022584577E-022  2.310804123133E+004
 2.951000000000E-001  5.808347272778E-001  5.551946555063E-001  9.521211432059E-022  3.990961186565E-022  5.530250245495E-022  2.280306836045E+004
 2.985000000000E-001  5.819338143548E-001  5.560010630045E-001  9.429653228943E-022  3.942219157381E-022  5.487434071562E-022  2.252457208561E+004
 3.020000000000E-001  5.827615714743E-001  5.567360101472E-001  9.339898571607E-022  3.896964602606E-022  5.442933969000E-022  2.226600211765E+004
 3.055000000000E-001  5.869447727224E-001  5.574799048527E-001  9.202673712427E-022  3.801212481848E-022  5.401461230579E-022  2.171890530231E+004
 3.090000000000E-001  5.891221392780E-001  5.584354743022E-001  9.104190575856E-022  3.740710347413E-022  5.363480228443E-022  2.137321556919E+004
 3.126000000000E-001  5.916026800120E-001  5.596055913958E-001  9.009522456340E-022  3.679464825541E-022  5.330057630799E-022  2.102327835940E+004
 3.162000000000E-001  5.941643751297E-001  5.607722907934E-001  8.920401906406E-022  3.620216881780E-022  5.300185024626E-022  2.068475466832E+004
 3.199000000000E-001  5.967990763951E-001  5.619451962833E-001  8.829824589319E-022  3.560193429683E-022  5.269631159636E-022  2.034179997209E+004
 3.236000000000E-001  5.993751390079E-001  5.630831676270E-001  8.739632435137E-022  3.501314029449E-022  5.238318405688E-022  2.000538202018E+004
 3.273000000000E-001  6.017978861405E-001  5.639749004477E-001  8.649666857790E-022  3.444315626952E-022  5.205351230838E-022  1.967971148423E+004
 3.311000000000E-001  6.040665637745E-001  5.645135537724E-001  8.556691885386E-022  3.387880420904E-022  5.168811464482E-022  1.935725887162E+004
 3.350000000000E-001  6.062263860376E-001  5.649943269523E-001  8.459242159887E-022  3.331026356682E-022  5.128215803205E-022  1.903241303814E+004
 3.388000000000E-001  6.082817163058E-001  5.656029233424E-001  8.365863317166E-022  3.277061620220E-022  5.088801696946E-022  1.872407589401E+004
 3.428000000000E-001  6.105071642257E-001  5.664608079767E-001  8.272173535373E-022  3.221952328309E-022  5.050221207064E-022  1.840919912824E+004
 3.467000000000E-001  6.127742654755E-001  5.672961383748E-001  8.187206626848E-022  3.170297099785E-022  5.016909527063E-022  1.811405776952E+004
 3.507000000000E-001  6.151278893127E-001  5.680786632742E-001  8.104466599186E-022  3.119183166023E-022  4.985283433163E-022  1.782200919494E+004
 3.548000000000E-001  6.174979649681E-001  5.687705988540E-001  8.020365849063E-022  3.067806258967E-022  4.952559590096E-022  1.752845807555E+004
 3.589000000000E-001  6.197907316646E-001  5.693616132574E-001  7.935699955153E-022  3.017226673677E-022  4.918473281475E-022  1.723946259624E+004
 3.631000000000E-001  6.220120865563E-001  5.697827087157E-001  7.848708257167E-022  2.966716857355E-022  4.881991399812E-022  1.695086575437E+004
 3.673000000000E-001  6.241039047566E-001  5.698274736144E-001  7.761339380721E-022  2.917457167072E-022  4.843882213649E-022  1.666941173054E+004
 3.715000000000E-001  6.260761816435E-001  5.696164390161E-001  7.672381721030E-022  2.868886269016E-022  4.803495452014E-022  1.639189324391E+004
 3.758000000000E-001  6.280145275870E-001  5.694614254523E-001  7.580226117622E-022  2.819733993361E-022  4.760492124261E-022  1.611105295270E+004
 3.802000000000E-001  6.299967945739E-001  5.695443167868E-001  7.488285973739E-022  2.770689813431E-022  4.717596160308E-022  1.583083028569E+004
 3.846000000000E-001  6.320560671822E-001  5.697883435352E-001  7.401856083251E-022  2.723468037422E-022  4.678388045829E-022  1.556102024844E+004
 3.891000000000E-001  6.341856541002E-001  5.700924121479E-001  7.318702100299E-022  2.677286221656E-022  4.641415878643E-022  1.529715220946E+004
 3.936000000000E-001  6.362584642025E-001  5.703112590280E-001  7.238460197473E-022  2.632928629038E-022  4.605531568435E-022  1.504370719471E+004
 3.981000000000E-001  6.382199433830E-001  5.703574414836E-001  7.158834123541E-022  2.589923414527E-022  4.568910709014E-022  1.479798923342E+004
 4.027000000000E-001  6.401443982481E-001  5.701471850204E-001  7.077199221932E-022  2.546769784726E-022  4.530429437206E-022  1.455142327491E+004
 4.074000000000E-001  6.419841227449E-001  5.696399923811E-001  6.992884641548E-022  2.503563729487E-022  4.489320912061E-022  1.430455777431E+004
 4.121000000000E-001  6.436628250766E-001  5.688999649536E-001  6.906871326215E-022  2.461175015943E-022  4.445696310272E-022  1.406236230122E+004
 4.169000000000E-001  6.452702968234E-001  5.680566291017E-001  6.817582459014E-022  2.418399002068E-022  4.399183456946E-022  1.381795391863E+004
 4.217000000000E-001  6.468423233056E-001  5.673129606129E-001  6.728711771030E-022  2.376296216203E-022  4.352415554826E-022  1.357739214432E+004
 4.266000000000E-001  6.484570021150E-001  5.667574290501E-001  6.640892771519E-022  2.334559353532E-022  4.306333417987E-022  1.333892113743E+004
 4.315000000000E-001  6.500810305371E-001  5.663689740586E-001  6.557339159488E-022  2.294537361107E-022  4.262801798381E-022  1.311024834746E+004
 4.365000000000E-001  6.517212866108E-001  5.660112077319E-001  6.476253203590E-022  2.255541133329E-022  4.220712070261E-022  1.288743644670E+004
 4.416000000000E-001  6.533351599403E-001  5.655415768716E-001  6.396359669393E-022  2.217393001755E-022  4.178966667639E-022  1.266947029483E+004
 4.467000000000E-001  6.548492948284E-001  5.648693286441E-001  6.317424946616E-022  2.180463675193E-022  4.136961271423E-022  1.245846800272E+004
 4.519000000000E-001  6.562933246741E-001  5.639482398910E-001  6.236209933425E-022  2.143426982852E-022  4.092782950573E-022  1.224685225708E+004
 4.571000000000E-001  6.576500097518E-001  5.628014221275E-001  6.153607577108E-022  2.106687494014E-022  4.046920083093E-022  1.203693463666E+004
 4.624000000000E-001  6.589709513555E-001  5.614753281489E-001  6.068204477972E-022  2.069434000103E-022  3.998770477869E-022  1.182408015660E+004
 4.677000000000E-001  6.602586497649E-001  5.601043874922E-001  5.982672110947E-022  2.032561100987E-022  3.950111009960E-022  1.161340027275E+004
 4.732000000000E-001  6.615804092097E-001  5.587410880317E-001  5.895451830070E-022  1.995136395856E-022  3.900315434213E-022  1.139956754686E+004
 4.786000000000E-001  6.628692633175E-001  5.575025918237E-001  5.812692552485E-022  1.959637322328E-022  3.853055230157E-022  1.119673726048E+004
 4.842000000000E-001  6.641896006659E-001  5.562918174536E-001  5.730342512843E-022  1.924308607559E-022  3.806033905284E-022  1.099488034925E+004
 4.898000000000E-001  6.653183365491E-001  5.550948118428E-001  5.651636748705E-022  1.891499188277E-022  3.760137560428E-022  1.080741788199E+004
 4.954000000000E-001  6.662968524999E-001  5.538358457405E-001  5.575198214136E-022  1.860461191994E-022  3.714737022142E-022  1.063007675590E+004
 5.012000000000E-001  6.672078524710E-001  5.523983266295E-001  5.497005168134E-022  1.829360154881E-022  3.667645013253E-022  1.045237543479E+004
 5.070000000000E-001  6.680035789039E-001  5.507993309019E-001  5.419058964839E-022  1.799108182035E-022  3.619950782804E-022  1.027952539376E+004
 5.129000000000E-001  6.687052753347E-001  5.490252817709E-001  5.339802677015E-022  1.769048457649E-022  3.570754219366E-022  1.010777379858E+004
 5.188000000000E-001  6.693306473599E-001  5.471527100311E-001  5.260854271196E-022  1.739603276190E-022  3.521250995006E-022  9.939533504002E+003
 5.248000000000E-001  6.699302114841E-001  5.452076274828E-001  5.181463381792E-022  1.710244522631E-022  3.471218859161E-022  9.771787030635E+003
 5.309000000000E-001  6.705373648694E-001  5.432351141594E-001  5.102319498132E-022  1.681023627133E-022  3.421295870999E-022  9.604828233881E+003
 5.370000000000E-001  6.711582632009E-001  5.412871046101E-001  5.025223453848E-022  1.652503208367E-022  3.372720245481E-022  9.441871735839E+003
 5.433000000000E-001  6.718098832665E-001  5.392925983354E-001  4.947914614038E-022  1.623856674769E-022  3.324057939269E-022  9.278194658216E+003
 5.495000000000E-001  6.724460586460E-001  5.373196290221E-001  4.873963665124E-022  1.596486008528E-022  3.277477656596E-022  9.121807476233E+003
 5.559000000000E-001  6.728347936568E-001  5.352368753915E-001  4.800823148415E-022  1.570662295968E-022  3.230160852447E-022  8.974259089945E+003
 5.623000000000E-001  6.731295289744E-001  5.330906378479E-001  4.729158501179E-022  1.545822266835E-022  3.183336234344E-022  8.832331154313E+003
 5.688000000000E-001  6.733465339499E-001  5.308284790362E-001  4.657380592903E-022  1.521349513386E-022  3.136031079517E-022  8.692501713790E+003
 5.754000000000E-001  6.734820975730E-001  5.284459069223E-001  4.585396447478E-022  1.497214029827E-022  3.088182417651E-022  8.554599324920E+003
 5.821000000000E-001  6.735423164340E-001  5.259531943384E-001  4.513329571446E-022  1.473411117064E-022  3.039918454382E-022  8.418597138598E+003
 5.888000000000E-001  6.735434160459E-001  5.234066028810E-001  4.442474759430E-022  1.450275134266E-022  2.992199625164E-022  8.286405575545E+003
 5.957000000000E-001  6.735050177944E-001  5.207488119932E-001  4.370988106283E-022  1.427105683982E-022  2.943882422302E-022  8.154022790043E+003
 6.026000000000E-001  6.734435379071E-001  5.180719931973E-001  4.301176088927E-022  1.404576846439E-022  2.896599242488E-022  8.025300259664E+003
 6.095000000000E-001  6.733682497129E-001  5.153866060134E-001  4.233115762935E-022  1.382670010815E-022  2.850445752119E-022  7.900131648164E+003
 6.166000000000E-001  6.732812160982E-001  5.126184661366E-001  4.164872011984E-022  1.360741918862E-022  2.804130093122E-022  7.774841584829E+003
 6.237000000000E-001  6.731854365188E-001  5.098427424411E-001  4.098308366345E-022  1.339386859758E-022  2.758921506587E-022  7.652825646858E+003
 6.310000000000E-001  6.730715330794E-001  5.069728805629E-001  4.031462502594E-022  1.317999855421E-022  2.713462647173E-022  7.530627184099E+003
 6.383000000000E-001  6.729270815540E-001  5.040758228203E-001  3.966123744234E-022  1.297211667944E-022  2.668912076289E-022  7.411850168248E+003
 6.457000000000E-001  6.727348689046E-001  5.010996858736E-001  3.901367228598E-022  1.276781457518E-022  2.624585771080E-022  7.295118518106E+003
 6.531000000000E-001  6.724957632512E-001  4.980742649994E-001  3.838027068052E-022  1.256970125544E-022  2.581056942508E-022  7.181922940347E+003
 6.607000000000E-001  6.720426935382E-001  4.949454567208E-001  3.774715080966E-022  1.237945390614E-022  2.536769690352E-022  7.073221725062E+003
 6.683000000000E-001  6.714307506537E-001  4.917971294789E-001  3.712939407349E-022  1.219957713941E-022  2.492981693408E-022  6.970445927038E+003
 6.761000000000E-001  6.707915514671E-001  4.885340086039E-001  3.650801752494E-022  1.201874780840E-022  2.448926971654E-022  6.867125864429E+003
 6.839000000000E-001  6.701563113362E-001  4.852582832155E-001  3.589967948225E-022  1.184128270227E-022  2.405839677997E-022  6.765728011697E+003
 6.918000000000E-001  6.695192775769E-001  4.819496530625E-001  3.529768980028E-022  1.166520602506E-022  2.363248377521E-022  6.665123462582E+003
 6.998000000000E-001  6.688684641596E-001  4.786268443610E-001  3.470395508471E-022  1.149157394694E-022  2.321238113778E-022  6.565915678743E+003
 7.079000000000E-001  6.679616088807E-001  4.753528009639E-001  3.412185993774E-022  1.132976747573E-022  2.279209246202E-022  6.473464666275E+003
 7.161000000000E-001  6.669798022578E-001  4.720758197439E-001  3.355070162077E-022  1.117306128814E-022  2.237764033263E-022  6.383927791797E+003
 7.244000000000E-001  6.659284014159E-001  4.687789248813E-001  3.298967298421E-022  1.102091279060E-022  2.196876019361E-022  6.296995034797E+003
 7.328000000000E-001  6.648189581666E-001  4.654419821404E-001  3.243687975201E-022  1.087222714910E-022  2.156465260291E-022  6.212040842340E+003
 7.413000000000E-001  6.636727545646E-001  4.620484294854E-001  3.189000773767E-022  1.072547845933E-022  2.116452927835E-022  6.128193361788E+003
 7.499000000000E-001  6.625149125580E-001  4.585932160640E-001  3.134716139574E-022  1.057919950470E-022  2.076796189104E-022  6.044614272789E+003
 7.586000000000E-001  6.613673430168E-001  4.550854526481E-001  3.080742332540E-022  1.043239961549E-022  2.037502370991E-022  5.960737538525E+003
 7.674000000000E-001  6.602378208748E-001  4.515453980592E-001  3.027140775195E-022  1.028507946299E-022  1.998632828896E-022  5.876563542557E+003
 7.763000000000E-001  6.591104637405E-001  4.479974603900E-001  2.974157143012E-022  1.013859049244E-022  1.960298093768E-022  5.792864457216E+003
 7.852000000000E-001  6.579673088526E-001  4.444986440281E-001  2.922701080752E-022  9.996593160689E-023  1.923041764683E-022  5.711731749790E+003
 7.943000000000E-001  6.567579657505E-001  4.409733732701E-001  2.871867567997E-022  9.857456661345E-023  1.886121901863E-022  5.632233629972E+003
 8.035000000000E-001  6.553942258697E-001  4.374771556502E-001  2.822413652813E-022  9.726200417436E-023  1.849793611069E-022  5.557238034609E+003
 8.128000000000E-001  6.538269073142E-001  4.340009281348E-001  2.774195738642E-022  9.603519185613E-023  1.813843820081E-022  5.487141925300E+003
 8.222000000000E-001  6.522233274566E-001  4.304688650419E-001  2.726689254179E-022  9.482789158782E-023  1.778410338301E-022  5.418160671755E+003
 8.318000000000E-001  6.505896076646E-001  4.268254927700E-001  2.679113349840E-022  9.361100466785E-023  1.743003303161E-022  5.348631667774E+003
 8.414000000000E-001  6.489845451428E-001  4.231485545649E-001  2.632255001266E-022  9.239621865693E-023  1.708292814696E-022  5.279222702977E+003
 8.511000000000E-001  6.474058661987E-001  4.194181031955E-001  2.585568991229E-022  9.116564588461E-023  1.673912532383E-022  5.208911733419E+003
 8.610000000000E-001  6.458224796618E-001  4.156216040805E-001  2.538799791439E-022  8.991858147669E-023  1.639613976672E-022  5.137658484854E+003
 8.710000000000E-001  6.442102420684E-001  4.118187948742E-001  2.492854443727E-022  8.869320790926E-023  1.605922364635E-022  5.067644581138E+003
 8.810000000000E-001  6.425526576691E-001  4.080531888870E-001  2.448541503962E-022  8.752246531781E-023  1.573316850784E-022  5.000752115646E+003
 8.913000000000E-001  6.407895344046E-001  4.042002920114E-001  2.404706049987E-022  8.637955798359E-023  1.540910470151E-022  4.935450067208E+003
 9.016000000000E-001  6.389389840034E-001  4.003553931164E-001  2.362557376160E-022  8.530273665866E-023  1.509530009573E-022  4.873923960748E+003
 9.120000000000E-001  6.368385014871E-001  3.964872843410E-001  2.321420692499E-022  8.430506173668E-023  1.478370075132E-022  4.816920025144E+003
 9.226000000000E-001  6.346822685892E-001  3.924747325140E-001  2.280475887978E-022  8.330982779331E-023  1.447377610045E-022  4.760055559206E+003
 9.333000000000E-001  6.325064928577E-001  3.883566150794E-001  2.239881054723E-022  8.231417443816E-023  1.416739310341E-022  4.703167129428E+003
 9.441000000000E-001  6.303205923105E-001  3.841593856494E-001  2.199557835340E-022  8.131312377471E-023  1.386426597593E-022  4.645970314817E+003
 9.550000000000E-001  6.281018563413E-001  3.799219046375E-001  2.159694018772E-022  8.031861964521E-023  1.356507822320E-022  4.589147548096E+003
 9.661000000000E-001  6.257575846533E-001  3.756417118612E-001  2.120456737712E-022  7.935648511593E-023  1.326891886552E-022  4.534174276201E+003
 9.772000000000E-001  6.232336899904E-001  3.714163641198E-001  2.083189875213E-022  7.848757623335E-023  1.298314112880E-022  4.484527617859E+003
 9.886000000000E-001  6.203347179469E-001  3.671368483925E-001  2.047529521839E-022  7.773758734210E-023  1.270153648418E-022  4.441675665266E+003
 1.000000000000E+000  6.169353312599E-001  3.629003996546E-001  2.015090315769E-022  7.719099042916E-023  1.243180411478E-022  4.410444876018E+003
 1.012000000000E+000  6.122289126728E-001  3.585068864299E-001  1.985372500020E-022  7.698700530821E-023  1.215502446937E-022  4.398789822410E+003
 1.023000000000E+000  6.066520604135E-001  3.544448445389E-001  1.963116890771E-022  7.721879841524E-023  1.190928906619E-022  4.412033734887E+003
 1.035000000000E+000  5.991035351945E-001  3.499672866658E-001  1.944208456819E-022  7.794262971839E-023  1.164782159635E-022  4.453391127043E+003
 1.047000000000E+000  5.925931292197E-001  3.454703866928E-001  1.922426914958E-022  7.832099337267E-023  1.139216981231E-022  4.475009609084E+003
 1.059000000000E+000  5.916354439690E-001  3.409971781907E-001  1.883286861685E-022  7.690676031511E-023  1.114219258534E-022  4.394204881646E+003
 1.071000000000E+000  5.943733314574E-001  3.365926334225E-001  1.833655912631E-022  7.437797390938E-023  1.089876173537E-022  4.249718161322E+003
 1.084000000000E+000  5.967066545092E-001  3.319355719817E-001  1.783833039378E-022  7.194079942475E-023  1.064425045130E-022  4.110465851462E+003
 1.097000000000E+000  5.973581467958E-001  3.274217268362E-001  1.741156429289E-022  7.010624514076E-023  1.040093977882E-022  4.005645321285E+003
 1.109000000000E+000  5.969202575156E-001  3.233853729386E-001  1.706566025453E-022  6.878821940723E-023  1.018683831381E-022  3.930337570852E+003
 1.122000000000E+000  5.957874100949E-001  3.191245745358E-001  1.672676270471E-022  6.761168073598E-023  9.965594631111E-023  3.863113936006E+003
 1.135000000000E+000  5.941075133184E-001  3.149559566032E-001  1.641401394823E-022  6.662324937873E-023  9.751689010358E-023  3.806638147956E+003
 1.148000000000E+000  5.920764599422E-001  3.108236185610E-001  1.611823249684E-022  6.575006459585E-023  9.543226037255E-023  3.756747178426E+003
 1.161000000000E+000  5.898643540504E-001  3.067128297945E-001  1.583352705586E-022  6.493893846715E-023  9.339633209142E-023  3.710402040758E+003
 1.175000000000E+000  5.873217338133E-001  3.023413621710E-001  1.553674688773E-022  6.411677767809E-023  9.125069119918E-023  3.663426418095E+003
 1.189000000000E+000  5.846229481083E-001  2.980616004471E-001  1.524996355492E-022  6.334484902898E-023  8.915478652022E-023  3.619320898316E+003
 1.202000000000E+000  5.819702184035E-001  2.942010634738E-001  1.499440347000E-022  6.268107207732E-023  8.726296262265E-023  3.581394818615E+003
 1.216000000000E+000  5.789823373744E-001  2.901971047123E-001  1.473244191283E-022  6.202618258908E-023  8.529823653923E-023  3.543976539983E+003
 1.230000000000E+000  5.759591833959E-001  2.863791163782E-001  1.448360908833E-022  6.141641425188E-023  8.341967663138E-023  3.509136338770E+003
 1.245000000000E+000  5.728652079417E-001  2.824854769743E-001  1.422644118629E-022  6.076607997837E-023  8.149833188457E-023  3.471978330454E+003
 1.259000000000E+000  5.703235565278E-001  2.789843543016E-001  1.398978502967E-022  6.011081076489E-023  7.978703953179E-023  3.434538355543E+003
 1.273000000000E+000  5.682823987080E-001  2.755556312191E-001  1.375095427829E-022  5.936528996499E-023  7.814425281790E-023  3.391941695316E+003
 1.288000000000E+000  5.665428701569E-001  2.719203779924E-001  1.349086286333E-022  5.847710695844E-023  7.643152167483E-023  3.341193775534E+003
 1.303000000000E+000  5.650151793139E-001  2.683292375074E-001  1.323049894774E-022  5.755066212368E-023  7.475432735368E-023  3.288259697973E+003
 1.318000000000E+000  5.634224808913E-001  2.648103921961E-001  1.297461781162E-022  5.664426455580E-023  7.310191356040E-023  3.236471056751E+003
 1.334000000000E+000  5.615934274874E-001  2.611228611288E-001  1.270927986272E-022  5.571831823719E-023  7.137448039001E-023  3.183565462799E+003
 1.349000000000E+000  5.597500441415E-001  2.577517152611E-001  1.246951176605E-022  5.489702004580E-023  6.979809761468E-023  3.136639126193E+003
 1.365000000000E+000  5.576855261831E-001  2.542945706486E-001  1.222463271360E-022  5.407131986321E-023  6.817500727278E-023  3.089461273969E+003
 1.380000000000E+000  5.556879145225E-001  2.512197839583E-001  1.200578700720E-022  5.334316262968E-023  6.671470744234E-023  3.047856712068E+003
 1.396000000000E+000  5.534562383485E-001  2.481316240764E-001  1.178351674109E-022  5.261855891051E-023  6.521660850041E-023  3.006455186545E+003
 1.413000000000E+000  5.510816473725E-001  2.449877505797E-001  1.155832220054E-022  5.188742961402E-023  6.369579239134E-023  2.964680810527E+003
 1.429000000000E+000  5.488372469353E-001  2.420906099559E-001  1.135413622830E-022  5.122563359429E-023  6.231572868866E-023  2.926867914904E+003
 1.445000000000E+000  5.465704449634E-001  2.392183839396E-001  1.115508203202E-022  5.058043882177E-023  6.097038149845E-023  2.890003561140E+003
 1.462000000000E+000  5.441107379549E-001  2.361855045025E-001  1.094808878218E-022  4.991116115713E-023  5.956972666469E-023  2.851763188394E+003
 1.479000000000E+000  5.415501873821E-001  2.331654649800E-001  1.074579431812E-022  4.926407391570E-023  5.819386926545E-023  2.814790705046E+003
 1.496000000000E+000  5.389454033746E-001  2.301349254476E-001  1.054734653282E-022  4.862902601160E-023  5.684443931664E-023  2.778506110703E+003
 1.514000000000E+000  5.361660547784E-001  2.269583878233E-001  1.034234877779E-022  4.797132436460E-023  5.545216341330E-023  2.740927154365E+003
 1.531000000000E+000  5.335566003001E-001  2.240462081610E-001  1.015469380716E-022  4.736589902324E-023  5.418103904837E-023  2.706335097964E+003
 1.549000000000E+000  5.308404341389E-001  2.210949604622E-001  9.963154402905E-023  4.674309194274E-023  5.288845208631E-023  2.670749904904E+003
 1.567000000000E+000  5.281485165727E-001  2.182648577797E-001  9.779406710533E-023  4.614427563403E-023  5.164979147129E-023  2.636535467367E+003
 1.585000000000E+000  5.255105488057E-001  2.155324326407E-001  9.602452693782E-023  4.556262508792E-023  5.046190184990E-023  2.603301826284E+003
 1.603000000000E+000  5.229064783970E-001  2.128492654079E-001  9.430941075453E-023  4.499440889719E-023  4.931500185735E-023  2.570835781051E+003
 1.622000000000E+000  5.201655406549E-001  2.100314566614E-001  9.254392851489E-023  4.440576590461E-023  4.813816261028E-023  2.537202614072E+003
 1.641000000000E+000  5.174056068375E-001  2.071905683667E-001  9.081532023722E-023  4.382696435974E-023  4.698835587748E-023  2.504131755755E+003
 1.660000000000E+000  5.145886332998E-001  2.042905550374E-001  8.911908745866E-023  4.325941804238E-023  4.585966941627E-023  2.471703984931E+003
 1.679000000000E+000  5.117211955722E-001  2.013375029536E-001  8.745534221662E-023  4.270258993836E-023  4.475275227826E-023  2.439888618338E+003
 1.698000000000E+000  5.088476804151E-001  1.983782300429E-001  8.582885551410E-023  4.215504147307E-023  4.367381404103E-023  2.408603460450E+003
 1.718000000000E+000  5.058501548834E-001  1.953136058886E-001  8.416485269199E-023  4.159004892201E-023  4.257480376998E-023  2.376321603617E+003
 1.738000000000E+000  5.029067696944E-001  1.923370483357E-001  8.255541322554E-023  4.103773703950E-023  4.151767618604E-023  2.344764279393E+003
 1.758000000000E+000  5.000289488373E-001  1.894562245088E-001  8.100119562187E-023  4.049825292050E-023  4.050294270137E-023  2.313939892310E+003
 1.778000000000E+000  4.971848424508E-001  1.866662952880E-001  7.950085660165E-023  3.997423573746E-023  3.952662086419E-023  2.283999236191E+003
 1.799000000000E+000  4.941906340845E-001  1.838129534656E-001  7.797794639981E-023  3.944197562388E-023  3.853597077593E-023  2.253587605538E+003
 1.820000000000E+000  4.912212512217E-001  1.809734941658E-001  7.649452574776E-023  3.891878909833E-023  3.757573664943E-023  2.223694410517E+003
 1.841000000000E+000  4.882519164786E-001  1.781037739611E-001  7.504347930773E-023  3.840335671651E-023  3.664012259122E-023  2.194244262323E+003
 1.862000000000E+000  4.852636514557E-001  1.751735174782E-001  7.362084179709E-023  3.789532328339E-023  3.572551851370E-023  2.165216866257E+003
 1.884000000000E+000  4.821021610782E-001  1.720454943050E-001  7.216262184959E-023  3.737286590683E-023  3.478975594276E-023  2.135365332463E+003
 1.906000000000E+000  4.789060659091E-001  1.688956787238E-001  7.074407505013E-023  3.686430838150E-023  3.387976666863E-023  2.106307991453E+003
 1.928000000000E+000  4.756421844894E-001  1.657835303552E-001  6.937624160951E-023  3.637797449870E-023  3.299826711081E-023  2.078520437887E+003
 1.950000000000E+000  4.723872634866E-001  1.627200415459E-001  6.805401363391E-023  3.590616436411E-023  3.214784926980E-023  2.051562724571E+003
 1.972000000000E+000  4.691756388969E-001  1.597175706481E-001  6.677369335060E-023  3.544510311133E-023  3.132859023927E-023  2.025219167783E+003
 1.995000000000E+000  4.658761499636E-001  1.566444378278E-001  6.547596223095E-023  3.497227303163E-023  3.050368919932E-023  1.998203178085E+003
 2.018000000000E+000  4.626267675117E-001  1.536247410841E-001  6.421571759529E-023  3.450780774074E-023  2.970790985455E-023  1.971665125510E+003
 2.042000000000E+000  4.592672923820E-001  1.505016633361E-001  6.293598874078E-023  3.403154759842E-023  2.890444114236E-023  1.944453153068E+003
 2.065000000000E+000  4.560551853966E-001  1.475012438027E-001  6.173938632768E-023  3.358281904974E-023  2.815656727794E-023  1.918814247319E+003
 2.089000000000E+000  4.526840125954E-001  1.443402875915E-001  6.051979545562E-023  3.312345160732E-023  2.739634384830E-023  1.892567469407E+003
 2.114000000000E+000  4.491635444051E-001  1.410100749765E-001  5.927946417590E-023  3.265328993621E-023  2.662617423968E-023  1.865703943992E+003
 2.138000000000E+000  4.457636770392E-001  1.377986342149E-001  5.811985584111E-023  3.221213519239E-023  2.590772064872E-023  1.840497781088E+003
 2.163000000000E+000  4.422291243946E-001  1.344572227293E-001  5.694497709923E-023  3.176224973797E-023  2.518272736126E-023  1.814792773467E+003
 2.188000000000E+000  4.387265483705E-001  1.311378206114E-001  5.580384777475E-023  3.132121825474E-023  2.448262952001E-023  1.789593653278E+003
 2.213000000000E+000  4.352634148998E-001  1.278597702719E-001  5.469663093112E-023  3.088918856853E-023  2.380744236260E-023  1.764908866812E+003
 2.239000000000E+000  4.317039203786E-001  1.245067345642E-001  5.357985165245E-023  3.044921964078E-023  2.313063201166E-023  1.739770457625E+003
 2.265000000000E+000  4.281640107886E-001  1.212286216736E-001  5.249738061590E-023  3.001989157550E-023  2.247748904040E-023  1.715240033088E+003
 2.291000000000E+000  4.246257538927E-001  1.180205219726E-001  5.144718143376E-023  2.960138323179E-023  2.184579820197E-023  1.691327812635E+003
 2.317000000000E+000  4.210999726258E-001  1.148362200572E-001  5.042496156434E-023  2.919101162994E-023  2.123394993440E-023  1.667880499438E+003
 2.344000000000E+000  4.174426670651E-001  1.115346477411E-001  4.939102979306E-023  2.877310658715E-023  2.061792320591E-023  1.644002749659E+003
 2.371000000000E+000  4.137877059574E-001  1.082275479160E-001  4.838407942592E-023  2.836334219541E-023  2.002073723051E-023  1.620590130493E+003
 2.399000000000E+000  4.100047199062E-001  1.047918025068E-001  4.736788096320E-023  2.794682619633E-023  1.942105476687E-023  1.596791746204E+003
 2.427000000000E+000  4.062325876132E-001  1.013627110264E-001  4.638036671382E-023  2.753915032922E-023  1.884121638460E-023  1.573498458617E+003
 2.455000000000E+000  4.024446103685E-001  9.798480203200E-002  4.542322916063E-023  2.714289539940E-023  1.828033376123E-023  1.550857726647E+003
 2.483000000000E+000  3.986912880630E-001  9.463744109805E-002  4.449388523890E-023  2.675456082208E-023  1.773932441682E-023  1.528669538139E+003
 2.512000000000E+000  3.948611571013E-001  9.118463632520E-002  4.356010728876E-023  2.635991292127E-023  1.720019436750E-023  1.506120626637E+003
 2.541000000000E+000  3.910647718709E-001  8.779466716632E-002  4.265396707314E-023  2.597350317030E-023  1.668046390285E-023  1.484042416515E+003
 2.570000000000E+000  3.872964609353E-001  8.446525557153E-002  4.177401660926E-023  2.559508781744E-023  1.617892879182E-023  1.462420980584E+003
 2.600000000000E+000  3.834205481964E-001  8.107381395708E-002  4.088972689435E-023  2.521176539292E-023  1.567796150143E-023  1.440519170364E+003
 2.630000000000E+000  3.795615109887E-001  7.772165339926E-002  4.003049205170E-023  2.483645800293E-023  1.519403404876E-023  1.419075313433E+003
 2.661000000000E+000  3.755889633729E-001  7.428659254054E-002  3.916780894144E-023  2.445681218354E-023  1.471099675790E-023  1.397383572602E+003
 2.691000000000E+000  3.717601762273E-001  7.098485849664E-002  3.835655323000E-023  2.409711424174E-023  1.425943898826E-023  1.376831589327E+003
 2.723000000000E+000  3.676970510850E-001  6.749003014729E-002  3.751617736632E-023  2.372158958074E-023  1.379458778558E-023  1.355375318230E+003
 2.754000000000E+000  3.637861571455E-001  6.414051893776E-002  3.672609893992E-023  2.336565253962E-023  1.336044640030E-023  1.335038220720E+003
 2.786000000000E+000  3.597176886558E-001  6.079065705456E-002  3.593771574072E-023  2.301028369890E-023  1.292743204182E-023  1.314733588354E+003
 2.818000000000E+000  3.556811946510E-001  5.750715489401E-002  3.517325912189E-023  2.266279229764E-023  1.251046682424E-023  1.294879047538E+003
 2.851000000000E+000  3.515541911846E-001  5.419636003457E-002  3.440893507060E-023  2.231232973233E-023  1.209660533827E-023  1.274854743965E+003
 2.884000000000E+000  3.474607670362E-001  5.096332201524E-002  3.366797652470E-023  2.196967557687E-023  1.169830094783E-023  1.255276587813E+003
 2.917000000000E+000  3.433974554989E-001  4.780330385348E-002  3.294935042191E-023  2.163462732668E-023  1.131472309522E-023  1.236133008620E+003
 2.951000000000E+000  3.392389180566E-001  4.461554266922E-002  3.223129151415E-023  2.129718305333E-023  1.093410846083E-023  1.216852528371E+003
 2.985000000000E+000  3.351064953139E-001  4.148874841228E-002  3.153502077415E-023  2.096743048287E-023  1.056759029128E-023  1.198011527282E+003
 3.020000000000E+000  3.308790216213E-001  3.832862370814E-002  3.084025722483E-023  2.063586308773E-023  1.020439413710E-023  1.179066832949E+003
 3.055000000000E+000  3.266785132048E-001  3.522768673503E-002  3.016717015532E-023  2.031220386139E-023  9.854966293936E-024  1.160573985941E+003
 3.090000000000E+000  3.225047757079E-001  3.218988053940E-002  2.951530179369E-023  1.999647600876E-023  9.518825784925E-024  1.142534312113E+003
 3.126000000000E+000  3.181941411190E-001  2.915899065033E-002  2.887076076911E-023  1.968425384273E-023  9.186506926380E-024  1.124694941939E+003
 3.162000000000E+000  3.138820852993E-001  2.621524901996E-002  2.825019283754E-023  1.938296339958E-023  8.867229437955E-024  1.107480175244E+003
 3.199000000000E+000  3.094231475177E-001  2.327630292002E-002  2.763871599292E-023  1.908665749704E-023  8.552058495876E-024  1.090550209165E+003
 3.236000000000E+000  3.047572546095E-001  2.042565012130E-002  2.706885528359E-023  1.881942526194E-023  8.249430021651E-024  1.075281418915E+003
 3.273000000000E+000  2.985663925500E-001  1.766542043792E-002  2.665611060390E-023  1.869749182148E-023  7.958618782421E-024  1.068314534377E+003
 3.311000000000E+000  2.911824614614E-001  1.492784071973E-002  2.634596615700E-023  1.867448288183E-023  7.671483275175E-024  1.066999877583E+003
 3.350000000000E+000  2.913958289234E-001  1.220251473934E-002  2.535624438309E-023  1.796754053270E-023  7.388703850395E-024  1.026607465930E+003
 3.388000000000E+000  2.878189918019E-001  9.625315803080E-003  2.475255663123E-023  1.762830073711E-023  7.124255894121E-024  1.007224395317E+003
 3.428000000000E+000  2.836021552958E-001  7.012498539957E-003  2.417847590545E-023  1.732140802690E-023  6.857067878554E-024  9.896895331039E+002
 3.467000000000E+000  2.794271548634E-001  4.553447108403E-003  2.364547838261E-023  1.703828963277E-023  6.607188749838E-024  9.735130588323E+002
 3.507000000000E+000  2.751519563930E-001  2.112403166500E-003  2.311954141547E-023  1.675815436410E-023  6.361387051377E-024  9.575070307522E+002
 3.548000000000E+000  2.708006074769E-001 -3.044244185187E-004  2.259954861141E-023  1.647957711874E-023  6.119971492676E-024  9.415900231128E+002
 3.589000000000E+000  2.664893391434E-001 -2.635612040930E-003  2.209743733392E-023  1.620870586204E-023  5.888731471877E-024  9.261133108756E+002
 3.631000000000E+000  2.621183976046E-001 -4.936575128889E-003  2.160057363354E-023  1.593866588537E-023  5.661907748163E-024  9.106840953054E+002
 3.673000000000E+000  2.577810809377E-001 -7.122144146088E-003  2.112082501451E-023  1.567627591198E-023  5.444549102536E-024  8.956919763126E+002
 3.715000000000E+000  2.534851490881E-001 -9.207903816450E-003  2.065730050635E-023  1.542098160774E-023  5.236318898611E-024  8.811052810296E+002
 3.758000000000E+000  2.491391710345E-001 -1.126191885556E-002  2.019866433615E-023  1.516638584744E-023  5.032278488713E-024  8.665584982997E+002
 3.802000000000E+000  2.447472080505E-001 -1.328212329930E-002  1.974534287071E-023  1.491272533110E-023  4.832617539604E-024  8.520651524012E+002
 3.846000000000E+000  2.404112943617E-001 -1.522316009014E-002  1.930751568324E-023  1.466577084692E-023  4.641744836317E-024  8.379549676076E+002
 3.891000000000E+000  2.360376185700E-001 -1.712857415747E-002  1.887508046579E-023  1.441985142233E-023  4.455229043463E-024  8.239039227890E+002
 3.935000000000E+000  2.318224877944E-001 -1.891588748593E-002  1.846661429851E-023  1.418563783069E-023  4.280976467821E-024  8.105217116088E+002
 3.981000000000E+000  2.274766818797E-001 -2.070873708266E-002  1.805418101428E-023  1.394727582310E-023  4.106905191184E-024  7.969024732859E+002
 4.027000000000E+000  2.231933981255E-001 -2.242695036853E-002  1.765606576023E-023  1.371534844568E-023  3.940717314553E-024  7.836508890316E+002
 4.074000000000E+000  2.188817351671E-001 -2.410836408698E-002  1.726347207182E-023  1.348481334973E-023  3.778658722089E-024  7.704788552620E+002
 4.121000000000E+000  2.146356561942E-001 -2.571785074293E-002  1.688461529823E-023  1.326057481411E-023  3.624040484121E-024  7.576665866932E+002
 4.169000000000E+000  2.103827208342E-001 -2.727916174882E-002  1.650926565447E-023  1.303600142711E-023  3.473264227361E-024  7.448351857943E+002
 4.217000000000E+000  2.062034975529E-001 -2.876802912436E-002  1.614647385901E-023  1.281701447614E-023  3.329459382875E-024  7.323229758790E+002
 4.266000000000E+000  2.020079755801E-001 -3.022010800985E-002  1.578919365778E-023  1.259965061093E-023  3.189543046849E-024  7.199035038627E+002
 4.315000000000E+000  1.978839144972E-001 -3.160666215207E-002  1.544456312054E-023  1.238833251254E-023  3.056230607991E-024  7.078294675141E+002
 4.365000000000E+000  1.937492517143E-001 -3.295690645005E-002  1.510538982077E-023  1.217873184614E-023  2.926657974626E-024  6.958535597042E+002
 4.416000000000E+000  1.896083430652E-001 -3.426982424307E-002  1.477187593630E-023  1.197100501606E-023  2.800870920247E-024  6.839847168732E+002
 4.467000000000E+000  1.855018057039E-001 -3.548960327754E-002  1.445286610566E-023  1.177183334546E-023  2.681032760196E-024  6.726046883345E+002
 4.519000000000E+000  1.813820325688E-001 -3.666260451086E-002  1.414015906186E-023  1.157538827037E-023  2.564770791486E-024  6.613804486915E+002
 4.571000000000E+000  1.773434844292E-001 -3.777673505038E-002  1.383883109333E-023  1.138460456681E-023  2.454226526518E-024  6.504796816056E+002
 4.624000000000E+000  1.733102679151E-001 -3.885435869247E-002  1.354291626230E-023  1.119578981653E-023  2.347126445771E-024  6.396914141761E+002
 4.677000000000E+000  1.693601121257E-001 -3.987605170021E-002  1.325783763054E-023  1.101248876289E-023  2.245348867653E-024  6.292181816357E+002
 4.732000000000E+000  1.653478535763E-001 -4.087978255011E-002  1.297297508471E-023  1.082792149995E-023  2.145053584755E-024  6.186726019692E+002
 4.786000000000E+000  1.614746624219E-001 -4.180222373809E-002  1.270504457239E-023  1.065350178900E-023  2.051542783382E-024  6.087068207796E+002
 4.842000000000E+000  1.575054745541E-001 -4.268505364883E-002  1.244050313945E-023  1.048105578878E-023  1.959447350671E-024  5.988538110715E+002
 4.898000000000E+000  1.536249842374E-001 -4.351655741937E-002  1.218616529964E-023  1.031406584757E-023  1.872099452071E-024  5.893125430237E+002
 4.955000000000E+000  1.497629559772E-001 -4.431262134271E-002  1.193748486145E-023  1.014969184167E-023  1.787793019785E-024  5.799207411043E+002
 5.012000000000E+000  1.459760737881E-001 -4.507053161907E-002  1.169956895535E-023  9.991711814236E-024  1.707857141115E-024  5.708942705456E+002
 5.070000000000E+000  1.421694763687E-001 -4.583061797214E-002  1.147031338567E-023  9.839584937847E-024  1.630728447826E-024  5.622022302084E+002
 5.129000000000E+000  1.383492712281E-001 -4.655654356873E-002  1.124985430884E-023  9.693445163792E-024  1.556409145051E-024  5.538522736387E+002
 5.188000000000E+000  1.344916102674E-001 -4.723294673245E-002  1.104882344731E-023  9.562849390318E-024  1.485974056988E-024  5.463904512582E+002
 5.248000000000E+000  1.305107528958E-001 -4.786932315598E-002  1.086553217789E-023  9.447463392743E-024  1.418068785150E-024  5.397976665441E+002
 5.309000000000E+000  1.269181759767E-001 -4.847242694858E-002  1.065836306621E-023  9.305623066953E-024  1.352739999261E-024  5.316933666173E+002
 5.370000000000E+000  1.236136668161E-001 -4.903342611014E-002  1.044324910615E-023  9.152320790667E-024  1.290928315486E-024  5.229341677112E+002
 5.432000000000E+000  1.202026913756E-001 -4.956257658127E-002  1.024512466279E-023  9.013633104846E-024  1.231491557946E-024  5.150099994903E+002
 5.495000000000E+000  1.167178732060E-001 -5.005997767677E-002  1.006173745910E-023  8.887352862117E-024  1.174384596983E-024  5.077947526540E+002
 5.559000000000E+000  1.131028182755E-001 -5.050632105210E-002  9.898063315087E-024  8.778564458681E-024  1.119498856405E-024  5.015789332450E+002
 5.623000000000E+000  1.093841450249E-001 -5.090909423822E-002  9.760247732182E-024  8.692631378766E-024  1.067616353416E-024  4.966689934984E+002
 5.688000000000E+000  1.055775956680E-001 -5.126741977712E-002  9.639890572934E-024  8.622134103741E-024  1.017756469193E-024  4.926410059874E+002
 5.754000000000E+000  1.024026801243E-001 -5.159234896455E-002  9.471710892044E-024  8.501782311336E-024  9.699285807079E-025  4.857644917313E+002
 5.821000000000E+000  9.939511949922E-002 -5.188777435457E-002  9.297210692183E-024  8.373113324424E-024  9.240973677589E-025  4.784127597367E+002
 5.888000000000E+000  9.621929114284E-002 -5.215045637596E-002  9.154455768905E-024  8.273620524022E-024  8.808352448825E-025  4.727280611820E+002
 5.957000000000E+000  9.275106997927E-002 -5.236678140068E-002  9.042822813489E-024  8.204091321905E-024  8.387314915841E-025  4.687553862428E+002
 6.026000000000E+000  8.900074540772E-002 -5.254605147161E-002  8.977496927304E-024  8.178493008878E-024  7.990039184256E-025  4.672927809841E+002
 6.095000000000E+000  8.454737140730E-002 -5.269195305727E-002  9.007117204052E-024  8.245589120492E-024  7.615280835600E-025  4.711264369590E+002
 6.166000000000E+000  7.842832422907E-002 -5.281245188166E-002  9.246139887730E-024  8.520980630747E-024  7.251592569823E-025  4.868614219430E+002
 6.237000000000E+000  7.404601653566E-002 -5.295682258987E-002  9.330319935631E-024  8.639446911394E-024  6.908730242367E-025  4.936302041228E+002
 6.310000000000E+000  7.464787364790E-002 -5.396070921930E-002  8.808278574928E-024  8.150759308811E-024  6.575192661167E-025  4.657081665793E+002
 6.383000000000E+000  7.401652148719E-002 -5.296704251905E-002  8.456717107187E-024  7.830780323712E-024  6.259367834752E-025  4.474255967169E+002
 6.457000000000E+000  7.222060821758E-002 -5.297942052609E-002  8.251397149441E-024  7.655476228664E-024  5.959209207774E-025  4.374092846648E+002
 6.531000000000E+000  6.996547874469E-002 -5.297324151142E-002  8.112944821765E-024  7.545318753281E-024  5.676260684840E-025  4.311152408891E+002
 6.607000000000E+000  6.752643699113E-002 -5.296129614100E-002  7.999157132309E-024  7.459002552232E-024  5.401545800770E-025  4.261834108333E+002
 6.683000000000E+000  6.515678731796E-002 -5.293001362510E-002  7.893007591328E-024  7.378724574401E-024  5.142830169272E-025  4.215965854277E+002
 6.761000000000E+000  6.291956486572E-002 -5.287078603859E-002  7.774838993662E-024  7.285649507280E-024  4.891894863822E-025  4.162785755073E+002
 6.839000000000E+000  6.081454443581E-002 -5.279127183436E-002  7.655151080126E-024  7.189606554601E-024  4.655445255252E-025  4.107909901535E+002
 6.918000000000E+000  5.869497721242E-002 -5.269532170552E-002  7.547317399268E-024  7.104327776503E-024  4.429896227649E-025  4.059184351079E+002
 6.998000000000E+000  5.641146598979E-002 -5.259450622427E-002  7.469545777941E-024  7.048177750330E-024  4.213680276115E-025  4.027102032424E+002
 7.080000000000E+000  5.406768351610E-002 -5.247571777744E-002  7.407960717808E-024  7.007429442218E-024  4.005312755901E-025  4.003819760008E+002
 7.161000000000E+000  5.134704922632E-002 -5.234617974891E-002  7.420687303267E-024  7.039656907013E-024  3.810303962540E-025  4.022233496661E+002
 7.244000000000E+000  4.857743728804E-002 -5.219906705525E-002  7.456909534952E-024  7.094671979655E-024  3.622375552967E-025  4.053667339379E+002
 7.328000000000E+000  4.533791255671E-002 -5.203947382399E-002  7.593881731674E-024  7.249590985757E-024  3.442907459166E-025  4.142183075848E+002
 7.413000000000E+000  4.149886748280E-002 -5.186743502796E-002  7.883105773349E-024  7.555965811507E-024  3.271399618411E-025  4.317235795454E+002
 7.499000000000E+000  3.770249685342E-002 -5.167786714092E-002  8.245242648993E-024  7.934376413964E-024  3.108662350293E-025  4.533447440538E+002
 7.586000000000E+000  3.295725444939E-002 -5.146545301616E-002  8.962933373474E-024  8.667539697671E-024  2.953936758025E-025  4.952353355585E+002
 7.674000000000E+000  2.928018011160E-002 -5.122921608009E-002  9.588241298937E-024  9.307495866751E-024  2.807454321864E-025  5.318003723731E+002
 7.762000000000E+000  2.601414835680E-002 -5.097808087050E-002  1.026612511503E-023  9.999060613234E-024  2.670645017917E-025  5.713141572798E+002
 7.852000000000E+000  2.214183002327E-002 -5.072725271754E-002  1.147706588870E-023  1.122294264663E-023  2.541232420735E-025  6.412428395395E+002
 7.943000000000E+000  1.920449343889E-002 -5.044143008288E-002  1.259822349687E-023  1.235628099639E-023  2.419425004874E-025  7.059981469879E+002
 8.035000000000E+000  1.651300953457E-002 -5.008967850205E-002  1.396713269227E-023  1.373649329695E-023  2.306393953181E-025  7.848590378122E+002
 8.128000000000E+000  1.393482908196E-002 -4.964658338197E-002  1.580732195139E-023  1.558704962175E-023  2.202723296361E-025  8.905938731229E+002
 8.222000000000E+000  1.187233893955E-002 -4.915371369225E-002  1.773629392091E-023  1.752572262795E-023  2.105712929605E-025  1.001363412145E+003
 8.318000000000E+000  1.024296368159E-002 -4.858389253027E-002  1.966676353731E-023  1.946531759266E-023  2.014459446470E-025  1.112185628910E+003
 8.414000000000E+000  9.000797910518E-003 -4.798018389168E-002  2.143757297093E-023  2.124461770893E-023  1.929552620033E-025  1.213849113690E+003
 8.511000000000E+000  8.012582968865E-003 -4.737057937442E-002  2.307303745276E-023  2.288816282583E-023  1.848746269340E-025  1.307755994520E+003
 8.610000000000E+000  7.176380612826E-003 -4.670863030612E-002  2.468783587660E-023  2.451066656984E-023  1.771693067575E-025  1.400460638991E+003
 8.710000000000E+000  6.423953878908E-003 -4.596762348932E-002  2.647220106872E-023  2.630214486998E-023  1.700561987386E-025  1.502819946022E+003
 8.811000000000E+000  5.723220264251E-003 -4.511146696012E-002  2.859461530061E-023  2.843096201887E-023  1.636532817369E-025  1.624453709678E+003
 8.913000000000E+000  5.089049394574E-003 -4.411612539305E-002  3.104342325796E-023  3.088544174362E-023  1.579815143364E-025  1.764694785290E+003
 9.016000000000E+000  4.543136430946E-003 -4.298511418933E-002  3.367678670801E-023  3.352378847143E-023  1.529982365703E-025  1.915441429972E+003
 9.120000000000E+000  4.094528875120E-003 -4.174725287214E-002  3.629243729689E-023  3.614383686443E-023  1.486004324606E-025  2.065142566666E+003
 9.226000000000E+000  3.756593445028E-003 -4.047819371625E-002  3.845615965515E-023  3.831169549787E-023  1.444641572815E-025  2.189007035157E+003
 9.333000000000E+000  3.517385258879E-003 -3.928429406197E-002  3.989320301988E-023  3.975288325565E-023  1.403197642316E-025  2.271351867453E+003
 9.441000000000E+000  3.353856336824E-003 -3.820391963765E-002  4.055405383334E-023  4.041804136291E-023  1.360124704329E-025  2.309356861943E+003
 9.550000000000E+000  3.247078840609E-003 -3.725833091608E-002  4.048788476668E-023  4.035641741275E-023  1.314673539269E-025  2.305835867670E+003
 9.660000000000E+000  3.183400879687E-003 -3.649595945639E-002  3.975917699424E-023  3.963260759522E-023  1.265693990191E-025  2.264479703133E+003
 9.772000000000E+000  3.135810895155E-003 -3.585984397770E-002  3.872085988834E-023  3.859943859404E-023  1.214212943077E-025  2.205447750026E+003
 9.885000000000E+000  3.090089731367E-003 -3.525419095584E-002  3.767849172802E-023  3.756206180763E-023  1.164299203821E-025  2.146175377607E+003
 1.000000000000E+001  3.041728352309E-003 -3.466968836212E-002  3.668166445818E-023  3.657008879939E-023  1.115756587923E-025  2.089497231012E+003
 1.012000000000E+001  2.987276032539E-003 -3.404565044117E-002  3.578331628731E-023  3.567642164420E-023  1.068946431098E-025  2.038435964618E+003
 1.023000000000E+001  2.948974159951E-003 -3.347728374643E-002  3.488531552118E-023  3.478243962715E-023  1.028758940337E-025  1.987356708031E+003
 1.035000000000E+001  2.922254049965E-003 -3.288450879087E-002  3.377328223010E-023  3.367458811933E-023  9.869411077754E-026  1.924057636742E+003
 1.047000000000E+001  2.930048135791E-003 -3.239423863747E-002  3.224615447703E-023  3.215167169222E-023  9.448278481185E-026  1.837043091195E+003
 1.059000000000E+001  2.952192694257E-003 -3.203724458595E-002  3.054847737268E-023  3.045829238096E-023  9.018499172032E-026  1.740288844812E+003
 1.072000000000E+001  2.978858694436E-003 -3.172291914096E-002  2.875054813088E-023  2.866490431061E-023  8.564382026947E-026  1.637820419655E+003
 1.084000000000E+001  2.990715446951E-003 -3.148597387259E-002  2.727959555651E-023  2.719801004869E-023  8.158550781743E-026  1.554006800408E+003
 1.097000000000E+001  2.991134567344E-003 -3.121447336599E-002  2.591193342882E-023  2.583442734904E-023  7.750607978567E-026  1.476096071484E+003
 1.109000000000E+001  2.984902180961E-003 -3.096720120503E-002  2.478267563473E-023  2.470870177217E-023  7.397386255213E-026  1.411775733389E+003
 1.122000000000E+001  2.963063481928E-003 -3.074482724602E-002  2.372598684703E-023  2.365568524183E-023  7.030160519911E-026  1.351609756313E+003
 1.135000000000E+001  2.966335353367E-003 -3.057855372333E-002  2.251258640472E-023  2.244580652378E-023  6.677988094806E-026  1.282481178444E+003
 1.148000000000E+001  2.930314750465E-003 -3.091848253562E-002  2.144208309454E-023  2.137925104217E-023  6.283205237263E-026  1.221541629247E+003
 1.161000000000E+001  3.010391582217E-003 -2.952328618213E-002  2.035382149640E-023  2.029254852350E-023  6.127297289871E-026  1.159450943164E+003
 1.175000000000E+001  2.999018513056E-003 -2.948782081919E-002  1.932626480239E-023  1.926830497646E-023  5.795982593060E-026  1.100928961793E+003
 1.189000000000E+001  3.004994463249E-003 -2.931835587562E-002  1.830325636752E-023  1.824825518347E-023  5.500118404382E-026  1.042646598039E+003
 1.202000000000E+001  3.013026386230E-003 -2.918572024925E-002  1.738857168357E-023  1.733617945827E-023  5.239222530145E-026  9.905335251737E+002
 1.216000000000E+001  3.028577191890E-003 -2.904831154041E-002  1.642797590889E-023  1.637822251575E-023  4.975339314659E-026  9.357989471473E+002
 1.230000000000E+001  3.026549294943E-003 -2.891496641022E-002  1.561992103666E-023  1.557264657566E-023  4.727446100058E-026  8.897709294028E+002
 1.244000000000E+001  3.020673515135E-003 -2.884165052322E-002  1.488280611422E-023  1.483785001596E-023  4.495609826012E-026  8.477870177619E+002
 1.259000000000E+001  3.019505809266E-003 -2.882125449962E-002  1.411553818223E-023  1.407291623269E-023  4.262194954217E-026  8.040811621153E+002
 1.273000000000E+001  3.026186187713E-003 -2.881205867124E-002  1.340123985608E-023  1.336068520913E-023  4.055464695070E-026  7.633865726179E+002
 1.288000000000E+001  3.044083158767E-003 -2.881039336599E-002  1.263364757964E-023  1.259518970581E-023  3.845787383098E-026  7.196486220947E+002
 1.303000000000E+001  3.040019132960E-003 -2.881604237574E-002  1.200075029720E-023  1.196426778668E-023  3.648251051335E-026  6.835997732600E+002
 1.318000000000E+001  3.033245040358E-003 -2.882521338907E-002  1.141622030553E-023  1.138159211191E-023  3.462819362139E-026  6.503075596235E+002
 1.334000000000E+001  3.014904052557E-003 -2.884147202746E-002  1.086746144152E-023  1.083469708798E-023  3.276435354106E-026  6.190597372728E+002
 1.349000000000E+001  3.002335331549E-003 -2.886171922260E-002  1.036673655109E-023  1.033561213167E-023  3.112441942019E-026  5.905436283843E+002
 1.365000000000E+001  2.965432195124E-003 -2.891716028594E-002  9.931367677870E-024  9.901916880416E-024  2.945079745357E-026  5.657636768901E+002
 1.380000000000E+001  2.929015473323E-003 -2.897217493002E-002  9.552169044703E-024  9.524190593768E-024  2.797845093573E-026  5.441816119856E+002
 1.396000000000E+001  2.834050806245E-003 -2.903005170671E-002  9.351450587216E-024  9.324948101140E-024  2.650248607626E-026  5.327975369036E+002
 1.412000000000E+001  2.732185527937E-003 -2.908469325683E-002  9.195137698691E-024  9.170014876543E-024  2.512282214775E-026  5.239451508577E+002
 1.429000000000E+001  2.576242981229E-003 -2.910252375613E-002  9.229534809614E-024  9.205757285341E-024  2.377752427328E-026  5.259873571160E+002
 1.445000000000E+001  2.431999739801E-003 -2.911194752918E-002  9.291877024016E-024  9.269279181511E-024  2.259784250467E-026  5.296167939184E+002
 1.462000000000E+001  2.260945330520E-003 -2.907092118383E-002  9.490884858103E-024  9.469426486300E-024  2.145837180243E-026  5.410525670565E+002
 1.479000000000E+001  2.102014253033E-003 -2.902105226033E-002  9.702299030907E-024  9.681904660056E-024  2.039437085015E-026  5.531928863801E+002
 1.496000000000E+001  1.952889350595E-003 -2.891746431038E-002  9.944005417134E-024  9.924585874853E-024  1.941954228139E-026  5.670589103079E+002
 1.514000000000E+001  1.807762346404E-003 -2.879198950565E-002  1.021121154698E-023  1.019275210324E-023  1.845944374580E-026  5.823810659289E+002
 1.531000000000E+001  1.679004689125E-003 -2.865378736765E-002  1.049432902250E-023  1.047670899486E-023  1.762002763799E-026  5.986054492501E+002
 1.549000000000E+001  1.554469936192E-003 -2.850869400834E-002  1.079798888683E-023  1.078120373773E-023  1.678514909591E-026  6.160032993232E+002
 1.567000000000E+001  1.440141477215E-003 -2.833617361482E-002  1.112439615857E-023  1.110837545426E-023  1.602070431693E-026  6.346968387207E+002
 1.585000000000E+001  1.336182088563E-003 -2.816248270133E-002  1.145332846333E-023  1.143802473098E-023  1.530373234713E-026  6.535319379379E+002
 1.603000000000E+001  1.241602817294E-003 -2.798679449910E-002  1.179062923151E-023  1.177598995304E-023  1.463927847152E-026  6.728421835201E+002
 1.622000000000E+001  1.150925277252E-003 -2.779937011556E-002  1.215025907193E-023  1.213627503163E-023  1.398404029104E-026  6.934277139033E+002
 1.641000000000E+001  1.068793716013E-003 -2.760557880920E-002  1.251752565556E-023  1.250414700279E-023  1.337865276069E-026  7.144467349213E+002
 1.660000000000E+001  9.973388099570E-004 -2.740518018019E-002  1.285291532304E-023  1.284009661177E-023  1.281871127276E-026  7.336418148558E+002
 1.679000000000E+001  9.328380209798E-004 -2.720237087837E-002  1.317829956055E-023  1.316600634167E-023  1.229321888194E-026  7.522632483970E+002
 1.698000000000E+001  8.767286493879E-004 -2.699780095971E-002  1.346140267616E-023  1.344960067878E-023  1.180199738714E-026  7.684669165197E+002
 1.718000000000E+001  8.232031465581E-004 -2.678083191808E-002  1.374538738458E-023  1.373407213843E-023  1.131524614565E-026  7.847207006031E+002
 1.738000000000E+001  7.770204656439E-004 -2.653293164348E-002  1.398442349923E-023  1.397355731597E-023  1.086618325913E-026  7.984041132435E+002
 1.758000000000E+001  7.360450197935E-004 -2.627866733382E-002  1.419031473092E-023  1.417987002043E-023  1.044471048699E-026  8.101921574850E+002
 1.778000000000E+001  6.999113975150E-004 -2.603426343307E-002  1.435231549395E-023  1.434227014475E-023  1.004534919494E-026  8.194711781608E+002
 1.799000000000E+001  6.680827844636E-004 -2.579773734775E-002  1.443877542495E-023  1.442912912766E-023  9.646297290144E-027  8.244340210259E+002
 1.820000000000E+001  6.388443679632E-004 -2.556486301521E-002  1.450865695782E-023  1.449938818403E-023  9.268773784212E-027  8.284483974896E+002
 1.841000000000E+001  6.152423982107E-004 -2.534292728243E-002  1.448513350104E-023  1.447622163276E-023  8.911868273581E-027  8.271247352749E+002
 1.862000000000E+001  5.939945341569E-004 -2.512790938523E-002  1.443269491170E-023  1.442412196981E-023  8.572941890703E-027  8.241479281339E+002
 1.884000000000E+001  5.743436457834E-004 -2.492944713587E-002  1.433282887291E-023  1.432459690372E-023  8.231969189257E-027  8.184613860218E+002
 1.906000000000E+001  5.587868785154E-004 -2.479839455104E-002  1.413329220859E-023  1.412539471036E-023  7.897498236386E-027  8.070796135102E+002
 1.927000000000E+001  5.447606646609E-004 -2.467699129700E-002  1.394028700644E-023  1.393269288643E-023  7.594120015193E-027  7.960692511968E+002
 1.950000000000E+001  5.320348316203E-004 -2.463374473923E-002  1.367042575847E-023  1.366315261580E-023  7.273142666585E-027  7.806685872224E+002
 1.972000000000E+001  5.217677852817E-004 -2.465741302649E-002  1.337393804314E-023  1.336695995311E-023  6.978090033265E-027  7.637450913035E+002
 1.995000000000E+001  5.114737587857E-004 -2.467987630691E-002  1.307133540345E-023  1.306464975840E-023  6.685645051152E-027  7.464720592851E+002
 2.018000000000E+001  5.018523485255E-004 -2.474559466016E-002  1.274332240261E-023  1.273692713634E-023  6.395266275770E-027  7.277470429174E+002
 2.042000000000E+001  4.912897977287E-004 -2.480749224151E-002  1.242952265774E-023  1.242341616007E-023  6.106497672386E-027  7.098340342724E+002
 2.065000000000E+001  4.801789910147E-004 -2.484071211161E-002  1.217555139266E-023  1.216970494867E-023  5.846443982773E-027  6.953377918215E+002
 2.089000000000E+001  4.691890412797E-004 -2.487563624735E-002  1.191441269622E-023  1.190882258434E-023  5.590111870348E-027  6.804318127610E+002
 2.114000000000E+001  4.581780024455E-004 -2.490351631961E-002  1.164852106985E-023  1.164318397373E-023  5.337096115227E-027  6.652540770884E+002
 2.138000000000E+001  4.479734150092E-004 -2.492189430893E-002  1.140004730648E-023  1.139494038836E-023  5.106918123151E-027  6.510702371995E+002
 2.163000000000E+001  4.366213652051E-004 -2.492736792253E-002  1.117770599303E-023  1.117282556778E-023  4.880425250539E-027  6.383793108768E+002
 2.188000000000E+001  4.257829108023E-004 -2.491911313411E-002  1.096354847290E-023  1.095888038132E-023  4.668091581514E-027  6.261551711665E+002
 2.213000000000E+001  4.154239028358E-004 -2.489784743168E-002  1.075726225248E-023  1.075279342861E-023  4.468823868753E-027  6.143800256536E+002
 2.239000000000E+001  4.060442751893E-004 -2.487880188703E-002  1.051786552224E-023  1.051359480316E-023  4.270719082516E-027  6.007129856776E+002
 2.265000000000E+001  3.965040914483E-004 -2.486317456422E-002  1.029744079749E-023  1.029335782009E-023  4.082977407653E-027  5.881293529493E+002
 2.291000000000E+001  3.865935433222E-004 -2.485351106830E-002  1.010015386970E-023  1.009624921542E-023  3.904654272585E-027  5.768672013611E+002
 2.317000000000E+001  3.764311185656E-004 -2.482108629185E-002  9.933079517371E-024  9.929340397137E-024  3.739120233525E-027  5.673305684163E+002
 2.344000000000E+001  3.662306769349E-004 -2.477932913972E-002  9.769430201616E-024  9.765852336580E-024  3.577865036006E-027  5.579893865638E+002
 2.371000000000E+001  3.568666951960E-004 -2.473931045375E-002  9.601319194952E-024  9.597892803901E-024  3.426391050624E-027  5.483927191786E+002
 2.399000000000E+001  3.472029347643E-004 -2.471002647749E-002  9.441795232821E-024  9.438517013807E-024  3.278219014279E-027  5.392864992315E+002
 2.427000000000E+001  3.376431823519E-004 -2.468966444091E-002  9.295695188410E-024  9.292556560304E-024  3.138628105588E-027  5.309467884612E+002
 2.455000000000E+001  3.284937484714E-004 -2.475308366996E-002  9.161756121400E-024  9.158746541789E-024  3.009579610899E-027  5.233013144591E+002
 2.483000000000E+001  3.197759158175E-004 -2.481953514871E-002  9.032663121296E-024  9.029774693174E-024  2.888428121883E-027  5.159322779212E+002
 2.512000000000E+001  3.113212433114E-004 -2.484263725907E-002  8.896732205525E-024  8.893962463794E-024  2.769741731633E-027  5.081724040312E+002
 2.541000000000E+001  3.029000446518E-004 -2.480168639436E-002  8.776346633038E-024  8.773688277251E-024  2.658355787027E-027  5.013003239244E+002
 2.570000000000E+001  2.948482746059E-004 -2.474784418807E-002  8.661460427083E-024  8.658906610420E-024  2.553816662493E-027  4.947420687249E+002
 2.600000000000E+001  2.868903141726E-004 -2.467846769433E-002  8.548193852661E-024  8.545741458641E-024  2.452394019998E-027  4.882761759953E+002
 2.630000000000E+001  2.792936541976E-004 -2.459506885237E-002  8.440399905941E-024  8.438042555809E-024  2.357350132619E-027  4.821226071460E+002
 2.661000000000E+001  2.718070429729E-004 -2.449404561358E-002  8.334547611622E-024  8.332282222881E-024  2.265388740832E-027  4.760798019449E+002
 2.692000000000E+001  2.646743694840E-004 -2.437783076211E-002  8.234104086479E-024  8.231924730172E-024  2.179356307354E-027  4.703456976533E+002
 2.723000000000E+001  2.578813177856E-004 -2.424634388128E-002  8.138852419544E-024  8.136753561556E-024  2.098857987214E-027  4.649079232365E+002
 2.754000000000E+001  2.514148668172E-004 -2.409952755015E-002  8.048574689615E-024  8.046551158282E-024  2.023531333658E-027  4.597540480871E+002
 2.786000000000E+001  2.450400205876E-004 -2.387167797323E-002  7.962915313247E-024  7.960964080315E-024  1.951232932295E-027  4.548638777787E+002
 2.818000000000E+001  2.390138221706E-004 -2.363103924524E-002  7.880291942966E-024  7.878408444269E-024  1.883498697109E-027  4.501469143098E+002
 2.851000000000E+001  2.331507289925E-004 -2.337265607311E-002  7.797784899579E-024  7.795966840345E-024  1.818059233863E-027  4.454364662695E+002
 2.884000000000E+001  2.276295170727E-004 -2.310460892920E-002  7.717655046018E-024  7.715898279927E-024  1.756766091059E-027  4.408616063012E+002
 2.917000000000E+001  2.224358784659E-004 -2.282772082201E-002  7.639523789971E-024  7.637824485786E-024  1.699304185283E-027  4.364007208610E+002
 2.951000000000E+001  2.174131838356E-004 -2.253417940592E-002  7.560700226909E-024  7.559056431001E-024  1.643795908359E-027  4.319001676010E+002
 2.985000000000E+001  2.127096600255E-004 -2.223338547812E-002  7.483141262235E-024  7.481549525802E-024  1.591736433813E-027  4.274716723713E+002
 3.020000000000E+001  2.081349498615E-004 -2.190825867464E-002  7.396961245648E-024  7.395421679490E-024  1.539566157990E-027  4.225506042993E+002
 3.055000000000E+001  2.038212281249E-004 -2.157783362321E-002  7.304875481347E-024  7.303386592655E-024  1.488888691908E-027  4.172920155068E+002
 3.090000000000E+001  1.997863675465E-004 -2.125189114486E-002  7.211596097368E-024  7.210155318779E-024  1.440778588506E-027  4.119650804350E+002
 3.126000000000E+001  1.959087294546E-004 -2.092257387286E-002  7.114126216811E-024  7.112732497382E-024  1.393719428315E-027  4.063986538216E+002
 3.162000000000E+001  1.922892987873E-004 -2.060050955610E-002  7.014864326801E-024  7.013515443458E-024  1.348883342489E-027  4.007297105335E+002
 3.199000000000E+001  1.888197436376E-004 -2.027828176761E-002  6.910765072330E-024  6.909460183441E-024  1.304888889297E-027  3.947843277134E+002
 3.236000000000E+001  1.855858476693E-004 -1.996610613605E-002  6.804394051379E-024  6.803131252141E-024  1.262799237901E-027  3.887090346304E+002
 3.273000000000E+001  1.825698680310E-004 -1.966502030023E-002  6.695644774122E-024  6.694422351139E-024  1.222422982794E-027  3.824977577348E+002
 3.311000000000E+001  1.796814709044E-004 -1.936828300152E-002  6.581431840247E-024  6.580249278894E-024  1.182561353713E-027  3.759742756721E+002
 3.350000000000E+001  1.769191237336E-004 -1.907773964967E-002  6.461571346165E-024  6.460428170625E-024  1.143175540506E-027  3.691280830004E+002
 3.388000000000E+001  1.739339536011E-004 -1.878895937555E-002  6.338501289173E-024  6.337398808584E-024  1.102480589131E-027  3.620985810288E+002
 3.428000000000E+001  1.709385278304E-004 -1.850123525482E-002  6.207759142980E-024  6.206697997771E-024  1.061145209027E-027  3.546307571527E+002
 3.467000000000E+001  1.681606279764E-004 -1.823683536739E-002  6.079534940309E-024  6.078512601895E-024  1.022338413367E-027  3.473066559943E+002
 3.508000000000E+001  1.653778317375E-004 -1.797545675129E-002  5.944291476174E-024  5.943308422138E-024  9.830540355450E-028  3.395815241038E+002
 3.548000000000E+001  1.627859466960E-004 -1.773619284323E-002  5.812260952876E-024  5.811314798474E-024  9.461544016578E-028  3.320398330603E+002
 3.589000000000E+001  1.602433854460E-004 -1.750634311756E-002  5.677202477826E-024  5.676292743681E-024  9.097341449094E-028  3.243251072043E+002
 3.631000000000E+001  1.577471617248E-004 -1.728623645921E-002  5.539506314045E-024  5.538632472646E-024  8.738413983971E-028  3.164596421592E+002
 3.673000000000E+001  1.553501220050E-004 -1.708080538340E-002  5.402834603383E-024  5.401995272369E-024  8.393310148082E-028  3.086526320861E+002
 3.715000000000E+001  1.530428582285E-004 -1.688916249217E-002  5.267524607095E-024  5.266718450073E-024  8.061570216588E-028  3.009233496346E+002
 3.758000000000E+001  1.507598937357E-004 -1.670572194547E-002  5.130685117773E-024  5.129911616230E-024  7.735015431468E-028  2.931066472452E+002
 3.802000000000E+001  1.482674737696E-004 -1.650154703967E-002  4.991400282176E-024  4.990660219866E-024  7.400623104109E-028  2.851502704173E+002
 3.846000000000E+001  1.458547320345E-004 -1.630736253679E-002  4.855523458642E-024  4.854815257569E-024  7.082010729473E-028  2.773885262738E+002
 3.890000000000E+001  1.435165577588E-004 -1.612236689105E-002  4.723139718637E-024  4.722461869882E-024  6.778487542325E-028  2.698262794714E+002
 3.935000000000E+001  1.411975588401E-004 -1.594189305164E-002  4.591419799897E-024  4.590771502630E-024  6.482972673557E-028  2.623019155237E+002
 3.981000000000E+001  1.388981693139E-004 -1.576576959062E-002  4.460644711288E-024  4.460025135903E-024  6.195753843577E-028  2.548314887294E+002
 4.027000000000E+001  1.366666024355E-004 -1.559738209564E-002  4.333791885671E-024  4.333199601058E-024  5.922846126773E-028  2.475850856557E+002
 4.074000000000E+001  1.344528211234E-004 -1.543263699536E-002  4.208216274334E-024  4.207650467784E-024  5.658065499816E-028  2.404116120617E+002
 4.121000000000E+001  1.323025505259E-004 -1.527463237437E-002  4.086681720914E-024  4.086141042500E-024  5.406784148644E-028  2.334689543868E+002
 4.169000000000E+001  1.299888741096E-004 -1.508064265769E-002  3.969207867747E-024  3.968691914886E-024  5.159528618353E-028  2.267582890592E+002
 4.217000000000E+001  1.276893183685E-004 -1.487902457650E-002  3.856620236729E-024  3.856127787520E-024  4.924492092343E-028  2.203267369311E+002
 4.266000000000E+001  1.254154944735E-004 -1.467794064770E-002  3.745741649972E-024  3.745271875931E-024  4.697740412014E-028  2.139927867573E+002
 4.315000000000E+001  1.232129490775E-004 -1.448129496115E-002  3.638819655261E-024  3.638371305560E-024  4.483497008860E-028  2.078848320567E+002
 4.365000000000E+001  1.210359024905E-004 -1.428489531305E-002  3.533647109576E-024  3.533219411409E-024  4.276981669903E-028  2.018767910900E+002
 4.416000000000E+001  1.188856375646E-004 -1.408869734503E-002  3.430307743527E-024  3.429899929204E-024  4.078143231319E-028  1.959734482471E+002
 4.467000000000E+001  1.168035418899E-004 -1.389639210690E-002  3.330787587582E-024  3.330398539794E-024  3.890477875124E-028  1.902882589441E+002
 4.519000000000E+001  1.147012483314E-004 -1.366068629288E-002  3.234037183101E-024  3.233666234999E-024  3.709481020519E-028  1.847612862280E+002
 4.571000000000E+001  1.124877475292E-004 -1.325758767728E-002  3.144534119712E-024  3.144180398152E-024  3.537215601552E-028  1.796483533792E+002
 4.624000000000E+001  1.103100277320E-004 -1.285141910711E-002  3.056634902952E-024  3.056297725471E-024  3.371774809111E-028  1.746270201736E+002
 4.677000000000E+001  1.082080554970E-004 -1.244983906304E-002  2.971938520947E-024  2.971616933258E-024  3.215876884082E-028  1.697886321177E+002
 4.731000000000E+001  1.061410072405E-004 -1.204526488985E-002  2.888785886993E-024  2.888479268349E-024  3.066186437477E-028  1.650384133919E+002
 4.786000000000E+001  1.041097881509E-004 -1.163783547799E-002  2.807201257313E-024  2.806909000185E-024  2.922571281957E-028  1.603777506738E+002
 4.842000000000E+001  1.021152055269E-004 -1.122769018229E-002  2.727202776341E-024  2.726924287469E-024  2.784888720197E-028  1.558076814936E+002
 4.898000000000E+001  1.001916828036E-004 -1.082216533748E-002  2.650154277367E-024  2.649888753950E-024  2.655234167384E-028  1.514061189253E+002
 4.954000000000E+001  9.833619980549E-005 -1.042117119795E-002  2.575915049346E-024  2.575661743649E-024  2.533056969745E-028  1.471650263389E+002
 5.012000000000E+001  9.645536053399E-005 -9.969689867406E-003  2.502422968096E-024  2.502181595987E-024  2.413721095963E-028  1.429666070811E+002
 5.070000000000E+001  9.454653177029E-005 -9.378206315572E-003  2.433624326222E-024  2.433394235482E-024  2.300907396761E-028  1.390363185852E+002
 5.129000000000E+001  9.267801106370E-005 -8.784280912231E-003  2.366124252143E-024  2.365904964453E-024  2.192876896182E-028  1.351801987461E+002
 5.188000000000E+001  9.085623121726E-005 -8.187577775479E-003  2.301520876892E-024  2.301311769379E-024  2.091075129422E-028  1.314895513705E+002
 5.248000000000E+001  8.903444001465E-005 -7.571645561661E-003  2.238963309956E-024  2.238763965112E-024  1.993448445153E-028  1.279157710459E+002
 5.309000000000E+001  8.725394878989E-005 -6.954935933894E-003  2.177567333815E-024  2.177377332466E-024  1.900013486312E-028  1.244083363323E+002
 5.370000000000E+001  8.554239256359E-005 -6.347670997056E-003  2.118288815288E-024  2.118107611794E-024  1.812034934004E-028  1.210218551590E+002
 5.433000000000E+001  8.380429876799E-005 -5.702679034471E-003  2.060028090972E-024  2.059855451763E-024  1.726392096063E-028  1.176935141272E+002
 5.495000000000E+001  8.214288251161E-005 -5.065887051976E-003  2.005029312669E-024  2.004864613781E-024  1.646988872629E-028  1.145515145460E+002
 5.559000000000E+001  8.049581454987E-005 -4.420344570759E-003  1.950160554097E-024  1.950003574335E-024  1.569797623051E-028  1.114169312355E+002
 5.623000000000E+001  7.891454571173E-005 -3.786613798182E-003  1.897137128101E-024  1.896987416387E-024  1.497117146170E-028  1.083877585190E+002
 5.688000000000E+001  7.731819579346E-005 -3.136406541961E-003  1.846261515829E-024  1.846118766220E-024  1.427496093668E-028  1.054812874887E+002
 5.754000000000E+001  7.574984711845E-005 -2.486122439583E-003  1.796584708583E-024  1.796448617566E-024  1.360910170105E-028  1.026432949794E+002
 5.821000000000E+001  7.422271098091E-005 -1.840902665948E-003  1.747813066922E-024  1.747683339498E-024  1.297274241148E-028  9.985700386451E+001
 5.888000000000E+001  7.275793274199E-005 -1.210458703434E-003  1.700636170083E-024  1.700512435311E-024  1.237347720815E-028  9.716181014424E+001
 5.957000000000E+001  7.125539560053E-005 -5.749059734210E-004  1.654839695606E-024  1.654721779349E-024  1.179162571659E-028  9.454547936736E+001
 6.026000000000E+001  6.979860469803E-005  4.401479198251E-005  1.610870475865E-024  1.610758039354E-024  1.124365115646E-028  9.203353269178E+001
 6.095000000000E+001  6.840181551624E-005  6.459512874777E-004  1.568292449051E-024  1.568185175000E-024  1.072740507755E-028  8.960105617605E+001
 6.166000000000E+001  6.702416636067E-005  1.247976650637E-003  1.525868800052E-024  1.525766529968E-024  1.022700842992E-028  8.717739125619E+001
 6.237000000000E+001  6.568283822440E-005  1.835565825971E-003  1.485244308875E-024  1.485146753813E-024  9.755506166352E-029  8.485650791721E+001
 6.310000000000E+001  6.434284978729E-005  2.422924243392E-003  1.445192205130E-024  1.445099217345E-024  9.298778496845E-029  8.256832051308E+001
 6.383000000000E+001  6.304465321244E-005  2.986709828151E-003  1.406710272585E-024  1.406621587024E-024  8.868556130551E-029  8.036983249593E+001
 6.457000000000E+001  6.175553295560E-005  3.530197318901E-003  1.369512473834E-024  1.369427898861E-024  8.457497271096E-029  7.824470480337E+001
 6.531000000000E+001  6.051858758570E-005  4.052351015783E-003  1.333498730590E-024  1.333418029130E-024  8.070145972261E-029  7.618721668772E+001
 6.607000000000E+001  5.927706010154E-005  4.553109523760E-003  1.298172462666E-024  1.298095510819E-024  7.695184709159E-029  7.416900162107E+001
 6.683000000000E+001  5.808810195204E-005  5.032807451275E-003  1.263925513206E-024  1.263852094172E-024  7.341903407091E-029  7.221244295216E+001
 6.761000000000E+001  5.689933080246E-005  5.489793573620E-003  1.230283081652E-024  1.230213079368E-024  7.000228404357E-029  7.029041786019E+001
 6.839000000000E+001  5.575484528834E-005  5.920901218505E-003  1.197799533867E-024  1.197732750740E-024  6.678312769722E-029  6.843459636894E+001
 6.918000000000E+001  5.462751584640E-005  6.330756242953E-003  1.166247053171E-024  1.166183343992E-024  6.370917937791E-029  6.663196475922E+001
 6.998000000000E+001  5.350613511785E-005  6.715322283945E-003  1.135826519563E-024  1.135765745876E-024  6.077368722619E-029  6.489400105382E+001
 7.079000000000E+001  5.243409092898E-005  7.082431448057E-003  1.105676411708E-024  1.105618436570E-024  5.797513750951E-029  6.317148078152E+001
 7.161000000000E+001  5.135155730770E-005  7.417522032681E-003  1.076939373703E-024  1.076884071189E-024  5.530251396564E-029  6.152969157975E+001
 7.244000000000E+001  5.029931001970E-005  7.734533217999E-003  1.048781295678E-024  1.048728542702E-024  5.275297553417E-029  5.992097525606E+001
 7.328000000000E+001  4.926911717152E-005  8.025247543701E-003  1.021355116050E-024  1.021304794785E-024  5.032126488638E-029  5.835407051999E+001
 7.413000000000E+001  4.825593011748E-005  8.285453133675E-003  9.947411521594E-025  9.946931499999E-025  4.800215952359E-029  5.683356674447E+001
 7.499000000000E+001  4.727488371390E-005  8.528975302991E-003  9.686087138633E-025  9.685629229990E-025  4.579086431215E-029  5.534056963244E+001
 7.586000000000E+001  4.630347126747E-005  8.736887285231E-003  9.433935887121E-025  9.433499063142E-025  4.368239792885E-029  5.389997896729E+001
 7.674000000000E+001  4.535854342386E-005  8.924466923056E-003  9.187308333344E-025  9.186891610420E-025  4.167229239864E-029  5.249094331403E+001
 7.762000000000E+001  4.444892299698E-005  9.092572100558E-003  8.948903756784E-025  8.948505987650E-025  3.977691339927E-029  5.112888455223E+001
 7.852000000000E+001  4.352804873766E-005  9.235768888707E-003  8.718114542858E-025  8.717735060344E-025  3.794825147220E-029  4.981033371072E+001
 7.943000000000E+001  4.263692143406E-005  9.363021232522E-003  8.491547591770E-025  8.491185538322E-025  3.620534475239E-029  4.851590262102E+001
 8.035000000000E+001  4.176440282995E-005  9.453006723100E-003  8.271207246558E-025  8.270861804526E-025  3.454420313353E-029  4.725704368245E+001
 8.128000000000E+001  4.090406214049E-005  9.494470079000E-003  8.058129079718E-025  8.057799469505E-025  3.296102126129E-029  4.603967404056E+001
 8.222000000000E+001  4.007168071586E-005  9.522605537200E-003  7.849006176323E-025  7.848691653454E-025  3.145228694345E-029  4.484489924791E+001
 8.318000000000E+001  3.923994576480E-005  9.511321353730E-003  7.645148641641E-025  7.644848646423E-025  2.999952180618E-029  4.368020588036E+001
 8.414000000000E+001  3.842884801473E-005  9.467005803152E-003  7.450057819789E-025  7.449771522650E-025  2.862971396577E-029  4.256559794984E+001
 8.511000000000E+001  3.764424545346E-005  9.412936103102E-003  7.258587541808E-025  7.258314297757E-025  2.732440510692E-029  4.147167295703E+001
 8.610000000000E+001  3.686070544250E-005  9.309717141555E-003  7.072109989485E-025  7.071849306522E-025  2.606829631794E-029  4.040627198137E+001
 8.710000000000E+001  3.609167889718E-005  9.173850995350E-003  6.891390836338E-025  6.891142114473E-025  2.487218652201E-029  3.937376921803E+001
 8.811000000000E+001  3.534812505963E-005  9.033030185695E-003  6.714117818050E-025  6.713880486573E-025  2.373314762975E-029  3.836095329983E+001
 8.912000000000E+001  3.461685102526E-005  8.872277769052E-003  6.545577304088E-025  6.545350716813E-025  2.265872744099E-029  3.739802841007E+001
 9.016000000000E+001  3.388007525833E-005  8.692434281327E-003  6.379947694238E-025  6.379731541130E-025  2.161531080250E-029  3.645173371855E+001
 9.120000000000E+001  3.317473747847E-005  8.513428119109E-003  6.219014000119E-025  6.218807685962E-025  2.063141568289E-029  3.553226657801E+001
 9.226000000000E+001  3.247677793553E-005  8.324263710597E-003  6.061471790253E-025  6.061274933179E-025  1.968570732945E-029  3.463217510561E+001
 9.332000000000E+001  3.179377852226E-005  8.125413389341E-003  5.911138928184E-025  5.910950990742E-025  1.879374418970E-029  3.377327245650E+001
 9.441000000000E+001  3.112137183865E-005  7.924107809058E-003  5.760894417994E-025  5.760715131056E-025  1.792869373056E-029  3.291487308391E+001
 9.550000000000E+001  3.047419312142E-005  7.724193256558E-003  5.615544638390E-025  5.615373509199E-025  1.711291917923E-029  3.208443781182E+001
 9.661000000000E+001  2.981566935012E-005  7.509259987594E-003  5.476730387469E-025  5.476567095087E-025  1.632923823526E-029  3.129134261448E+001
 9.772000000000E+001  2.918497900398E-005  7.298906979030E-003  5.341774595341E-025  5.341618695761E-025  1.558995794090E-029  3.052029087253E+001
 9.886000000000E+001  2.856482931038E-005  7.087710404793E-003  5.207023704218E-025  5.206874966475E-025  1.487377433261E-029  2.975040854934E+001
 1.000000000000E+002  2.797098437648E-005  6.880888836618E-003  5.076074723581E-025  5.075932740774E-025  1.419828067871E-029  2.900224679473E+001
 1.012000000000E+002  2.734419160922E-005  6.617712103375E-003  4.947250911990E-025  4.947115633413E-025  1.352785768764E-029  2.826622728268E+001
 1.023000000000E+002  2.679353859573E-005  6.384173068092E-003  4.832401847856E-025  4.832272370711E-025  1.294771454206E-029  2.761004982374E+001
 1.035000000000E+002  2.621160164589E-005  6.124791070700E-003  4.711589441755E-025  4.711465943449E-025  1.234983055663E-029  2.691980076080E+001
 1.047000000000E+002  2.562034546857E-005  5.805152895492E-003  4.600248348845E-025  4.600130488893E-025  1.178599519386E-029  2.628366578917E+001
 1.059000000000E+002  2.505314191519E-005  5.500450427308E-003  4.492015721942E-025  4.491903182834E-025  1.125391073671E-029  2.566528977819E+001
 1.072000000000E+002  2.446443077081E-005  5.186423865039E-003  4.378131041225E-025  4.378023932741E-025  1.071084837636E-029  2.501462037718E+001
 1.084000000000E+002  2.394358554822E-005  4.910687609927E-003  4.275991738669E-025  4.275889356095E-025  1.023825739983E-029  2.443105626208E+001
 1.097000000000E+002  2.340254593788E-005  4.626544237899E-003  4.168446364955E-025  4.168348812697E-025  9.755225754544E-030  2.381660419202E+001
 1.109000000000E+002  2.292348360029E-005  4.377072277685E-003  4.071931308292E-025  4.071837965442E-025  9.334285056714E-030  2.326517225756E+001
 1.122000000000E+002  2.242544472696E-005  4.120018137480E-003  3.970245655348E-025  3.970156620823E-025  8.903452449645E-030  2.268419776447E+001
 1.135000000000E+002  2.192401149805E-005  3.836893128448E-003  3.875774463553E-025  3.875689491029E-025  8.497252390280E-030  2.214444297412E+001
 1.148000000000E+002  2.142689900268E-005  3.545910803974E-003  3.786808495022E-025  3.786727355459E-025  8.113956316532E-030  2.163614194987E+001
 1.161000000000E+002  2.094876164512E-005  3.272799328513E-003  3.700417442240E-025  3.700339923077E-025  7.751916298492E-030  2.114255195137E+001
 1.175000000000E+002  2.045381901199E-005  2.997478052368E-003  3.610175017926E-025  3.610101176060E-025  7.384186641828E-030  2.062695677998E+001
 1.188000000000E+002  1.999628167207E-005  2.737431097974E-003  3.531668205727E-025  3.531597585494E-025  7.062023221401E-030  2.017841251745E+001
 1.202000000000E+002  1.950832790450E-005  2.459259095563E-003  3.452103018185E-025  3.452035673427E-025  6.734475763885E-030  1.972382134631E+001
 1.216000000000E+002  1.903810608044E-005  2.201403432140E-003  3.375141515719E-025  3.375077259417E-025  6.425630221276E-030  1.928410572555E+001
 1.230000000000E+002  1.858441344456E-005  1.962584932878E-003  3.300739994518E-025  3.300678652201E-025  6.134231673109E-030  1.885901601734E+001
 1.244000000000E+002  1.813688380845E-005  1.724432665869E-003  3.230749071187E-025  3.230690475466E-025  5.859572051838E-030  1.845912609011E+001
 1.259000000000E+002  1.765234849843E-005  1.447754627237E-003  3.163063149779E-025  3.163007314286E-025  5.583549304243E-030  1.807240628024E+001
 1.273000000000E+002  1.721786440535E-005  1.210374939168E-003  3.102043203573E-025  3.101989793014E-025  5.341055925866E-030  1.772377179253E+001
 1.288000000000E+002  1.677121967182E-005  9.768658342813E-004  3.038830749184E-025  3.038779784286E-025  5.096489804003E-030  1.736261013680E+001
 1.303000000000E+002  1.634431197689E-005  7.634364053002E-004  2.977670004188E-025  2.977621336220E-025  4.866796751267E-030  1.701317043873E+001
 1.318000000000E+002  1.593774248657E-005  5.686797400011E-004  2.918313691243E-025  2.918267179910E-025  4.651133210606E-030  1.667403988332E+001
 1.334000000000E+002  1.552762458403E-005  3.800275335070E-004  2.856633300636E-025  2.856588943906E-025  4.435672946652E-030  1.632163028418E+001
 1.349000000000E+002  1.516668973643E-005  2.197399978266E-004  2.799924027958E-025  2.799881562379E-025  4.246557901761E-030  1.599762254843E+001
 1.365000000000E+002  1.482642978130E-005  4.672636404734E-005  2.737911520003E-025  2.737870926550E-025  4.059345289873E-030  1.564331372362E+001
 1.380000000000E+002  1.453357372875E-005 -1.137194200613E-004  2.678630889392E-025  2.678591959312E-025  3.893007952309E-030  1.530461277438E+001
 1.396000000000E+002  1.424387805012E-005 -2.821376236649E-004  2.614596970967E-025  2.614559728966E-025  3.724200040465E-030  1.493875320883E+001
 1.412000000000E+002  1.397360256409E-005 -4.476233402694E-004  2.550174450455E-025  2.550138815331E-025  3.563512423976E-030  1.457067283200E+001
 1.429000000000E+002  1.370369596134E-005 -6.200843391699E-004  2.481837051515E-025  2.481803041174E-025  3.401034037955E-030  1.418022420153E+001
 1.445000000000E+002  1.346280256304E-005 -7.791132801621E-004  2.418103846189E-025  2.418071291735E-025  3.255445465816E-030  1.381608148721E+001
 1.462000000000E+002  1.321821848013E-005 -9.445195023007E-004  2.351452370477E-025  2.351421288466E-025  3.108201117858E-030  1.343526480929E+001
 1.479000000000E+002  1.298339790103E-005 -1.106252170706E-003  2.286252967415E-025  2.286223284083E-025  2.968333197835E-030  1.306274438591E+001
 1.496000000000E+002  1.275698000226E-005 -1.264368990099E-003  2.222758415101E-025  2.222730059416E-025  2.835568465130E-030  1.269996452542E+001
 1.514000000000E+002  1.248284984013E-005 -1.384103495652E-003  2.164332883678E-025  2.164305866636E-025  2.701704239100E-030  1.236614748246E+001
 1.531000000000E+002  1.222147230962E-005 -1.485347228814E-003  2.112851228555E-025  2.112825406402E-025  2.582215278413E-030  1.207200469353E+001
 1.549000000000E+002  1.195404712149E-005 -1.592600635206E-003  2.060233538082E-025  2.060208909953E-025  2.462812879549E-030  1.177137095911E+001
 1.567000000000E+002  1.169606372752E-005 -1.699817130869E-003  2.009433460622E-025  2.009409958160E-025  2.350246181165E-030  1.148112209017E+001
 1.585000000000E+002  1.144732997931E-005 -1.806910788725E-003  1.960332186258E-025  1.960309745688E-025  2.244056940515E-030  1.120057927125E+001
 1.603000000000E+002  1.120762866053E-005 -1.913803030780E-003  1.912822055835E-025  1.912800617636E-025  2.143819929548E-030  1.092912739685E+001
 1.622000000000E+002  1.096415046102E-005 -2.026336645725E-003  1.864290927695E-025  1.864270487329E-025  2.044036623437E-030  1.065184184403E+001
 1.641000000000E+002  1.073018168827E-005 -2.138490106379E-003  1.817319917409E-025  1.817300417236E-025  1.950017289951E-030  1.038346997340E+001
 1.660000000000E+002  1.050542446328E-005 -2.250193602033E-003  1.771815332854E-025  1.771796719182E-025  1.861367214218E-030  1.012347648089E+001
 1.679000000000E+002  1.028957262992E-005 -2.361385517254E-003  1.727692321819E-025  1.727674544604E-025  1.777721562752E-030  9.871376569092E+000
 1.698000000000E+002  1.008232076580E-005 -2.472008716537E-003  1.684873933075E-025  1.684856945635E-025  1.698743944320E-030  9.626730582659E+000
 1.718000000000E+002  9.873121837049E-006 -2.587784774826E-003  1.641134260945E-025  1.641118057826E-025  1.620311850926E-030  9.376820648159E+000
 1.738000000000E+002  9.672772672756E-006 -2.702821777629E-003  1.598688141639E-025  1.598672677892E-025  1.546374696871E-030  9.134301401548E+000
 1.758000000000E+002  9.467977602912E-006 -2.800104761865E-003  1.559627328595E-025  1.559612562078E-025  1.476651661603E-030  8.911124465109E+000
 1.778000000000E+002  9.252816669209E-006 -2.871384444393E-003  1.524794630065E-025  1.524780521419E-025  1.410864517018E-030  8.712105389966E+000
 1.799000000000E+002  9.036323272703E-006 -2.945352734145E-003  1.489206044537E-025  1.489192587590E-025  1.345694723810E-030  8.508767384413E+000
 1.820000000000E+002  8.829024278720E-006 -3.018423559727E-003  1.454583647926E-025  1.454570805371E-025  1.284255434296E-030  8.310949658357E+000
 1.841000000000E+002  8.630475888166E-006 -3.090597911690E-003  1.420885985992E-025  1.420873723070E-025  1.226292224194E-030  8.118415370162E+000
 1.862000000000E+002  8.440261013362E-006 -3.161877870209E-003  1.388074129766E-025  1.388062414058E-025  1.171570796112E-030  7.930942105602E+000
 1.884000000000E+002  8.249498105919E-006 -3.235596234421E-003  1.354610417854E-025  1.354599242998E-025  1.117485607634E-030  7.739744310989E+000
 1.906000000000E+002  8.067025680762E-006 -3.308341532423E-003  1.322039783898E-025  1.322029118969E-025  1.066492888770E-030  7.553649099835E+000
 1.928000000000E+002  7.892444621209E-006 -3.380120818180E-003  1.290325495164E-025  1.290315311342E-025  1.018382251392E-030  7.372446605122E+000
 1.950000000000E+002  7.725380800248E-006 -3.450940716176E-003  1.259432929879E-025  1.259423200280E-025  9.729598975689E-031  7.195939020256E+000
 1.972000000000E+002  7.565481061556E-006 -3.520808960671E-003  1.229329564076E-025  1.229320263607E-025  9.300469535431E-031  7.023940523973E+000
 1.995000000000E+002  7.405617043558E-006 -3.592845814746E-003  1.198668308026E-025  1.198659431147E-025  8.876878451487E-031  6.848754390638E+000
 2.018000000000E+002  7.236996015850E-006 -3.645137838146E-003  1.171392104913E-025  1.171383627553E-025  8.477359996254E-031  6.692909223304E+000
 2.042000000000E+002  7.064088476220E-006 -3.693324761192E-003  1.144411673895E-025  1.144403589670E-025  8.084225317615E-031  6.538753966097E+000
 2.065000000000E+002  6.905471583523E-006 -3.738719845053E-003  1.119207603803E-025  1.119199875147E-025  7.728656304128E-031  6.394748049143E+000
 2.089000000000E+002  6.746979549121E-006 -3.785288400409E-003  1.093562896610E-025  1.093555518364E-025  7.378246499105E-031  6.248224444061E+000
 2.114000000000E+002  6.589125055727E-006 -3.832947074220E-003  1.067534710891E-025  1.067527676771E-025  7.034119711388E-031  6.099509730146E+000
 2.138000000000E+002  6.444186523187E-006 -3.877901392556E-003  1.043180902670E-025  1.043174180218E-025  6.722452314234E-031  5.960361685162E+000
 2.163000000000E+002  6.299741772703E-006 -3.923916419791E-003  1.018447350764E-025  1.018440934808E-025  6.415955318904E-031  5.819043877374E+000
 2.188000000000E+002  6.161633523381E-006 -3.969120916580E-003  9.943379532733E-026  9.943318265273E-026  6.126746066459E-031  5.681292188359E+000
 2.213000000000E+002  6.029550273683E-006 -4.013534448403E-003  9.708298075671E-026  9.708239539000E-026  5.853667131916E-031  5.546975766457E+000
 2.239000000000E+002  5.898260409894E-006 -4.058904226279E-003  9.469955895674E-026  9.469900039408E-026  5.585626594290E-031  5.410796243577E+000
 2.265000000000E+002  5.766553123080E-006 -4.103458581156E-003  9.247755587970E-026  9.247702260297E-026  5.332767386730E-031  5.283839580514E+000
 2.291000000000E+002  5.635876468558E-006 -4.147217112555E-003  9.038644659062E-026  9.038593718377E-026  5.094068474166E-031  5.164361686512E+000
 2.317000000000E+002  5.510738574848E-006 -4.190198890374E-003  8.834728808590E-026  8.834680122709E-026  4.868588084382E-031  5.047852017681E+000
 2.344000000000E+002  5.386358196517E-006 -4.234030673409E-003  8.628269127434E-026  8.628222652486E-026  4.647494813631E-031  4.929888860763E+000
 2.371000000000E+002  5.267373629761E-006 -4.277064006272E-003  8.427009928034E-026  8.426965539824E-026  4.438820987266E-031  4.814897020865E+000
 2.399000000000E+002  5.149396644587E-006 -4.320869891254E-003  8.223587134445E-026  8.223544787933E-026  4.234651199658E-031  4.698668947114E+000
 2.427000000000E+002  5.036579472548E-006 -4.363731951843E-003  8.025709153821E-026  8.025668731699E-026  4.042212197678E-031  4.585608934093E+000
 2.455000000000E+002  4.928702874797E-006 -4.405792568709E-003  7.832886983162E-026  7.832848377189E-026  3.860597259187E-031  4.475437586399E+000
 2.483000000000E+002  4.825686904591E-006 -4.447109278941E-003  7.644610959119E-026  7.644574068620E-026  3.689049899611E-031  4.367863703113E+000
 2.512000000000E+002  4.725880245813E-006 -4.483337379037E-003  7.450824206743E-026  7.450788995041E-026  3.521170293367E-031  4.257141145977E+000
 2.541000000000E+002  4.632011133505E-006 -4.510170860809E-003  7.259971048092E-026  7.259937419826E-026  3.362826672369E-031  4.148094695438E+000
 2.570000000000E+002  4.542551126978E-006 -4.536467127075E-003  7.073757277831E-026  7.073725144927E-026  3.213290409438E-031  4.041698991858E+000
 2.600000000000E+002  4.454385991819E-006 -4.563121479651E-003  6.885899704095E-026  6.885869031639E-026  3.067245518299E-031  3.934364051903E+000
 2.630000000000E+002  4.364262513071E-006 -4.589331328666E-003  6.712125126011E-026  6.712095832535E-026  2.929347607049E-031  3.835075636076E+000
 2.661000000000E+002  4.275532783458E-006 -4.615862815749E-003  6.536964661018E-026  6.536936712011E-026  2.794900671249E-031  3.734995349335E+000
 2.691000000000E+002  4.193723485245E-006 -4.641020923451E-003  6.371567360415E-026  6.371540639823E-026  2.672059167719E-031  3.640493354343E+000
 2.723000000000E+002  4.110656159077E-006 -4.667311240182E-003  6.199443115380E-026  6.199417631601E-026  2.548377902509E-031  3.542147804501E+000
 2.754000000000E+002  4.032688500540E-006 -4.692269132862E-003  6.038923559534E-026  6.038899206437E-026  2.435309759418E-031  3.450432740109E+000
 2.786000000000E+002  3.946945506360E-006 -4.717574941627E-003  5.890797835637E-026  5.890774584979E-026  2.325065804624E-031  3.365799096455E+000
 2.818000000000E+002  3.865099412658E-006 -4.742367016576E-003  5.746271250014E-026  5.746249040105E-026  2.220990963340E-031  3.283221849383E+000
 2.851000000000E+002  3.784581481628E-006 -4.767413669163E-003  5.600862928248E-026  5.600841731326E-026  2.119692211938E-031  3.200140790781E+000
 2.884000000000E+002  3.707821206600E-006 -4.791946851624E-003  5.459012623254E-026  5.458992382211E-026  2.024104277160E-031  3.119092635874E+000
 2.917000000000E+002  3.634641786090E-006 -4.815982642142E-003  5.320593573678E-026  5.320574235226E-026  1.933845172969E-031  3.040004959486E+000
 2.951000000000E+002  3.562816509823E-006 -4.840240966402E-003  5.181440495116E-026  5.181422034594E-026  1.846052174067E-031  2.960497868457E+000
 2.985000000000E+002  3.494450599941E-006 -4.864002021361E-003  5.045674162320E-026  5.045656530461E-026  1.763185910363E-031  2.882925826861E+000
 3.020000000000E+002  3.419337272616E-006 -4.883347390909E-003  4.921100324972E-026  4.921083498071E-026  1.682690176346E-031  2.811748803566E+000
 3.055000000000E+002  3.341711788871E-006 -4.898915703518E-003  4.808140391590E-026  4.808124324171E-026  1.606741942913E-031  2.747207565403E+000
 3.090000000000E+002  3.267482897114E-006 -4.914151873396E-003  4.697899581032E-026  4.697884230725E-026  1.535030653338E-031  2.684219922342E+000
 3.126000000000E+002  3.194499491511E-006 -4.929485664431E-003  4.587246064719E-026  4.587231410764E-026  1.465395522118E-031  2.620996460627E+000
 3.162000000000E+002  3.124761566731E-006 -4.944489036813E-003  4.479269203084E-026  4.479255206436E-026  1.399664825284E-031  2.559302330980E+000
 3.199000000000E+002  3.056299411675E-006 -4.959575870278E-003  4.370983828134E-026  4.370970469099E-026  1.335903530237E-031  2.497431915498E+000
 3.236000000000E+002  2.990935231377E-006 -4.974334861280E-003  4.265328793753E-026  4.265316036431E-026  1.275732216264E-031  2.437064371488E+000
 3.273000000000E+002  2.928517602445E-006 -4.988779001622E-003  4.162211113408E-026  4.162198924300E-026  1.218910851071E-031  2.378146570809E+000
 3.311000000000E+002  2.867332246867E-006 -5.003292830116E-003  4.058854324841E-026  4.058842686757E-026  1.163808389095E-031  2.319092141563E+000
 3.350000000000E+002  2.807464741732E-006 -5.017864226003E-003  3.955367177553E-026  3.955356072999E-026  1.110455389158E-031  2.259963219541E+000
 3.388000000000E+002  2.751850722667E-006 -5.031755983789E-003  3.856966451883E-026  3.856955838087E-026  1.061379591792E-031  2.203740490767E+000
 3.428000000000E+002  2.696070921162E-006 -5.046061702471E-003  3.755889035094E-026  3.755878908951E-026  1.012614321063E-031  2.145988385021E+000
 3.467000000000E+002  2.644286779575E-006 -5.059708115913E-003  3.659721837276E-026  3.659712159922E-026  9.677354071229E-032  2.091041798232E+000
 3.508000000000E+002  2.587045347249E-006 -5.073729429633E-003  3.568571394517E-026  3.568562162461E-026  9.232056022511E-032  2.038961621904E+000
 3.548000000000E+002  2.527831107066E-006 -5.086294376364E-003  3.489973266684E-026  3.489964444621E-026  8.822062986353E-032  1.994053414354E+000
 3.589000000000E+002  2.469212827602E-006 -5.093870925853E-003  3.412097334782E-026  3.412088909587E-026  8.425194508071E-032  1.949557838828E+000
 3.631000000000E+002  2.411785620456E-006 -5.101452692717E-003  3.334257886580E-026  3.334249845065E-026  8.041515225747E-032  1.905083101379E+000
 3.673000000000E+002  2.356876280362E-006 -5.108857288454E-003  3.258308075120E-026  3.258300395691E-026  7.679429016362E-032  1.861688029239E+000
 3.715000000000E+002  2.304358122688E-006 -5.116092184812E-003  3.184181126378E-026  3.184173788884E-026  7.337493642679E-032  1.819334470701E+000
 3.758000000000E+002  2.252943312212E-006 -5.123328011948E-003  3.110111454828E-026  3.110104447923E-026  7.006904802387E-032  1.777013632026E+000
 3.802000000000E+002  2.202674804141E-006 -5.130560345212E-003  3.036160458772E-026  3.036153771097E-026  6.687674143864E-032  1.734760594221E+000
 3.846000000000E+002  2.154657527308E-006 -5.137623750548E-003  2.964005447383E-026  2.963999060966E-026  6.386416648186E-032  1.693533714010E+000
 3.890000000000E+002  2.108780571930E-006 -5.144525426181E-003  2.893583193708E-026  2.893577091776E-026  6.101932022154E-032  1.653296866232E+000
 3.935000000000E+002  2.063967319382E-006 -5.151421254429E-003  2.823289393549E-026  2.823283566372E-026  5.827177041443E-032  1.613133407101E+000
 3.981000000000E+002  2.020252487102E-006 -5.158306488442E-003  2.753176584506E-026  2.753171022394E-026  5.562111842279E-032  1.573073354936E+000
 4.027000000000E+002  1.972562423747E-006 -5.165020292153E-003  2.692924205254E-026  2.692918893293E-026  5.311961097282E-032  1.538647226629E+000
 4.074000000000E+002  1.925092562773E-006 -5.171718993319E-003  2.634018171520E-026  2.634013100791E-026  5.070728792202E-032  1.504990351745E+000
 4.121000000000E+002  1.879654759585E-006 -5.178263557702E-003  2.576555657141E-026  2.576550814106E-026  4.843035104282E-032  1.472158249647E+000
 4.169000000000E+002  1.834882553895E-006 -5.180347795855E-003  2.519804352347E-026  2.519799728802E-026  4.623545045351E-032  1.439732505141E+000
 4.217000000000E+002  1.791927465054E-006 -5.180938770950E-003  2.464581820345E-026  2.464577403994E-026  4.416351853750E-032  1.408180245202E+000
 4.266000000000E+002  1.749973419490E-006 -5.181513011715E-003  2.409564425784E-026  2.409560209110E-026  4.216673697670E-032  1.376745189904E+000
 4.315000000000E+002  1.709837701418E-006 -5.182058933972E-003  2.355868449613E-026  2.355864421460E-026  4.028152694730E-032  1.346065144191E+000
 4.365000000000E+002  1.670662535365E-006 -5.182588657393E-003  2.302391093495E-026  2.302387246977E-026  3.846518541660E-032  1.315510007007E+000
 4.416000000000E+002  1.632462108561E-006 -5.183102062436E-003  2.249163852359E-026  2.249160180685E-026  3.671674764922E-032  1.285097773599E+000
 4.467000000000E+002  1.595948238644E-006 -5.183589866777E-003  2.197221990297E-026  2.197218483644E-026  3.506652565324E-032  1.255419958833E+000
 4.519000000000E+002  1.557661365464E-006 -5.184033609835E-003  2.149277205591E-026  2.149273857744E-026  3.347846066820E-032  1.228025941933E+000
 4.571000000000E+002  1.519522806500E-006 -5.184438623756E-003  2.104567137221E-026  2.104563939283E-026  3.197937762817E-032  1.202480132806E+000
 4.624000000000E+002  1.482293592003E-006 -5.184828056760E-003  2.060105288536E-026  2.060102234855E-026  3.053680868049E-032  1.177076145192E+000
 4.677000000000E+002  1.446637801768E-006 -5.185194910794E-003  2.016722478116E-026  2.016719560649E-026  2.917466972518E-032  1.152288680736E+000
 4.731000000000E+002  1.411843960382E-006 -5.185547154082E-003  1.973591891715E-026  1.973589105312E-026  2.786403792577E-032  1.127645326027E+000
 4.786000000000E+002  1.377916984369E-006 -5.185885283503E-003  1.930734220106E-026  1.930731559714E-026  2.660391474186E-032  1.103157903165E+000
 4.842000000000E+002  1.344859498022E-006 -5.186208699157E-003  1.888168467318E-026  1.888165927997E-026  2.539321297139E-032  1.078837270504E+000
 4.898000000000E+002  1.313224508555E-006 -5.186512411308E-003  1.846645517207E-026  1.846643092147E-026  2.425060151810E-032  1.055112457855E+000
 4.955000000000E+002  1.282410962261E-006 -5.186803047734E-003  1.805413411657E-026  1.805411096375E-026  2.315281950522E-032  1.031553821870E+000
 5.012000000000E+002  1.252235993023E-006 -5.184925543182E-003  1.766161190031E-026  1.766158978381E-026  2.211650611638E-032  1.009126424357E+000
 5.070000000000E+002  1.220429131182E-006 -5.175448647225E-003  1.730622189855E-026  1.730620077753E-026  2.112101735568E-032  9.888206397955E-001
 5.129000000000E+002  1.189445520170E-006 -5.166000933761E-003  1.695341631063E-026  1.695339614547E-026  2.016516508226E-032  9.686625180629E-001
 5.188000000000E+002  1.159772984285E-006 -5.156741972770E-003  1.660909162377E-026  1.660907236100E-026  1.926277575876E-032  9.489889646797E-001
 5.248000000000E+002  1.130872098941E-006 -5.147514394789E-003  1.626732585924E-026  1.626730746298E-026  1.839626493860E-032  9.294616178366E-001
 5.309000000000E+002  1.102738546975E-006 -5.138321534485E-003  1.592823741906E-026  1.592821985438E-026  1.756468138737E-032  9.100872426987E-001
 5.370000000000E+002  1.075799001516E-006 -5.129311924800E-003  1.559729921115E-026  1.559728243159E-026  1.677955891770E-032  8.911785429591E-001
 5.432000000000E+002  1.049578070654E-006 -5.120338992613E-003  1.526899407304E-026  1.526897804704E-026  1.602600134000E-032  8.724202865542E-001
 5.495000000000E+002  1.023672753264E-006 -5.111403718670E-003  1.494923452359E-026  1.494921922047E-026  1.530312406396E-032  8.541502958418E-001
 5.559000000000E+002  9.970677589035E-007 -5.102505246135E-003  1.465299988272E-026  1.465298527268E-026  1.461003375427E-032  8.372244410257E-001
 5.623000000000E+002  9.715811156961E-007 -5.093787159080E-003  1.436394905870E-026  1.436393510295E-026  1.395574165225E-032  8.207090441782E-001
 5.688000000000E+002  9.467808888503E-007 -5.085112171905E-003  1.407747630460E-026  1.407746297631E-026  1.332828552844E-032  8.043409484192E-001
 5.754000000000E+002  9.226589940132E-007 -5.076482437585E-003  1.379365523066E-026  1.379364250382E-026  1.272684005889E-032  7.881243596485E-001
 5.821000000000E+002  8.992070118796E-007 -5.067900567177E-003  1.351255232968E-026  1.351254017910E-026  1.215058180324E-032  7.720630770970E-001
 5.888000000000E+002  8.767437279233E-007 -5.059493454486E-003  1.323827094828E-026  1.323825934171E-026  1.160657102245E-032  7.563915523873E-001
 5.957000000000E+002  8.545892159240E-007 -5.051012456540E-003  1.296268160697E-026  1.296267052921E-026  1.107776791078E-032  7.406452941878E-001
 6.026000000000E+002  8.327962436746E-007 -5.042676291826E-003  1.270274774474E-026  1.270273716594E-026  1.057880060617E-032  7.257935379950E-001
 6.095000000000E+002  8.116113509043E-007 -5.034495279397E-003  1.245379718105E-026  1.245378707341E-026  1.010764315400E-032  7.115693305599E-001
 6.166000000000E+002  7.907233365398E-007 -5.026248423801E-003  1.220387831716E-026  1.220386866727E-026  9.649891381672E-033  6.972897968003E-001
 6.237000000000E+002  7.704832216321E-007 -5.018168864389E-003  1.196361312675E-026  1.196360390898E-026  9.217763184256E-033  6.835618414238E-001
 6.310000000000E+002  7.503441772416E-007 -5.010031117972E-003  1.172580425889E-026  1.172579546050E-026  8.798388949134E-033  6.699742316880E-001
 6.383000000000E+002  7.310239430094E-007 -5.002062660073E-003  1.149428424371E-026  1.149427584111E-026  8.402596989906E-033  6.567459454156E-001
 6.457000000000E+002  7.119051662115E-007 -4.994149282613E-003  1.127093862704E-026  1.127093060320E-026  8.023839436642E-033  6.439847170048E-001
 6.531000000000E+002  6.935805014480E-007 -4.986397506904E-003  1.105305797227E-026  1.105305030609E-026  7.666185490944E-033  6.315357377309E-001
 6.607000000000E+002  6.754337580889E-007 -4.978599408698E-003  1.083654228338E-026  1.083653496402E-026  7.319366479154E-033  6.191647475970E-001
 6.683000000000E+002  6.578740294431E-007 -4.970961474337E-003  1.062808717550E-026  1.062808018356E-026  6.991942535419E-033  6.072543120237E-001
 6.761000000000E+002  6.406034918395E-007 -4.963284414382E-003  1.041941989630E-026  1.041941322159E-026  6.674716768514E-033  5.953317530812E-001
 6.839000000000E+002  6.238160424103E-007 -4.955765990654E-003  1.021980983151E-026  1.021980345623E-026  6.375281323281E-033  5.839266932171E-001
 6.918000000000E+002  6.074489164468E-007 -4.948307630396E-003  1.002377000781E-026  1.002376391888E-026  6.088928229954E-033  5.727256246958E-001
 6.998000000000E+002  5.915629184595E-007 -4.940910952045E-003  9.830141680256E-027  9.830135865109E-027  5.815147301243E-033  5.616623405891E-001
 7.080000000000E+002  5.753190384117E-007 -4.918840076755E-003  9.647373654695E-027  9.647368104377E-027  5.550317734217E-033  5.512195786898E-001
 7.161000000000E+002  5.599249683181E-007 -4.897014437043E-003  9.471547399200E-027  9.471542095844E-027  5.303355877420E-033  5.411734461801E-001
 7.244000000000E+002  5.448094749066E-007 -4.875142386835E-003  9.295690437009E-027  9.295685372629E-027  5.064380225881E-033  5.311255587323E-001
 7.328000000000E+002  5.301548277044E-007 -4.853496533824E-003  9.122002849205E-027  9.121998013131E-027  4.836073848839E-033  5.212016217486E-001
 7.413000000000E+002  5.159491728307E-007 -4.832077394652E-003  8.950485156095E-027  8.950480538100E-027  4.617995412720E-033  5.114016649830E-001
 7.499000000000E+002  5.021808211855E-007 -4.810887674511E-003  8.781137385641E-027  8.781132975922E-027  4.409718783264E-033  5.017256900575E-001
 7.586000000000E+002  4.884828793679E-007 -4.789924838121E-003  8.620224655662E-027  8.620220444830E-027  4.210832160596E-033  4.925316656733E-001
 7.674000000000E+002  4.752027836163E-007 -4.769191785216E-003  8.461515233187E-027  8.461511212252E-027  4.020935592422E-033  4.834635306784E-001
 7.762000000000E+002  4.624770517772E-007 -4.748915811665E-003  8.306627144209E-027  8.306623302584E-027  3.841624431866E-033  4.746137337818E-001
 7.852000000000E+002  4.500051143139E-007 -4.728635417692E-003  8.152034198520E-027  8.152030530063E-027  3.668457081396E-033  4.657808000722E-001
 7.943000000000E+002  4.379234936073E-007 -4.708585167746E-003  7.999508905414E-027  7.999505402241E-027  3.503172887002E-033  4.570660049293E-001
 8.035000000000E+002  4.260120151383E-007 -4.688744862885E-003  7.852923868107E-027  7.852920522667E-027  3.345439921779E-033  4.486906164620E-001
 8.128000000000E+002  4.143732901079E-007 -4.669124819063E-003  7.710242806693E-027  7.710239611774E-027  3.194918679340E-033  4.405382882064E-001
 8.222000000000E+002  4.031007840909E-007 -4.649732677431E-003  7.569531115516E-027  7.569528064232E-027  3.051283927865E-033  4.324984830374E-001
 8.318000000000E+002  3.920712974994E-007 -4.630368271155E-003  7.429332629657E-027  7.429329716829E-027  2.912828083664E-033  4.244880004734E-001
 8.414000000000E+002  3.815038383446E-007 -4.611433217671E-003  7.292554347244E-027  7.292551565107E-027  2.782137474810E-033  4.166729368881E-001
 8.511000000000E+002  3.712707853374E-007 -4.592723773113E-003  7.157702429735E-027  7.157699772290E-027  2.657445802299E-033  4.089679392538E-001
 8.610000000000E+002  3.612632223365E-007 -4.574050596759E-003  7.023421367040E-027  7.023418829737E-027  2.537303834884E-033  4.012955581671E-001
 8.710000000000E+002  3.515784523259E-007 -4.555608614595E-003  6.891100202594E-027  6.891097779832E-027  2.422762344050E-033  3.937351590415E-001
 8.810000000000E+002  3.422972816228E-007 -4.537575214625E-003  6.761994610898E-027  6.761992296286E-027  2.314612373659E-033  3.863584870335E-001
 8.912000000000E+002  3.332244008954E-007 -4.519586257681E-003  6.633502545312E-027  6.633500334867E-027  2.210444911499E-033  3.790168697062E-001
 9.016000000000E+002  3.243095536990E-007 -4.501647711689E-003  6.506751660498E-027  6.506749550297E-027  2.110201727047E-033  3.717747376227E-001
 9.120000000000E+002  3.155330265138E-007 -4.484083410469E-003  6.387883562734E-027  6.387881547145E-027  2.015588233567E-033  3.649830023113E-001
 9.226000000000E+002  3.069604557492E-007 -4.466577962401E-003  6.269698739020E-027  6.269696814471E-027  1.924549582340E-033  3.582303068769E-001
 9.333000000000E+002  2.986684357545E-007 -4.449299628169E-003  6.153331993610E-027  6.153330155804E-027  1.837806041209E-033  3.515814903427E-001
 9.441000000000E+002  2.906477539449E-007 -4.432246979937E-003  6.038759567234E-027  6.038757812082E-027  1.755151904830E-033  3.450351951923E-001
 9.550000000000E+002  2.828894552979E-007 -4.415417167914E-003  5.925957962567E-027  5.925956286176E-027  1.676391020149E-033  3.385900788753E-001
 9.660000000000E+002  2.753847772402E-007 -4.398807685881E-003  5.814903684866E-027  5.814902083530E-027  1.601335955930E-033  3.322447989884E-001
 9.772000000000E+002  2.680614005864E-007 -4.382271099133E-003  5.704600243160E-027  5.704598713977E-027  1.529183130967E-033  3.259424192890E-001
 9.885000000000E+002  2.609804108734E-007 -4.365957007450E-003  5.596044505824E-027  5.596043045366E-027  1.460457994396E-033  3.197398975993E-001
 1.000000000000E+003  2.540706142727E-007 -4.349578961851E-003  5.488376211555E-027  5.488374817120E-027  1.394435115429E-033  3.135880813972E-001
 1.012000000000E+003  2.467875783184E-007 -4.319813602150E-003  5.387074992414E-027  5.387073662951E-027  1.329463191597E-033  3.078000593255E-001
 1.023000000000E+003  2.403877835036E-007 -4.293156090215E-003  5.296434054399E-027  5.296432781201E-027  1.273198042810E-033  3.026211309267E-001
 1.035000000000E+003  2.336916318553E-007 -4.264734796437E-003  5.199889644374E-027  5.199888429203E-027  1.215170696461E-033  2.971048972288E-001
 1.047000000000E+003  2.272778141790E-007 -4.236978236687E-003  5.105698802267E-027  5.105697641855E-027  1.160412063636E-033  2.917231386438E-001
 1.059000000000E+003  2.211313099361E-007 -4.209863998514E-003  5.013779417670E-027  5.013778308966E-027  1.108703610360E-033  2.864711636595E-001
 1.072000000000E+003  2.147580125624E-007 -4.181188882090E-003  4.916671981617E-027  4.916670925722E-027  1.055894703193E-033  2.809227601674E-001
 1.084000000000E+003  2.091243972385E-007 -4.155342621019E-003  4.829235972910E-027  4.829234962998E-027  1.009911061957E-033  2.759269505318E-001
 1.096000000000E+003  2.037176269650E-007 -4.130072955754E-003  4.743839322566E-027  4.743838356162E-027  9.664036894963E-034  2.710476631310E-001
 1.109000000000E+003  1.981029815429E-007 -4.103327011396E-003  4.653548735891E-027  4.653547814009E-027  9.218818793350E-034  2.658887520097E-001
 1.122000000000E+003  1.927274170763E-007 -4.077212468606E-003  4.565488163949E-027  4.565487284054E-027  8.798947415303E-034  2.608572566116E-001
 1.135000000000E+003  1.875781618348E-007 -4.051707142927E-003  4.479579039594E-027  4.479578199323E-027  8.402712020408E-034  2.559486878726E-001
 1.148000000000E+003  1.826432958857E-007 -4.026790632809E-003  4.395745078189E-027  4.395744275335E-027  8.028533689538E-034  2.511586871428E-001
 1.161000000000E+003  1.779116114752E-007 -4.002441722474E-003  4.313914477446E-027  4.313913709951E-027  7.674954764486E-034  2.464831518789E-001
 1.175000000000E+003  1.730311883036E-007 -3.976833094236E-003  4.227950488770E-027  4.227949757202E-027  7.315672971605E-034  2.415714481579E-001
 1.188000000000E+003  1.686888082970E-007 -3.953603969074E-003  4.150063498276E-027  4.150062798207E-027  7.000692658812E-034  2.371212378769E-001
 1.202000000000E+003  1.641873426698E-007 -3.927847386013E-003  4.068657446905E-027  4.068656778883E-027  6.680220544413E-034  2.324699598092E-001
 1.216000000000E+003  1.597523220301E-007 -3.893740991025E-003  3.992400733232E-027  3.992400095437E-027  6.377952876084E-034  2.281128982286E-001
 1.230000000000E+003  1.555024864934E-007 -3.860458900765E-003  3.918003432191E-027  3.918002822932E-027  6.092592757953E-034  2.238620774076E-001
 1.244000000000E+003  1.513782643632E-007 -3.827984750938E-003  3.846654033225E-027  3.846653450925E-027  5.822998111552E-034  2.197854038163E-001
 1.259000000000E+003  1.470228672767E-007 -3.794072549535E-003  3.775224134414E-027  3.775223579370E-027  5.550442768538E-034  2.157041307397E-001
 1.274000000000E+003  1.428559621914E-007 -3.761007199526E-003  3.705586162064E-027  3.705585632699E-027  5.293650766650E-034  2.117252424865E-001
 1.288000000000E+003  1.391278246239E-007 -3.730883071668E-003  3.642150397929E-027  3.642149891204E-027  5.067244618167E-034  2.081007282850E-001
 1.303000000000E+003  1.352967858696E-007 -3.699367307587E-003  3.575795640113E-027  3.575795156320E-027  4.837936570339E-034  2.043094321915E-001
 1.318000000000E+003  1.316259565495E-007 -3.668610665541E-003  3.511051679709E-027  3.511051217563E-027  4.621455358362E-034  2.006101718069E-001
 1.334000000000E+003  1.278775150035E-007 -3.636610595639E-003  3.443703117281E-027  3.443702676909E-027  4.403721970475E-034  1.967620928487E-001
 1.349000000000E+003  1.245116767459E-007 -3.607338825918E-003  3.382112173168E-027  3.382111752055E-027  4.211124576239E-034  1.932429855355E-001
 1.365000000000E+003  1.210711822495E-007 -3.576865461940E-003  3.318007705707E-027  3.318007303992E-027  4.017151156430E-034  1.895802635919E-001
 1.380000000000E+003  1.179787999536E-007 -3.548973590739E-003  3.259351449656E-027  3.259351065121E-027  3.845343726573E-034  1.862288347952E-001
 1.396000000000E+003  1.148148153156E-007 -3.519920442078E-003  3.198268224852E-027  3.198267857643E-027  3.672085755661E-034  1.827387368196E-001
 1.412000000000E+003  1.117825189755E-007 -3.491560859793E-003  3.138664088644E-027  3.138663737797E-027  3.508477780467E-034  1.793331491531E-001
 1.429000000000E+003  1.086973278683E-007 -3.462163334310E-003  3.076897464780E-027  3.076897130330E-027  3.344505325463E-034  1.758040039006E-001
 1.445000000000E+003  1.059154272084E-007 -3.435160479993E-003  3.020183189642E-027  3.020182869758E-027  3.198839927784E-034  1.725635334967E-001
 1.462000000000E+003  1.030822521269E-007 -3.407152119652E-003  2.961378309156E-027  2.961378003890E-027  3.052655455076E-034  1.692036126314E-001
 1.479000000000E+003  1.003687262096E-007 -3.379821453623E-003  2.904019420622E-027  2.904019129149E-027  2.914727301358E-034  1.659263110475E-001
 1.496000000000E+003  9.776860096917E-008 -3.353144292912E-003  2.848054630232E-027  2.848054351782E-027  2.784503166816E-034  1.627286637029E-001
 1.514000000000E+003  9.497110561976E-008 -3.316312023835E-003  2.794998660361E-027  2.794998394917E-027  2.654441129802E-034  1.596972170043E-001
 1.531000000000E+003  9.239829517525E-008 -3.279996061613E-003  2.747349665706E-027  2.747349411856E-027  2.538504253616E-034  1.569747073951E-001
 1.549000000000E+003  8.978718190098E-008 -3.242515068077E-003  2.698117940453E-027  2.698117698196E-027  2.422564063097E-034  1.541617656509E-001
 1.567000000000E+003  8.728615935556E-008 -3.205995759032E-003  2.650097484180E-027  2.650097252863E-027  2.313168313119E-034  1.514180318824E-001
 1.585000000000E+003  8.488938590734E-008 -3.170402087396E-003  2.603245200929E-027  2.603244979941E-027  2.209878864731E-034  1.487410437276E-001
 1.603000000000E+003  8.259139118734E-008 -3.135699413623E-003  2.557519893361E-027  2.557519682132E-027  2.112291259820E-034  1.461284473054E-001
 1.622000000000E+003  8.026721617213E-008 -3.099999869440E-003  2.510434016044E-027  2.510433814538E-027  2.015055498517E-034  1.434381123024E-001
 1.641000000000E+003  7.804173066133E-008 -3.065220240552E-003  2.464516579216E-027  2.464516386880E-027  1.923351390855E-034  1.408145381987E-001
 1.660000000000E+003  7.590966188275E-008 -3.031326497324E-003  2.419725803459E-027  2.419725619778E-027  1.836805675895E-034  1.382553378547E-001
 1.679000000000E+003  7.386607246780E-008 -2.998284800391E-003  2.376021655242E-027  2.376021479735E-027  1.755073877712E-034  1.357582238852E-001
 1.698000000000E+003  7.190633113740E-008 -2.966064404549E-003  2.333366393927E-027  2.333366226143E-027  1.677838165866E-034  1.333210399135E-001
 1.718000000000E+003  6.992929418882E-008 -2.933002645144E-003  2.289559034404E-027  2.289558874296E-027  1.601072472795E-034  1.308180287536E-001
 1.738000000000E+003  6.803565795551E-008 -2.900784445230E-003  2.246833073369E-027  2.246832920505E-027  1.528647664629E-034  1.283768051999E-001
 1.758000000000E+003  6.622100466344E-008 -2.869378790100E-003  2.205149918584E-027  2.205149772556E-027  1.460272430421E-034  1.259951642174E-001
 1.778000000000E+003  6.448119903011E-008 -2.838755143499E-003  2.164472955703E-027  2.164472816135E-027  1.395678114520E-034  1.236710137819E-001
 1.799000000000E+003  6.273072862164E-008 -2.807411001569E-003  2.122806473878E-027  2.122806340713E-027  1.331651968291E-034  1.212903254139E-001
 1.820000000000E+003  6.105431916745E-008 -2.776866237675E-003  2.082171978419E-027  2.082171851293E-027  1.271255925319E-034  1.189686014063E-001
 1.841000000000E+003  5.944804301676E-008 -2.747091373456E-003  2.042532414377E-027  2.042532292952E-027  1.214245548330E-034  1.167037245599E-001
 1.862000000000E+003  5.790824601765E-008 -2.718058008068E-003  2.003852511326E-027  2.003852395287E-027  1.160395842090E-034  1.144936796374E-001
 1.884000000000E+003  5.636267484481E-008 -2.688407503702E-003  1.964323740648E-027  1.964323629933E-027  1.107145402841E-034  1.122351331459E-001
 1.906000000000E+003  5.488259297404E-008 -2.659511214267E-003  1.925774520109E-027  1.925774414417E-027  1.056914991469E-034  1.100325549810E-001
 1.928000000000E+003  5.346454310769E-008 -2.631341196954E-003  1.888169884021E-027  1.888169783070E-027  1.009501401589E-034  1.078839473169E-001
 1.950000000000E+003  5.210529598364E-008 -2.603870911652E-003  1.851476447031E-027  1.851476350559E-027  9.647172827928E-035  1.057874026229E-001
 1.972000000000E+003  5.080181669947E-008 -2.577074164394E-003  1.815662419747E-027  1.815662327508E-027  9.223894943610E-035  1.037411045566E-001
 1.995000000000E+003  4.949564517268E-008 -2.549753901053E-003  1.779127350602E-027  1.779127262543E-027  8.805905606243E-035  1.016536084748E-001
 2.018000000000E+003  4.816357075560E-008 -2.506542415680E-003  1.746402342347E-027  1.746402258234E-027  8.411297278336E-035  9.978380700222E-002
 2.042000000000E+003  4.680848180228E-008 -2.458031938020E-003  1.713963826890E-027  1.713963746662E-027  8.022804460075E-035  9.793037480306E-002
 2.065000000000E+003  4.556356615480E-008 -2.412972761479E-003  1.683653688869E-027  1.683653612155E-027  7.671326623453E-035  9.619855122256E-002
 2.089000000000E+003  4.431762584677E-008 -2.367384204687E-003  1.652806579968E-027  1.652806506719E-027  7.324846360811E-035  9.443604685057E-002
 2.114000000000E+003  4.307444166097E-008 -2.321383028536E-003  1.621490561557E-027  1.621490491712E-027  6.984480059758E-035  9.264675049409E-002
 2.138000000000E+003  4.193070247494E-008 -2.278588416608E-003  1.592182014784E-027  1.592181948023E-027  6.676131034786E-035  9.097215459088E-002
 2.163000000000E+003  4.078838941487E-008 -2.235374274984E-003  1.562409204305E-027  1.562409140577E-027  6.372815505056E-035  8.927103215011E-002
 2.188000000000E+003  3.969355628123E-008 -2.193492902965E-003  1.533380523792E-027  1.533380462927E-027  6.086532612168E-035  8.761242689207E-002
 2.213000000000E+003  3.864373290349E-008 -2.152888182192E-003  1.505068586813E-027  1.505068528651E-027  5.816146847023E-035  8.599477404476E-002
 2.239000000000E+003  3.759718328960E-008 -2.111956181970E-003  1.476356664008E-027  1.476356608502E-027  5.550685209755E-035  8.435426729130E-002
 2.265000000000E+003  3.659437551707E-008 -2.072290845795E-003  1.448363987454E-027  1.448363934452E-027  5.300197564230E-035  8.275485594626E-002
 2.291000000000E+003  3.563302883933E-008 -2.033838679653E-003  1.421064327324E-027  1.421064276687E-027  5.063682615808E-035  8.119504132232E-002
 2.317000000000E+003  3.471100977700E-008 -1.996548968057E-003  1.394432305980E-027  1.394432257578E-027  4.840215340624E-035  7.967337342345E-002
 2.344000000000E+003  3.379300110493E-008 -1.959003460939E-003  1.367457065847E-027  1.367457019636E-027  4.621047813709E-035  7.813209510460E-002
 2.371000000000E+003  3.291313714813E-008 -1.922609239675E-003  1.341150440834E-027  1.341150396693E-027  4.414146839545E-035  7.662901929587E-002
 2.399000000000E+003  3.203886835873E-008 -1.886030756128E-003  1.314549777466E-027  1.314549735349E-027  4.211668727123E-035  7.510914307885E-002
 2.427000000000E+003  3.120144356232E-008 -1.850586753239E-003  1.288616232322E-027  1.288616192115E-027  4.020668664628E-035  7.362738384455E-002
 2.455000000000E+003  3.039894238378E-008 -1.816229424079E-003  1.263325303816E-027  1.263325265412E-027  3.840375312266E-035  7.218234165156E-002
 2.483000000000E+003  2.962336915137E-008 -1.782912526920E-003  1.238912879949E-027  1.238912843249E-027  3.670077358914E-035  7.078749438193E-002
 2.512000000000E+003  2.880667792695E-008 -1.749451886860E-003  1.216225102557E-027  1.216225067522E-027  3.503540481603E-035  6.949118786160E-002
 2.541000000000E+003  2.802391667589E-008 -1.717016371113E-003  1.194103121515E-027  1.194103088052E-027  3.346344637977E-035  6.822720911930E-002
 2.570000000000E+003  2.727330878511E-008 -1.685562626959E-003  1.172526448645E-027  1.172526416666E-027  3.197867589259E-035  6.699438752669E-002
 2.600000000000E+003  2.652889803706E-008 -1.654013844286E-003  1.150758532382E-027  1.150758501854E-027  3.052835577085E-035  6.575063889994E-002
 2.630000000000E+003  2.581540313979E-008 -1.623429457012E-003  1.129532370847E-027  1.129532341688E-027  2.915933351286E-035  6.453784439086E-002
 2.661000000000E+003  2.510890472064E-008 -1.592795758827E-003  1.108146803827E-027  1.108146776003E-027  2.782435251377E-035  6.331594196322E-002
 2.692000000000E+003  2.443204116938E-008 -1.563105709226E-003  1.087297943749E-027  1.087297917184E-027  2.656490812505E-035  6.212470523939E-002
 2.723000000000E+003  2.378326016290E-008 -1.534320003957E-003  1.066966052658E-027  1.066966027282E-027  2.537593121536E-035  6.096300645645E-002
 2.754000000000E+003  2.316110110619E-008 -1.506400603273E-003  1.047132376619E-027  1.047132352366E-027  2.425273884643E-035  5.982977407504E-002
 2.786000000000E+003  2.254535472189E-008 -1.478451201734E-003  1.027162594293E-027  1.027162571135E-027  2.315774504539E-035  5.868876501666E-002
 2.818000000000E+003  2.195511362308E-008 -1.451349205601E-003  1.007686001450E-027  1.007685979326E-027  2.212386065823E-035  5.757593521532E-002
 2.851000000000E+003  2.137174976082E-008 -1.424250436302E-003  9.880984946363E-028  9.880984735189E-028  2.111739376641E-035  5.645676814488E-002
 2.884000000000E+003  2.081275795214E-008 -1.397978169025E-003  9.689979751807E-028  9.689979550131E-028  2.016752031354E-035  5.536542596227E-002
 2.917000000000E+003  2.027687177229E-008 -1.372498262163E-003  9.503667167217E-028  9.503666974513E-028  1.927046405162E-035  5.430089584041E-002
 2.951000000000E+003  1.974765730166E-008 -1.347040226292E-003  9.316439083322E-028  9.316438899344E-028  1.839778462893E-035  5.323113484864E-002
 2.985000000000E+003  1.924049099097E-008 -1.322353639216E-003  9.133839062337E-028  9.133838886597E-028  1.757395481919E-035  5.218781711674E-002
 3.020000000000E+003  1.871699284634E-008 -1.297717298723E-003  8.961614312648E-028  8.961614144913E-028  1.677344709815E-035  5.120378034605E-002
 3.055000000000E+003  1.819858826706E-008 -1.273834077520E-003  8.801764004237E-028  8.801763844057E-028  1.601796791370E-035  5.029044714949E-002
 3.090000000000E+003  1.770158900613E-008 -1.250669955757E-003  8.645862451674E-028  8.645862298629E-028  1.530455037231E-035  4.939967587116E-002
 3.126000000000E+003  1.721154924744E-008 -1.227561719477E-003  8.489476975700E-028  8.489476829583E-028  1.461170510523E-035  4.850613960896E-002
 3.162000000000E+003  1.674184425621E-008 -1.205151151235E-003  8.336971246236E-028  8.336971106660E-028  1.395762741730E-035  4.763477096802E-002
 3.199000000000E+003  1.627917067918E-008 -1.182814995656E-003  8.184124131542E-028  8.184123998311E-028  1.332307535969E-035  4.676145176058E-002
 3.236000000000E+003  1.583578057103E-008 -1.161154942084E-003  8.035082160170E-028  8.035082032928E-028  1.272417979587E-035  4.590987391597E-002
 3.273000000000E+003  1.541066417872E-008 -1.140142950910E-003  7.889706664078E-028  7.889706542493E-028  1.215856198687E-035  4.507924512973E-002
 3.311000000000E+003  1.499208778095E-008 -1.119210057715E-003  7.744080101550E-028  7.744079985450E-028  1.160999286651E-035  4.424718182966E-002
 3.350000000000E+003  1.458049821630E-008 -1.098377648533E-003  7.598355634850E-028  7.598355524062E-028  1.107878107808E-035  4.341455913565E-002
 3.388000000000E+003  1.419608353127E-008 -1.078688786925E-003  7.459874724887E-028  7.459874618986E-028  1.059010047273E-035  4.262332379222E-002
 3.428000000000E+003  1.380823003647E-008 -1.058586028891E-003  7.317707934883E-028  7.317707833839E-028  1.010445945046E-035  4.181102851578E-002
 3.467000000000E+003  1.344579403501E-008 -1.039574883994E-003  7.182524354929E-028  7.182524258354E-028  9.657474312784E-036  4.103863305292E-002
 3.508000000000E+003  1.308062523866E-008 -1.020189002167E-003  7.043926045214E-028  7.043925953075E-028  9.213895680630E-036  4.024672692249E-002
 3.548000000000E+003  1.273921120454E-008 -1.001844220151E-003  6.912057491547E-028  6.912057403492E-028  8.805416024272E-036  3.949327245121E-002
 3.589000000000E+003  1.240368370229E-008 -9.835984668748E-004  6.780200447556E-028  6.780200363457E-028  8.409946178963E-036  3.873988374178E-002
 3.631000000000E+003  1.207432448691E-008 -9.654699875856E-004  6.648475015283E-028  6.648474935007E-028  8.027584467761E-036  3.798724701861E-002
 3.673000000000E+003  1.175873233766E-008 -9.478849109039E-004  6.520013734232E-028  6.520013657565E-028  7.666709633867E-036  3.725326060425E-002
 3.715000000000E+003  1.145618876338E-008 -9.308220763194E-004  6.394699469433E-028  6.394699396174E-028  7.325888420691E-036  3.653725522724E-002
 3.758000000000E+003  1.115925965785E-008 -9.138716524792E-004  6.269544098686E-028  6.269544028723E-028  6.996347053355E-036  3.582215771908E-002
 3.802000000000E+003  1.086815437411E-008 -8.970458158873E-004  6.144650707795E-028  6.144650641014E-028  6.678101246728E-036  3.510855707889E-002
 3.846000000000E+003  1.058925229265E-008 -8.807242052968E-004  6.022850025152E-028  6.022849961374E-028  6.377747843715E-036  3.441262717771E-002
 3.890000000000E+003  1.032192090617E-008 -8.648850896895E-004  5.904030013469E-028  5.904029952528E-028  6.094093082670E-036  3.373372787059E-002
 3.936000000000E+003  1.005416426244E-008 -8.488206500996E-004  5.782881516768E-028  5.782881458626E-028  5.814204067980E-036  3.304152434891E-002
 3.981000000000E+003  9.803230327601E-009 -8.335748767959E-004  5.667295020611E-028  5.667294965053E-028  5.555779842151E-036  3.238110030787E-002
 4.027000000000E+003  9.543611424019E-009 -8.184508263102E-004  5.560027892329E-028  5.560027839266E-028  5.306274571109E-036  3.176821045808E-002
 4.074000000000E+003  9.280154185069E-009 -8.034579086551E-004  5.458571602237E-028  5.458571551580E-028  5.065638609899E-036  3.118852186790E-002
 4.121000000000E+003  9.027649207085E-009 -7.889103600580E-004  5.359635413266E-028  5.359635364881E-028  4.838490838883E-036  3.062323232406E-002
 4.169000000000E+003  8.780481627376E-009 -7.744937806819E-004  5.261100538479E-028  5.261100492284E-028  4.619499661789E-036  3.006023575990E-002
 4.217000000000E+003  8.543569881754E-009 -7.605042993269E-004  5.165006699755E-028  5.165006655627E-028  4.412759567908E-036  2.951118648985E-002
 4.266000000000E+003  8.311746241675E-009 -7.466446533134E-004  5.069336956260E-028  5.069336914125E-028  4.213504239398E-036  2.896456036308E-002
 4.315000000000E+003  8.089522659036E-009 -7.331933628511E-004  4.976029707715E-028  4.976029667461E-028  4.025370507260E-036  2.843143277182E-002
 4.365000000000E+003  7.872141131840E-009 -7.198711153223E-004  4.883165749585E-028  4.883165711144E-028  3.844096995090E-036  2.790083799900E-002
 4.416000000000E+003  7.659659311367E-009 -7.066847552539E-004  4.790798444363E-028  4.790798407667E-028  3.669588391325E-036  2.737308094074E-002
 4.467000000000E+003  7.456027913211E-009 -6.938867554048E-004  4.700722228516E-028  4.700722193467E-028  3.504871614806E-036  2.685841442958E-002
 4.519000000000E+003  7.257037594751E-009 -6.812236693489E-004  4.611153198609E-028  4.611153165146E-028  3.346331211746E-036  2.634664581538E-002
 4.571000000000E+003  7.066310791679E-009 -6.689318113951E-004  4.523796253665E-028  4.523796221698E-028  3.196655028663E-036  2.584751634253E-002
 4.624000000000E+003  6.879975974034E-009 -6.567708156040E-004  4.436953446240E-028  4.436953415714E-028  3.052613310804E-036  2.535132448576E-002
 4.677000000000E+003  6.701355128716E-009 -6.449651818891E-004  4.352245999802E-028  4.352245970636E-028  2.916594605221E-036  2.486733339427E-002
 4.732000000000E+003  6.523723466060E-009 -6.330741617774E-004  4.266517683537E-028  4.266517655704E-028  2.783358153045E-036  2.437750938085E-002
 4.786000000000E+003  6.356584296599E-009 -6.217414115543E-004  4.184426694196E-028  4.184426667597E-028  2.659866101460E-036  2.390846788281E-002
 4.842000000000E+003  6.190458997187E-009 -6.103314634010E-004  4.101391258098E-028  4.101391232709E-028  2.538949441468E-036  2.343403011968E-002
 4.898000000000E+003  6.031286571476E-009 -5.992564252866E-004  4.020413015456E-028  4.020412991208E-028  2.424826303191E-036  2.297134649778E-002
 4.954000000000E+003  5.878707166177E-009 -5.885032282728E-004  3.941418084101E-028  3.941418060930E-028  2.317044273590E-036  2.251999487820E-002
 5.012000000000E+003  5.724692929574E-009 -5.776910845932E-004  3.863354119578E-028  3.863354097462E-028  2.211651601279E-036  2.207396250348E-002
 5.070000000000E+003  5.568064906919E-009 -5.671952229621E-004  3.793386451907E-028  3.793386430786E-028  2.112182198125E-036  2.167418976411E-002
 5.129000000000E+003  5.415355774700E-009 -5.568291229583E-004  3.723983080773E-028  3.723983060606E-028  2.016669328135E-036  2.127764123341E-002
 5.188000000000E+003  5.268974389277E-009 -5.467659748752E-004  3.656299970134E-028  3.656299950869E-028  1.926495090215E-036  2.089092171747E-002
 5.248000000000E+003  5.126261463963E-009 -5.368273815535E-004  3.589170056640E-028  3.589170038241E-028  1.839902414896E-036  2.050736299186E-002
 5.309000000000E+003  4.987194999434E-009 -5.270174795596E-004  3.522615700380E-028  3.522615682812E-028  1.756797140586E-036  2.012709281493E-002
 5.370000000000E+003  4.853884550593E-009 -5.174912408774E-004  3.457708045266E-028  3.457708028483E-028  1.678331566138E-036  1.975623135835E-002
 5.432000000000E+003  4.723980339127E-009 -5.080872765958E-004  3.393362090715E-028  3.393362074685E-028  1.603017580008E-036  1.938857927792E-002
 5.495000000000E+003  4.597453409461E-009 -4.988076403543E-004  3.329596918614E-028  3.329596903306E-028  1.530766670561E-036  1.902424560140E-002
 5.559000000000E+003  4.474271888594E-009 -4.896545296695E-004  3.266429157488E-028  3.266429142874E-028  1.461489215543E-036  1.866332533884E-002
 5.623000000000E+003  4.356203834604E-009 -4.807664377462E-004  3.204824961274E-028  3.204824947314E-028  1.396087078554E-036  1.831133878297E-002
 5.688000000000E+003  4.241251674419E-009 -4.719987794830E-004  3.143800799516E-028  3.143800786182E-028  1.333365040499E-036  1.796266635724E-002
 5.754000000000E+003  4.129379856406E-009 -4.633517687679E-004  3.083370714612E-028  3.083370701879E-028  1.273240891875E-036  1.761738829540E-002
 5.821000000000E+003  4.020549799945E-009 -4.548281154988E-004  3.023547701165E-028  3.023547689008E-028  1.215632410504E-036  1.727557884443E-002
 5.888000000000E+003  3.916243072051E-009 -4.465497433133E-004  2.965203277568E-028  2.965203265955E-028  1.161245679300E-036  1.694221758003E-002
 5.957000000000E+003  3.813304379201E-009 -4.382696142723E-004  2.906606307849E-028  2.906606296765E-028  1.108377456233E-036  1.660741334824E-002
 6.026000000000E+003  3.714675461304E-009 -4.302280718076E-004  2.849465744353E-028  2.849465733768E-028  1.058484047837E-036  1.628093055292E-002
 6.095000000000E+003  3.620133547328E-009 -4.224168968914E-004  2.793728563327E-028  2.793728553213E-028  1.011367049423E-036  1.596246623343E-002
 6.166000000000E+003  3.526894834331E-009 -4.146079243419E-004  2.737788306665E-028  2.737788297009E-028  9.655891436269E-037  1.564284160500E-002
 6.237000000000E+003  3.434589969168E-009 -4.070217122273E-004  2.685536439381E-028  2.685536430157E-028  9.223716516532E-037  1.534429124681E-002
 6.310000000000E+003  3.341021567504E-009 -3.994470023145E-004  2.635204657211E-028  2.635204648407E-028  8.804275594531E-037  1.505671163721E-002
 6.383000000000E+003  3.251351799208E-009 -3.920889060819E-004  2.586127252582E-028  2.586127244173E-028  8.408409495662E-037  1.477629913722E-002
 6.456000000000E+003  3.165376885126E-009 -3.849401665858E-004  2.538258696386E-028  2.538258688352E-028  8.034545406011E-037  1.450279360818E-002
 6.531000000000E+003  3.080694317606E-009 -3.778031589898E-004  2.490292035351E-028  2.490292027679E-028  7.671828522485E-037  1.422872753958E-002
 6.607000000000E+003  2.998457463926E-009 -3.707782626809E-004  2.442894896254E-028  2.442894888929E-028  7.324916435260E-037  1.395791553603E-002
 6.683000000000E+003  2.919631272177E-009 -3.639541516744E-004  2.396670493773E-028  2.396670486776E-028  6.997394122724E-037  1.369380417214E-002
 6.761000000000E+003  2.842091992144E-009 -3.571475697210E-004  2.350404595935E-028  2.350404589255E-028  6.680066080406E-037  1.342945571707E-002
 6.839000000000E+003  2.767780291444E-009 -3.505328263204E-004  2.305286105806E-028  2.305286099426E-028  6.380525449790E-037  1.317166318043E-002
 6.918000000000E+003  2.695634446179E-009 -3.440264008242E-004  2.260715938576E-028  2.260715932482E-028  6.094063757052E-037  1.291700358437E-002
 6.998000000000E+003  2.625607195567E-009 -3.376190149203E-004  2.216695762711E-028  2.216695756891E-028  5.820172344959E-037  1.266548646198E-002
 7.080000000000E+003  2.552616290350E-009 -3.312405161740E-004  2.176281234408E-028  2.176281228853E-028  5.555210931334E-037  1.243457084979E-002
 7.161000000000E+003  2.483360428327E-009 -3.251188410725E-004  2.137475205143E-028  2.137475199835E-028  5.308121340981E-037  1.221284568356E-002
 7.244000000000E+003  2.415319895499E-009 -3.190217108803E-004  2.098694023326E-028  2.098694018257E-028  5.069017429104E-037  1.199126248762E-002
 7.328000000000E+003  2.349316483026E-009 -3.130258698835E-004  2.060421988118E-028  2.060421983277E-028  4.840583338675E-037  1.177258839154E-002
 7.413000000000E+003  2.285300178531E-009 -3.071287649099E-004  2.022657505727E-028  2.022657501105E-028  4.622379558946E-037  1.155681428893E-002
 7.499000000000E+003  2.223220459723E-009 -3.013307262156E-004  1.985398809828E-028  1.985398805414E-028  4.413979254718E-037  1.134393008757E-002
 7.586000000000E+003  2.163027305688E-009 -2.956267226404E-004  1.948643822990E-028  1.948643818775E-028  4.214969798189E-037  1.113392391770E-002
 7.674000000000E+003  2.104671122148E-009 -2.900229381417E-004  1.912390345747E-028  1.912390341722E-028  4.024952734970E-037  1.092678321227E-002
 7.762000000000E+003  2.048726057934E-009 -2.845767426279E-004  1.877031882718E-028  1.877031878873E-028  3.845524129698E-037  1.072475633007E-002
 7.852000000000E+003  1.993873018716E-009 -2.791592408739E-004  1.841762371812E-028  1.841762368140E-028  3.672240300042E-037  1.052323769166E-002
 7.943000000000E+003  1.940714299830E-009 -2.738356209889E-004  1.806985292397E-028  1.806985288890E-028  3.506842196536E-037  1.032453264833E-002
 8.035000000000E+003  1.889203130631E-009 -2.686051981507E-004  1.772697140121E-028  1.772697136772E-028  3.348984986778E-037  1.012862117734E-002
 8.128000000000E+003  1.839294182615E-009 -2.634632251588E-004  1.738893576017E-028  1.738893572819E-028  3.198336838555E-037  9.935478487244E-003
 8.222000000000E+003  1.790941981116E-009 -2.584117936673E-004  1.705571363177E-028  1.705571360122E-028  3.054579356103E-037  9.745086083380E-003
 8.318000000000E+003  1.743620222934E-009 -2.533959648452E-004  1.672384356876E-028  1.672384353960E-028  2.916003185168E-037  9.555466206156E-003
 8.414000000000E+003  1.698270801506E-009 -2.485210298776E-004  1.640019527213E-028  1.640019524428E-028  2.785197276967E-037  9.370543981711E-003
 8.511000000000E+003  1.654348128190E-009 -2.437319178069E-004  1.608122491950E-028  1.608122489290E-028  2.660394434458E-037  9.188294583946E-003
 8.610000000000E+003  1.611386168036E-009 -2.389817467444E-004  1.576371517249E-028  1.576371514709E-028  2.540143258582E-037  9.006879729220E-003
 8.710000000000E+003  1.569804946749E-009 -2.343145535943E-004  1.545094318675E-028  1.545094316250E-028  2.425496704650E-037  8.828171878845E-003
 8.810000000000E+003  1.529952642255E-009 -2.297713282220E-004  1.514586687132E-028  1.514586684815E-028  2.317245903902E-037  8.653861086882E-003
 8.912000000000E+003  1.490992777550E-009 -2.252743845151E-004  1.484232927753E-028  1.484232925540E-028  2.212980575482E-037  8.480429470943E-003
 9.016000000000E+003  1.452541248071E-009 -2.208112493688E-004  1.454443264042E-028  1.454443261929E-028  2.112638834000E-037  8.310220916160E-003
 9.120000000000E+003  1.413926551185E-009 -2.164714338123E-004  1.427174983774E-028  1.427174981756E-028  2.017920602745E-037  8.154418735232E-003
 9.226000000000E+003  1.376202547155E-009 -2.121689125524E-004  1.400070530790E-028  1.400070528863E-028  1.926780630669E-037  7.999552610682E-003
 9.332000000000E+003  1.340041713505E-009 -2.079890224585E-004  1.373635381923E-028  1.373635380083E-028  1.840728710924E-037  7.848510674523E-003
 9.441000000000E+003  1.304402274799E-009 -2.038063366865E-004  1.347124889703E-028  1.347124887945E-028  1.757192770567E-037  7.697038250659E-003
 9.550000000000E+003  1.270247919592E-009 -1.997370675223E-004  1.321271657308E-028  1.321271655630E-028  1.678342573912E-037  7.549321197981E-003
 9.660000000000E+003  1.237207546572E-009 -1.957432922795E-004  1.295823310549E-028  1.295823308946E-028  1.603202378834E-037  7.403917531553E-003
 9.772000000000E+003  1.204963174079E-009 -1.917890412016E-004  1.270550875583E-028  1.270550874052E-028  1.530967015871E-037  7.259518968507E-003
 9.886000000000E+003  1.173514751662E-009 -1.878768262660E-004  1.245464989386E-028  1.245464987925E-028  1.461571537723E-037  7.116186285100E-003
 1.000000000000E+004  1.143401070411E-009 -1.840690816439E-004  1.220974892735E-028  1.220974891339E-028  1.396063999297E-037  6.976257751472E-003
 1.012000000000E+004  1.115080402129E-009 -1.801775100119E-004  1.193649908995E-028  1.193649907664E-028  1.331015620523E-037  6.820131584978E-003
 1.023000000000E+004  1.090212741326E-009 -1.767040674673E-004  1.169206768405E-028  1.169206767130E-028  1.274684116159E-037  6.680471343126E-003
 1.035000000000E+004  1.064216326899E-009 -1.730117776420E-004  1.143177470672E-028  1.143177469455E-028  1.216588128832E-037  6.531748309622E-003
 1.047000000000E+004  1.039342380638E-009 -1.694236735400E-004  1.117788217640E-028  1.117788216479E-028  1.161764667172E-037  6.386682285630E-003
 1.059000000000E+004  1.015533980793E-009 -1.659325580101E-004  1.093015929380E-028  1.093015928270E-028  1.109994817833E-037  6.245141399848E-003
 1.072000000000E+004  9.908826507158E-010 -1.622580156879E-004  1.066849820923E-028  1.066849819865E-028  1.057122978472E-037  6.095636673848E-003
 1.084000000000E+004  9.691279863745E-010 -1.589595420169E-004  1.043293011971E-028  1.043293010960E-028  1.011084455890E-037  5.961040645795E-003
 1.096000000000E+004  9.482860726106E-010 -1.557473514632E-004  1.020288398782E-028  1.020288397814E-028  9.675252786110E-038  5.829599686676E-003
 1.109000000000E+004  9.256034376631E-010 -1.523529328473E-004  9.971371476418E-029  9.971371467189E-029  9.229535716789E-038  5.697320885486E-003
 1.122000000000E+004  9.034165879660E-010 -1.490520550360E-004  9.750994031738E-029  9.750994022929E-029  8.809209757430E-038  5.571404303198E-003
 1.135000000000E+004  8.821830999527E-010 -1.458547888905E-004  9.536049601959E-029  9.536049593546E-029  8.412541799159E-038  5.448591970835E-003
 1.148000000000E+004  8.618549553844E-010 -1.427301123105E-004  9.326340817781E-029  9.326340809743E-029  8.037953049408E-038  5.328771117930E-003
 1.161000000000E+004  8.423868410456E-010 -1.396886782318E-004  9.121680668866E-029  9.121680661182E-029  7.683983763673E-038  5.211834892792E-003
 1.175000000000E+004  8.223347638129E-010 -1.365078030069E-004  8.906718685340E-029  8.906718678016E-029  7.324304406457E-038  5.089012530762E-003
 1.188000000000E+004  8.045210198212E-010 -1.336344984524E-004  8.711982926050E-029  8.711982919041E-029  7.008973388330E-038  4.977746782573E-003
 1.202000000000E+004  7.861616420799E-010 -1.306193934468E-004  8.507323453947E-029  8.507323447259E-029  6.688131376260E-038  4.860810944125E-003
 1.216000000000E+004  7.686153033073E-010 -1.276834772919E-004  8.307719570351E-029  8.307719563965E-029  6.385440397357E-038  4.746763706305E-003
 1.230000000000E+004  7.518417618182E-010 -1.248311226425E-004  8.112986985382E-029  8.112986979283E-029  6.099682428698E-038  4.635499771805E-003
 1.244000000000E+004  7.352055652959E-010 -1.220913694971E-004  7.929385806400E-029  7.929385800570E-029  5.829728574243E-038  4.530595964589E-003
 1.259000000000E+004  7.166723521195E-010 -1.193570106235E-004  7.753676769712E-029  7.753676764156E-029  5.556845768124E-038  4.430201473597E-003
 1.274000000000E+004  6.989462924319E-010 -1.167212229067E-004  7.582478573745E-029  7.582478568445E-029  5.299745286563E-038  4.332384331875E-003
 1.288000000000E+004  6.830931946314E-010 -1.143376161735E-004  7.426610062937E-029  7.426610057864E-029  5.073066793174E-038  4.243326079091E-003
 1.303000000000E+004  6.668111357197E-010 -1.118692004033E-004  7.263650405141E-029  7.263650400298E-029  4.843482976123E-038  4.150216173037E-003
 1.318000000000E+004  6.512208770179E-010 -1.094932176604E-004  7.104719135730E-029  7.104719131103E-029  4.626741426536E-038  4.059407958508E-003
 1.334000000000E+004  6.353148760910E-010 -1.070370468742E-004  6.939465840365E-029  6.939465835956E-029  4.408745880509E-038  3.964987541724E-003
 1.349000000000E+004  6.210473215936E-010 -1.048152336275E-004  6.788398263720E-029  6.788398259504E-029  4.215916559594E-038  3.878672388260E-003
 1.365000000000E+004  6.064811941451E-010 -1.025200896738E-004  6.631219605740E-029  6.631219601718E-029  4.021709985127E-038  3.788865559510E-003
 1.380000000000E+004  5.934073467077E-010 -1.004413027443E-004  6.487442806868E-029  6.487442803018E-029  3.849696222941E-038  3.706716121914E-003
 1.396000000000E+004  5.800519830979E-010 -9.830080491751E-005  6.337759131158E-029  6.337759127482E-029  3.676229752425E-038  3.621191684914E-003
 1.412000000000E+004  5.672764598029E-010 -9.623982472741E-005  6.191733913968E-029  6.191733910456E-029  3.512424894757E-038  3.537757573418E-003
 1.429000000000E+004  5.543062853413E-010 -9.410625148854E-005  6.040442728793E-029  6.040442725444E-029  3.348255370814E-038  3.451314657216E-003
 1.445000000000E+004  5.426395776261E-010 -9.216658615276E-005  5.901550767323E-029  5.901550764120E-029  3.202415015719E-038  3.371956258556E-003
 1.462000000000E+004  5.307899415772E-010 -9.018231471826E-005  5.757559845862E-029  5.757559842806E-029  3.056054854212E-038  3.289684478187E-003
 1.479000000000E+004  5.194760682881E-010 -8.826617491056E-005  5.617124440281E-029  5.617124437363E-029  2.917961719323E-038  3.209444205210E-003
 1.496000000000E+004  5.086721266361E-010 -8.641738313338E-005  5.480114270094E-029  5.480114267307E-029  2.787581379978E-038  3.131161001544E-003
 1.514000000000E+004  4.958935784704E-010 -8.452359288723E-005  5.358734992103E-029  5.358734989446E-029  2.657362271309E-038  3.061808786847E-003
 1.531000000000E+004  4.838544155055E-010 -8.278954381214E-005  5.252169630823E-029  5.252169628282E-029  2.541285466858E-038  3.000920767598E-003
 1.549000000000E+004  4.716373963061E-010 -8.101948219868E-005  5.142097251980E-029  5.142097249555E-029  2.425205359477E-038  2.938028951332E-003
 1.567000000000E+004  4.599379842461E-010 -7.929940663131E-005  5.034761113833E-029  5.034761111517E-029  2.315677877857E-038  2.876700534973E-003
 1.585000000000E+004  4.487297034120E-010 -7.763726118421E-005  4.930060089705E-029  4.930060087493E-029  2.212264401857E-038  2.816877737992E-003
 1.603000000000E+004  4.379877190861E-010 -7.603997485769E-005  4.827897472238E-029  4.827897470123E-029  2.114559801847E-038  2.758505304915E-003
 1.622000000000E+004  4.271290772009E-010 -7.441521058144E-005  4.722712286523E-029  4.722712284506E-029  2.017207740828E-038  2.698405873574E-003
 1.641000000000E+004  4.167383386288E-010 -7.283340939104E-005  4.620151432140E-029  4.620151430215E-029  1.925394232044E-038  2.639805900731E-003
 1.660000000000E+004  4.067915280931E-010 -7.130089413236E-005  4.520117143234E-029  4.520117141395E-029  1.838745359856E-038  2.582649526121E-003
 1.679000000000E+004  3.972661653385E-010 -6.982869017607E-005  4.422517435741E-029  4.422517433984E-029  1.756916542840E-038  2.526884193009E-003
 1.698000000000E+004  3.881412187588E-010 -6.839338721802E-005  4.327263621084E-029  4.327263619405E-029  1.679589375778E-038  2.472459227596E-003
 1.718000000000E+004  3.789469862618E-010 -6.694005606323E-005  4.229438994980E-029  4.229438993377E-029  1.602733160726E-038  2.416565383222E-003
 1.738000000000E+004  3.701529873036E-010 -6.553358909060E-005  4.134028296820E-029  4.134028295290E-029  1.530222923666E-038  2.362050779619E-003
 1.758000000000E+004  3.617391936054E-010 -6.417749663767E-005  4.040942924922E-029  4.040942923460E-029  1.461767435067E-038  2.308864792636E-003
 1.778000000000E+004  3.536867747045E-010 -6.286689274892E-005  3.950098351974E-029  3.950098350577E-029  1.397097545875E-038  2.256959126086E-003
 1.799000000000E+004  3.456012585356E-010 -6.152506420885E-005  3.857036441437E-029  3.857036440104E-029  1.332996648378E-038  2.203786544167E-003
 1.820000000000E+004  3.378756797528E-010 -6.024425065042E-005  3.766267938273E-029  3.766267937001E-029  1.272530339775E-038  2.151924341443E-003
 1.841000000000E+004  3.304920485374E-010 -5.898138823129E-005  3.677710006306E-029  3.677710005091E-029  1.215453913911E-038  2.101325187986E-003
 1.862000000000E+004  3.234337962514E-010 -5.777581880867E-005  3.591282009058E-029  3.591282007896E-029  1.161541973599E-038  2.051943010707E-003
 1.884000000000E+004  3.163713799184E-010 -5.655379977470E-005  3.502940636995E-029  3.502940635887E-029  1.108230163098E-038  2.001467592610E-003
 1.906000000000E+004  3.096322126052E-010 -5.536495044606E-005  3.416770596395E-029  3.416770595337E-029  1.057942239726E-038  1.952232803460E-003
 1.928000000000E+004  3.032006713503E-010 -5.423766397910E-005  3.332692589939E-029  3.332692588928E-029  1.010474630673E-038  1.904193335318E-003
 1.950000000000E+004  2.970621449709E-010 -5.311176024306E-005  3.250631347376E-029  3.250631346410E-029  9.656395205611E-039  1.857306181187E-003
 1.972000000000E+004  2.912030701655E-010 -5.205575745823E-005  3.170515147656E-029  3.170515146733E-029  9.232637450037E-039  1.811530361964E-003
 1.995000000000E+004  2.853627379122E-010 -5.097996351548E-005  3.088762529804E-029  3.088762528922E-029  8.814177322653E-039  1.764819546061E-003
 2.018000000000E+004  2.786698874743E-010 -4.992834913712E-005  3.021194702654E-029  3.021194701812E-029  8.419159878266E-039  1.726213463253E-003
 2.042000000000E+004  2.716619068587E-010 -4.887902572106E-005  2.955981278067E-029  2.955981277263E-029  8.030275106382E-039  1.688952610328E-003
 2.065000000000E+004  2.652300173712E-010 -4.788435757718E-005  2.895012685095E-029  2.895012684327E-029  7.678442647575E-039  1.654117117634E-003
 2.089000000000E+004  2.587997791023E-010 -4.688668362472E-005  2.832928770307E-029  2.832928769574E-029  7.331613399681E-039  1.618644365933E-003
 2.114000000000E+004  2.523915261395E-010 -4.590939767715E-005  2.769864830774E-029  2.769864830075E-029  6.990904118392E-039  1.582611659618E-003
 2.138000000000E+004  2.465036986547E-010 -4.498170073551E-005  2.710809732226E-029  2.710809731558E-029  6.682246253429E-039  1.548869476080E-003
 2.163000000000E+004  2.406315954655E-010 -4.403745648312E-005  2.650785383867E-029  2.650785383229E-029  6.378627161565E-039  1.514573494379E-003
 2.188000000000E+004  2.350123949935E-010 -4.313598349851E-005  2.592227898651E-029  2.592227898042E-029  6.092056868308E-039  1.481115631089E-003
 2.213000000000E+004  2.296334308479E-010 -4.226291271378E-005  2.535084407556E-029  2.535084406974E-029  5.821401299961E-039  1.448465678552E-003
 2.239000000000E+004  2.242813257552E-010 -4.138241949892E-005  2.477100825062E-029  2.477100824506E-029  5.555674570741E-039  1.415335724815E-003
 2.265000000000E+004  2.191636467814E-010 -4.054216113447E-005  2.420537612693E-029  2.420537612163E-029  5.304938503694E-039  1.383017324874E-003
 2.291000000000E+004  2.142686122794E-010 -3.971167670871E-005  2.365343581378E-029  2.365343580871E-029  5.068188867458E-039  1.351481230941E-003
 2.317000000000E+004  2.095853110531E-010 -3.892746877153E-005  2.311469475917E-029  2.311469475433E-029  4.844500490999E-039  1.320699300179E-003
 2.344000000000E+004  2.049349628627E-010 -3.811242696776E-005  2.256870465554E-029  2.256870465092E-029  4.625116650443E-039  1.289503182076E-003
 2.371000000000E+004  2.004911045985E-010 -3.732639836896E-005  2.203594929616E-029  2.203594929174E-029  4.418011815265E-039  1.259063254683E-003
 2.399000000000E+004  1.960900578087E-010 -3.655963578222E-005  2.149693281795E-029  2.149693281373E-029  4.215334798981E-039  1.228265587102E-003
 2.427000000000E+004  1.918898705715E-010 -3.580322405598E-005  2.097113420281E-029  2.097113419879E-029  4.024148227915E-039  1.198223145695E-003
 2.455000000000E+004  1.878807288075E-010 -3.507843315233E-005  2.045807602936E-029  2.045807602552E-029  3.843678234397E-039  1.168908652141E-003
 2.483000000000E+004  1.839677784549E-010 -3.439432085334E-005  1.996661975028E-029  1.996661974661E-029  3.673214678713E-039  1.140828421338E-003
 2.512000000000E+004  1.794459012939E-010 -3.367352969764E-005  1.954080929811E-029  1.954080929460E-029  3.506518136512E-039  1.116498981908E-003
 2.541000000000E+004  1.751161744361E-010 -3.299535615863E-005  1.912542490701E-029  1.912542490366E-029  3.349171244180E-039  1.092765254067E-003
 2.570000000000E+004  1.709688435306E-010 -3.230259409471E-005  1.872009274790E-029  1.872009274470E-029  3.200552607893E-039  1.069605878425E-003
 2.600000000000E+004  1.668606590298E-010 -3.165395613647E-005  1.831098080628E-029  1.831098080323E-029  3.055382324818E-039  1.046230538169E-003
 2.630000000000E+004  1.629283245460E-010 -3.100549052394E-005  1.791186500372E-029  1.791186500081E-029  2.918350154550E-039  1.023426345141E-003
 2.661000000000E+004  1.590402728424E-010 -3.037824986674E-005  1.750956323490E-029  1.750956323212E-029  2.784725714230E-039  1.000440116250E-003
 2.692000000000E+004  1.553213395411E-010 -2.977073573135E-005  1.711717455751E-029  1.711717455486E-029  2.658662481432E-039  9.780202895136E-004
 2.723000000000E+004  1.517629967958E-010 -2.915016086778E-005  1.673433669070E-029  1.673433668816E-029  2.539653085569E-039  9.561461653686E-004
 2.754000000000E+004  1.483572140919E-010 -2.855597467801E-005  1.636070769387E-029  1.636070769144E-029  2.427229014034E-039  9.347982064302E-004
 2.786000000000E+004  1.449936331698E-010 -2.797531661543E-005  1.598433984693E-029  1.598433984461E-029  2.317627508227E-039  9.132937584068E-004
 2.818000000000E+004  1.417768729489E-010 -2.743231951799E-005  1.561709603624E-029  1.561709603403E-029  2.214143040562E-039  8.923106284636E-004
 2.851000000000E+004  1.386057431890E-010 -2.685825533381E-005  1.524758809342E-029  1.524758809131E-029  2.113403279529E-039  8.711981332934E-004
 2.884000000000E+004  1.355757053382E-010 -2.632520320447E-005  1.488709574335E-029  1.488709574133E-029  2.018328505842E-039  8.506007600902E-004
 2.917000000000E+004  1.326798239419E-010 -2.576840393199E-005  1.453529673598E-029  1.453529673405E-029  1.928540611873E-039  8.305000965227E-004
 2.951000000000E+004  1.298297011423E-010 -2.525892804725E-005  1.418160182412E-029  1.418160182228E-029  1.841193126544E-039  8.102911070718E-004
 2.985000000000E+004  1.271085335506E-010 -2.471679210147E-005  1.383648604610E-029  1.383648604434E-029  1.758735450813E-039  7.905723017297E-004
 3.020000000000E+004  1.240001646960E-010 -2.425091507111E-005  1.353718954659E-029  1.353718954491E-029  1.678613733297E-039  7.734714625644E-004
 3.055000000000E+004  1.207101972209E-010 -2.374103050877E-005  1.327974573697E-029  1.327974573536E-029  1.603000726952E-039  7.587619514625E-004
 3.090000000000E+004  1.175565302201E-010 -2.327256167649E-005  1.302860361581E-029  1.302860361427E-029  1.531597434687E-039  7.444124985672E-004
 3.126000000000E+004  1.144475760014E-010 -2.278751683013E-005  1.277662177286E-029  1.277662177140E-029  1.462253391392E-039  7.300150666705E-004
 3.162000000000E+004  1.114682471593E-010 -2.232443952544E-005  1.253083160425E-029  1.253083160285E-029  1.396789834374E-039  7.159714071265E-004
 3.199000000000E+004  1.085341696538E-010 -2.190167481543E-005  1.228443131025E-029  1.228443130892E-029  1.333280551928E-039  7.018928869807E-004
 3.236000000000E+004  1.057231134966E-010 -2.144104439554E-005  1.204410458503E-029  1.204410458376E-029  1.273340236008E-039  6.881613910163E-004
 3.273000000000E+004  1.030286780427E-010 -2.100218391860E-005  1.180963142988E-029  1.180963142866E-029  1.216730714392E-039  6.747643492152E-004
 3.311000000000E+004  1.003765463077E-010 -2.058562556864E-005  1.157469411768E-029  1.157469411652E-029  1.161827820100E-039  6.613407869734E-004
 3.350000000000E+004  9.776960861327E-011 -2.015150936892E-005  1.133953863613E-029  1.133953863502E-029  1.108662254309E-039  6.479047592363E-004
 3.388000000000E+004  9.533576493310E-011 -1.970881781676E-005  1.111601301146E-029  1.111601301040E-029  1.059753603454E-039  6.351332241094E-004
 3.428000000000E+004  9.288120602376E-011 -1.934776066608E-005  1.088647779150E-029  1.088647779049E-029  1.011149186626E-039  6.220183200399E-004
 3.467000000000E+004  9.058860287649E-011 -1.897152410252E-005  1.066815977792E-029  1.066815977696E-029  9.664136895451E-040  6.095443310576E-004
 3.508000000000E+004  8.827996122310E-011 -1.859441274255E-005  1.044426639280E-029  1.044426639187E-029  9.220194321598E-040  5.967517832808E-004
 3.548000000000E+004  8.612278199722E-011 -1.818535924613E-005  1.023118572171E-029  1.023118572083E-029  8.811381774841E-040  5.845770392005E-004
 3.589000000000E+004  8.400414759035E-011 -1.785574305998E-005  1.001806529430E-029  1.001806529346E-029  8.415590355520E-040  5.724000235712E-004
 3.631000000000E+004  8.192594957894E-011 -1.748679684940E-005  9.805097711022E-030  9.805097710219E-030  8.032919406897E-040  5.602317409644E-004
 3.673000000000E+004  7.993618757742E-011 -1.709880000926E-005  9.597349115450E-030  9.597349114683E-030  7.671754991386E-040  5.483616545257E-004
 3.715000000000E+004  7.803030982177E-011 -1.676261356786E-005  9.394632439899E-030  9.394632439166E-030  7.330660799470E-040  5.367790758096E-004
 3.758000000000E+004  7.616156585755E-011 -1.642332050941E-005  9.192114262962E-030  9.192114262262E-030  7.000858158087E-040  5.252078386657E-004
 3.802000000000E+004  7.433136614765E-011 -1.610600187376E-005  8.989960656533E-030  8.989960655864E-030  6.682360572137E-040  5.136574319078E-004
 3.846000000000E+004  7.257989275379E-011 -1.575769667429E-005  8.792754416407E-030  8.792754415769E-030  6.381771725532E-040  5.023897017451E-004
 3.890000000000E+004  7.090315085016E-011 -1.542147632768E-005  8.600316847909E-030  8.600316847299E-030  6.097895628265E-040  4.913944381387E-004
 3.936000000000E+004  6.922603402063E-011 -1.517394200423E-005  8.404047989868E-030  8.404047989286E-030  5.817789120576E-040  4.801802669726E-004
 3.981000000000E+004  6.765663806021E-011 -1.482994551828E-005  8.216733529412E-030  8.216733528856E-030  5.559165664366E-040  4.694777212790E-004
