# SHG benchmark -- DustEM results for 1 * Mathis ISRF
# Column 1: wavelength (micron)
# Column 2: embedding field mean intensity -- J_lambda (W/m3/sr)
# Column 3: silicate emissivity -- lambda*j_lambda (W/sr/H)
# Column 4: graphite emissivity -- lambda*j_lambda (W/sr/H)
# Column 5: PAH      emissivity -- lambda*j_lambda (W/sr/H)
# Column 6: total    emissivity -- lambda*j_lambda (W/sr/H)
# 1201 wavelengths
 1.000000000e-03  0.000000000e+00  0.000000000e+00  0.000000000e+00  0.000000000e+00  0.000000000e+00
 1.013520000e-03  0.000000000e+00  0.000000000e+00  0.000000000e+00  0.000000000e+00  0.000000000e+00
 1.027230000e-03  0.000000000e+00  0.000000000e+00  0.000000000e+00  0.000000000e+00  0.000000000e+00
 1.041120000e-03  0.000000000e+00  0.000000000e+00  0.000000000e+00  0.000000000e+00  0.000000000e+00
 1.055200000e-03  0.000000000e+00  0.000000000e+00  0.000000000e+00  0.000000000e+00  0.000000000e+00
 1.069470000e-03  0.000000000e+00  0.000000000e+00  0.000000000e+00  0.000000000e+00  0.000000000e+00
 1.083930000e-03  0.000000000e+00  0.000000000e+00  0.000000000e+00  0.000000000e+00  0.000000000e+00
 1.098580000e-03  0.000000000e+00  0.000000000e+00  0.000000000e+00  0.000000000e+00  0.000000000e+00
 1.113440000e-03  0.000000000e+00  0.000000000e+00  0.000000000e+00  0.000000000e+00  0.000000000e+00
 1.128500000e-03  0.000000000e+00  0.000000000e+00  0.000000000e+00  0.000000000e+00  0.000000000e+00
 1.143760000e-03  0.000000000e+00  0.000000000e+00  0.000000000e+00  0.000000000e+00  0.000000000e+00
 1.159220000e-03  0.000000000e+00  0.000000000e+00  0.000000000e+00  0.000000000e+00  0.000000000e+00
 1.174900000e-03  0.000000000e+00  0.000000000e+00  0.000000000e+00  0.000000000e+00  0.000000000e+00
 1.190780000e-03  0.000000000e+00  0.000000000e+00  0.000000000e+00  0.000000000e+00  0.000000000e+00
 1.206890000e-03  0.000000000e+00  0.000000000e+00  0.000000000e+00  0.000000000e+00  0.000000000e+00
 1.223210000e-03  0.000000000e+00  0.000000000e+00  0.000000000e+00  0.000000000e+00  0.000000000e+00
 1.239750000e-03  0.000000000e+00  0.000000000e+00  0.000000000e+00  0.000000000e+00  0.000000000e+00
 1.256510000e-03  0.000000000e+00  0.000000000e+00  0.000000000e+00  0.000000000e+00  0.000000000e+00
 1.273500000e-03  0.000000000e+00  0.000000000e+00  0.000000000e+00  0.000000000e+00  0.000000000e+00
 1.290720000e-03  0.000000000e+00  0.000000000e+00  0.000000000e+00  0.000000000e+00  0.000000000e+00
 1.308180000e-03  0.000000000e+00  0.000000000e+00  0.000000000e+00  0.000000000e+00  0.000000000e+00
 1.325870000e-03  0.000000000e+00  0.000000000e+00  0.000000000e+00  0.000000000e+00  0.000000000e+00
 1.343800000e-03  0.000000000e+00  0.000000000e+00  0.000000000e+00  0.000000000e+00  0.000000000e+00
 1.361970000e-03  0.000000000e+00  0.000000000e+00  0.000000000e+00  0.000000000e+00  0.000000000e+00
 1.380380000e-03  0.000000000e+00  0.000000000e+00  0.000000000e+00  0.000000000e+00  0.000000000e+00
 1.399050000e-03  0.000000000e+00  0.000000000e+00  0.000000000e+00  0.000000000e+00  0.000000000e+00
 1.417970000e-03  0.000000000e+00  0.000000000e+00  0.000000000e+00  0.000000000e+00  0.000000000e+00
 1.437140000e-03  0.000000000e+00  0.000000000e+00  0.000000000e+00  0.000000000e+00  0.000000000e+00
 1.456580000e-03  0.000000000e+00  0.000000000e+00  0.000000000e+00  0.000000000e+00  0.000000000e+00
 1.476270000e-03  0.000000000e+00  0.000000000e+00  0.000000000e+00  0.000000000e+00  0.000000000e+00
 1.496240000e-03  0.000000000e+00  0.000000000e+00  0.000000000e+00  0.000000000e+00  0.000000000e+00
 1.516470000e-03  0.000000000e+00  0.000000000e+00  0.000000000e+00  0.000000000e+00  0.000000000e+00
 1.536970000e-03  0.000000000e+00  0.000000000e+00  0.000000000e+00  0.000000000e+00  0.000000000e+00
 1.557760000e-03  0.000000000e+00  0.000000000e+00  0.000000000e+00  0.000000000e+00  0.000000000e+00
 1.578820000e-03  0.000000000e+00  0.000000000e+00  0.000000000e+00  0.000000000e+00  0.000000000e+00
 1.600170000e-03  0.000000000e+00  0.000000000e+00  0.000000000e+00  0.000000000e+00  0.000000000e+00
 1.621810000e-03  0.000000000e+00  0.000000000e+00  0.000000000e+00  0.000000000e+00  0.000000000e+00
 1.643740000e-03  0.000000000e+00  0.000000000e+00  0.000000000e+00  0.000000000e+00  0.000000000e+00
 1.665970000e-03  0.000000000e+00  0.000000000e+00  0.000000000e+00  0.000000000e+00  0.000000000e+00
 1.688500000e-03  0.000000000e+00  0.000000000e+00  0.000000000e+00  0.000000000e+00  0.000000000e+00
 1.711330000e-03  0.000000000e+00  0.000000000e+00  0.000000000e+00  0.000000000e+00  0.000000000e+00
 1.734470000e-03  0.000000000e+00  0.000000000e+00  0.000000000e+00  0.000000000e+00  0.000000000e+00
 1.757920000e-03  0.000000000e+00  0.000000000e+00  0.000000000e+00  0.000000000e+00  0.000000000e+00
 1.781690000e-03  0.000000000e+00  0.000000000e+00  0.000000000e+00  0.000000000e+00  0.000000000e+00
 1.805790000e-03  0.000000000e+00  0.000000000e+00  0.000000000e+00  0.000000000e+00  0.000000000e+00
 1.830210000e-03  0.000000000e+00  0.000000000e+00  0.000000000e+00  0.000000000e+00  0.000000000e+00
 1.854950000e-03  0.000000000e+00  0.000000000e+00  0.000000000e+00  0.000000000e+00  0.000000000e+00
 1.880040000e-03  0.000000000e+00  0.000000000e+00  0.000000000e+00  0.000000000e+00  0.000000000e+00
 1.905460000e-03  0.000000000e+00  0.000000000e+00  0.000000000e+00  0.000000000e+00  0.000000000e+00
 1.931230000e-03  0.000000000e+00  0.000000000e+00  0.000000000e+00  0.000000000e+00  0.000000000e+00
 1.957340000e-03  0.000000000e+00  0.000000000e+00  0.000000000e+00  0.000000000e+00  0.000000000e+00
 1.983810000e-03  0.000000000e+00  0.000000000e+00  0.000000000e+00  0.000000000e+00  0.000000000e+00
 2.010640000e-03  0.000000000e+00  0.000000000e+00  0.000000000e+00  0.000000000e+00  0.000000000e+00
 2.037820000e-03  0.000000000e+00  0.000000000e+00  0.000000000e+00  0.000000000e+00  0.000000000e+00
 2.065380000e-03  0.000000000e+00  0.000000000e+00  0.000000000e+00  0.000000000e+00  0.000000000e+00
 2.093310000e-03  0.000000000e+00  0.000000000e+00  0.000000000e+00  0.000000000e+00  0.000000000e+00
 2.121620000e-03  0.000000000e+00  0.000000000e+00  0.000000000e+00  0.000000000e+00  0.000000000e+00
 2.150300000e-03  0.000000000e+00  0.000000000e+00  0.000000000e+00  0.000000000e+00  0.000000000e+00
 2.179380000e-03  0.000000000e+00  0.000000000e+00  0.000000000e+00  0.000000000e+00  0.000000000e+00
 2.208850000e-03  0.000000000e+00  0.000000000e+00  0.000000000e+00  0.000000000e+00  0.000000000e+00
 2.238720000e-03  0.000000000e+00  0.000000000e+00  0.000000000e+00  0.000000000e+00  0.000000000e+00
 2.268990000e-03  0.000000000e+00  0.000000000e+00  0.000000000e+00  0.000000000e+00  0.000000000e+00
 2.299680000e-03  0.000000000e+00  0.000000000e+00  0.000000000e+00  0.000000000e+00  0.000000000e+00
 2.330770000e-03  0.000000000e+00  0.000000000e+00  0.000000000e+00  0.000000000e+00  0.000000000e+00
 2.362290000e-03  0.000000000e+00  0.000000000e+00  0.000000000e+00  0.000000000e+00  0.000000000e+00
 2.394230000e-03  0.000000000e+00  0.000000000e+00  0.000000000e+00  0.000000000e+00  0.000000000e+00
 2.426610000e-03  0.000000000e+00  0.000000000e+00  0.000000000e+00  0.000000000e+00  0.000000000e+00
 2.459420000e-03  0.000000000e+00  0.000000000e+00  0.000000000e+00  0.000000000e+00  0.000000000e+00
 2.492680000e-03  0.000000000e+00  0.000000000e+00  0.000000000e+00  0.000000000e+00  0.000000000e+00
 2.526390000e-03  0.000000000e+00  0.000000000e+00  0.000000000e+00  0.000000000e+00  0.000000000e+00
 2.560550000e-03  0.000000000e+00  0.000000000e+00  0.000000000e+00  0.000000000e+00  0.000000000e+00
 2.595180000e-03  0.000000000e+00  0.000000000e+00  0.000000000e+00  0.000000000e+00  0.000000000e+00
 2.630270000e-03  0.000000000e+00  0.000000000e+00  0.000000000e+00  0.000000000e+00  0.000000000e+00
 2.665840000e-03  0.000000000e+00  0.000000000e+00  0.000000000e+00  0.000000000e+00  0.000000000e+00
 2.701880000e-03  0.000000000e+00  0.000000000e+00  0.000000000e+00  0.000000000e+00  0.000000000e+00
 2.738420000e-03  0.000000000e+00  0.000000000e+00  0.000000000e+00  0.000000000e+00  0.000000000e+00
 2.775450000e-03  0.000000000e+00  0.000000000e+00  0.000000000e+00  0.000000000e+00  0.000000000e+00
 2.812980000e-03  0.000000000e+00  0.000000000e+00  0.000000000e+00  0.000000000e+00  0.000000000e+00
 2.851020000e-03  0.000000000e+00  0.000000000e+00  0.000000000e+00  0.000000000e+00  0.000000000e+00
 2.889570000e-03  0.000000000e+00  0.000000000e+00  0.000000000e+00  0.000000000e+00  0.000000000e+00
 2.928640000e-03  0.000000000e+00  0.000000000e+00  0.000000000e+00  0.000000000e+00  0.000000000e+00
 2.968250000e-03  0.000000000e+00  0.000000000e+00  0.000000000e+00  0.000000000e+00  0.000000000e+00
 3.008380000e-03  0.000000000e+00  0.000000000e+00  0.000000000e+00  0.000000000e+00  0.000000000e+00
 3.049070000e-03  0.000000000e+00  0.000000000e+00  0.000000000e+00  0.000000000e+00  0.000000000e+00
 3.090300000e-03  0.000000000e+00  0.000000000e+00  0.000000000e+00  0.000000000e+00  0.000000000e+00
 3.132080000e-03  0.000000000e+00  0.000000000e+00  0.000000000e+00  0.000000000e+00  0.000000000e+00
 3.174440000e-03  0.000000000e+00  0.000000000e+00  0.000000000e+00  0.000000000e+00  0.000000000e+00
 3.217360000e-03  0.000000000e+00  0.000000000e+00  0.000000000e+00  0.000000000e+00  0.000000000e+00
 3.260870000e-03  0.000000000e+00  0.000000000e+00  0.000000000e+00  0.000000000e+00  0.000000000e+00
 3.304960000e-03  0.000000000e+00  0.000000000e+00  0.000000000e+00  0.000000000e+00  0.000000000e+00
 3.349650000e-03  0.000000000e+00  0.000000000e+00  0.000000000e+00  0.000000000e+00  0.000000000e+00
 3.394950000e-03  0.000000000e+00  0.000000000e+00  0.000000000e+00  0.000000000e+00  0.000000000e+00
 3.440860000e-03  0.000000000e+00  0.000000000e+00  0.000000000e+00  0.000000000e+00  0.000000000e+00
 3.487390000e-03  0.000000000e+00  0.000000000e+00  0.000000000e+00  0.000000000e+00  0.000000000e+00
 3.534540000e-03  0.000000000e+00  0.000000000e+00  0.000000000e+00  0.000000000e+00  0.000000000e+00
 3.582340000e-03  0.000000000e+00  0.000000000e+00  0.000000000e+00  0.000000000e+00  0.000000000e+00
 3.630780000e-03  0.000000000e+00  0.000000000e+00  0.000000000e+00  0.000000000e+00  0.000000000e+00
 3.679880000e-03  0.000000000e+00  0.000000000e+00  0.000000000e+00  0.000000000e+00  0.000000000e+00
 3.729640000e-03  0.000000000e+00  0.000000000e+00  0.000000000e+00  0.000000000e+00  0.000000000e+00
 3.780070000e-03  0.000000000e+00  0.000000000e+00  0.000000000e+00  0.000000000e+00  0.000000000e+00
 3.831190000e-03  0.000000000e+00  0.000000000e+00  0.000000000e+00  0.000000000e+00  0.000000000e+00
 3.882990000e-03  0.000000000e+00  0.000000000e+00  0.000000000e+00  0.000000000e+00  0.000000000e+00
 3.935500000e-03  0.000000000e+00  0.000000000e+00  0.000000000e+00  0.000000000e+00  0.000000000e+00
 3.988720000e-03  0.000000000e+00  0.000000000e+00  0.000000000e+00  0.000000000e+00  0.000000000e+00
 4.042660000e-03  0.000000000e+00  0.000000000e+00  0.000000000e+00  0.000000000e+00  0.000000000e+00
 4.097320000e-03  0.000000000e+00  0.000000000e+00  0.000000000e+00  0.000000000e+00  0.000000000e+00
 4.152730000e-03  0.000000000e+00  0.000000000e+00  0.000000000e+00  0.000000000e+00  0.000000000e+00
 4.208880000e-03  0.000000000e+00  0.000000000e+00  0.000000000e+00  0.000000000e+00  0.000000000e+00
 4.265800000e-03  0.000000000e+00  0.000000000e+00  0.000000000e+00  0.000000000e+00  0.000000000e+00
 4.323480000e-03  0.000000000e+00  0.000000000e+00  0.000000000e+00  0.000000000e+00  0.000000000e+00
 4.381940000e-03  0.000000000e+00  0.000000000e+00  0.000000000e+00  0.000000000e+00  0.000000000e+00
 4.441200000e-03  0.000000000e+00  0.000000000e+00  0.000000000e+00  0.000000000e+00  0.000000000e+00
 4.501250000e-03  0.000000000e+00  0.000000000e+00  0.000000000e+00  0.000000000e+00  0.000000000e+00
 4.562120000e-03  0.000000000e+00  0.000000000e+00  0.000000000e+00  0.000000000e+00  0.000000000e+00
 4.623810000e-03  0.000000000e+00  0.000000000e+00  0.000000000e+00  0.000000000e+00  0.000000000e+00
 4.686340000e-03  0.000000000e+00  0.000000000e+00  0.000000000e+00  0.000000000e+00  0.000000000e+00
 4.749710000e-03  0.000000000e+00  0.000000000e+00  0.000000000e+00  0.000000000e+00  0.000000000e+00
 4.813930000e-03  0.000000000e+00  0.000000000e+00  0.000000000e+00  0.000000000e+00  0.000000000e+00
 4.879030000e-03  0.000000000e+00  0.000000000e+00  0.000000000e+00  0.000000000e+00  0.000000000e+00
 4.945000000e-03  0.000000000e+00  0.000000000e+00  0.000000000e+00  0.000000000e+00  0.000000000e+00
 5.011870000e-03  0.000000000e+00  0.000000000e+00  0.000000000e+00  0.000000000e+00  0.000000000e+00
 5.079640000e-03  0.000000000e+00  0.000000000e+00  0.000000000e+00  0.000000000e+00  0.000000000e+00
 5.148330000e-03  0.000000000e+00  0.000000000e+00  0.000000000e+00  0.000000000e+00  0.000000000e+00
 5.217950000e-03  0.000000000e+00  0.000000000e+00  0.000000000e+00  0.000000000e+00  0.000000000e+00
 5.288510000e-03  0.000000000e+00  0.000000000e+00  0.000000000e+00  0.000000000e+00  0.000000000e+00
 5.360020000e-03  0.000000000e+00  0.000000000e+00  0.000000000e+00  0.000000000e+00  0.000000000e+00
 5.432500000e-03  0.000000000e+00  0.000000000e+00  0.000000000e+00  0.000000000e+00  0.000000000e+00
 5.505960000e-03  0.000000000e+00  0.000000000e+00  0.000000000e+00  0.000000000e+00  0.000000000e+00
 5.580420000e-03  0.000000000e+00  0.000000000e+00  0.000000000e+00  0.000000000e+00  0.000000000e+00
 5.655880000e-03  0.000000000e+00  0.000000000e+00  0.000000000e+00  0.000000000e+00  0.000000000e+00
 5.732360000e-03  0.000000000e+00  0.000000000e+00  0.000000000e+00  0.000000000e+00  0.000000000e+00
 5.809870000e-03  0.000000000e+00  0.000000000e+00  0.000000000e+00  0.000000000e+00  0.000000000e+00
 5.888440000e-03  0.000000000e+00  0.000000000e+00  0.000000000e+00  0.000000000e+00  0.000000000e+00
 5.968060000e-03  0.000000000e+00  0.000000000e+00  0.000000000e+00  0.000000000e+00  0.000000000e+00
 6.048760000e-03  0.000000000e+00  0.000000000e+00  0.000000000e+00  0.000000000e+00  0.000000000e+00
 6.130560000e-03  0.000000000e+00  0.000000000e+00  0.000000000e+00  0.000000000e+00  0.000000000e+00
 6.213460000e-03  0.000000000e+00  0.000000000e+00  0.000000000e+00  0.000000000e+00  0.000000000e+00
 6.297480000e-03  0.000000000e+00  0.000000000e+00  0.000000000e+00  0.000000000e+00  0.000000000e+00
 6.382640000e-03  0.000000000e+00  0.000000000e+00  0.000000000e+00  0.000000000e+00  0.000000000e+00
 6.468940000e-03  0.000000000e+00  0.000000000e+00  0.000000000e+00  0.000000000e+00  0.000000000e+00
 6.556420000e-03  0.000000000e+00  0.000000000e+00  0.000000000e+00  0.000000000e+00  0.000000000e+00
 6.645080000e-03  0.000000000e+00  0.000000000e+00  0.000000000e+00  0.000000000e+00  0.000000000e+00
 6.734930000e-03  0.000000000e+00  0.000000000e+00  0.000000000e+00  0.000000000e+00  0.000000000e+00
 6.826010000e-03  0.000000000e+00  0.000000000e+00  0.000000000e+00  0.000000000e+00  0.000000000e+00
 6.918310000e-03  0.000000000e+00  0.000000000e+00  0.000000000e+00  0.000000000e+00  0.000000000e+00
 7.011860000e-03  0.000000000e+00  0.000000000e+00  0.000000000e+00  0.000000000e+00  0.000000000e+00
 7.106680000e-03  0.000000000e+00  0.000000000e+00  0.000000000e+00  0.000000000e+00  0.000000000e+00
 7.202780000e-03  0.000000000e+00  0.000000000e+00  0.000000000e+00  0.000000000e+00  0.000000000e+00
 7.300180000e-03  0.000000000e+00  0.000000000e+00  0.000000000e+00  0.000000000e+00  0.000000000e+00
 7.398890000e-03  0.000000000e+00  0.000000000e+00  0.000000000e+00  0.000000000e+00  0.000000000e+00
 7.498940000e-03  0.000000000e+00  0.000000000e+00  0.000000000e+00  0.000000000e+00  0.000000000e+00
 7.600350000e-03  0.000000000e+00  0.000000000e+00  0.000000000e+00  0.000000000e+00  0.000000000e+00
 7.703120000e-03  0.000000000e+00  0.000000000e+00  0.000000000e+00  0.000000000e+00  0.000000000e+00
 7.807280000e-03  0.000000000e+00  0.000000000e+00  0.000000000e+00  0.000000000e+00  0.000000000e+00
 7.912860000e-03  0.000000000e+00  0.000000000e+00  0.000000000e+00  0.000000000e+00  0.000000000e+00
 8.019860000e-03  0.000000000e+00  0.000000000e+00  0.000000000e+00  0.000000000e+00  0.000000000e+00
 8.128310000e-03  0.000000000e+00  0.000000000e+00  0.000000000e+00  0.000000000e+00  0.000000000e+00
 8.238220000e-03  0.000000000e+00  0.000000000e+00  0.000000000e+00  0.000000000e+00  0.000000000e+00
 8.349620000e-03  0.000000000e+00  0.000000000e+00  0.000000000e+00  0.000000000e+00  0.000000000e+00
 8.462530000e-03  0.000000000e+00  0.000000000e+00  0.000000000e+00  0.000000000e+00  0.000000000e+00
 8.576960000e-03  0.000000000e+00  0.000000000e+00  0.000000000e+00  0.000000000e+00  0.000000000e+00
 8.692940000e-03  0.000000000e+00  0.000000000e+00  0.000000000e+00  0.000000000e+00  0.000000000e+00
 8.810490000e-03  0.000000000e+00  0.000000000e+00  0.000000000e+00  0.000000000e+00  0.000000000e+00
 8.929630000e-03  0.000000000e+00  0.000000000e+00  0.000000000e+00  0.000000000e+00  0.000000000e+00
 9.050380000e-03  0.000000000e+00  0.000000000e+00  0.000000000e+00  0.000000000e+00  0.000000000e+00
 9.172760000e-03  0.000000000e+00  0.000000000e+00  0.000000000e+00  0.000000000e+00  0.000000000e+00
 9.296800000e-03  0.000000000e+00  0.000000000e+00  0.000000000e+00  0.000000000e+00  0.000000000e+00
 9.422510000e-03  0.000000000e+00  0.000000000e+00  0.000000000e+00  0.000000000e+00  0.000000000e+00
 9.549930000e-03  0.000000000e+00  0.000000000e+00  0.000000000e+00  0.000000000e+00  0.000000000e+00
 9.679060000e-03  0.000000000e+00  0.000000000e+00  0.000000000e+00  0.000000000e+00  0.000000000e+00
 9.809950000e-03  0.000000000e+00  0.000000000e+00  0.000000000e+00  0.000000000e+00  0.000000000e+00
 9.942600000e-03  0.000000000e+00  0.000000000e+00  0.000000000e+00  0.000000000e+00  0.000000000e+00
 1.007700000e-02  0.000000000e+00  0.000000000e+00  0.000000000e+00  0.000000000e+00  0.000000000e+00
 1.021330000e-02  0.000000000e+00  0.000000000e+00  0.000000000e+00  0.000000000e+00  0.000000000e+00
 1.035140000e-02  0.000000000e+00  0.000000000e+00  0.000000000e+00  0.000000000e+00  0.000000000e+00
 1.049140000e-02  0.000000000e+00  0.000000000e+00  0.000000000e+00  0.000000000e+00  0.000000000e+00
 1.063330000e-02  0.000000000e+00  0.000000000e+00  0.000000000e+00  0.000000000e+00  0.000000000e+00
 1.077710000e-02  0.000000000e+00  0.000000000e+00  0.000000000e+00  0.000000000e+00  0.000000000e+00
 1.092280000e-02  0.000000000e+00  0.000000000e+00  0.000000000e+00  0.000000000e+00  0.000000000e+00
 1.107050000e-02  0.000000000e+00  0.000000000e+00  0.000000000e+00  0.000000000e+00  0.000000000e+00
 1.122020000e-02  0.000000000e+00  0.000000000e+00  0.000000000e+00  0.000000000e+00  0.000000000e+00
 1.137190000e-02  0.000000000e+00  0.000000000e+00  0.000000000e+00  0.000000000e+00  0.000000000e+00
 1.152570000e-02  0.000000000e+00  0.000000000e+00  0.000000000e+00  0.000000000e+00  0.000000000e+00
 1.168150000e-02  0.000000000e+00  0.000000000e+00  0.000000000e+00  0.000000000e+00  0.000000000e+00
 1.183950000e-02  0.000000000e+00  0.000000000e+00  0.000000000e+00  0.000000000e+00  0.000000000e+00
 1.199960000e-02  0.000000000e+00  0.000000000e+00  0.000000000e+00  0.000000000e+00  0.000000000e+00
 1.216190000e-02  0.000000000e+00  0.000000000e+00  0.000000000e+00  0.000000000e+00  0.000000000e+00
 1.232630000e-02  0.000000000e+00  0.000000000e+00  0.000000000e+00  0.000000000e+00  0.000000000e+00
 1.249300000e-02  0.000000000e+00  0.000000000e+00  0.000000000e+00  0.000000000e+00  0.000000000e+00
 1.266190000e-02  0.000000000e+00  0.000000000e+00  0.000000000e+00  0.000000000e+00  0.000000000e+00
 1.283320000e-02  0.000000000e+00  0.000000000e+00  0.000000000e+00  0.000000000e+00  0.000000000e+00
 1.300670000e-02  0.000000000e+00  0.000000000e+00  0.000000000e+00  0.000000000e+00  0.000000000e+00
 1.318260000e-02  0.000000000e+00  0.000000000e+00  0.000000000e+00  0.000000000e+00  0.000000000e+00
 1.336080000e-02  0.000000000e+00  0.000000000e+00  0.000000000e+00  0.000000000e+00  0.000000000e+00
 1.354150000e-02  0.000000000e+00  0.000000000e+00  0.000000000e+00  0.000000000e+00  0.000000000e+00
 1.372460000e-02  0.000000000e+00  0.000000000e+00  0.000000000e+00  0.000000000e+00  0.000000000e+00
 1.391020000e-02  0.000000000e+00  0.000000000e+00  0.000000000e+00  0.000000000e+00  0.000000000e+00
 1.409830000e-02  0.000000000e+00  0.000000000e+00  0.000000000e+00  0.000000000e+00  0.000000000e+00
 1.428890000e-02  0.000000000e+00  0.000000000e+00  0.000000000e+00  0.000000000e+00  0.000000000e+00
 1.448220000e-02  0.000000000e+00  0.000000000e+00  0.000000000e+00  0.000000000e+00  0.000000000e+00
 1.467800000e-02  0.000000000e+00  0.000000000e+00  0.000000000e+00  0.000000000e+00  0.000000000e+00
 1.487650000e-02  0.000000000e+00  0.000000000e+00  0.000000000e+00  0.000000000e+00  0.000000000e+00
 1.507760000e-02  0.000000000e+00  0.000000000e+00  0.000000000e+00  0.000000000e+00  0.000000000e+00
 1.528150000e-02  0.000000000e+00  0.000000000e+00  0.000000000e+00  0.000000000e+00  0.000000000e+00
 1.548820000e-02  0.000000000e+00  0.000000000e+00  0.000000000e+00  0.000000000e+00  0.000000000e+00
 1.569760000e-02  0.000000000e+00  0.000000000e+00  0.000000000e+00  0.000000000e+00  0.000000000e+00
 1.590990000e-02  0.000000000e+00  0.000000000e+00  0.000000000e+00  0.000000000e+00  0.000000000e+00
 1.612500000e-02  0.000000000e+00  0.000000000e+00  0.000000000e+00  0.000000000e+00  0.000000000e+00
 1.634310000e-02  0.000000000e+00  0.000000000e+00  0.000000000e+00  0.000000000e+00  0.000000000e+00
 1.656410000e-02  0.000000000e+00  0.000000000e+00  0.000000000e+00  0.000000000e+00  0.000000000e+00
 1.678800000e-02  0.000000000e+00  0.000000000e+00  0.000000000e+00  0.000000000e+00  0.000000000e+00
 1.701510000e-02  0.000000000e+00  0.000000000e+00  0.000000000e+00  0.000000000e+00  0.000000000e+00
 1.724510000e-02  0.000000000e+00  0.000000000e+00  0.000000000e+00  0.000000000e+00  0.000000000e+00
 1.747830000e-02  0.000000000e+00  0.000000000e+00  0.000000000e+00  0.000000000e+00  0.000000000e+00
 1.771470000e-02  0.000000000e+00  0.000000000e+00  0.000000000e+00  0.000000000e+00  0.000000000e+00
 1.795420000e-02  0.000000000e+00  0.000000000e+00  0.000000000e+00  0.000000000e+00  0.000000000e+00
 1.819700000e-02  0.000000000e+00  0.000000000e+00  0.000000000e+00  0.000000000e+00  0.000000000e+00
 1.844310000e-02  0.000000000e+00  0.000000000e+00  0.000000000e+00  0.000000000e+00  0.000000000e+00
 1.869250000e-02  0.000000000e+00  0.000000000e+00  0.000000000e+00  0.000000000e+00  0.000000000e+00
 1.894520000e-02  0.000000000e+00  0.000000000e+00  0.000000000e+00  0.000000000e+00  0.000000000e+00
 1.920140000e-02  0.000000000e+00 2.558449929e-157 1.182100262e-158 1.504876036e-156 1.772542024e-156
 1.946110000e-02  0.000000000e+00 5.539511935e-155 2.916447487e-156 4.952202343e-154 5.535318202e-154
 1.972420000e-02  0.000000000e+00 2.874787089e-153 1.512747044e-154 2.578497881e-152 2.881103949e-152
 1.999090000e-02  0.000000000e+00 1.361655686e-151 7.337733609e-153 1.251251494e-150 1.394755140e-150
 2.026130000e-02  0.000000000e+00 6.000021988e-150 3.378645378e-151 5.763509785e-149 6.397298987e-149
 2.053530000e-02  0.000000000e+00 2.528203327e-148 1.475203984e-149 2.517442862e-147 2.785014948e-147
 2.081290000e-02  0.000000000e+00 1.023304214e-146 6.125705055e-148 1.045753018e-145 1.154209154e-145
 2.109440000e-02  0.000000000e+00 3.989705663e-145 2.427421643e-146 4.145585993e-144 4.568830712e-144
 2.137960000e-02  0.000000000e+00 1.484024351e-143 9.133798733e-145 1.560495914e-142 1.718032252e-142
 2.166870000e-02  0.000000000e+00 5.267477940e-142 3.275744546e-143 5.598783623e-141 6.158288847e-141
 2.196170000e-02  0.000000000e+00 1.847853347e-140 1.120575736e-141 1.916020205e-139 2.112010764e-139
 2.225870000e-02  0.000000000e+00 6.476845423e-139 3.657589881e-140 6.256510524e-138 6.940770941e-138
 2.255970000e-02  0.000000000e+00 2.117067116e-137 1.139668759e-138 1.950276715e-136 2.173380114e-136
 2.286480000e-02  0.000000000e+00 6.054466507e-136 3.388463647e-137 5.801011464e-135 6.440343237e-135
 2.317390000e-02  0.000000000e+00 1.414935986e-134 9.622356662e-136 1.648042274e-133 1.799158301e-133
 2.348730000e-02  0.000000000e+00 3.431831777e-133 2.615285750e-134 4.481201592e-132 4.850538144e-132
 2.380490000e-02  0.000000000e+00 8.398598389e-132 6.803940662e-133 1.166346310e-130 1.257136248e-130
 2.412680000e-02  0.000000000e+00 2.023877123e-130 1.694849743e-131 2.906647521e-129 3.125983723e-129
 2.445310000e-02  0.000000000e+00 4.719772464e-129 4.041004484e-130 6.933422758e-128 7.445809365e-128
 2.478370000e-02  0.000000000e+00 1.062513625e-127 9.214195853e-129 1.581667501e-126 1.697133616e-126
 2.511890000e-02  0.000000000e+00 2.288710948e-126 2.022089017e-127 3.472651041e-125 3.721742851e-125
 2.545850000e-02  0.000000000e+00 4.733244134e-125 4.248273558e-126 7.299264268e-124 7.815071910e-124
 2.580280000e-02  0.000000000e+00 9.427224744e-124 8.567024108e-125 1.472669442e-122 1.575509000e-122
 2.615170000e-02  0.000000000e+00 1.806155548e-122 1.662811057e-123 2.859762863e-121 3.057005971e-121
 2.650530000e-02  0.000000000e+00 3.322471641e-121 3.098480953e-122 5.331517910e-120 5.694749279e-120
 2.686380000e-02  0.000000000e+00 5.874069949e-120 5.550704507e-121 9.555829896e-119 1.019874425e-118
 2.722700000e-02  0.000000000e+00 9.951099155e-119 9.568960179e-120 1.648185513e-117 1.757265537e-117
 2.759520000e-02  0.000000000e+00 1.620662849e-117 1.588342459e-118 2.737219923e-116 2.915169473e-116
 2.796830000e-02  0.000000000e+00 2.546189427e-116 2.534727884e-117 4.370432934e-115 4.650399212e-115
 2.834650000e-02  0.000000000e+00 3.875644090e-115 3.901916592e-116 6.731347705e-114 7.157930699e-114
 2.872980000e-02  0.000000000e+00 5.683815335e-114 5.795967844e-115 1.000424099e-112 1.063058731e-112
 2.911830000e-02  0.000000000e+00 8.037157513e-113 8.294956690e-114 1.432550460e-111 1.521217270e-111
 2.951210000e-02  0.000000000e+00 1.096554480e-111 1.144629618e-112 1.977889302e-110 2.098991094e-110
 2.991120000e-02  0.000000000e+00 1.444767193e-110 1.528079235e-111 2.641968872e-109 2.801726217e-109
 3.031560000e-02  0.000000000e+00 1.836783325e-109 1.966992759e-110 3.402770880e-108 3.606119172e-108
 3.072560000e-02  0.000000000e+00 2.257469628e-108 2.446014919e-109 4.233899479e-107 4.484106965e-107
 3.114110000e-02  0.000000000e+00 2.681210911e-107 2.939435827e-108 5.090974313e-106 5.388489810e-106
 3.156220000e-02  0.000000000e+00 3.079946564e-106 3.418315544e-107 5.923904545e-105 6.266082898e-105
 3.198900000e-02  0.000000000e+00 3.422328636e-105 3.844538052e-106 6.666573235e-104 7.047251965e-104
 3.242150000e-02  0.000000000e+00 3.678603904e-104 4.182317362e-105 7.256751595e-103 7.666435517e-103
 3.285990000e-02  0.000000000e+00 3.830456022e-103 4.406591346e-104 7.650648938e-102 8.077757939e-102
 3.330430000e-02  0.000000000e+00 3.865697701e-102 4.498731713e-103 7.815557333e-101 8.247114714e-101
 3.375460000e-02  0.000000000e+00 3.778193518e-101 4.430490848e-102 7.701932640e-100 8.124056112e-100
 3.421110000e-02  0.000000000e+00 3.581638755e-100 4.218579224e-101  7.338307363e-99  7.738656847e-99
 3.467370000e-02  0.000000000e+00  3.292360322e-99 3.716376942e-100  6.468982373e-98  6.835382517e-98
 3.514260000e-02  0.000000000e+00  2.937506869e-98  3.025135193e-99  5.269285940e-97  5.593288003e-97
 3.561780000e-02  0.000000000e+00  2.543401829e-97  2.476918034e-98  4.317310993e-96  4.596420221e-96
 3.609940000e-02  0.000000000e+00  2.138073977e-96  2.086062938e-97  3.638551767e-95  3.873219364e-95
 3.658760000e-02  0.000000000e+00  1.746729479e-95  1.708689856e-96  2.982414028e-94  3.174174248e-94
 3.708230000e-02  0.000000000e+00  1.386487836e-94  1.363810644e-95  2.382136491e-93  2.534423103e-93
 3.758370000e-02  0.000000000e+00  1.069939795e-93  1.057949857e-94  1.849226058e-92  1.966799385e-92
 3.809200000e-02  0.000000000e+00  8.033560612e-93  7.995586242e-94  1.398594753e-91  1.486925746e-91
 3.860710000e-02  0.000000000e+00  5.866708238e-92  5.874883231e-93  1.028400355e-90  1.092942459e-90
 3.912910000e-02  0.000000000e+00  4.172637559e-91  4.220949837e-92  7.394332290e-90  7.853805449e-90
 3.965820000e-02  0.000000000e+00  2.890772612e-90  2.956661962e-91  5.183475166e-89  5.502118481e-89
 4.019450000e-02  0.000000000e+00  1.950821025e-89  2.017340629e-90  3.539435639e-88  3.754691108e-88
 4.073800000e-02  0.000000000e+00  1.282419602e-88  1.341325234e-89  2.355205883e-87  2.496860944e-87
 4.128890000e-02  0.000000000e+00  8.217830205e-88  8.687448695e-89  1.526624559e-86  1.617490891e-86
 4.184720000e-02  0.000000000e+00  5.197521385e-87  5.503101263e-88  9.678267794e-86  1.025304791e-85
 4.241310000e-02  0.000000000e+00  3.207985125e-86  3.397788535e-87  5.980553360e-85  6.335329622e-85
 4.298660000e-02  0.000000000e+00  1.927694220e-85  2.067943943e-86  3.642872823e-84  3.856321884e-84
 4.356790000e-02  0.000000000e+00  1.127840363e-84  1.246244479e-85  2.197221525e-83  2.322467711e-83
 4.415700000e-02  0.000000000e+00  6.439182997e-84  7.310021550e-85  1.289911025e-82  1.361612714e-82
 4.475420000e-02  0.000000000e+00  3.582050170e-83  4.158195043e-84  7.343816511e-82  7.743603383e-82
 4.535930000e-02  0.000000000e+00  1.944163574e-82  2.302455569e-83  4.069950789e-81  4.287392251e-81
 4.597270000e-02  0.000000000e+00  1.031139412e-81  1.245855345e-82  2.204205244e-80  2.319777197e-80
 4.659440000e-02  0.000000000e+00  5.333917171e-81  6.668817320e-82  1.180932861e-79  1.240941436e-79
 4.722440000e-02  0.000000000e+00  2.697095370e-80  3.481683880e-81  6.171111961e-79  6.475638233e-79
 4.786300000e-02  0.000000000e+00  1.333518684e-79  1.774484510e-80  3.148107852e-78  3.299204780e-78
 4.851020000e-02  0.000000000e+00  6.442221265e-79  8.829621806e-80  1.567935612e-77  1.641187470e-77
 4.916620000e-02  0.000000000e+00  3.046321900e-78  4.294493745e-79  7.633306620e-77  7.980880326e-77
 4.983100000e-02  0.000000000e+00  1.409579627e-77  2.045233329e-78  3.638849386e-76  3.800259555e-76
 5.050490000e-02  0.000000000e+00  6.385262099e-77  9.557142924e-78  1.702062645e-75  1.775472066e-75
 5.118780000e-02  0.000000000e+00  2.832723233e-76  4.369197096e-77  7.788998352e-75  8.115963084e-75
 5.188000000e-02  0.000000000e+00  1.231887112e-75  1.957038413e-76  3.492349649e-74  3.635108450e-74
 5.258150000e-02  0.000000000e+00  5.253180256e-75  8.596435941e-76  1.535611243e-73  1.596739474e-73
 5.329260000e-02  0.000000000e+00  2.196745651e-74  3.700848990e-75  6.617820893e-73  6.874503598e-73
 5.401320000e-02  0.000000000e+00  9.016199146e-74  1.561438907e-74  2.795088660e-72  2.900865422e-72
 5.474360000e-02  0.000000000e+00  3.652402226e-73  6.461387499e-74  1.157869718e-71  1.200855081e-71
 5.548390000e-02  0.000000000e+00  1.451623588e-72  2.623515652e-73  4.706381167e-71  4.877778309e-71
 5.623410000e-02  0.000000000e+00  5.660600995e-72  1.045340011e-72  1.877313723e-70  1.944373658e-70
 5.699460000e-02  0.000000000e+00  2.193895982e-71  4.064230761e-72  7.307026254e-70  7.567058375e-70
 5.776530000e-02  0.000000000e+00  8.363480851e-71  1.550839984e-71  2.791376371e-69  2.890519555e-69
 5.854640000e-02  0.000000000e+00  3.129827315e-70  5.817550846e-71  1.132219512e-68  1.169336036e-68
 5.933810000e-02  0.000000000e+00  1.153612323e-69  2.146619802e-70  4.442085286e-68  4.578912382e-68
 6.014050000e-02  0.000000000e+00  4.195060898e-69  7.788863866e-70  1.697038123e-67  1.746777226e-67
 6.095370000e-02  0.000000000e+00  1.497749078e-68  2.777174975e-69  6.323833065e-67  6.501379953e-67
 6.177790000e-02  0.000000000e+00  5.251960333e-68  9.732818150e-69  2.301960597e-66  2.364213257e-66
 6.261330000e-02  0.000000000e+00  1.802892076e-67  3.384451351e-68  8.195675837e-66  8.409810855e-66
 6.346000000e-02  0.000000000e+00  6.071593170e-67  1.160237944e-67  2.856381616e-65  2.928700030e-65
 6.431810000e-02  0.000000000e+00  2.008616551e-66  3.908691022e-67  9.752505617e-65  9.992455567e-65
 6.518790000e-02  0.000000000e+00  6.530189385e-66  1.294473201e-66  3.265012728e-64  3.343259664e-64
 6.606930000e-02  0.000000000e+00  2.069718521e-65  4.288603420e-66  1.072118626e-63  1.097104361e-63
 6.696280000e-02  0.000000000e+00  6.444229801e-65  1.395757816e-65  3.444853835e-63  3.523253560e-63
 6.786830000e-02  0.000000000e+00  1.972057069e-64  4.453908111e-65  1.093119917e-62  1.117294757e-62
 6.878600000e-02  0.000000000e+00  5.932821201e-64  1.393458027e-64  3.414569036e-62  3.487832036e-62
 6.971610000e-02  0.000000000e+00  1.738852901e-63  4.181118925e-64  1.045468927e-61  1.067039196e-61
 7.065890000e-02  0.000000000e+00  5.008213742e-63  1.223685857e-63  3.121478843e-61  3.183798348e-61
 7.161430000e-02  0.000000000e+00  1.418868705e-62  3.501477980e-63  9.038815063e-61  9.215715783e-61
 7.258270000e-02  0.000000000e+00  3.955915477e-62  9.802440480e-63  2.530217433e-60  2.579579339e-60
 7.356420000e-02  0.000000000e+00  1.077571275e-61  2.663512881e-62  6.842387722e-60  6.976779747e-60
 7.455900000e-02  0.000000000e+00  2.878743681e-61  7.067725656e-62  1.792102166e-59  1.827957388e-59
 7.556720000e-02  0.000000000e+00  7.575265995e-61  1.841533304e-61  4.566834909e-59  4.661002910e-59
 7.658910000e-02  0.000000000e+00  1.964190040e-60  4.714309471e-61  1.138557061e-58  1.162913338e-58
 7.762470000e-02  0.000000000e+00  5.007023263e-60  1.183231854e-60  2.790017188e-58  2.851919707e-58
 7.867440000e-02  0.000000000e+00  1.239239274e-59  2.878272582e-60  6.746498460e-58  6.899205241e-58
 7.973820000e-02  0.000000000e+00  3.025521144e-59  6.913529981e-60  1.613532707e-57  1.650701753e-57
 8.081650000e-02  0.000000000e+00  7.289080739e-59  1.640790379e-59  3.823211289e-57  3.912509945e-57
 8.190930000e-02  0.000000000e+00  1.732918809e-58  3.848374482e-59  8.980325622e-57  9.192097189e-57
 8.301690000e-02  0.000000000e+00  4.100080412e-58  8.977429002e-59  2.091802861e-56  2.141781492e-56
 8.413950000e-02  0.000000000e+00  9.743608856e-58  2.099061122e-58  4.831858129e-56  4.950284526e-56
 8.527730000e-02  0.000000000e+00  2.286944328e-57  4.860587187e-58  1.106651270e-55  1.134381632e-55
 8.643040000e-02  0.000000000e+00  5.301948514e-57  1.114554905e-57  2.512384918e-55  2.576549824e-55
 8.759920000e-02  0.000000000e+00  1.214485110e-56  2.531068912e-57  5.653321248e-55  5.800080408e-55
 8.878370000e-02  0.000000000e+00  2.754931480e-56  5.682873137e-57  1.260406882e-54  1.293639230e-54
 8.998430000e-02  0.000000000e+00  6.233057452e-56  1.251974853e-56  2.784106173e-54  2.858956743e-54
 9.120110000e-02  8.572532689e-01  1.391381851e-55  2.716179639e-56  6.091626799e-54  6.257926207e-54
 9.243430000e-02  8.975154874e-01  2.997774071e-55  5.748933580e-56  1.320082028e-53  1.355808333e-53
 9.368430000e-02  9.396729659e-01  6.374829492e-55  1.197508848e-55  2.833371790e-53  2.909094529e-53
 9.495110000e-02  9.838069577e-01  1.336906297e-54  2.446309356e-55  6.022254342e-53  6.180408201e-53
 9.623510000e-02  1.030016380e+00  2.769337390e-54  4.823629818e-55  1.267661164e-52  1.300178110e-52
 9.753640000e-02  1.078393871e+00  5.670078672e-54  9.296264099e-55  2.642412119e-52  2.708408899e-52
 9.885530000e-02  1.129043686e+00  1.147212703e-53  1.773043362e-54  5.454765111e-52  5.587217038e-52
 1.001920000e-01  1.182071028e+00  2.294338667e-53  3.353677151e-54  1.082767683e-51  1.109064855e-51
 1.015470000e-01  1.237598272e+00  4.520499335e-53  6.366469879e-54  2.170713473e-51  2.222285245e-51
 1.029200000e-01  1.295719898e+00  8.781692295e-53  1.183163417e-53  4.301504520e-51  4.401153022e-51
 1.043120000e-01  1.356590476e+00  1.676237368e-52  2.128012998e-53  8.430126983e-51  8.619027985e-51
 1.057220000e-01  1.420282683e+00  3.186687010e-52  3.746199396e-53  1.633298160e-50  1.668911466e-50
 1.071520000e-01  1.487009868e+00  6.038080710e-52  6.499705643e-53  3.131489688e-50  3.198370574e-50
 1.086010000e-01  1.556855240e+00  1.135727287e-51  1.116010376e-52  5.939074399e-50  6.063807311e-50
 1.100690000e-01  1.627000000e+00  2.119876997e-51  1.882771146e-52  1.114312193e-49  1.137393639e-49
 1.115580000e-01  1.627000000e+00  3.924944721e-51  3.245980184e-52  2.070227817e-49  2.112723778e-49
 1.130660000e-01  1.627000000e+00  7.211260338e-51  5.850355863e-52  3.805627851e-49  3.883590696e-49
 1.145950000e-01  1.627000000e+00  1.312093245e-50  1.020386904e-51  6.928286032e-49  7.069699178e-49
 1.161450000e-01  1.627000000e+00  2.370779194e-50  1.801431829e-51  1.249256486e-48  1.274765841e-48
 1.177150000e-01  1.627000000e+00  4.242591726e-50  3.136214203e-51  2.230428408e-48  2.275990489e-48
 1.193070000e-01  1.627000000e+00  7.537442823e-50  5.441930856e-51  3.946479976e-48  4.027296469e-48
 1.209210000e-01  1.627000000e+00  1.327382465e-49  9.301174029e-51  6.920920341e-48  7.062958966e-48
 1.225560000e-01  1.627000000e+00  2.317634176e-49  1.588301079e-50  1.202710827e-47  1.227475337e-47
 1.242130000e-01  1.627000000e+00  4.012202214e-49  2.700212419e-50  2.072171098e-47  2.114993327e-47
 1.258930000e-01  1.627000000e+00  6.889909001e-49  4.576690579e-50  3.541363801e-47  3.614839272e-47
 1.275950000e-01  1.627000000e+00  1.173150184e-48  7.738864544e-50  6.002644066e-47  6.127698471e-47
 1.293200000e-01  1.627000000e+00  1.980411112e-48  1.316522527e-49  1.009649515e-46  1.030770172e-46
 1.310690000e-01  1.627000000e+00  3.315581824e-48  2.234521873e-49  1.760213086e-46  1.795603575e-46
 1.328410000e-01  1.627000000e+00  5.504631538e-48  3.802449527e-49  2.945407321e-46  3.004256452e-46
 1.346380000e-01  1.603949246e+00  9.059919009e-48  6.482219290e-49  4.902947867e-46  5.000029199e-46
 1.364580000e-01  1.568429839e+00  1.477574597e-47  1.100935220e-48  8.115581112e-46  8.274346125e-46
 1.383040000e-01  1.533671158e+00  2.388189949e-47  1.871504567e-48  1.337089325e-45  1.362842982e-45
 1.401740000e-01  1.499700135e+00  3.820814416e-47  3.167254191e-48  2.191801503e-45  2.233177014e-45
 1.420690000e-01  1.466486466e+00  6.028138301e-47  5.354950293e-48  3.576211571e-45  3.641847866e-45
 1.439900000e-01  1.434002037e+00  9.303322621e-47  9.059441544e-48  5.810233698e-45  5.912326819e-45
 1.459370000e-01  1.402236777e+00  1.402274415e-46  1.535390018e-47  9.400820939e-45  9.556402854e-45
 1.479110000e-01  1.371164756e+00  2.079886930e-46  2.614926060e-47  1.515279995e-44  1.538694074e-44
 1.499110000e-01  1.340791716e+00  3.050620675e-46  4.440319462e-47  2.432875087e-44  2.467821533e-44
 1.519380000e-01  1.311092099e+00  4.420050284e-46  7.523374322e-47  3.892208140e-44  3.943932701e-44
 1.539930000e-01  1.282042130e+00  6.291076591e-46  1.264528995e-46  6.206718105e-44  6.282273731e-44
 1.560750000e-01  1.253646466e+00  8.919186250e-46  2.116279299e-46  9.864184640e-44  9.974542678e-44
 1.581860000e-01  1.225868730e+00  1.259550628e-45  3.525543799e-46  1.563240541e-43  1.579361345e-43
 1.603250000e-01  1.198713369e+00  1.750255557e-45  5.835068235e-46  2.470030604e-43  2.493368289e-43
 1.624930000e-01  1.172158633e+00  2.451138117e-45  9.674121807e-46  3.892480295e-43  3.926665186e-43
 1.646900000e-01  1.146195834e+00  3.363428574e-45  1.589950720e-45  6.118477829e-43  6.168011622e-43
 1.669170000e-01  1.120804793e+00  4.633010738e-45  2.614202701e-45  9.596032435e-43  9.668503638e-43
 1.691740000e-01  1.095977461e+00  6.324365438e-45  4.275659349e-45  1.501852888e-42  1.512452607e-42
 1.714620000e-01  1.071695068e+00  8.687663555e-45  6.994863728e-45  2.345342255e-42  2.361024588e-42
 1.737800000e-01  1.047960170e+00  1.192445334e-44  1.140208294e-44  3.652022641e-42  3.675349185e-42
 1.761300000e-01  1.024744497e+00  1.609264968e-44  1.844554861e-44  5.674495221e-42  5.709033435e-42
 1.785120000e-01  1.002041054e+00  2.129316477e-44  2.963414907e-44  8.801339973e-42  8.852261597e-42
 1.809260000e-01  9.798425477e-01  2.815285422e-44  4.758244989e-44  1.363204264e-41  1.370777652e-41
 1.833720000e-01  9.581414257e-01  3.795287555e-44  7.663047108e-44  2.109266933e-41  2.120725293e-41
 1.858520000e-01  9.369130971e-01  5.040308132e-44  1.227384618e-43  3.262513995e-41  3.279827666e-41
 1.883650000e-01  9.161594826e-01  6.578383094e-44  1.956245821e-43  5.044883837e-41  5.071025036e-41
 1.909120000e-01  8.958654226e-01  8.558087558e-44  3.105210820e-43  7.800744782e-41  7.840355264e-41
 1.934940000e-01  8.760166694e-01  1.129026863e-43  4.898228127e-43  1.206139025e-40  1.212166223e-40
 1.961100000e-01  8.566143893e-01  1.467911505e-43  7.662182897e-43  1.863417109e-40  1.872547032e-40
 1.987620000e-01  8.376373932e-01  1.877519033e-43  1.187546545e-42  2.874228455e-40  2.887981034e-40
 2.014500000e-01  8.190798751e-01  2.423800868e-43  1.810182168e-42  4.417840417e-40  4.438365835e-40
 2.041740000e-01  8.009357926e-01  3.164788086e-43  2.703155194e-42  6.747765334e-40  6.777961005e-40
 2.069350000e-01  7.831925850e-01  4.083545009e-43  3.962190160e-42  1.020469664e-39  1.024840855e-39
 2.097330000e-01  7.658444931e-01  5.199957251e-43  5.687615955e-42  1.521031059e-39  1.527238897e-39
 2.125690000e-01  7.488796837e-01  6.750873630e-43  7.923924342e-42  2.223819499e-39  2.232418640e-39
 2.154430000e-01  7.322926491e-01  8.795626310e-43  1.070577211e-41  3.175211939e-39  3.186796827e-39
 2.183570000e-01  7.160667536e-01  1.148376921e-42  1.398032936e-41  4.415767424e-39  4.430896693e-39
 2.213090000e-01  7.002078456e-01  1.509118311e-42  1.763241009e-41  5.976521169e-39  5.995662734e-39
 2.243020000e-01  6.846946119e-01  2.000293543e-42  2.186474587e-41  7.889420346e-39  7.913284834e-39
 2.273350000e-01  6.695274225e-01  2.662391635e-42  2.695400370e-41  1.019509960e-38  1.022471038e-38
 2.304090000e-01  6.546962702e-01  3.548619675e-42  3.307233351e-41  1.295927878e-38  1.299590033e-38
 2.335250000e-01  6.401916698e-01  4.730477226e-42  4.022984961e-41  1.628187695e-38  1.632683822e-38
 2.366830000e-01  6.260090324e-01  6.306360240e-42  4.852255426e-41  2.030235363e-38  2.035718250e-38
 2.398830000e-01  6.121435990e-01  8.384584796e-42  5.861497505e-41  2.520563094e-38  2.527263517e-38
 2.431270000e-01  5.985822506e-01  1.115192320e-41  7.132945761e-41  3.123196920e-38  3.131445125e-38
 2.464150000e-01  5.853208213e-01  1.477357351e-41  8.702695739e-41  3.868022955e-38  3.878203301e-38
 2.497470000e-01  5.723549775e-01  1.949118863e-41  1.063564048e-40  4.792189555e-38  4.804774732e-38
 2.531240000e-01  5.942190721e-01  2.542345836e-41  1.311385006e-40  5.942008420e-38  5.957664492e-38
 2.565470000e-01  6.155625243e-01  3.300922858e-41  1.615241236e-40  7.374807957e-38  7.394261466e-38
 2.600160000e-01  6.368790507e-01  4.266515102e-41  1.997006198e-40  9.160894862e-38  9.185134160e-38
 2.635320000e-01  6.581325981e-01  5.490013156e-41  2.471934097e-40  1.138728153e-37  1.141748914e-37
 2.670960000e-01  6.792874895e-01  7.037677203e-41  3.044221850e-40  1.416114529e-37  1.419862628e-37
 2.707070000e-01  7.002970823e-01  8.987034003e-41  3.731082063e-40  1.761174382e-37  1.765804199e-37
 2.743680000e-01  7.211389967e-01  1.143343646e-40  4.561589162e-40  2.190132763e-37  2.195837672e-37
 2.780780000e-01  7.417687657e-01  1.447708376e-40  5.634639640e-40  2.722311879e-37  2.729394274e-37
 2.818380000e-01  7.621548010e-01  1.826457352e-40  6.913247481e-40  3.381442527e-37  3.390181724e-37
 2.856490000e-01  7.822667771e-01  2.296024117e-40  8.442063604e-40  4.196311856e-37  4.207049245e-37
 2.895120000e-01  8.020757658e-01  2.875667216e-40  1.034236567e-39  5.201744561e-37  5.214962379e-37
 2.934270000e-01  8.215494638e-01  3.588420347e-40  1.263045671e-39  6.439455152e-37  6.455674633e-37
 2.973950000e-01  8.406625765e-01  4.461395555e-40  1.539721419e-39  7.959816169e-37  7.979678706e-37
 3.014160000e-01  8.593869864e-01  5.527824392e-40  1.868190961e-39  9.822677031e-37  9.846884498e-37
 3.054920000e-01  8.777058914e-01  6.826646502e-40  2.256265621e-39  1.164407803e-36  1.167346599e-36
 3.096230000e-01  8.955952497e-01  8.402967192e-40  2.712268406e-39  1.410111204e-36  1.413663543e-36
 3.138100000e-01  9.130377247e-01  1.030097742e-39  3.271453728e-39  1.701143525e-36  1.705444687e-36
 3.180530000e-01  9.300140657e-01  1.258598882e-39  3.932597686e-39  2.044325350e-36  2.049516188e-36
 3.223540000e-01  9.465152145e-01  1.532985187e-39  4.708454160e-39  2.447351025e-36  2.453592286e-36
 3.267130000e-01  9.625263061e-01  1.861361623e-39  5.618646956e-39  2.918402706e-36  2.925882988e-36
 3.311310000e-01  9.780385774e-01  2.252925755e-39  6.723448050e-39  3.466365217e-36  3.475341556e-36
 3.356090000e-01  9.930452589e-01  2.718656886e-39  8.017708779e-39  4.100448855e-36  4.111185448e-36
 3.401470000e-01  1.007538419e+00  3.270814721e-39  9.527937992e-39  4.829902910e-36  4.842702151e-36
 3.447470000e-01  1.021518565e+00  3.923340439e-39  1.129491596e-38  5.663725206e-36  5.678943602e-36
 3.494080000e-01  1.034978984e+00  4.689989004e-39  1.341439029e-38  6.608981427e-36  6.627086098e-36
 3.541330000e-01  1.047926555e+00  5.590649214e-39  1.588349621e-38  7.670392905e-36  7.691866886e-36
 3.589220000e-01  1.060361067e+00  6.645496346e-39  1.875025075e-38  8.846404695e-36  8.871797866e-36
 3.637750000e-01  1.072284425e+00  7.877201225e-39  2.206743765e-38  1.012504755e-35  1.015499255e-35
 3.686950000e-01  1.083707268e+00  9.310723326e-39  2.590237150e-38  1.147825450e-35  1.151346753e-35
 3.736800000e-01  1.094629852e+00  1.097421875e-38  3.031832434e-38  1.285106137e-35  1.289235412e-35
 3.787330000e-01  1.105065154e+00  1.290075750e-38  3.538897695e-38  1.416215592e-35  1.421044353e-35
 3.838550000e-01  1.115022423e+00  1.512428734e-38  4.119554610e-38  1.532773510e-35  1.538406004e-35
 3.890450000e-01  1.124508286e+00  1.768213009e-38  4.782461209e-38  1.633937963e-35  1.640488780e-35
 3.943060000e-01  1.133537667e+00  2.062028154e-38  5.537465203e-38  1.733073985e-35  1.740673634e-35
 3.996380000e-01  1.142120560e+00  2.398600274e-38  6.394878240e-38  1.850212023e-35  1.859005334e-35
 4.050420000e-01  1.150269308e+00  2.781879595e-38  7.359225893e-38  1.998126649e-35  2.008267206e-35
 4.105190000e-01  1.157996575e+00  3.218401020e-38  8.446798464e-38  2.178138051e-35  2.189803313e-35
 4.160700000e-01  1.165315208e+00  3.714420928e-38  9.670540821e-38  2.383745547e-35  2.397130478e-35
 4.216970000e-01  1.172239286e+00  4.276783779e-38  1.104423897e-37  2.606695362e-35  2.622016413e-35
 4.273990000e-01  1.178779159e+00  4.912589473e-38  1.258160410e-37  2.842036981e-35  2.859531292e-35
 4.331780000e-01  1.184948692e+00  5.629844302e-38  1.429812995e-37  3.085326001e-35  3.105253792e-35
 4.390360000e-01  1.190761098e+00  6.437495159e-38  1.622973779e-37  3.322307712e-35  3.344974559e-35
 4.449730000e-01  1.196227094e+00  7.342189947e-38  1.841247621e-37  3.523766834e-35  3.549521287e-35
 4.509900000e-01  1.201357951e+00  8.354918315e-38  2.084620994e-37  3.650549662e-35  3.679751411e-35
 4.570880000e-01  1.206164293e+00  9.486486087e-38  2.354665552e-37  3.670420157e-35  3.703453561e-35
 4.632690000e-01  1.210656706e+00  1.074825056e-37  2.653630951e-37  3.585362185e-35  3.622646617e-35
 4.695340000e-01  1.214844103e+00  1.215206878e-37  2.983810613e-37  3.440547102e-35  3.482537746e-35
 4.758830000e-01  1.218733951e+00  1.371033891e-37  3.347504327e-37  3.288667927e-35  3.335853389e-35
 4.823180000e-01  1.222334081e+00  1.543658913e-37  3.747230720e-37  3.149538655e-35  3.202447328e-35
 4.888400000e-01  1.225650671e+00  1.734407704e-37  4.194359025e-37  3.007916220e-35  3.067203824e-35
 4.954500000e-01  1.228688912e+00  1.944695151e-37  4.698195033e-37  2.835445579e-35  2.901874465e-35
 5.021500000e-01  1.231453373e+00  2.176207502e-37  5.252021608e-37  2.617815518e-35  2.692097905e-35
 5.089400000e-01  1.233946740e+00  2.430520389e-37  5.859380744e-37  2.371523244e-35  2.454422279e-35
 5.158220000e-01  1.236171467e+00  2.709362237e-37  6.524190040e-37  2.129808265e-35  2.222144393e-35
 5.227970000e-01  1.238128576e+00  3.014494890e-37  7.250355954e-37  1.913829437e-35  2.016478009e-35
 5.298670000e-01  1.239818336e+00  3.347799559e-37  8.042051528e-37  1.723910639e-35  1.837809079e-35
 5.370320000e-01  1.241239560e+00  3.711124033e-37  8.903246883e-37  1.550141294e-35  1.676285114e-35
 5.442940000e-01  1.242390600e+00  4.106448201e-37  9.838290131e-37  1.385386484e-35  1.524834066e-35
 5.516540000e-01  1.243268711e+00  4.535600751e-37  1.085871205e-36  1.231501161e-35  1.385443780e-35
 5.591140000e-01  1.243870424e+00  4.999969516e-37  1.199297750e-36  1.094360530e-35  1.264289467e-35
 5.666740000e-01  1.244191354e+00  5.502290369e-37  1.322307014e-36  9.762285688e-36  1.163481521e-35
 5.743370000e-01  1.244226585e+00  6.044856732e-37  1.455503786e-36  8.746304193e-36  1.080628641e-35
 5.821030000e-01  1.243970492e+00  6.629729662e-37  1.599467389e-36  7.857454076e-36  1.011989093e-35
 5.899750000e-01  1.243416855e+00  7.259317173e-37  1.754835241e-36  7.071705326e-36  9.552471727e-36
 5.979530000e-01  1.242559145e+00  7.935701012e-37  1.922202579e-36  6.382337626e-36  9.098108237e-36
 6.060380000e-01  1.241390522e+00  8.661132426e-37  2.102179763e-36  5.784413991e-36  8.752710180e-36
 6.142330000e-01  1.239903540e+00  9.438079111e-37  2.295451955e-36  5.266752989e-36  8.506012060e-36
 6.225390000e-01  1.238090826e+00  1.026876446e-36  2.502659755e-36  4.815568620e-36  8.345106413e-36
 6.309570000e-01  1.235944990e+00  1.115540869e-36  2.724431027e-36  4.419042037e-36  8.259011546e-36
 6.394890000e-01  1.233458418e+00  1.210041504e-36  2.961433428e-36  4.068536698e-36  8.240008446e-36
 6.481370000e-01  1.230623525e+00  1.310612308e-36  3.214346548e-36  3.757191432e-36  8.282152675e-36
 6.569010000e-01  1.227433617e+00  1.417451430e-36  3.484001176e-36  3.479043500e-36  8.380494514e-36
 6.657840000e-01  1.223881247e+00  1.530846144e-36  3.774965060e-36  3.228826464e-36  8.534636077e-36
 6.747870000e-01  1.219960038e+00  1.650968337e-36  4.084611347e-36  3.002278952e-36  8.737861024e-36
 6.839120000e-01  1.215663651e+00  1.778034461e-36  4.413715917e-36  2.795967991e-36  8.987718369e-36
 6.931600000e-01  1.210986739e+00  1.912250620e-36  4.762991785e-36  2.607119510e-36  9.282361915e-36
 7.025330000e-01  1.205924079e+00  2.053830083e-36  5.133606351e-36  2.433436904e-36  9.620876521e-36
 7.120330000e-01  1.200471058e+00  2.202999645e-36  5.527346131e-36  2.273034186e-36  1.000338155e-35
 7.216610000e-01  1.194624368e+00  2.359901750e-36  5.943860984e-36  2.124365166e-36  1.042812631e-35
 7.314200000e-01  1.188380252e+00  2.524736933e-36  6.383963394e-36  1.986138302e-36  1.089484022e-35
 7.413100000e-01  1.181737679e+00  2.697630926e-36  6.848371152e-36  1.857310334e-36  1.140330843e-35
 7.513350000e-01  1.174693828e+00  2.878779491e-36  7.337891172e-36  1.736964528e-36  1.195363440e-35
 7.614940000e-01  1.167250249e+00  3.068282099e-36  7.853101984e-36  1.624381504e-36  1.254576240e-35
 7.717920000e-01  1.159405094e+00  3.266336897e-36  8.394953741e-36  1.518890425e-36  1.318017788e-35
 7.822280000e-01  1.151161928e+00  3.472989246e-36  8.963876958e-36  1.419984381e-36  1.385684899e-35
 7.928060000e-01  1.142521449e+00  3.688398299e-36  9.560731868e-36  1.327170789e-36  1.457630096e-35
 8.035260000e-01  1.133488528e+00  3.912311797e-36  1.018775460e-35  1.240070063e-36  1.534014123e-35
 8.143920000e-01  1.124065691e+00  4.144531591e-36  1.084806458e-35  1.158316943e-36  1.615090834e-35
 8.254040000e-01  1.114259851e+00  4.385562999e-36  1.153907556e-35  1.081617789e-36  1.700625475e-35
 8.365660000e-01  1.104075375e+00  4.635508675e-36  1.226165491e-35  1.009694079e-36  1.790685687e-35
 8.478780000e-01  1.093521183e+00  4.894326444e-36  1.301623237e-35  9.423174251e-37  1.885287385e-35
 8.593430000e-01  1.082604405e+00  5.162073600e-36  1.380355596e-35  8.792713775e-37  1.984490253e-35
 8.709640000e-01  1.071333002e+00  5.438733434e-36  1.462428617e-35  8.203585837e-37  2.088338058e-35
 8.827410000e-01  1.059718738e+00  5.724217613e-36  1.547876519e-35  7.654162284e-37  2.196840349e-35
 8.946780000e-01  1.047770315e+00  6.018569905e-36  1.636767738e-35  7.142789494e-37  2.310052034e-35
 9.067760000e-01  1.035500192e+00  6.321140164e-36  1.729658520e-35  6.668030299e-37  2.428452967e-35
 9.190380000e-01  1.022919589e+00  6.631955443e-36  1.826572740e-35  6.228584402e-37  2.552054287e-35
 9.314650000e-01  1.010042486e+00  6.951180471e-36  1.927209593e-35  5.823184931e-37  2.680559171e-35
 9.440610000e-01  9.968804260e-01  7.278847872e-36  2.031633539e-35  5.450699498e-37  2.814025711e-35
 9.568270000e-01  9.834486845e-01  7.614683104e-36  2.139886752e-35  5.110058582e-37  2.952455497e-35
 9.697650000e-01  9.697620731e-01  7.958566803e-36  2.251986741e-35  4.800289746e-37  3.095846143e-35
 9.828790000e-01  9.558337874e-01  8.310346973e-36  2.368020243e-35  4.520380764e-37  3.244258923e-35
 9.961700000e-01  9.416806557e-01  8.669854116e-36  2.487968958e-35  4.269545412e-37  3.397650070e-35
 1.009640000e+00  9.273188503e-01  9.037398584e-36  2.613468201e-35  4.046932210e-37  3.557677182e-35
 1.023290000e+00  9.127659465e-01  9.412407419e-36  2.743764374e-35  3.851814616e-37  3.723522999e-35
 1.037130000e+00  8.980302142e-01  9.794785127e-36  2.878427759e-35  3.683395263e-37  3.894740296e-35
 1.051150000e+00  8.831414403e-01  1.018373594e-35  3.017341376e-35  3.541168836e-37  4.071126944e-35
 1.065370000e+00  8.680977271e-01  1.057966569e-35  3.160759874e-35  3.424377756e-37  4.252970220e-35
 1.079780000e+00  8.529291408e-01  1.098184227e-35  3.308531260e-35  3.332616177e-37  4.440041736e-35
 1.094380000e+00  8.376551045e-01  1.138986780e-35  3.460629273e-35  3.265405841e-37  4.632269872e-35
 1.109170000e+00  8.222949510e-01  1.180334438e-35  3.617041180e-35  3.222312252e-37  4.829598128e-35
 1.124170000e+00  8.068473416e-01  1.222260625e-35  3.778024018e-35  3.202937525e-37  5.032314575e-35
 1.139380000e+00  7.913318125e-01  1.264644382e-35  3.948810004e-35  3.207036561e-37  5.245524107e-35
 1.154780000e+00  7.757877753e-01  1.307422048e-35  4.125647062e-35  3.234357894e-37  5.465413373e-35
 1.170400000e+00  7.602038201e-01  1.350669220e-35  4.307798302e-35  3.284790913e-37  5.691315511e-35
 1.186220000e+00  7.446185756e-01  1.394272104e-35  4.494896079e-35  3.358170095e-37  5.922749876e-35
 1.202260000e+00  7.290306159e-01  1.438260939e-35  4.687256314e-35  3.454555920e-37  6.160062629e-35
 1.218520000e+00  7.134581674e-01  1.482583999e-35  4.884847175e-35  3.574009663e-37  6.403171009e-35
 1.235000000e+00  6.979189735e-01  1.527184785e-35  5.087612960e-35  3.716657055e-37  6.651964403e-35
 1.251700000e+00  6.824302399e-01  1.573026979e-35  5.295745450e-35  3.882681125e-37  6.907599072e-35
 1.268630000e+00  6.669995521e-01  1.619299687e-35  5.511388461e-35  4.072463846e-37  7.171412715e-35
 1.285780000e+00  6.516522656e-01  1.665788846e-35  5.732241409e-35  4.286224054e-37  7.440892273e-35
 1.303170000e+00  6.363863269e-01  1.712516737e-35  5.958629767e-35  4.524650095e-37  7.716393458e-35
 1.320790000e+00  6.212259370e-01  1.759561347e-35  6.191833934e-35  4.788130308e-37  7.999278637e-35
 1.338650000e+00  6.061772160e-01  1.806775456e-35  6.430774046e-35  5.077417495e-37  8.288319929e-35
 1.356750000e+00  5.912544290e-01  1.854085855e-35  6.675192271e-35  5.393197613e-37  8.583210165e-35
 1.375100000e+00  5.764631278e-01  1.901481401e-35  6.925200813e-35  5.736462994e-37  8.884044839e-35
 1.393690000e+00  5.618244084e-01  1.948802144e-35  7.183327054e-35  6.107897209e-37  9.193211274e-35
 1.412540000e+00  5.473350628e-01  1.996131641e-35  7.447773337e-35  6.508880926e-37  9.508990596e-35
 1.431640000e+00  5.330148155e-01  2.043383152e-35  7.717796409e-35  6.940325308e-37  9.830579074e-35
 1.451000000e+00  5.188674137e-01  2.090544741e-35  7.993501313e-35  7.403638875e-37  1.015808812e-34
 1.470620000e+00  5.049035875e-01  2.137536034e-35  8.279701689e-35  7.900132269e-37  1.049623667e-34
 1.490500000e+00  4.911332649e-01  2.184318038e-35  8.575013686e-35  8.431233110e-37  1.084364008e-34
 1.510660000e+00  4.775522879e-01  2.230927358e-35  8.876755542e-35  8.999050201e-37  1.119767229e-34
 1.531090000e+00  4.641765725e-01  2.277266912e-35  9.184561202e-35  9.605008773e-37  1.155787971e-34
 1.551790000e+00  4.510142150e-01  2.323257120e-35  9.498884257e-35  1.025092319e-36  1.192465228e-34
 1.572780000e+00  4.380603671e-01  2.368591610e-35  9.825223510e-35  1.093940360e-36  1.230321027e-34
 1.594040000e+00  4.253344582e-01  2.413494789e-35  1.015764248e-34  1.167193015e-36  1.268785594e-34
 1.615600000e+00  4.128251168e-01  2.458020772e-35  1.049672209e-34  1.245182916e-36  1.307925773e-34
 1.637440000e+00  4.005500485e-01  2.502054966e-35  1.084180184e-34  1.328089113e-36  1.347666762e-34
 1.659590000e+00  3.884980063e-01  2.545782787e-35  1.119343081e-34  1.416292782e-36  1.388084956e-34
 1.682030000e+00  3.766850182e-01  2.589142164e-35  1.155092464e-34  1.510009579e-36  1.429107142e-34
 1.704770000e+00  3.651099754e-01  2.631950864e-35  1.191441862e-34  1.609589644e-36  1.470733322e-34
 1.727830000e+00  3.537669279e-01  2.674224805e-35  1.228424696e-34  1.715463491e-36  1.513001692e-34
 1.751190000e+00  3.426692514e-01  2.715860533e-35  1.265966164e-34  1.827907254e-36  1.555831083e-34
 1.774870000e+00  3.318103062e-01  2.757133389e-35  1.304202343e-34  1.947413517e-36  1.599390199e-34
 1.798870000e+00  3.211927963e-01  2.799194062e-35  1.343615473e-34  2.074420754e-36  1.644279055e-34
 1.823200000e+00  3.108146008e-01  2.840645967e-35  1.383650103e-34  2.209452582e-36  1.689809305e-34
 1.847850000e+00  3.006816713e-01  2.881419871e-35  1.424252917e-34  2.352972143e-36  1.735924450e-34
 1.872840000e+00  2.907871050e-01  2.921535671e-35  1.465458131e-34  2.505655847e-36  1.782668257e-34
 1.898160000e+00  2.811358341e-01  2.960929702e-35  1.507207656e-34  2.668065508e-36  1.829981043e-34
 1.923830000e+00  2.717208677e-01  2.999807276e-35  1.550258272e-34  2.841010431e-36  1.878649033e-34
 1.949840000e+00  2.625461881e-01  3.038033906e-35  1.594298833e-34  3.025175778e-36  1.928353917e-34
 1.976210000e+00  2.536047430e-01  3.075521261e-35  1.638960097e-34  3.221542738e-36  1.978727253e-34
 2.002930000e+00  2.448996358e-01  3.112208863e-35  1.684181587e-34  3.430963587e-36  2.029711743e-34
 2.030020000e+00  2.364237796e-01  3.148117401e-35  1.729991950e-34  3.654637557e-36  2.081350360e-34
 2.057470000e+00  2.281794708e-01  3.183191172e-35  1.776332299e-34  3.893644514e-36  2.133588195e-34
 2.085290000e+00  2.201624370e-01  3.217345027e-35  1.823590972e-34  4.149373881e-36  2.186819158e-34
 2.113490000e+00  2.123684785e-01  3.250616368e-35  1.871582553e-34  4.423421185e-36  2.240878521e-34
 2.142070000e+00  2.047960554e-01  3.283773117e-35  1.920045233e-34  4.717458351e-36  2.295596786e-34
 2.171030000e+00  1.974432526e-01  3.316376803e-35  1.968966280e-34  5.033422294e-36  2.350938143e-34
 2.200390000e+00  1.903030502e-01  3.348125031e-35  2.018402193e-34  5.373762407e-36  2.406952726e-34
 2.230150000e+00  1.833734818e-01  3.378494181e-35  2.068711070e-34  5.741062572e-36  2.463971575e-34
 2.260300000e+00  1.766544315e-01  3.407963311e-35  2.119649405e-34  6.138209063e-36  2.521828376e-34
 2.290870000e+00  1.701367635e-01  3.436677250e-35  2.171943741e-34  6.569066163e-36  2.581302191e-34
 2.321850000e+00  1.638201610e-01  3.464469682e-35  2.224698034e-34  7.037720175e-36  2.641522443e-34
 2.353240000e+00  1.577017642e-01  3.491319120e-35  2.277866926e-34  7.549058747e-36  2.702489927e-34
 2.385060000e+00  1.517748334e-01  3.517253418e-35  2.331471902e-34  8.109397942e-36  2.764290587e-34
 2.417320000e+00  1.460348088e-01  3.542270188e-35  2.385497048e-34  8.726091516e-36  2.826984902e-34
 2.450000000e+00  1.404822008e-01  3.566571556e-35  2.441341334e-34  9.407600940e-36  2.892074499e-34
 2.483130000e+00  1.351087737e-01  3.590094657e-35  2.497950360e-34  1.016533762e-35  2.958613202e-34
 2.516710000e+00  1.299115417e-01  3.613337645e-35  2.554328611e-34  1.101294115e-35  3.025791708e-34
 2.550740000e+00  1.248873314e-01  3.635650372e-35  2.611025172e-34  1.196751271e-35  3.094264939e-34
 2.585230000e+00  1.200314301e-01  3.657045571e-35  2.668012987e-34  1.305117484e-35  3.164229452e-34
 2.620190000e+00  1.153392406e-01  3.677525629e-35  2.725272161e-34  1.429268685e-35  3.235951831e-34
 2.655620000e+00  1.108075238e-01  3.697084976e-35  2.782747786e-34  1.572940239e-35  3.309750387e-34
 2.691530000e+00  1.064317197e-01  3.715728386e-35  2.840415192e-34  1.741178155e-35  3.386105766e-34
 2.727930000e+00  1.022073834e-01  3.733468592e-35  2.898248119e-34  1.940862700e-35  3.465680851e-34
 2.764820000e+00  9.813125831e-02  3.750533980e-35  2.956513948e-34  2.181519298e-35  3.549719435e-34
 2.802210000e+00  9.419895937e-02  3.767372573e-35  3.015847707e-34  2.476812196e-35  3.640265865e-34
 2.840100000e+00  9.040719236e-02  3.783326265e-35  3.075269001e-34  2.846687488e-35  3.738270296e-34
 2.878500000e+00  8.675165426e-02  3.798410175e-35  3.134758731e-34  3.321488064e-35  3.846748714e-34
 2.917430000e+00  8.322727777e-02  3.812642605e-35  3.194310532e-34  3.949175265e-35  3.970492478e-34
 2.956880000e+00  7.983180121e-02  3.826017191e-35  3.253821748e-34  4.808232373e-35  4.117246864e-34
 2.996860000e+00  7.656113244e-02  3.838546664e-35  3.313267711e-34  6.035842196e-35  4.300707154e-34
 3.037390000e+00  7.341053858e-02  3.850254102e-35  3.372642850e-34  7.889104423e-35  4.546579259e-34
 3.078460000e+00  7.037771014e-02  3.861131546e-35  3.431843714e-34  1.089256431e-34  4.907214015e-34
 3.120090000e+00  6.745809528e-02  3.873453322e-35  3.492126832e-34  1.626312849e-34  5.505784615e-34
 3.162280000e+00  6.464869281e-02  3.887343570e-35  3.553534379e-34  2.735388049e-34  6.677656785e-34
 3.205040000e+00  6.194585462e-02  3.900488972e-35  3.614747758e-34  5.632584154e-34  9.637380889e-34
 3.248380000e+00  5.934603938e-02  3.912907036e-35  3.675725587e-34  1.750892177e-33  2.157593535e-33
 3.292300000e+00  5.684636309e-02  3.922044918e-35  3.736367599e-34  1.208586828e-32  1.249872416e-32
 3.336820000e+00  5.444287554e-02  3.929210869e-35  3.796690505e-34  3.203415786e-33  3.622377646e-33
 3.381950000e+00  5.213233840e-02  3.935666989e-35  3.856649743e-34  8.235568023e-34  1.248578486e-33
 3.427680000e+00  4.991255152e-02  3.939549574e-35  3.916938431e-34  3.713681653e-34  8.024576315e-34
 3.474030000e+00  4.777986389e-02  3.941337680e-35  3.977387070e-34  2.169678966e-34  6.541199724e-34
 3.521010000e+00  4.573124469e-02  3.942447785e-35  4.037364610e-34  1.471123252e-34  5.902732163e-34
 3.568620000e+00  4.376415672e-02  3.942898194e-35  4.096791475e-34  1.100417967e-34  5.591499897e-34
 3.616870000e+00  4.187568560e-02  3.942702433e-35  4.155617529e-34  8.830680186e-35  5.432956109e-34
 3.665780000e+00  4.006264851e-02  3.941539011e-35  4.214876485e-34  7.471261423e-35  5.356155891e-34
 3.715350000e+00  3.832271170e-02  3.939212961e-35  4.275138117e-34  6.586329700e-35  5.327692621e-34
 3.765590000e+00  3.665322587e-02  3.936315546e-35  4.334753579e-34  5.998303115e-35  5.328215445e-34
 3.816510000e+00  3.505162569e-02  3.932862679e-35  4.393654436e-34  5.607289659e-35  5.347669750e-34
 3.868120000e+00  3.351542716e-02  3.928879827e-35  4.451792146e-34  5.353760610e-35  5.380056189e-34
 3.920430000e+00  3.204222522e-02  3.924396432e-35  4.510873644e-34  5.200628089e-35  5.423376573e-34
 3.973440000e+00  3.062995052e-02  3.919430002e-35  4.569333642e-34  5.123994984e-35  5.473675901e-34
 4.027170000e+00  2.927606176e-02  3.914008389e-35  4.626911125e-34  5.108081082e-35  5.529119913e-34
 4.081630000e+00  2.797837931e-02  3.908157853e-35  4.683544820e-34  5.142380563e-35  5.588599298e-34
 4.136820000e+00  2.673501267e-02  3.901595099e-35  4.739192550e-34  5.219920056e-35  5.651344543e-34
 4.192760000e+00  2.554367739e-02  3.890833042e-35  4.794252203e-34  5.336236855e-35  5.716959352e-34
 4.249460000e+00  2.440240022e-02  3.879711294e-35  4.848222440e-34  5.488748670e-35  5.785068914e-34
 4.306920000e+00  2.330945711e-02  3.868248955e-35  4.901041987e-34  5.676320728e-35  5.855498955e-34
 4.365160000e+00  2.226279641e-02  3.856477856e-35  4.952650364e-34  5.899204494e-35  5.928219236e-34
 4.424190000e+00  2.126063430e-02  3.844423460e-35  5.003016538e-34  6.158896819e-35  6.003349122e-34
 4.484010000e+00  2.030140194e-02  3.835778164e-35  5.054285119e-34  6.458219520e-35  6.083684172e-34
 4.544650000e+00  1.938311193e-02  3.827163902e-35  5.104425293e-34  6.801836634e-35  6.167325665e-34
 4.606100000e+00  1.850445711e-02  3.818345923e-35  5.153199121e-34  7.196452562e-35  6.254678651e-34
 4.668390000e+00  1.766359530e-02  3.809360035e-35  5.200581139e-34  7.652298579e-35  6.346747398e-34
 4.731510000e+00  1.685929393e-02  3.800219766e-35  5.246483812e-34  8.184542949e-35  6.444960322e-34
 4.795490000e+00  1.608984659e-02  3.793555153e-35  5.292745379e-34  8.817573777e-35  6.553858113e-34
 4.860340000e+00  1.535387254e-02  3.790415026e-35  5.340125010e-34  9.592379829e-35  6.678404018e-34
 4.926060000e+00  1.465014167e-02  3.787212033e-35  5.385925824e-34  1.058415386e-34  6.823062333e-34
 4.992680000e+00  1.397715146e-02  3.783975617e-35  5.430167715e-34  1.194838228e-34  7.003403186e-34
 5.060190000e+00  1.333386037e-02  3.784948054e-35  5.470328873e-34  1.405112147e-34  7.253936144e-34
 5.128610000e+00  1.271896425e-02  3.786406709e-35  5.508465580e-34  1.789612187e-34  7.676718518e-34
 5.197970000e+00  1.213114038e-02  3.792416399e-35  5.544803041e-34  2.615362940e-34  8.539410725e-34
 5.268250000e+00  1.156953254e-02  3.803811893e-35  5.579216319e-34  3.648840338e-34  9.608438562e-34
 5.339490000e+00  1.103282905e-02  3.815340282e-35  5.611816822e-34  3.054348083e-34  9.047695909e-34
 5.411700000e+00  1.052001581e-02  3.827025438e-35  5.642543275e-34  2.603096869e-34  8.628346507e-34
 5.484870000e+00  1.003024360e-02  3.838889643e-35  5.671316101e-34  2.751820001e-34  8.807021804e-34
 5.559040000e+00  9.562361260e-03  3.856891658e-35  5.699655230e-34  3.462272548e-34  9.547617501e-34
 5.634210000e+00  9.115526673e-03  3.878293224e-35  5.726840486e-34  5.148535881e-34  1.126320434e-33
 5.710400000e+00  8.688806917e-03  3.908173768e-35  5.753035798e-34  6.731066797e-34  1.287491870e-33
 5.787620000e+00  8.281364546e-03  3.938605785e-35  5.777273505e-34  5.666510418e-34  1.183764227e-33
 5.865880000e+00  7.892391907e-03  3.969462746e-35  5.799515408e-34  5.425880876e-34  1.162234542e-33
 5.945200000e+00  7.521064997e-03  4.004544474e-35  5.821936361e-34  6.621854675e-34  1.284424158e-33
 6.025600000e+00  7.166598754e-03  4.043683857e-35  5.844418588e-34  9.955046197e-34  1.620382736e-33
 6.107080000e+00  6.828325399e-03  4.083423255e-35  5.864831801e-34  1.894504048e-33  2.521821214e-33
 6.189660000e+00  6.505517108e-03  4.123808822e-35  5.883184753e-34  3.974488063e-33  4.604044539e-33
 6.273360000e+00  6.197480402e-03  4.157344360e-35  5.890468479e-34  3.466895999e-33  4.097516425e-33
 6.358190000e+00  5.903587835e-03  4.190637983e-35  5.894570698e-34  1.773601200e-33  2.404964880e-33
 6.444170000e+00  5.623203054e-03  4.215180471e-35  5.913226044e-34  1.204928652e-33  1.838403522e-33
 6.531310000e+00  5.355749127e-03  4.240069121e-35  5.929494863e-34  1.086631170e-33  1.721981681e-33
 6.619620000e+00  5.100670137e-03  4.259692129e-35  5.940060364e-34  1.136419611e-33  1.773022672e-33
 6.709140000e+00  4.857351601e-03  4.279835575e-35  5.948528998e-34  1.184519417e-33  1.822170514e-33
 6.799860000e+00  4.625341789e-03  4.297374449e-35  5.954570520e-34  1.157319042e-33  1.795749998e-33
 6.891810000e+00  4.404101774e-03  4.315745704e-35  5.958519950e-34  1.137033949e-33  1.776043433e-33
 6.985000000e+00  4.193166158e-03  4.356255412e-35  5.962847373e-34  1.192883010e-33  1.832730444e-33
 7.079460000e+00  3.992045360e-03  4.403567402e-35  5.965774232e-34  1.340704529e-33  1.981318295e-33
 7.175190000e+00  3.800334609e-03  4.550013823e-35  5.967071345e-34  1.586731015e-33  2.228938717e-33
 7.272210000e+00  3.617603450e-03  4.705896540e-35  5.966362309e-34  1.951124215e-33  2.594819220e-33
 7.370550000e+00  3.443424148e-03  5.113423913e-35  5.965927816e-34  2.504918959e-33  3.152646155e-33
 7.470220000e+00  3.277424253e-03  5.601743905e-35  5.964118225e-34  3.432053798e-33  4.084483227e-33
 7.571230000e+00  3.119245017e-03  6.527189315e-35  5.962128788e-34  4.623786914e-33  5.285271463e-33
 7.673620000e+00  2.968498285e-03  7.818570932e-35  5.959586288e-34  4.809852570e-33  5.483997099e-33
 7.777380000e+00  2.824886364e-03  9.442599112e-35  5.955138703e-34  4.670475812e-33  5.360415673e-33
 7.882550000e+00  2.688053939e-03  1.190836277e-34  5.948930069e-34  4.334093086e-33  5.048069323e-33
 7.989140000e+00  2.557702567e-03  1.446372271e-34  5.940750300e-34  3.283995934e-33  4.022708827e-33
 8.097170000e+00  2.433533767e-03  1.814496858e-34  5.928812088e-34  2.422647790e-33  3.196978764e-33
 8.206660000e+00  2.315262607e-03  2.204240258e-34  5.914854995e-34  2.012678981e-33  2.824588029e-33
 8.317640000e+00  2.202607220e-03  2.592084143e-34  5.899558614e-34  1.911454050e-33  2.760618087e-33
 8.430110000e+00  2.095328149e-03  2.948419328e-34  5.883397225e-34  2.018598749e-33  2.901780563e-33
 8.544110000e+00  1.993158229e-03  3.279814138e-34  5.865884611e-34  2.473296464e-33  3.387866020e-33
 8.659640000e+00  1.895878531e-03  3.634697034e-34  5.847463222e-34  2.437060066e-33  3.385276569e-33
 8.776740000e+00  1.803245981e-03  4.058451049e-34  5.828774453e-34  1.671833550e-33  2.660555782e-33
 8.895420000e+00  1.715053187e-03  4.563411486e-34  5.809195212e-34  1.208575687e-33  2.245836198e-33
 9.015710000e+00  1.631087031e-03  5.122573731e-34  5.789424985e-34  9.882471543e-34  2.079446867e-33
 9.137630000e+00  1.551151673e-03  5.674585144e-34  5.769565631e-34  8.772222576e-34  2.021637017e-33
 9.261190000e+00  1.475065961e-03  6.134392528e-34  5.749644207e-34  8.193909217e-34  2.007794516e-33
 9.386420000e+00  1.402644420e-03  6.422312574e-34  5.730785937e-34  7.914936862e-34  2.006803776e-33
 9.513350000e+00  1.333711042e-03  6.511323159e-34  5.710736393e-34  7.830372271e-34  2.005243262e-33
 9.641990000e+00  1.268108614e-03  6.457615527e-34  5.691161927e-34  7.890564670e-34  2.003934212e-33
 9.772370000e+00  1.205676608e-03  6.322274938e-34  5.672240792e-34  8.073993925e-34  2.006850727e-33
 9.904520000e+00  1.146262616e-03  6.179201806e-34  5.653943543e-34  8.377128387e-34  2.021027453e-33
 1.003850000e+01  1.089709604e-03  6.051360598e-34  5.635951873e-34  8.812425114e-34  2.049973759e-33
 1.017420000e+01  1.035936015e-03  5.936371948e-34  5.618750407e-34  9.411651433e-34  2.096676981e-33
 1.031180000e+01  9.847491290e-04  5.792936738e-34  5.601323736e-34  1.024168425e-33  2.163594472e-33
 1.045120000e+01  9.360715779e-04  5.552228415e-34  5.584023594e-34  1.144353484e-33  2.257978128e-33
 1.059250000e+01  8.897574087e-04  5.258001855e-34  5.567354501e-34  1.339553043e-33  2.422088361e-33
 1.073580000e+01  8.456725331e-04  4.959855308e-34  5.551847239e-34  1.634818885e-33  2.685988742e-33
 1.088090000e+01  8.037774317e-04  4.695277723e-34  5.537894125e-34  2.147172070e-33  3.170489016e-33
 1.102810000e+01  7.638902791e-04  4.477198845e-34  5.527420934e-34  3.477036556e-33  4.477498852e-33
 1.117720000e+01  7.259758404e-04  4.260474376e-34  5.526503406e-34  9.153653312e-33  1.013235276e-32
 1.132840000e+01  6.898964836e-04  4.055526577e-34  5.543824238e-34  1.038656299e-32  1.134649808e-32
 1.148150000e+01  6.556161384e-04  3.867345751e-34  6.152049177e-34  6.304514042e-33  7.306453296e-33
 1.163680000e+01  6.229886133e-04  3.701769702e-34  5.436032574e-34  4.283515237e-33  5.197295385e-33
 1.179420000e+01  5.919625349e-04  3.525069518e-34  5.424585355e-34  4.228734901e-33  5.123699752e-33
 1.195360000e+01  5.624837348e-04  3.343697340e-34  5.422188482e-34  4.934829785e-33  5.811418606e-33
 1.211530000e+01  5.344288324e-04  3.165094459e-34  5.420148911e-34  4.766683384e-33  5.625207323e-33
 1.227910000e+01  5.077685904e-04  3.009274608e-34  5.420713115e-34  4.538316730e-33  5.381315901e-33
 1.244510000e+01  4.824232566e-04  2.868934962e-34  5.419030847e-34  5.514758567e-33  6.343554750e-33
 1.261340000e+01  4.583191828e-04  2.725853077e-34  5.413396762e-34  6.979175825e-33  7.793100570e-33
 1.278400000e+01  4.354012459e-04  2.587917466e-34  5.410134086e-34  5.680230370e-33  6.480035684e-33
 1.295690000e+01  4.136160803e-04  2.457075392e-34  5.408253671e-34  4.004185579e-33  4.790718167e-33
 1.313210000e+01  3.929121000e-04  2.348930404e-34  5.407897959e-34  3.388604499e-33  4.164287494e-33
 1.330970000e+01  3.732287778e-04  2.247433318e-34  5.411377086e-34  3.453737864e-33  4.219619302e-33
 1.348960000e+01  3.545301768e-04  2.148383239e-34  5.417397122e-34  3.669171586e-33  4.425749622e-33
 1.367200000e+01  3.367510771e-04  2.074548873e-34  5.426602644e-34  3.189793715e-33  3.939909264e-33
 1.385690000e+01  3.198504391e-04  2.023975799e-34  5.439509314e-34  2.794667695e-33  3.541016047e-33
 1.404430000e+01  3.037885434e-04  2.008112825e-34  5.457098323e-34  2.781862884e-33  3.528383919e-33
 1.423420000e+01  2.885270057e-04  2.044720054e-34  5.478526148e-34  2.885265851e-33  3.637590471e-33
 1.442670000e+01  2.740214895e-04  2.102993841e-34  5.502381883e-34  2.566056739e-33  3.326594550e-33
 1.462180000e+01  2.602376630e-04  2.210549160e-34  5.532305399e-34  2.459585265e-33  3.233870880e-33
 1.481950000e+01  2.471423613e-04  2.327883754e-34  5.565835367e-34  2.445854172e-33  3.235226085e-33
 1.501990000e+01  2.346975794e-04  2.459308336e-34  5.606079286e-34  2.466810900e-33  3.273350060e-33
 1.522300000e+01  2.228736229e-04  2.604381249e-34  5.653829748e-34  2.507625389e-33  3.333446170e-33
 1.542880000e+01  2.116418205e-04  2.762770657e-34  5.705879780e-34  2.566838190e-33  3.413703234e-33
 1.563750000e+01  2.009646218e-04  2.934626165e-34  5.765217518e-34  2.655443725e-33  3.525427616e-33
 1.584890000e+01  1.908265514e-04  3.117571589e-34  5.829431763e-34  2.816584922e-33  3.711285576e-33
 1.606320000e+01  1.811931841e-04  3.312582549e-34  5.902261065e-34  2.977249450e-33  3.898734289e-33
 1.628050000e+01  1.720373698e-04  3.517429285e-34  5.979568987e-34  3.495417360e-33  4.445117187e-33
 1.650060000e+01  1.633452452e-04  3.729071936e-34  6.067077149e-34  4.611643392e-33  5.591257982e-33
 1.672370000e+01  1.550873963e-04  3.947582124e-34  6.159098946e-34  3.974446683e-33  4.985114790e-33
 1.694990000e+01  1.472404556e-04  4.157187592e-34  6.262968236e-34  4.235730557e-33  5.277745821e-33
 1.717910000e+01  1.397888985e-04  4.369320441e-34  6.371928893e-34  4.266581151e-33  5.340706721e-33
 1.741140000e+01  1.327111369e-04  4.571427325e-34  6.496031552e-34  4.202630308e-33  5.309376275e-33
 1.764680000e+01  1.259897931e-04  4.771595701e-34  6.626856915e-34  3.515595024e-33  4.655440445e-33
 1.788550000e+01  1.196029378e-04  4.941135504e-34  6.774908413e-34  3.382469076e-33  4.554073866e-33
 1.812730000e+01  1.135402799e-04  5.097236264e-34  6.932955638e-34  3.041119124e-33  4.244138712e-33
 1.837240000e+01  1.077817080e-04  5.226528965e-34  7.104297075e-34  2.898433535e-33  4.131515900e-33
 1.862090000e+01  1.023110068e-04  5.332731467e-34  7.287436668e-34  2.818848106e-33  4.080864839e-33
 1.887270000e+01  9.711699221e-05  5.413734171e-34  7.483357995e-34  2.760811460e-33  4.050520358e-33
 1.912790000e+01  9.218468571e-05  5.452677794e-34  7.698693837e-34  2.708052392e-33  4.023189475e-33
 1.938650000e+01  8.750183340e-05  5.485542494e-34  7.922118729e-34  2.656202099e-33  3.996967903e-33
 1.964870000e+01  8.305334768e-05  5.467281852e-34  8.171006821e-34  2.606972292e-33  3.970801239e-33
 1.991440000e+01  7.883003329e-05  5.447581653e-34  8.428408110e-34  2.561890063e-33  3.949488800e-33
 2.018370000e+01  7.481978955e-05  5.410195361e-34  8.706825810e-34  2.520782728e-33  3.932485482e-33
 2.045660000e+01  7.101263445e-05  5.381547471e-34  9.008901892e-34  2.482792443e-33  3.921838016e-33
 2.073320000e+01  6.739768737e-05  5.369851174e-34  9.334246426e-34  2.447035102e-33  3.917445340e-33
 2.101360000e+01  6.396475202e-05  5.355495398e-34  9.682938991e-34  2.412838275e-33  3.916682192e-33
 2.129770000e+01  6.070648256e-05  5.336740580e-34  1.006278614e-33  2.379752350e-33  3.919705340e-33
 2.158570000e+01  5.761243426e-05  5.329931931e-34  1.047083554e-33  2.347444692e-33  3.927521439e-33
 2.187760000e+01  5.467496400e-05  5.327405347e-34  1.090805008e-33  2.315716359e-33  3.939262299e-33
 2.217350000e+01  5.188578981e-05  5.321896994e-34  1.137555977e-33  2.284432863e-33  3.954178301e-33
 2.247330000e+01  4.923884272e-05  5.295627675e-34  1.188015256e-33  2.253524177e-33  3.971102041e-33
 2.277720000e+01  4.672568606e-05  5.281991279e-34  1.242128732e-33  2.222922661e-33  3.993250839e-33
 2.308520000e+01  4.434005766e-05  5.279946934e-34  1.299762716e-33  2.192608419e-33  4.020366067e-33
 2.339740000e+01  4.207522074e-05  5.289460421e-34  1.361029411e-33  2.162553599e-33  4.052528893e-33
 2.371370000e+01  3.992615835e-05  5.287661970e-34  1.427102586e-33  2.132767752e-33  4.088636375e-33
 2.403440000e+01  3.788543182e-05  5.291747478e-34  1.497001050e-33  2.103219045e-33  4.129395161e-33
 2.435940000e+01  3.594860124e-05  5.300454049e-34  1.570835415e-33  2.073926578e-33  4.174807636e-33
 2.468880000e+01  3.411017533e-05  5.312823571e-34  1.649594034e-33  2.044883983e-33  4.225760295e-33
 2.502270000e+01  3.236498962e-05  5.316239832e-34  1.731690133e-33  2.016089671e-33  4.279404265e-33
 2.536100000e+01  3.070913006e-05  5.324947199e-34  1.820761993e-33  1.987555577e-33  4.340812608e-33
 2.570400000e+01  2.913694946e-05  5.333820087e-34  1.912803684e-33  1.959263399e-33  4.405449409e-33
 2.605150000e+01  2.764538753e-05  5.342712073e-34  2.007975952e-33  1.931234622e-33  4.473481781e-33
 2.640380000e+01  2.622936545e-05  5.351712285e-34  2.106469785e-33  1.903447760e-33  4.545088773e-33
 2.676090000e+01  2.488535135e-05  5.360765814e-34  2.208465026e-33  1.875905997e-33  4.620447047e-33
 2.712270000e+01  2.361028114e-05  5.369777167e-34  2.314137542e-33  1.848618882e-33  4.699734061e-33
 2.748950000e+01  2.239985346e-05  5.378835471e-34  2.423672748e-33  1.821565725e-33  4.783122498e-33
 2.786120000e+01  2.125134093e-05  5.396068768e-34  2.529237834e-33  1.794753688e-33  4.863598399e-33
 2.823800000e+01  2.016120915e-05  5.415072664e-34  2.634798942e-33  1.768170833e-33  4.944476962e-33
 2.861980000e+01  1.912696867e-05  5.434093271e-34  2.741483683e-33  1.741821141e-33  5.026713913e-33
 2.900680000e+01  1.814542813e-05  5.453170379e-34  2.848949080e-33  1.715691082e-33  5.109956723e-33
 2.939910000e+01  1.721385808e-05  5.472311944e-34  2.956753476e-33  1.689775087e-33  5.193760554e-33
 2.979660000e+01  1.633011146e-05  5.491426452e-34  3.064340626e-33  1.664078726e-33  5.277561997e-33
 3.019950000e+01  1.549146963e-05  5.514955919e-34  3.156424493e-33  1.638586879e-33  5.346507123e-33
 3.060790000e+01  1.469559749e-05  5.542975147e-34  3.230155408e-33  1.613293179e-33  5.397746261e-33
 3.102180000e+01  1.394046567e-05  5.570991191e-34  3.299011407e-33  1.588199219e-33  5.444309427e-33
 3.144130000e+01  1.322395544e-05  5.599000870e-34  3.362323243e-33  1.563294654e-33  5.485517825e-33
 3.186640000e+01  1.254422040e-05  5.626972351e-34  3.419438382e-33  1.538580279e-33  5.520715736e-33
 3.229730000e+01  1.189919516e-05  5.654949403e-34  3.469777499e-33  1.514047340e-33  5.549319859e-33
 3.273410000e+01  1.128709383e-05  5.682942370e-34  3.512827319e-33  1.489687880e-33  5.570809755e-33
 3.317670000e+01  1.070648101e-05  5.710881224e-34  3.548140618e-33  1.465511448e-33  5.584740587e-33
 3.362530000e+01  1.015559073e-05  5.743869269e-34  3.568419345e-33  1.441503721e-33  5.584310073e-33
 3.408000000e+01  9.632890045e-06  5.791730344e-34  3.561892401e-33  1.417665494e-33  5.558730690e-33
 3.454090000e+01  9.136928783e-06  5.840085594e-34  3.550070372e-33  1.393988809e-33  5.528067103e-33
 3.500800000e+01  8.666431996e-06  5.888939000e-34  3.533506321e-33  1.370478440e-33  5.492878741e-33
 3.548130000e+01  8.220172928e-06  5.938285786e-34  3.512847214e-33  1.347138368e-33  5.453814160e-33
 3.596110000e+01  7.796716543e-06  5.988264417e-34  3.488856993e-33  1.323952676e-33  5.411636509e-33
 3.644740000e+01  7.394980392e-06  6.038894787e-34  3.462309949e-33  1.300928526e-33  5.367128033e-33
 3.694030000e+01  7.013847528e-06  6.090255679e-34  3.434032890e-33  1.278064327e-33  5.321121910e-33
 3.743980000e+01  6.652330271e-06  6.142373353e-34  3.404852627e-33  1.255361670e-33  5.274451314e-33
 3.794610000e+01  6.309347760e-06  6.195866920e-34  3.372804392e-33  1.232818168e-33  5.225208775e-33
 3.845920000e+01  5.984012913e-06  6.250514362e-34  3.342494129e-33  1.210437800e-33  5.177983524e-33
 3.897920000e+01  5.675415068e-06  6.306293395e-34  3.315881831e-33  1.188221361e-33  5.134732373e-33
 3.950630000e+01  5.382638095e-06  6.363379885e-34  3.293599343e-33  1.166164874e-33  5.096102285e-33
 4.004050000e+01  5.104925702e-06  6.421889221e-34  3.276190180e-33  1.144276294e-33  5.062655078e-33
 4.058200000e+01  4.841456166e-06  6.482049790e-34  3.264196263e-33  1.122549257e-33  5.034950977e-33
 4.113080000e+01  4.591548482e-06  6.544016767e-34  3.258055270e-33  1.100994108e-33  5.013450736e-33
 4.168690000e+01  4.354547482e-06  6.611250181e-34  3.260930404e-33  1.079614028e-33  5.001669291e-33
 4.225060000e+01  4.129707898e-06  6.682611279e-34  3.272738109e-33  1.058404245e-33  4.999403720e-33
 4.282200000e+01  3.916411714e-06  6.756545912e-34  3.292386582e-33  1.037371123e-33  5.005411819e-33
 4.340100000e+01  3.714139868e-06  6.833272918e-34  3.320046120e-33  1.016521030e-33  5.019894123e-33
 4.398790000e+01  3.522259184e-06  6.913199735e-34  3.355978531e-33  9.958507817e-34  5.043149048e-33
 4.458270000e+01  3.340271337e-06  6.996633531e-34  3.400309549e-33  9.753683363e-34  5.075341318e-33
 4.518560000e+01  3.167641653e-06  7.085708574e-34  3.454533638e-33  9.550728980e-34  5.118177075e-33
 4.579660000e+01  3.003920401e-06  7.187837505e-34  3.524465525e-33  9.349740160e-34  5.178223848e-33
 4.641590000e+01  2.848626626e-06  7.295110324e-34  3.603766067e-33  9.150685073e-34  5.248345925e-33
 4.704350000e+01  2.701354354e-06  7.407988580e-34  3.692435264e-33  8.953643295e-34  5.328598213e-33
 4.767970000e+01  2.561649598e-06  7.527104118e-34  3.790567019e-33  8.758614828e-34  5.419139073e-33
 4.832440000e+01  2.429169797e-06  7.652928833e-34  3.898044352e-33  8.565687206e-34  5.519905638e-33
 4.897790000e+01  2.303506650e-06  7.786170964e-34  4.014886362e-33  8.374836556e-34  5.630987034e-33
 4.964020000e+01  2.184332562e-06  7.927412222e-34  4.140930711e-33  8.186126540e-34  5.752284587e-33
 5.031140000e+01  2.071316218e-06  8.082246109e-34  4.279841145e-33  7.999620820e-34  5.888027838e-33
 5.099180000e+01  1.964112468e-06  8.252438447e-34  4.432385588e-33  7.815276424e-34  6.039156597e-33
 5.168130000e+01  1.862456852e-06  8.433445364e-34  4.594275608e-33  7.633205557e-34  6.200940780e-33
 5.238010000e+01  1.766051821e-06  8.632182141e-34  4.769958792e-33  7.453418562e-34  6.378518704e-33
 5.308840000e+01  1.674617568e-06  8.843579695e-34  4.954735294e-33  7.275910667e-34  6.566684410e-33
 5.380630000e+01  1.587902452e-06  9.068473587e-34  5.148266909e-33  7.100741554e-34  6.765188025e-33
 5.453390000e+01  1.505667152e-06  9.313421002e-34  5.355368074e-33  6.927937483e-34  6.979504480e-33
 5.527130000e+01  1.427684092e-06  9.574856869e-34  5.571616670e-33  6.757529489e-34  7.204855147e-33
 5.601870000e+01  1.353727319e-06  9.852813020e-34  5.795791182e-33  6.589536672e-34  7.440026470e-33
 5.677620000e+01  1.283592967e-06  1.015405354e-33  6.031362780e-33  6.423985292e-34  7.689166822e-33
 5.754400000e+01  1.217078717e-06  1.047898427e-33  6.277437012e-33  6.260878532e-34  7.951423133e-33
 5.832210000e+01  1.154009561e-06  1.082372183e-33  6.530181428e-33  6.100272891e-34  8.222580980e-33
 5.911080000e+01  1.094195298e-06  1.119045461e-33  6.789762344e-33  5.942151659e-34  8.503019947e-33
 5.991010000e+01  1.037478722e-06  1.159194683e-33  7.062276987e-33  5.786576907e-34  8.800130395e-33
 6.072020000e+01  9.836958852e-07  1.201681891e-33  7.339958595e-33  5.633536697e-34  9.104991689e-33
 6.154130000e+01  9.326921839e-07  1.246576317e-33  7.622063119e-33  5.483035804e-34  9.416943335e-33
 6.237350000e+01  8.843273662e-07  1.294384075e-33  7.910998573e-33  5.335098101e-34  9.738889911e-33
 6.321690000e+01  8.384678954e-07  1.345304903e-33  8.206824641e-33  5.189745870e-34  1.007110198e-32
 6.407180000e+01  7.949768186e-07  1.399626077e-33  8.507858258e-33  5.046958422e-34  1.041217898e-32
 6.493820000e+01  7.537396724e-07  1.457270405e-33  8.812576312e-33  4.906765198e-34  1.076052141e-32
 6.581630000e+01  7.146378225e-07  1.518281657e-33  9.121710915e-33  4.769158243e-34  1.111690911e-32
 6.670630000e+01  6.775592536e-07  1.582505451e-33  9.432930449e-33  4.634147105e-34  1.147885133e-32
 6.760830000e+01  6.424019206e-07  1.650268056e-33  9.746688504e-33  4.501730988e-34  1.184713587e-32
 6.852250000e+01  6.090650938e-07  1.721329942e-33  1.006052614e-32  4.371905118e-34  1.221904914e-32
 6.944910000e+01  5.774535931e-07  1.796599885e-33  1.037493673e-32  4.244659149e-34  1.259600762e-32
 7.038820000e+01  5.474805317e-07  1.875355321e-33  1.068893351e-32  4.119998653e-34  1.297628448e-32
 7.134000000e+01  5.190602291e-07  1.957831800e-33  1.100262791e-32  3.997910896e-34  1.336024578e-32
 7.230470000e+01  4.921116765e-07  2.044539413e-33  1.131340181e-32  3.878386329e-34  1.374578272e-32
 7.328250000e+01  4.665582551e-07  2.134731724e-33  1.162031620e-32  3.761406650e-34  1.413118437e-32
 7.427340000e+01  4.423322028e-07  2.228785133e-33  1.192446925e-32  3.646984591e-34  1.451795475e-32
 7.527780000e+01  4.193595739e-07  2.325868057e-33  1.222145238e-32  3.535077976e-34  1.490082584e-32
 7.629570000e+01  3.975796160e-07  2.427124023e-33  1.251615163e-32  3.425688397e-34  1.528584552e-32
 7.732740000e+01  3.769281421e-07  2.530939201e-33  1.280084003e-32  3.318788796e-34  1.566365548e-32
 7.837300000e+01  3.573484333e-07  2.639588710e-33  1.308162118e-32  3.214367238e-34  1.604264319e-32
 7.943280000e+01  3.387830187e-07  2.751036959e-33  1.335204135e-32  3.112394278e-34  1.641431773e-32
 8.050690000e+01  3.211810062e-07  2.865692180e-33  1.361446397e-32  3.012854798e-34  1.678144044e-32
 8.159560000e+01  3.044908891e-07  2.983552782e-33  1.386877766e-32  2.915716170e-34  1.714389991e-32
 8.269900000e+01  2.886669623e-07  3.103169658e-33  1.410945972e-32  2.820963275e-34  1.749472515e-32
 8.381720000e+01  2.736656219e-07  3.227499112e-33  1.434548650e-32  2.728578605e-34  1.784584483e-32
 8.495060000e+01  2.594416461e-07  3.353050080e-33  1.456642539e-32  2.638516802e-34  1.818332492e-32
 8.609940000e+01  2.459549711e-07  3.481145141e-33  1.477789456e-32  2.550753991e-34  1.851412052e-32
 8.726360000e+01  2.331697308e-07  3.611473940e-33  1.497922557e-32  2.465273463e-34  1.883722097e-32
 8.844370000e+01  2.210465053e-07  3.742051818e-33  1.516403629e-32  2.382025083e-34  1.914429451e-32
 8.963960000e+01  2.095541305e-07  3.876813878e-33  1.534174870e-32  2.301000893e-34  1.944866243e-32
 9.085180000e+01  1.986572378e-07  4.011768517e-33  1.550333871e-32  2.222148372e-34  1.973732175e-32
 9.208030000e+01  1.883269093e-07  4.146658697e-33  1.564939520e-32  2.145452400e-34  2.001059874e-32
 9.332540000e+01  1.785330780e-07  4.283672800e-33  1.578657881e-32  2.070870803e-34  2.027733447e-32
 9.458740000e+01  1.692473873e-07  4.419183685e-33  1.590570628e-32  1.998367768e-34  2.052472491e-32
 9.586650000e+01  1.604437454e-07  4.555042323e-33  1.601120213e-32  1.927908283e-34  2.075903282e-32
 9.716280000e+01  1.520980064e-07  4.692519567e-33  1.610578792e-32  1.859467679e-34  2.098425298e-32
 9.847670000e+01  1.441853733e-07  4.827350065e-33  1.618194356e-32  1.793000596e-34  2.118859201e-32
 9.980830000e+01  1.366841922e-07  4.958907541e-33  1.623950194e-32  1.728476795e-34  2.137125414e-32
 1.011580000e+02  1.295722571e-07  5.092437742e-33  1.629252441e-32  1.665854099e-34  2.155154486e-32
 1.025260000e+02  1.228296536e-07  5.222946387e-33  1.632987012e-32  1.605098291e-34  2.171332586e-32
 1.039120000e+02  1.164396920e-07  5.352976771e-33  1.636151808e-32  1.546194251e-34  2.186911467e-32
 1.053170000e+02  1.103806318e-07  5.484111691e-33  1.639345252e-32  1.489075133e-34  2.202647912e-32
 1.067420000e+02  1.046325513e-07  5.610608836e-33  1.641029111e-32  1.433675685e-34  2.216426752e-32
 1.081850000e+02  9.918810428e-08  5.731454388e-33  1.641169963e-32  1.380045244e-34  2.228115886e-32
 1.096480000e+02  9.402492431e-08  5.846421553e-33  1.639878421e-32  1.328080359e-34  2.237801260e-32
 1.111310000e+02  8.912949701e-08  5.954896787e-33  1.637199843e-32  1.277755566e-34  2.245466958e-32
 1.126330000e+02  8.449180508e-08  6.056105803e-33  1.633165265e-32  1.229076435e-34  2.251066825e-32
 1.141560000e+02  8.009318895e-08  6.161191833e-33  1.631450371e-32  1.181946678e-34  2.259389037e-32
 1.157000000e+02  7.592223597e-08  6.259707947e-33  1.628974716e-32  1.136341625e-34  2.266309094e-32
 1.172650000e+02  7.196795622e-08  6.350520166e-33  1.625639624e-32  1.092233424e-34  2.271614524e-32
 1.188500000e+02  6.822206669e-08  6.437888272e-33  1.622576687e-32  1.049620483e-34  2.276861862e-32
 1.204570000e+02  6.466969876e-08  6.522474350e-33  1.619995990e-32  1.008419248e-34  2.282328039e-32
 1.220860000e+02  6.130155903e-08  6.598715138e-33  1.616865412e-32  9.686026597e-35  2.286423096e-32
 1.237370000e+02  5.810870485e-08  6.666174552e-33  1.613275672e-32  9.301428677e-35  2.289194779e-32
 1.254100000e+02  5.508254242e-08  6.735414114e-33  1.610534228e-32  8.930112237e-35  2.293005744e-32
 1.271060000e+02  5.221318729e-08  6.797856965e-33  1.607064651e-32  8.571567981e-35  2.295422512e-32
 1.288250000e+02  4.949304901e-08  6.851304378e-33  1.602508840e-32  8.225541262e-35  2.295864963e-32
 1.305670000e+02  4.691483060e-08  6.895426107e-33  1.596740269e-32  7.891724910e-35  2.294174737e-32
 1.323330000e+02  4.447018738e-08  6.930086074e-33  1.589610924e-32  7.569676474e-35  2.290189497e-32
 1.341220000e+02  4.215391224e-08  6.954906288e-33  1.580918676e-32  7.259295687e-35  2.283668919e-32
 1.359360000e+02  3.995720981e-08  6.980373466e-33  1.567197929e-32  6.959951499e-35  2.272195439e-32
 1.377740000e+02  3.787545476e-08  7.006293440e-33  1.547574920e-32  6.671550010e-35  2.254875403e-32
 1.396370000e+02  3.590190246e-08  7.022960146e-33  1.524875446e-32  6.393676620e-35  2.233564556e-32
 1.415250000e+02  3.403127126e-08  7.030231139e-33  1.499172719e-32  6.126063950e-35  2.208321786e-32
 1.434390000e+02  3.225759277e-08  7.028107217e-33  1.470612364e-32  5.868308541e-35  2.179291924e-32
 1.453780000e+02  3.057701355e-08  7.016422856e-33  1.439376615e-32  5.620298984e-35  2.146639696e-32
 1.473440000e+02  2.898329261e-08  6.995335622e-33  1.405716140e-32  5.381519619e-35  2.110630890e-32
 1.493370000e+02  2.747226164e-08  6.964835965e-33  1.369909461e-32  5.151734099e-35  2.071544824e-32
 1.513560000e+02  2.604059466e-08  6.942446047e-33  1.331368500e-32  4.930819876e-35  2.030544123e-32
 1.534030000e+02  2.468302016e-08  6.920002017e-33  1.292009483e-32  4.718306647e-35  1.988727753e-32
 1.554770000e+02  2.339656981e-08  6.889071050e-33  1.252667177e-32  4.514075841e-35  1.946088553e-32
 1.575800000e+02  2.217657259e-08  6.849873575e-33  1.213498350e-32  4.317705698e-35  1.902803183e-32
 1.597100000e+02  2.102089637e-08  6.802373782e-33  1.174629529e-32  4.129139717e-35  1.858995785e-32
 1.618700000e+02  1.992480241e-08  6.746889981e-33  1.136176899e-32  3.947902821e-35  1.814813577e-32
 1.640590000e+02  1.888591337e-08  6.683499363e-33  1.098231974e-32  3.773869278e-35  1.770356031e-32
 1.662770000e+02  1.790140753e-08  6.612384160e-33  1.060872738e-32  3.606818658e-35  1.725718639e-32
 1.685260000e+02  1.696777554e-08  6.533845970e-33  1.024166833e-32  3.446403208e-35  1.680997692e-32
 1.708050000e+02  1.608295560e-08  6.448039970e-33  9.881635980e-33  3.292487646e-35  1.636260033e-32
 1.731140000e+02  1.524452853e-08  6.355227173e-33  9.529044119e-33  3.144873823e-35  1.591571713e-32
 1.754550000e+02  1.444951845e-08  6.260812482e-33  9.189654161e-33  3.003235473e-35  1.548049998e-32
 1.778280000e+02  1.369583215e-08  6.181047208e-33  8.879381599e-33  2.867399117e-35  1.508909818e-32
 1.802330000e+02  1.298145613e-08  6.095420257e-33  8.575284249e-33  2.737179338e-35  1.469807836e-32
 1.826700000e+02  1.230445613e-08  6.004183094e-33  8.277457604e-33  2.612396292e-35  1.430776678e-32
 1.851400000e+02  1.166272500e-08  5.907615037e-33  7.985981241e-33  2.492820000e-35  1.391852153e-32
 1.876430000e+02  1.105453281e-08  5.805989035e-33  7.700934738e-33  2.378282554e-35  1.353070868e-32
 1.901810000e+02  1.047777959e-08  5.699631357e-33  7.422365842e-33  2.268529305e-35  1.314467837e-32
 1.927530000e+02  9.931164218e-09  5.588792672e-33  7.150328663e-33  2.163450437e-35  1.276075686e-32
 1.953590000e+02  9.413196398e-09  5.473777761e-33  6.884876521e-33  2.062882020e-35  1.237928633e-32
 1.980010000e+02  8.922087543e-09  5.354917666e-33  6.626020556e-33  1.966597259e-35  1.200060102e-32
 2.006780000e+02  8.456706708e-09  5.237128684e-33  6.377936992e-33  1.874488723e-35  1.163381254e-32
 2.033920000e+02  8.015457691e-09  5.130009450e-33  6.147964466e-33  1.786340757e-35  1.129583906e-32
 2.061420000e+02  7.597320625e-09  5.019871046e-33  5.923072165e-33  1.702053891e-35  1.095996642e-32
 2.089300000e+02  7.200869854e-09  4.906998360e-33  5.703335689e-33  1.621429180e-35  1.062654478e-32
 2.117550000e+02  6.825184946e-09  4.791653203e-33  5.488850529e-33  1.544366356e-35  1.029594813e-32
 2.146180000e+02  6.469111944e-09  4.674114890e-33  5.279658068e-33  1.470711836e-35  9.968478875e-33
 2.175200000e+02  6.131571315e-09  4.554655577e-33  5.075794114e-33  1.400318401e-35  9.644455326e-33
 2.204620000e+02  5.811552072e-09  4.433541848e-33  4.877285724e-33  1.333044402e-35  9.324156003e-33
 2.234430000e+02  5.508303165e-09  4.311033922e-33  4.684171891e-33  1.268799918e-35  9.007891258e-33
 2.264640000e+02  5.220896933e-09  4.193003821e-33  4.496449431e-33  1.207449666e-35  8.701525950e-33
 2.295270000e+02  4.948378585e-09  4.080088959e-33  4.314093676e-33  1.148850407e-35  8.405672826e-33
 2.326310000e+02  4.690111358e-09  3.966344900e-33  4.137106217e-33  1.092916994e-35  8.114379492e-33
 2.357760000e+02  4.445389589e-09  3.851989686e-33  3.965473527e-33  1.039549159e-35  7.827858418e-33
 2.389640000e+02  4.213395963e-09  3.737236585e-33  3.799132738e-33  9.886155980e-36  7.546255232e-33
 2.421960000e+02  3.993444021e-09  3.622451653e-33  3.638035309e-33  9.400096784e-36  7.269887448e-33
 2.454710000e+02  3.785011893e-09  3.507791657e-33  3.482146225e-33  8.936573928e-36  6.998875228e-33
 2.487900000e+02  3.587469173e-09  3.392945450e-33  3.331408987e-33  8.494560862e-36  6.732848536e-33
 2.521540000e+02  3.400224258e-09  3.274813489e-33  3.190030060e-33  8.073094700e-36  6.472916683e-33
 2.555640000e+02  3.222721492e-09  3.155983634e-33  3.055586309e-33  7.671261095e-36  6.219241211e-33
 2.590200000e+02  3.054485614e-09  3.038030723e-33  2.925438150e-33  7.288284168e-36  5.970757373e-33
 2.625230000e+02  2.895016082e-09  2.925540009e-33  2.799535449e-33  6.923310848e-36  5.731999494e-33
 2.660730000e+02  2.743883459e-09  2.815754133e-33  2.677832847e-33  6.575628122e-36  5.500162467e-33
 2.696700000e+02  2.600675445e-09  2.707114174e-33  2.560284189e-33  6.244528544e-36  5.273642807e-33
 2.733170000e+02  2.464888656e-09  2.599741087e-33  2.446794778e-33  5.929077081e-36  5.052465183e-33
 2.770130000e+02  2.336199022e-09  2.499128107e-33  2.337316867e-33  5.628733400e-36  4.842073489e-33
 2.807590000e+02  2.214224358e-09  2.404148415e-33  2.231776450e-33  5.342795630e-36  4.641266901e-33
 2.845550000e+02  2.098634442e-09  2.310472203e-33  2.130101906e-33  5.070671712e-36  4.445644786e-33
 2.884030000e+02  1.989057313e-09  2.218187801e-33  2.032202518e-33  4.811648634e-36  4.255201573e-33
 2.923030000e+02  1.885199924e-09  2.127383540e-33  1.938001890e-33  4.565187655e-36  4.069949993e-33
 2.962560000e+02  1.786756665e-09  2.038143772e-33  1.847412488e-33  4.330703882e-36  3.889886866e-33
 3.002620000e+02  1.693462080e-09  1.951299285e-33  1.760540149e-33  4.107696771e-36  3.715946428e-33
 3.043220000e+02  1.605040271e-09  1.876193272e-33  1.679480150e-33  3.895625993e-36  3.559568739e-33
 3.084370000e+02  1.521231281e-09  1.802449625e-33  1.601510939e-33  3.693972701e-36  3.407654550e-33
 3.126080000e+02  1.441790032e-09  1.730115295e-33  1.526553735e-33  3.502244311e-36  3.260171235e-33
 3.168350000e+02  1.366502570e-09  1.659243599e-33  1.454540898e-33  3.320026226e-36  3.117104469e-33
 3.211200000e+02  1.295131263e-09  1.589867959e-33  1.385384892e-33  3.146815514e-36  2.978400140e-33
 3.254620000e+02  1.227500441e-09  1.522031348e-33  1.319023647e-33  2.982266810e-36  2.844037558e-33
 3.298630000e+02  1.163395749e-09  1.455760821e-33  1.255370423e-33  2.825929705e-36  2.713957836e-33
 3.343230000e+02  1.102644259e-09  1.391085822e-33  1.194351214e-33  2.677442122e-36  2.588114023e-33
 3.388440000e+02  1.045055327e-09  1.328020676e-33  1.135882463e-33  2.536397420e-36  2.466439273e-33
 3.434260000e+02  9.904745682e-10  1.266586072e-33  1.079888571e-33  2.402467739e-36  2.348876291e-33
 3.480700000e+02  9.387429155e-10  1.206794743e-33  1.026291552e-33  2.275307714e-36  2.235361415e-33
 3.527770000e+02  8.897101226e-10  1.154974690e-33  9.750150124e-34  2.154594260e-36  2.132143864e-33
 3.575470000e+02  8.432436364e-10  1.105773531e-33  9.267950435e-34  2.040037715e-36  2.034608940e-33
 3.623820000e+02  7.991986131e-10  1.057885400e-33  8.809998002e-34  1.931311812e-36  1.940815749e-33
 3.672820000e+02  7.574565065e-10  1.011313480e-33  8.371828528e-34  1.828157923e-36  1.850324228e-33
 3.722490000e+02  7.178880826e-10  9.660577722e-34  7.952754464e-34  1.730281612e-36  1.763063551e-33
 3.772830000e+02  6.803871697e-10  9.221166839e-34  7.552158289e-34  1.637442555e-36  1.678970058e-33
 3.823840000e+02  6.448517916e-10  8.794878282e-34  7.169437602e-34  1.549412364e-36  1.597980882e-33
 3.875550000e+02  6.111652228e-10  8.381584726e-34  6.803884958e-34  1.465918885e-36  1.520013263e-33
 3.927960000e+02  5.792373963e-10  7.981222509e-34  6.454913872e-34  1.386755216e-36  1.445000355e-33
 3.981070000e+02  5.489817756e-10  7.593699321e-34  6.121943428e-34  1.311721618e-36  1.372876110e-33
 4.034910000e+02  5.202998658e-10  7.252819672e-34  5.804325070e-34  1.240583338e-36  1.306954928e-33
 4.089470000e+02  4.931198935e-10  6.926535328e-34  5.501520854e-34  1.173176445e-36  1.243978908e-33
 4.144770000e+02  4.673583149e-10  6.610669266e-34  5.214348041e-34  1.109298017e-36  1.183610643e-33
 4.200810000e+02  4.429454333e-10  6.305122810e-34  4.945574335e-34  1.048784124e-36  1.126118307e-33
 4.257620000e+02  4.198025385e-10  6.009697813e-34  4.689229039e-34  9.914453729e-37  1.070884380e-33
 4.315190000e+02  3.978714849e-10  5.724301965e-34  4.444876863e-34  9.371432979e-37  1.017854748e-33
 4.373540000e+02  3.770852557e-10  5.448741096e-34  4.212035569e-34  8.857131738e-37  9.669633638e-34
 4.432680000e+02  3.573843303e-10  5.182861623e-34  3.990242811e-34  8.370117612e-37  9.181473597e-34
 4.492620000e+02  3.387122934e-10  4.928776327e-34  3.779058525e-34  7.908997996e-37  8.715746444e-34
 4.553370000e+02  3.210156678e-10  4.701071758e-34  3.578052198e-34  7.472464635e-37  8.286593098e-34
 4.614950000e+02  3.042411229e-10  4.481360747e-34  3.386789337e-34  7.059205297e-37  7.875208605e-34
 4.677350000e+02  2.883460327e-10  4.269524722e-34  3.204896723e-34  6.668153644e-37  7.481090037e-34
 4.740600000e+02  2.732797059e-10  4.065368718e-34  3.031947025e-34  6.298059514e-37  7.103614300e-34
 4.804700000e+02  2.590015337e-10  3.868738357e-34  2.867578166e-34  5.947905906e-37  6.742264939e-34
 4.869680000e+02  2.454664843e-10  3.679437080e-34  2.711392258e-34  5.616572371e-37  6.396445916e-34
 4.935520000e+02  2.326421097e-10  3.497335177e-34  2.563071788e-34  5.303218570e-37  6.065710008e-34
 5.002260000e+02  2.204858375e-10  3.322684113e-34  2.422420199e-34  5.006802834e-37  5.750110531e-34
 5.069910000e+02  2.089633649e-10  3.164786494e-34  2.292755075e-34  4.726429120e-37  5.462267675e-34
 5.138460000e+02  1.980451890e-10  3.012907319e-34  2.169495142e-34  4.461371682e-37  5.186863574e-34
 5.207950000e+02  1.876954426e-10  2.866862765e-34  2.052336414e-34  4.210704238e-37  4.923410418e-34
 5.278370000e+02  1.778877463e-10  2.726519140e-34  1.941032200e-34  3.973766295e-37  4.671525439e-34
 5.349750000e+02  1.685914245e-10  2.591704558e-34  1.835308754e-34  3.749761283e-37  4.430763003e-34
 5.422090000e+02  1.597814271e-10  2.462275780e-34  1.734928140e-34  3.538058153e-37  4.200741934e-34
 5.495410000e+02  1.514314993e-10  2.339288797e-34  1.639643667e-34  3.337979699e-37  3.982269944e-34
 5.569720000e+02  1.435179734e-10  2.226211597e-34  1.549226153e-34  3.148918746e-37  3.778586631e-34
 5.645040000e+02  1.360173993e-10  2.117652807e-34  1.463448800e-34  2.970274485e-37  3.584071438e-34
 5.721370000e+02  1.289095026e-10  2.013489875e-34  1.382107892e-34  2.801520111e-37  3.398398894e-34
 5.798740000e+02  1.221722957e-10  1.913576381e-34  1.304983794e-34  2.642093013e-37  3.221202147e-34
 5.877150000e+02  1.157876107e-10  1.817788183e-34  1.231887907e-34  2.491520500e-37  3.052167661e-34
 5.956620000e+02  1.097365320e-10  1.725993182e-34  1.162626859e-34  2.349313967e-37  2.890969168e-34
 6.037170000e+02  1.040012415e-10  1.639928555e-34  1.097014438e-34  2.215016639e-37  2.739158430e-34
 6.118810000e+02  9.856558886e-11  1.558262175e-34  1.034878757e-34  2.088208346e-37  2.595229044e-34
 6.201550000e+02  9.341421295e-11  1.480074126e-34  9.760542941e-35  1.968493590e-37  2.458097166e-34
 6.285410000e+02  8.853194321e-11  1.406380612e-34  9.203747331e-35  1.855475277e-37  2.328611092e-34
 6.370400000e+02  8.390500123e-11  1.335819268e-34  8.676896723e-35  1.748800085e-37  2.205258053e-34
 6.456540000e+02  7.951978899e-11  1.269216904e-34  8.178487103e-35  1.648114689e-37  2.088714459e-34
 6.543850000e+02  7.536347896e-11  1.205551743e-34  7.707109154e-35  1.553087252e-37  1.977816090e-34
 6.632340000e+02  7.142439492e-11  1.145085597e-34  7.261416426e-35  1.463418561e-37  1.872690272e-34
 6.722020000e+02  6.769142406e-11  1.087507318e-34  6.840129313e-35  1.378815772e-37  1.772898531e-34
 6.812920000e+02  6.415324004e-11  1.032722207e-34  6.441980941e-35  1.298990815e-37  1.678218847e-34
 6.905050000e+02  6.079993151e-11  9.807994988e-35  6.065803909e-35  1.223686653e-37  1.588604269e-34
 6.998420000e+02  5.762206115e-11  9.311542974e-35  5.710498457e-35  1.152658189e-37  1.503356902e-34
 7.093060000e+02  5.461003043e-11  8.846715047e-35  5.386158190e-35  1.085660325e-37  1.424372283e-34
 7.188970000e+02  5.175569886e-11  8.402553390e-35  5.079545396e-35  1.022481383e-37  1.349232051e-34
 7.286180000e+02  4.905044473e-11  7.978015537e-35  4.789458456e-35  9.629017297e-38  1.277710207e-34
 7.384710000e+02  4.648642933e-11  7.572357439e-35  4.515068968e-35  9.067200347e-38  1.209649187e-34
 7.484570000e+02  4.405647581e-11  7.184884385e-35  4.255598664e-35  8.537508824e-38  1.144901773e-34
 7.585780000e+02  4.175352745e-11  6.821290143e-35  4.010286784e-35  8.038152232e-38  1.083961346e-34
 7.688350000e+02  3.957111677e-11  6.475214881e-35  3.778426680e-35  7.567462628e-38  1.026121256e-34
 7.792320000e+02  3.750250668e-11  6.144722480e-35  3.559298971e-35  7.123747401e-38  9.711149205e-35
 7.897690000e+02  3.554212448e-11  5.829255101e-35  3.352281362e-35  6.705573358e-38  9.188245639e-35
 8.004480000e+02  3.368428265e-11  5.529988103e-35  3.156734846e-35  6.311499353e-38  8.693035034e-35
 8.112720000e+02  3.192344260e-11  5.248604551e-35  2.972057816e-35  5.940131187e-38  8.226599642e-35
 8.222430000e+02  3.025454226e-11  4.980068782e-35  2.797682090e-35  5.590189256e-38  7.783340393e-35
 8.333610000e+02  2.867306270e-11  4.723888211e-35  2.633086435e-35  5.260526052e-38  7.362234717e-35
 8.446300000e+02  2.717415225e-11  4.479540014e-35  2.477739274e-35  4.949937568e-38  6.962229007e-35
 8.560520000e+02  2.575351248e-11  4.246537177e-35  2.331148818e-35  4.657342346e-38  6.582343665e-35
 8.676280000e+02  2.440718296e-11  4.024433271e-35  2.192858292e-35  4.381750442e-38  6.221673099e-35
 8.793600000e+02  2.313128212e-11  3.812775500e-35  2.062426041e-35  4.122191012e-38  5.879324450e-35
 8.912510000e+02  2.192203445e-11  3.611116638e-35  1.939425531e-35  3.877739364e-38  5.554419183e-35
 9.033030000e+02  2.077597517e-11  3.420413206e-35  1.823454098e-35  3.647532880e-38  5.247515136e-35
 9.155180000e+02  1.968981972e-11  3.241943219e-35  1.714136934e-35  3.430763848e-38  4.959510738e-35
 9.278980000e+02  1.866045410e-11  3.071922768e-35  1.611107982e-35  3.226665936e-38  4.686257616e-35
 9.404450000e+02  1.768492584e-11  2.909999325e-35  1.514030629e-35  3.034514194e-38  4.427064242e-35
 9.531620000e+02  1.676036515e-11  2.755817973e-35  1.422572241e-35  2.853621073e-38  4.181244658e-35
 9.660510000e+02  1.588413110e-11  2.609047672e-35  1.336425649e-35  2.683336425e-38  3.948157469e-35
 9.791140000e+02  1.505371833e-11  2.469370111e-35  1.255301191e-35  2.523055461e-38  3.727193908e-35
 9.923540000e+02  1.426669250e-11  2.336474142e-35  1.178914776e-35  2.372194082e-38  3.517761123e-35
 1.005770000e+03  1.352097112e-11  2.211946540e-35  1.107788432e-35  2.230246175e-38  3.321965529e-35
 1.019370000e+03  1.281409174e-11  2.095750699e-35  1.041719236e-35  2.096640375e-38  3.139566006e-35
 1.033160000e+03  1.214387677e-11  1.985127669e-35  9.794244001e-36  1.970861815e-38  2.966522407e-35
 1.047130000e+03  1.150899944e-11  1.879892829e-35  9.207280571e-36  1.852570700e-38  2.802473449e-35
 1.061290000e+03  1.090726383e-11  1.779770045e-35  8.654161439e-36  1.741268077e-38  2.646928140e-35
 1.075640000e+03  1.033704236e-11  1.684546051e-35  8.133080198e-36  1.636564019e-38  2.499490980e-35
 1.090180000e+03  9.796772730e-12  1.594009171e-35  7.642306832e-36  1.538092469e-38  2.359778405e-35
 1.104930000e+03  9.284285120e-12  1.507888044e-35  7.179847927e-36  1.445381531e-38  2.227317724e-35
 1.119870000e+03  8.798904026e-12  1.426060917e-35  6.744538467e-36  1.358233855e-38  2.101873390e-35
 1.135010000e+03  8.338954594e-12  1.348309748e-35  6.334720059e-36  1.276278608e-38  1.983057859e-35
 1.150360000e+03  7.902899560e-12  1.274424453e-35  5.948871181e-36  1.199174405e-38  1.870511441e-35
 1.165910000e+03  7.489838916e-12  1.204265771e-35  5.585815679e-36  1.126700814e-38  1.763973917e-35
 1.181680000e+03  7.098129866e-12  1.137615660e-35  5.244055107e-36  1.058507696e-38  1.663080029e-35
 1.197660000e+03  6.726978638e-12  1.074345204e-35  4.922538249e-36  9.943992887e-39  1.567593429e-35
 1.213850000e+03  6.375360361e-12  1.015437981e-35  4.622563012e-36  9.341456145e-39  1.478628203e-35
 1.230270000e+03  6.041900352e-12  9.596891871e-36  4.340581833e-36  8.774586027e-39  1.394624633e-35
 1.246900000e+03  5.726102428e-12  9.073765489e-36  4.076502402e-36  8.242053587e-39  1.315850893e-35
 1.263770000e+03  5.426547828e-12  8.584475447e-36  3.829326818e-36  7.741005974e-39  1.242154197e-35
 1.280860000e+03  5.142794815e-12  8.119846464e-36  3.596706749e-36  7.270248730e-39  1.172382262e-35
 1.298180000e+03  4.873894321e-12  7.678595751e-36  3.377764456e-36  6.827801967e-39  1.106318636e-35
 1.315730000e+03  4.619111386e-12  7.259676067e-36  3.171747136e-36  6.412045488e-39  1.043783476e-35
 1.333520000e+03  4.377609917e-12  6.861939111e-36  2.977874929e-36  6.021246892e-39  9.845834075e-36
 1.351550000e+03  4.148740277e-12  6.484421199e-36  2.795484956e-36  5.653997656e-39  9.285560929e-36
 1.369830000e+03  3.931763796e-12  6.126097372e-36  2.623881709e-36  5.308771486e-39  8.755288490e-36
 1.388350000e+03  3.726211674e-12  5.786206872e-36  2.462523265e-36  4.984499656e-39  8.253711687e-36
 1.407130000e+03  3.531308343e-12  5.463680175e-36  2.310739584e-36  4.679662235e-39  7.779099710e-36
 1.426150000e+03  3.346730372e-12  5.157933184e-36  2.168087416e-36  4.393460267e-39  7.330414073e-36
 1.445440000e+03  3.171685965e-12  4.867897174e-36  2.033927757e-36  4.124391329e-39  6.905949431e-36
 1.464990000e+03  3.005803610e-12  4.592941890e-36  1.907827704e-36  3.871636568e-39  6.504641038e-36
 1.484800000e+03  2.848630202e-12  4.332367847e-36  1.789329687e-36  3.634248217e-39  6.125331041e-36
 1.504870000e+03  2.699731167e-12  4.088578284e-36  1.678576945e-36  3.411343762e-39  5.770565920e-36
 1.525220000e+03  2.558556019e-12  3.866544406e-36  1.576112993e-36  3.201882328e-39  5.445859596e-36
 1.545850000e+03  2.424732436e-12  3.655814508e-36  1.479704090e-36  3.005098382e-39  5.138523443e-36
 1.566750000e+03  2.297960834e-12  3.455933406e-36  1.389041477e-36  2.820366444e-39  4.847795109e-36
 1.587940000e+03  2.177775897e-12  3.266273235e-36  1.303754322e-36  2.646812753e-39  4.572674304e-36
 1.609410000e+03  2.063909997e-12  3.086419396e-36  1.223565695e-36  2.483877084e-39  4.312469500e-36
 1.631170000e+03  1.955998526e-12  2.915859410e-36  1.148167633e-36  2.330873480e-39  4.066357866e-36
 1.653230000e+03  1.853702774e-12  2.754115016e-36  1.077274451e-36  2.187166911e-39  3.833576255e-36
 1.675590000e+03  1.756749555e-12  2.600772411e-36  1.010631501e-36  2.052221822e-39  3.613456215e-36
 1.698240000e+03  1.664915524e-12  2.455477476e-36  9.480159678e-37  1.925590987e-39  3.405418423e-36
 1.721210000e+03  1.577831065e-12  2.317732056e-36  8.891517163e-37  1.806631421e-39  3.208690181e-36
 1.744480000e+03  1.495337901e-12  2.187250467e-36  8.338565145e-37  1.694998552e-39  3.022801982e-36
 1.768070000e+03  1.417140068e-12  2.063620499e-36  7.818995079e-37  1.590178311e-39  2.847110840e-36
 1.791980000e+03  1.343028247e-12  1.946516679e-36  7.330917799e-37  1.491775197e-39  2.681099502e-36
 1.816210000e+03  1.272801312e-12  1.835622290e-36  6.872532464e-37  1.399419971e-39  2.524274588e-36
 1.840770000e+03  1.206240051e-12  1.730615041e-36  6.442021526e-37  1.312721111e-39  2.376129983e-36
 1.865660000e+03  1.143164558e-12  1.631210047e-36  6.037795027e-37  1.231353943e-39  2.236220852e-36
 1.890890000e+03  1.083379212e-12  1.537111278e-36  5.658243114e-37  1.154975485e-39  2.104090418e-36
 1.916460000e+03  1.026722871e-12  1.448064088e-36  5.301945330e-37  1.083296874e-39  1.979341591e-36
 1.942380000e+03  9.730207649e-13  1.363800299e-36  4.967480422e-37  1.016018896e-39  1.861563750e-36
 1.968640000e+03  9.221471189e-13  1.284105053e-36  4.653651543e-37  9.529083908e-40  1.750423466e-36
 1.995260000e+03  8.739244678e-13  1.208717335e-36  4.359121793e-37  8.936733083e-40  1.645523647e-36
 2.022240000e+03  8.282233306e-13  1.140699287e-36  4.102421581e-37  8.380908317e-40  1.551779794e-36
 2.049590000e+03  7.849040167e-13  1.076962507e-36  3.864495286e-37  7.859276400e-40  1.464197624e-36
 2.077300000e+03  7.438645021e-13  1.016604586e-36  3.640078063e-37  7.370015802e-40  1.381348723e-36
 2.105390000e+03  7.049634602e-13  9.594337434e-37  3.428351854e-37  6.910886418e-40  1.302960139e-36
 2.133860000e+03  6.680964602e-13  9.052979853e-37  3.228641845e-37  6.480135952e-40  1.228809851e-36
 2.162720000e+03  6.331514789e-13  8.540373613e-37  3.040263667e-37  6.075952424e-40  1.158671859e-36
 2.191960000e+03  6.000454986e-13  8.055237515e-37  2.862648342e-37  5.696920153e-40  1.092358360e-36
 2.221600000e+03  5.686656630e-13  7.596004680e-37  2.695140947e-37  5.341298777e-40  1.029648925e-36
 2.251650000e+03  5.389179546e-13  7.161328657e-37  2.537170117e-37  5.007609749e-40  9.703509768e-37
 2.282090000e+03  5.107410373e-13  6.750175735e-37  2.388284646e-37  4.694779568e-40  9.143157044e-37
 2.312950000e+03  4.840301461e-13  6.361128639e-37  2.247902029e-37  4.401269205e-40  8.613433689e-37
 2.344230000e+03  4.587140060e-13  5.993110685e-37  2.115562306e-37  4.125956618e-40  8.112795900e-37
 2.375930000e+03  4.347241123e-13  5.645073043e-37  1.990835761e-37  3.867764328e-40  7.639776268e-37
 2.408060000e+03  4.119878639e-13  5.315956536e-37  1.873281532e-37  3.625606104e-40  7.192863618e-37
 2.440620000e+03  3.904435441e-13  5.004821355e-37  1.762510488e-37  3.398534972e-40  6.770730596e-37
 2.473620000e+03  3.700259448e-13  4.710702224e-37  1.658133493e-37  3.185588045e-40  6.372021999e-37
 2.507070000e+03  3.506738673e-13  4.442406779e-37  1.559783696e-37  2.985872465e-40  6.005177017e-37
 2.540970000e+03  3.323350573e-13  4.190645145e-37  1.467130850e-37  2.798606780e-40  5.660574734e-37
 2.575330000e+03  3.149544545e-13  3.952403723e-37  1.379847892e-37  2.623000786e-40  5.334873692e-37
 2.610160000e+03  2.984803282e-13  3.726971887e-37  1.297625265e-37  2.458314413e-40  5.027055300e-37
 2.645450000e+03  2.828725893e-13  3.513755989e-37  1.220201160e-37  2.303950829e-40  4.736260916e-37
 2.681230000e+03  2.680758032e-13  3.312035056e-37  1.147269999e-37  2.159167578e-40  4.461463992e-37
 2.717480000e+03  2.540581926e-13  3.121304568e-37  1.078609761e-37  2.023475256e-40  4.201937984e-37
 2.754230000e+03  2.407700617e-13  2.940917560e-37  1.013950678e-37  1.896225309e-40  3.956765364e-37
 2.791470000e+03  2.281791991e-13  2.770386221e-37  9.530834612e-38  1.776949820e-40  3.725246647e-37
 2.829220000e+03  2.162447542e-13  2.609160672e-37  8.957781324e-38  1.665111641e-40  3.506603565e-37
 2.867480000e+03  2.049346320e-13  2.456772202e-37  8.418373391e-38  1.560273097e-40  3.300170055e-37
 2.906250000e+03  1.942180064e-13  2.312773584e-37  7.910729601e-38  1.462013223e-40  3.105308700e-37
 2.945550000e+03  1.840603079e-13  2.176694516e-37  7.432944075e-38  1.369893546e-40  2.921359009e-37
 2.985380000e+03  1.744341746e-13  2.048133927e-37  6.983350459e-38  1.283547215e-40  2.747752001e-37
 3.025750000e+03  1.653111454e-13  1.930526382e-37  6.560300705e-38  1.202608968e-40  2.587759107e-37
 3.066670000e+03  1.566644002e-13  1.821380310e-37  6.162254988e-38  1.126739011e-40  2.438732785e-37
 3.108140000e+03  1.484705607e-13  1.718127744e-37  5.787813541e-38  1.055634949e-40  2.297965012e-37
 3.150170000e+03  1.407053977e-13  1.620459926e-37  5.435607631e-38  9.889943868e-41  2.165009360e-37
 3.192760000e+03  1.333477391e-13  1.528092764e-37  5.104373567e-38  9.265491491e-41  2.039456800e-37
 3.235940000e+03  1.263725901e-13  1.440722270e-37  4.792792752e-38  8.680079822e-41  1.920869656e-37
 3.279690000e+03  1.197643242e-13  1.358121651e-37  4.499848185e-38  8.131623930e-41  1.808920069e-37
 3.324040000e+03  1.135004430e-13  1.280015566e-37  4.224367690e-38  7.617548689e-41  1.703214131e-37
 3.368990000e+03  1.075641261e-13  1.206176426e-37  3.965362914e-38  7.135808162e-41  1.603426369e-37
 3.414550000e+03  1.019380221e-13  1.136379822e-37  3.721868584e-38  6.684352434e-41  1.509235290e-37
 3.460720000e+03  9.660686193e-14  1.070418851e-37  3.493000592e-38  6.261365546e-41  1.420345663e-37
 3.507520000e+03  9.155390452e-14  1.008081839e-37  3.277871652e-38  5.864976632e-41  1.336455888e-37
 3.554950000e+03  8.676551057e-14  9.491833693e-38  3.075694740e-38  5.493571861e-41  1.257302565e-37
 3.603020000e+03  8.222767170e-14  8.935412097e-38  2.885712280e-38  5.145582761e-41  1.182627065e-37
 3.651740000e+03  7.792715358e-14  8.409810855e-38  2.707199321e-38  4.819537149e-41  1.112182700e-37
 3.701120000e+03  7.385144867e-14  7.913381918e-38  2.539477068e-38  4.514044010e-41  1.045737103e-37
 3.751170000e+03  6.998873243e-14  7.444565569e-38  2.381908899e-38  4.227811007e-41  9.830706398e-38
 3.801890000e+03  6.632852025e-14  7.001941348e-38  2.233910718e-38  3.959681083e-41  9.239811841e-38
 3.853300000e+03  6.285944564e-14  6.584048214e-38  2.094896037e-38  3.708460575e-41  8.682650174e-38
 3.905410000e+03  5.957150817e-14  6.189561202e-38  1.964333279e-38  3.473083147e-41  8.157367242e-38
 3.958220000e+03  5.645581301e-14  5.817269938e-38  1.841733044e-38  3.252598642e-41  7.662256108e-38
 4.011750000e+03  5.350275476e-14  5.470246112e-38  1.726609111e-38  3.046029850e-41  7.199901449e-38
 4.065990000e+03  5.070485297e-14  5.156689389e-38  1.618538926e-38  2.852568263e-41  6.778081167e-38
 4.120980000e+03  4.805248454e-14  4.860251370e-38  1.517067305e-38  2.671293966e-41  6.379990091e-38
 4.176700000e+03  4.553945468e-14  4.580127530e-38  1.421830578e-38  2.501527367e-41  6.004460024e-38
 4.233180000e+03  4.315757677e-14  4.315385219e-38  1.332438022e-38  2.342487812e-41  5.650166001e-38
 4.290420000e+03  4.090041917e-14  4.065240599e-38  1.248546655e-38  2.193529926e-41  5.315981205e-38
 4.348440000e+03  3.876109375e-14  3.828891529e-38  1.169818275e-38  2.053986850e-41  5.000763699e-38
 4.407240000e+03  3.673381771e-14  3.605627384e-38  1.095951283e-38  1.923300748e-41  4.703502054e-38
 4.466840000e+03  3.481241602e-14  3.394731169e-38  1.026644876e-38  1.800884336e-41  4.423176883e-38
 4.527240000e+03  3.299168676e-14  3.195563081e-38  9.616316732e-39  1.686240256e-41  4.158881001e-38
 4.588460000e+03  3.126609162e-14  3.007476157e-38  9.006466821e-39  1.578862395e-41  3.909701656e-38
 4.650500000e+03  2.963094947e-14  2.829897437e-38  8.434511702e-39  1.478308302e-41  3.674827953e-38
 4.713390000e+03  2.808105293e-14  2.662227705e-38  7.898064051e-39  1.384117223e-41  3.453417962e-38
 4.777130000e+03  2.661223477e-14  2.503956072e-38  7.395023022e-39  1.295904800e-41  3.244754691e-38
 4.841720000e+03  2.522049240e-14  2.354590749e-38  6.923397588e-39  1.213310547e-41  3.048144224e-38
 4.907200000e+03  2.390120682e-14  2.213611301e-38  6.481169663e-39  1.135942146e-41  2.862863997e-38
 4.973550000e+03  2.265121475e-14  2.080605515e-38  6.066656184e-39  1.063506752e-41  2.688334686e-38
 5.040810000e+03  2.146637396e-14  1.958630758e-38  5.678067454e-39  9.956605916e-42  2.527433813e-38
 5.108970000e+03  2.034366105e-14  1.845576636e-38  5.313891501e-39  9.321362834e-42  2.377897399e-38
 5.178060000e+03  1.927954110e-14  1.738757408e-38  4.972574176e-39  8.726449614e-42  2.236886915e-38
 5.248070000e+03  1.827128032e-14  1.637861928e-38  4.652770620e-39  8.169478933e-42  2.103955932e-38
 5.319040000e+03  1.731557233e-14  1.542548011e-38  4.353091412e-39  7.647843833e-42  1.978621414e-38
 5.390970000e+03  1.640984966e-14  1.452526792e-38  4.072325381e-39  7.159407657e-42  1.860475130e-38
 5.463870000e+03  1.555153228e-14  1.367516567e-38  3.809312288e-39  6.702083886e-42  1.749118395e-38
 5.537750000e+03  1.473816985e-14  1.287252342e-38  3.562961126e-39  6.273905364e-42  1.644176400e-38
 5.612630000e+03  1.396733595e-14  1.211469920e-38  3.332227044e-39  5.872994062e-42  1.545279906e-38
 5.688530000e+03  1.323674745e-14  1.139924998e-38  3.116131236e-39  5.497586544e-42  1.452088320e-38
 5.765450000e+03  1.254442862e-14  1.072397147e-38  2.913784825e-39  5.146127071e-42  1.364290496e-38
 5.843410000e+03  1.188832007e-14  1.008665142e-38  2.724322006e-39  4.817070247e-42  1.281579264e-38
 5.922430000e+03  1.126648269e-14  9.485204890e-39  2.546937456e-39  4.508970150e-42  1.203664961e-38
 6.002520000e+03  1.067716070e-14  8.917698152e-39  2.380878371e-39  4.220509774e-42  1.130279413e-38
 6.083680000e+03  1.011875098e-14  8.382348670e-39  2.225453224e-39  3.950495455e-42  1.061175132e-38
 6.165950000e+03  9.589466552e-15  7.877305472e-39  2.079972874e-39  3.697665891e-42  9.960974719e-39
 6.249330000e+03  9.087881765e-15  7.411135869e-39  1.943825369e-39  3.460980209e-42  9.358422062e-39
 6.333830000e+03  8.612573121e-15  6.977686931e-39  1.816429795e-39  3.239419022e-42  8.797353141e-39
 6.419480000e+03  8.162085438e-15  6.568419199e-39  1.697221947e-39  3.031985222e-42  8.268672251e-39
 6.506290000e+03  7.735151907e-15  6.182040335e-39  1.585694121e-39  2.837793910e-42  7.770572188e-39
 6.594270000e+03  7.330566951e-15  5.817328825e-39  1.481361689e-39  2.656015092e-42  7.301346810e-39
 6.683440000e+03  6.947142000e-15  5.473108514e-39  1.383770265e-39  2.485849014e-42  6.859364780e-39
 6.773820000e+03  6.583755308e-15  5.148240648e-39  1.292490927e-39  2.326549240e-42  6.443057625e-39
 6.865410000e+03  6.239420422e-15  4.841719369e-39  1.207128969e-39  2.177448910e-42  6.051025577e-39
 6.958250000e+03  5.913054733e-15  4.552494253e-39  1.127300828e-39  2.037864455e-42  5.681833060e-39
 7.052340000e+03  5.603777313e-15  4.285125885e-39  1.052660343e-39  1.907210979e-42  5.339692904e-39
 7.147710000e+03  5.310653190e-15  4.037076540e-39  9.828716961e-40  1.784904384e-42  5.021733955e-39
 7.244360000e+03  5.032888582e-15  3.802820358e-39  9.176340850e-40  1.670433783e-42  4.722124774e-39
 7.342320000e+03  4.769643618e-15  3.581596579e-39  8.566506854e-40  1.563281921e-42  4.439810166e-39
 7.441610000e+03  4.520154400e-15  3.372700146e-39  7.996485468e-40  1.462982476e-42  4.173811326e-39
 7.542230000e+03  4.283744009e-15  3.175484889e-39  7.463791486e-40  1.369113687e-42  3.923233009e-39
 7.644220000e+03  4.059677841e-15  2.989289521e-39  6.965956415e-40  1.281247426e-42  3.687166440e-39
 7.747590000e+03  3.847329850e-15  2.813529147e-39  6.500772777e-40  1.199005700e-42  3.464805498e-39
 7.852360000e+03  3.646084855e-15  2.647634788e-39  6.066133360e-40  1.122028821e-42  3.255370326e-39
 7.958540000e+03  3.455378152e-15  2.491077254e-39  5.660091699e-40  1.049987336e-42  3.058135971e-39
 8.066160000e+03  3.274639241e-15  2.343340086e-39  5.280775336e-40  9.825589567e-43  2.872399765e-39
 8.175230000e+03  3.103362054e-15  2.203946617e-39  4.926480517e-40  9.194540217e-43  2.697514743e-39
 8.285780000e+03  2.941035900e-15  2.072436091e-39  4.595567151e-40  8.603916224e-43  2.532853039e-39
 8.397820000e+03  2.787206863e-15  1.948381975e-39  4.286535998e-40  8.051163148e-43  2.377840899e-39
 8.511380000e+03  2.641417427e-15  1.831372057e-39  3.997953868e-40  7.533822844e-43  2.231921281e-39
 8.626470000e+03  2.503260156e-15  1.721025160e-39  3.728501366e-40  7.049683852e-43  2.094580114e-39
 8.743120000e+03  2.372324898e-15  1.616968067e-39  3.476926739e-40  6.596576891e-43  1.965320836e-39
 8.861350000e+03  2.248235565e-15  1.518857798e-39  3.242064177e-40  6.172526848e-43  1.843681896e-39
 8.981180000e+03  2.130635729e-15  1.426365699e-39  3.022823468e-40  5.775674793e-43  1.729225619e-39
 9.102630000e+03  2.019187554e-15  1.341618079e-39  2.818186817e-40  5.404293896e-43  1.623977251e-39
 9.225710000e+03  1.913579103e-15  1.262031058e-39  2.627210434e-40  5.056775894e-43  1.525257418e-39
 9.350470000e+03  1.813481905e-15  1.186937777e-39  2.448971222e-40  4.731522874e-43  1.432308544e-39
 9.476910000e+03  1.718625786e-15  1.116101095e-39  2.282654307e-40  4.427166101e-43  1.344809135e-39
 9.605060000e+03  1.628730989e-15  1.049284667e-39  2.127471075e-40  4.142353556e-43  1.262445656e-39
 9.734940000e+03  1.543540015e-15  9.862696542e-40  1.982687823e-40  3.875833484e-43  1.184925263e-39
 9.866580000e+03  1.462802678e-15  9.268435857e-40  1.847617798e-40  3.626424160e-43  1.111967841e-39
 1.000000000e+04  1.386288433e-15  8.707908063e-40  1.721620400e-40  3.393036168e-43  1.043292483e-39
