# model = zubko_BARE_GR_S_euv
# Size-integrated extinction, albedo and scattering asymmetry per H
# for the Zubko, Dwek & Arendt (2004) BARE-GR-S dust model.
#
# Model definition: ZDA 2004, ApJS 152, 211, bare grains, PAH +
#   graphite + silicate; the files are the copies distributed with the
#   Camps et al. (2015) radiative-transfer benchmark.
# Optics (all three components): the ZDA optics tables
#   ../data/zubko/PAH_28_1201_neu.dat, Gra_121_1201.dat, suvSil_121_1201.dat
#   A HOMOGENEOUS-SPHERE Mie calculation: ZDA 2004 sec. 3 says so for
#   the bare grains (that paper's effective-medium step belongs to its
#   COMPOSITE models), and each file names the dielectric function it
#   came from -- Draine's eps_Sil and eps_Gra.  The PAH file is not Mie:
#   it names the Li & Draine (2001) / Draine & Li (2007) cross sections.
#   Checked against Bohren-Huffman Mie on the published eps_Sil: at
#   fixed wavelength the Q ratio is radius-independent to 4 digits over
#   3.55e-4 - 100 um and <cos> agrees to ~1e-4, leaving a 0.5-2% infrared
#   residual that lies in the refractive index (the published file is on
#   a different wavelength grid).  So Q_sca and <cos> are read from the
#   same file as Q_abs rather than recomputed.
# Size distribution: the ZDA log-polynomial FORMULA evaluated on the
#   optics-table radii, with the coefficients read from
#   ../data/zubko/ZDA_BARE_GR_S_Config.dat
#
# Wavelength range:  1.000000E-03 -  1.000000E+04 um, 1201 points.
#   The range is the ZDA optics table itself, 1.24 keV down to 1.24e-4 eV.
#   This model needs no EUV EXTENSION and could not have one: its
#   tabulated optics already cover the whole ionizing band, and those
#   tables ARE the model definition, so there is no dielectric
#   function to extend them with.
#
# Column order follows Draine's kext_albedo tables and MoCHII's
#   par%ion_dust_kext reader: the first four columns are
#   lambda, albedo, <cos>, C_ext/H, and a reader may stop there.
#   Draine's 5th column is K_abs [cm^2/g]; ours is C_abs/H [cm^2/H],
#   so no dust-mass normalization is folded into the first six
#   columns; K_abs is a separate trailing column instead.
#   A host running the Zubko model through an ionizing band needs
#   exactly such a file: that model has no EUV extension of its own
#   (its optics table IS the model definition), so the host reads the
#   ionizing-band optics from a curve file instead.
#
# SCOPE: these are size-integrated TRANSPORT optics, not a dust model.
#   There is no size-resolved Cabs(lambda, a), no grain enthalpy and no
#   Planck integral here, so stochastic heating and thermal emission
#   cannot be computed from this file.  A host that needs emission must
#   build the model (build_astrodust / build_dl07 / build_zubko /
#   build_from_files).  The builder reads this very curve back in, and
#   dust_extinction serves it on the model wavelength grid while
#   dust_emission supplies the re-emitted spectrum, so the absorbed
#   power and the emission refer to one and the same grain.
#
# Units: lambda micron; cross sections cm^2 per H nucleon;
#   albedo and <cos> dimensionless.
#
# K_abs [cm^2/g] = C_abs/H / (M_dust/N_H), M_dust/N_H =  1.443932E-26 g/H.
#   The dust mass per H is this model's own size distribution
#   weighted by the solid density of each grain material:
#   M_dust/N_H = sum_pop rho * sum_a (4/3) pi a^3 dn(a).
#   Densities: the Density entry in the header of each component's own ZDA optics table.
#
#             lambda               albedo                <cos>              C_ext/H              C_abs/H              C_sca/H                K_abs
#           (micron)                                                       (cm^2/H)             (cm^2/H)             (cm^2/H)             (cm^2/g)
 1.000000000000E-003  5.106095364003E-001  9.998843655758E-001  6.977343850132E-023  3.414645541511E-023  3.562698308621E-023  2.364824090861E+003
 1.013520000000E-003  5.090000118735E-001  9.998812847032E-001  7.185634891418E-023  3.528146646368E-023  3.657488245050E-023  2.443429657337E+003
 1.027230000000E-003  5.075796714809E-001  9.998781460806E-001  7.391535862538E-023  3.639742517692E-023  3.751793344846E-023  2.520715748013E+003
 1.041120000000E-003  5.055431372471E-001  9.998749173065E-001  7.606046962495E-023  3.760862119026E-023  3.845184843469E-023  2.604597529483E+003
 1.055200000000E-003  5.031471911269E-001  9.998715736537E-001  7.826301296845E-023  3.888519782425E-023  3.937781514421E-023  2.693007267512E+003
 1.069470000000E-003  5.009850321599E-001  9.998681277814E-001  8.043712655375E-023  4.013933012037E-023  4.029779643338E-023  2.779862615482E+003
 1.083930000000E-003  4.986628032387E-001  9.998645692070E-001  8.264285493085E-023  4.143193722338E-023  4.121091770746E-023  2.869382548958E+003
 1.098580000000E-003  4.960281282669E-001  9.998608805939E-001  8.490758361520E-023  4.279103383889E-023  4.211654977631E-023  2.963507235667E+003
 1.113440000000E-003  4.936280509172E-001  9.998570435826E-001  8.714293785127E-023  4.412673928855E-023  4.301619856272E-023  3.056011959429E+003
 1.128500000000E-003  4.913292838929E-001  9.998531171977E-001  8.937549232088E-023  4.546269568128E-023  4.391279663959E-023  3.148534062338E+003
 1.143760000000E-003  4.881683102711E-001  9.998490355544E-001  9.185729740980E-023  4.701547574719E-023  4.484182166261E-023  3.256072360619E+003
 1.159220000000E-003  4.852837891194E-001  9.998448970166E-001  9.430274981058E-023  4.853915405813E-023  4.576359575246E-023  3.361595207211E+003
 1.174900000000E-003  4.826440970078E-001  9.998406337261E-001  9.671498685955E-023  5.003606935961E-023  4.667891749995E-023  3.465264572710E+003
 1.190780000000E-003  4.796152190292E-001  9.998362067578E-001  9.918661462316E-023  5.161520472591E-023  4.757140989725E-023  3.574628116057E+003
 1.206890000000E-003  4.764816609251E-001  9.998316325096E-001  1.016802312795E-022  5.323146579619E-023  4.844876548329E-023  3.686562812343E+003
 1.223210000000E-003  4.736006369091E-001  9.998269258756E-001  1.041351161668E-022  5.481665882559E-023  4.931845734118E-023  3.796345881157E+003
 1.239750000000E-003  4.709463032493E-001  9.998220513903E-001  1.065529460027E-022  5.637222998241E-023  5.018071602031E-023  3.904077477365E+003
 1.256510000000E-003  4.677569452110E-001  9.998170172791E-001  1.091901293089E-022  5.811568797619E-023  5.107444133273E-023  4.024821238758E+003
 1.273500000000E-003  4.644916986435E-001  9.998118654502E-001  1.118480002996E-022  5.989553265054E-023  5.195246764903E-023  4.148084971780E+003
 1.290720000000E-003  4.612893095509E-001  9.998065830994E-001  1.145033806898E-022  6.168419527018E-023  5.281918541965E-023  4.271959394525E+003
 1.308180000000E-003  4.580396904226E-001  9.998012091167E-001  1.170491696811E-022  6.343600423616E-023  5.361316544496E-023  4.393281505267E+003
 1.325870000000E-003  4.553204548705E-001  9.997956535650E-001  1.197253846345E-022  6.521196804319E-023  5.451341659133E-023  4.516276467535E+003
 1.343800000000E-003  4.522742281219E-001  9.997898785964E-001  1.224933666212E-022  6.709277378257E-023  5.540059283867E-023  4.646532292588E+003
 1.361970000000E-003  4.478832279219E-001  9.997837208340E-001  1.254399388726E-022  6.925749414000E-023  5.618244473258E-023  4.796450718644E+003
 1.380380000000E-003  4.437304648385E-001  9.997775415370E-001  1.280500800056E-022  7.123035848211E-023  5.681972152350E-023  4.933082092750E+003
 1.399050000000E-003  4.418609841043E-001  9.997716506559E-001  1.303281005104E-022  7.274119776243E-023  5.758690274797E-023  5.037715768020E+003
 1.417970000000E-003  4.387841372924E-001  9.997650687657E-001  1.334520067404E-022  7.489538309286E-023  5.855662364753E-023  5.186904587289E+003
 1.437140000000E-003  4.336057013601E-001  9.997581608776E-001  1.365854937149E-022  7.736124491704E-023  5.922424879787E-023  5.357678665466E+003
 1.456580000000E-003  4.251801072554E-001  9.997521981253E-001  1.376320400862E-022  7.911363452055E-023  5.851840556561E-023  5.479040988453E+003
 1.476270000000E-003  4.352109148930E-001  9.997474139427E-001  1.385472216609E-022  7.824995856599E-023  6.029726309493E-023  5.419226823873E+003
 1.496240000000E-003  4.332663928822E-001  9.997400574967E-001  1.419995853425E-022  8.047593721038E-023  6.152364813210E-023  5.573387712902E+003
 1.516470000000E-003  4.299361787321E-001  9.997325139568E-001  1.451860881680E-022  8.276533621600E-023  6.242075195201E-023  5.731940800075E+003
 1.536970000000E-003  4.260161917625E-001  9.997247799407E-001  1.482376650753E-022  8.508601952417E-023  6.315164555115E-023  5.892660491994E+003
 1.557760000000E-003  4.220014686458E-001  9.997172862013E-001  1.508597451812E-022  8.719671115522E-023  6.366303402602E-023  6.038837140691E+003
 1.578820000000E-003  4.195397261297E-001  9.997099929873E-001  1.532442957114E-022  8.895222585769E-023  6.429206985370E-023  6.160415893443E+003
 1.600170000000E-003  4.172335097911E-001  9.997024385194E-001  1.557076311973E-022  9.074118973159E-023  6.496644146570E-023  6.284311179652E+003
 1.621810000000E-003  4.151167532467E-001  9.996947400358E-001  1.582023815768E-022  9.252992258072E-023  6.567245899604E-023  6.408190466164E+003
 1.643740000000E-003  4.126582126879E-001  9.996868355568E-001  1.606012768190E-022  9.432784097147E-023  6.627343584752E-023  6.532705900406E+003
 1.665970000000E-003  4.104356450845E-001  9.996786054315E-001  1.632324056923E-022  9.623600796325E-023  6.699639772900E-023  6.664856638065E+003
 1.688500000000E-003  4.085315508818E-001  9.996700413317E-001  1.660316575045E-022  9.820248696874E-023  6.782917053580E-023  6.801045793567E+003
 1.711330000000E-003  4.105003312206E-001  9.996555696821E-001  1.754052047282E-022  1.034013100895E-022  7.200389463875E-023  7.161092012438E+003
 1.734470000000E-003  4.263321920138E-001  9.996617003975E-001  1.632620430295E-022  9.365817835209E-023  6.960386467741E-023  6.486328193677E+003
 1.757920000000E-003  3.275424212649E-001  9.996676813319E-001  1.221062303245E-022  8.211125999245E-023  3.999497033200E-023  5.686642534358E+003
 1.781690000000E-003  4.427905009431E-001  9.996645535103E-001  1.439043828367E-022  8.018488907253E-023  6.371949376418E-023  5.553231077620E+003
 1.805790000000E-003  4.562619653006E-001  9.996543598856E-001  1.517398293108E-022  8.250671657508E-023  6.923311273571E-023  5.714030011099E+003
 1.830210000000E-003  4.606670273391E-001  9.996439450751E-001  1.576680637424E-022  8.503558551188E-023  7.263247823052E-023  5.889167667751E+003
 1.854950000000E-003  4.620107010234E-001  9.996333882563E-001  1.627841945790E-022  8.757615472603E-023  7.520803985298E-023  6.065115630990E+003
 1.880040000000E-003  4.631973172481E-001  9.996224343473E-001  1.678005148704E-022  9.007576654957E-023  7.772474832082E-023  6.238227076563E+003
 1.905460000000E-003  4.621986952148E-001  9.996113804214E-001  1.722873294240E-022  9.265635056218E-023  7.963097886182E-023  6.416946277936E+003
 1.931230000000E-003  4.607624120429E-001  9.995999540772E-001  1.770056425196E-022  9.544809572705E-023  8.155754679251E-023  6.610289514919E+003
 1.957340000000E-003  4.585297947181E-001  9.995882514177E-001  1.815873834103E-022  9.832415777180E-023  8.326322563854E-023  6.809472145372E+003
 1.983810000000E-003  4.562245230908E-001  9.995762537136E-001  1.860645995389E-022  1.011773663502E-022  8.488723318872E-023  7.007072051434E+003
 2.010640000000E-003  4.537492625759E-001  9.995639496561E-001  1.904567633667E-022  1.040371474365E-022  8.641961593021E-023  7.205127138711E+003
 2.037820000000E-003  4.509594494513E-001  9.995512725746E-001  1.947595512298E-022  1.069308912318E-022  8.782865999796E-023  7.405534324664E+003
 2.065380000000E-003  4.483730539584E-001  9.995382636446E-001  1.989853564394E-022  1.097656844797E-022  8.921967195972E-023  7.601858870907E+003
 2.093310000000E-003  4.448691699283E-001  9.995244847123E-001  2.035608968365E-022  1.130029296310E-022  9.055796720551E-023  7.826055357153E+003
 2.121620000000E-003  4.416240147006E-001  9.995103923794E-001  2.081923898631E-022  1.162496308216E-022  9.194275904145E-023  8.050906724539E+003
 2.150300000000E-003  4.388166878979E-001  9.994958855021E-001  2.129237638905E-022  1.194892630453E-022  9.343450084516E-023  8.275268528274E+003
 2.179380000000E-003  4.380803502593E-001  9.994786873532E-001  2.196362083864E-022  1.234179012868E-022  9.621830709952E-023  8.547347672212E+003
 2.208850000000E-003  4.222347595132E-001  9.994441307608E-001  2.357485335412E-022  1.362073081759E-022  9.954122536537E-023  9.433082286575E+003
 2.238720000000E-003  3.686926364002E-001  9.994183766713E-001  2.407659729077E-022  1.519973316009E-022  8.876864130682E-023  1.052662559398E+004
 2.268990000000E-003  3.609118665190E-001  9.993864356875E-001  2.536540764163E-022  1.621073102468E-022  9.154676616957E-023  1.122679551701E+004
 2.299680000000E-003  3.409477245330E-001  9.993167313930E-001  2.830448387885E-022  1.865413450627E-022  9.650349372572E-023  1.291898269918E+004
 2.330770000000E-003  4.157151307786E-001  9.994726399533E-001  1.639086333839E-022  9.576933442098E-023  6.813929896293E-023  6.632537007172E+003
 2.362290000000E-003  4.908719977111E-001  9.994762244134E-001  1.747910110552E-022  8.899099827659E-023  8.580001277861E-023  6.163101090168E+003
 2.394230000000E-003  5.079746533011E-001  9.994627346498E-001  1.862878162616E-022  9.165832738190E-023  9.462948887970E-023  6.347827851696E+003
 2.426610000000E-003  5.155379476984E-001  9.994478159403E-001  1.947228896134E-022  9.433585073222E-023  1.003870388812E-022  6.533260619042E+003
 2.459420000000E-003  5.226045828692E-001  9.994320259575E-001  2.030999360741E-022  9.695897870135E-023  1.061409573728E-022  6.714926216230E+003
 2.492680000000E-003  5.268552368077E-001  9.994152174942E-001  2.109610689048E-022  9.981512498977E-023  1.111459439151E-022  6.912729574375E+003
 2.526390000000E-003  5.273240468658E-001  9.993976817208E-001  2.180203231759E-022  1.030529640598E-022  1.149673591161E-022  7.136967192659E+003
 2.560550000000E-003  5.278273189059E-001  9.993794121155E-001  2.249615219975E-022  1.062206849846E-022  1.187408370129E-022  7.356348755546E+003
 2.595180000000E-003  5.278635177128E-001  9.993606082691E-001  2.316742411671E-022  1.093818612612E-022  1.222923799059E-022  7.575277066656E+003
 2.630270000000E-003  5.270664493827E-001  9.993414218718E-001  2.380578617840E-022  1.125855498259E-022  1.254723119581E-022  7.797149580370E+003
 2.665840000000E-003  5.263567601222E-001  9.993217887153E-001  2.443227507007E-022  1.157218192177E-022  1.286009314830E-022  8.014352956917E+003
 2.701880000000E-003  5.255983789556E-001  9.993015125020E-001  2.504741350330E-022  1.188253356893E-022  1.316487993436E-022  8.229288019115E+003
 2.738420000000E-003  5.243731658070E-001  9.992805113606E-001  2.565390242067E-022  1.220168439304E-022  1.345221802763E-022  8.450316980476E+003
 2.775450000000E-003  5.222845696430E-001  9.992585023298E-001  2.628090028870E-022  1.255479159159E-022  1.372610869711E-022  8.694862541541E+003
 2.812980000000E-003  5.195943602181E-001  9.992355526964E-001  2.692206225758E-022  1.293351054310E-022  1.398855171448E-022  8.957145607037E+003
 2.851020000000E-003  5.167170000717E-001  9.992113447469E-001  2.756619446730E-022  1.332227315876E-022  1.424392130854E-022  9.226384445437E+003
 2.889570000000E-003  5.139950260365E-001  9.991865897791E-001  2.819899392905E-022  1.370485131029E-022  1.449414261877E-022  9.491340212693E+003
 2.928640000000E-003  5.114649157303E-001  9.991614070175E-001  2.881839865975E-022  1.407879881776E-022  1.473959984199E-022  9.750318798796E+003
 2.968250000000E-003  5.089500662566E-001  9.991354111162E-001  2.943480909488E-022  1.445396105579E-022  1.498084803909E-022  1.001013865058E+004
 3.008380000000E-003  5.063836176566E-001  9.991082671795E-001  3.005187479390E-022  1.483409771840E-022  1.521777707550E-022  1.027340355659E+004
 3.049070000000E-003  5.039791877875E-001  9.990804479555E-001  3.065580589060E-022  1.520591773688E-022  1.544988815372E-022  1.053090874314E+004
 3.090300000000E-003  5.017226278190E-001  9.990518815636E-001  3.124651917521E-022  1.556943346443E-022  1.567708571078E-022  1.078266276547E+004
 3.132080000000E-003  4.984422948300E-001  9.990212223167E-001  3.188456224164E-022  1.599194786827E-022  1.589261437338E-022  1.107527651668E+004
 3.174440000000E-003  4.950538534284E-001  9.989891680958E-001  3.252585092463E-022  1.642380308835E-022  1.610204783627E-022  1.137435928114E+004
 3.217360000000E-003  4.918840765444E-001  9.989566414070E-001  3.315276216793E-022  1.684544636406E-022  1.630731580387E-022  1.166636972967E+004
 3.260870000000E-003  4.889107395992E-001  9.989235070596E-001  3.376600961388E-022  1.725744488025E-022  1.650856473364E-022  1.195170066802E+004
 3.304960000000E-003  4.849865516182E-001  9.988879539668E-001  3.442379320044E-022  1.772871644254E-022  1.669507675790E-022  1.227808135096E+004
 3.349650000000E-003  4.812684750241E-001  9.988514774477E-001  3.506958338804E-022  1.819169847115E-022  1.687788491689E-022  1.259872108986E+004
 3.394950000000E-003  4.777848683351E-001  9.988139467769E-001  3.570119969317E-022  1.864370669836E-022  1.705749299481E-022  1.291176088623E+004
 3.440860000000E-003  4.745151136623E-001  9.987755098787E-001  3.631893080361E-022  1.908504922524E-022  1.723388157837E-022  1.321741411647E+004
 3.487390000000E-003  4.702536804888E-001  9.987339990413E-001  3.697689449537E-022  1.958837376588E-022  1.738852072950E-022  1.356599319584E+004
 3.534540000000E-003  4.661872854450E-001  9.986912072905E-001  3.762452401335E-022  2.008444929741E-022  1.754007471594E-022  1.390955194991E+004
 3.582340000000E-003  4.623786665144E-001  9.986478087457E-001  3.825855789548E-022  2.056861691300E-022  1.768994098248E-022  1.424486383733E+004
 3.630780000000E-003  4.588065553383E-001  9.986035037932E-001  3.887912665634E-022  2.104112848058E-022  1.783799817576E-022  1.457210329004E+004
 3.679880000000E-003  4.554829853130E-001  9.985568126010E-001  3.950089873283E-022  2.150891145545E-022  1.799198727738E-022  1.489606794020E+004
 3.729640000000E-003  4.523685373787E-001  9.985085053516E-001  4.011556753647E-022  2.196854692388E-022  1.814702061259E-022  1.521439000776E+004
 3.780070000000E-003  4.494800225462E-001  9.984569371573E-001  4.081603275366E-022  2.247004143130E-022  1.834599132236E-022  1.556170169155E+004
 3.831190000000E-003  4.468313604286E-001  9.984018296156E-001  4.161769104576E-022  2.302160153789E-022  1.859608950788E-022  1.594368647204E+004
 3.882990000000E-003  4.422884408896E-001  9.983391233393E-001  4.266514946083E-022  2.379484702548E-022  1.887030243535E-022  1.647920019813E+004
 3.935500000000E-003  4.289624173907E-001  9.982426970227E-001  4.500203175295E-022  2.569785142471E-022  1.930418032824E-022  1.779713220413E+004
 3.988720000000E-003  4.079148369684E-001  9.981428539073E-001  4.736295365350E-022  2.804290213559E-022  1.932005151791E-022  1.942120484885E+004
 4.042660000000E-003  3.931002262475E-001  9.981060345713E-001  4.742038326594E-022  2.877941987535E-022  1.864096339058E-022  1.993128265141E+004
 4.097320000000E-003  3.998512095329E-001  9.981063714440E-001  4.502885255587E-022  2.702401139753E-022  1.800484115834E-022  1.871556869012E+004
 4.152730000000E-003  4.063133415019E-001  9.980430191739E-001  4.555958929197E-022  2.704812032930E-022  1.851146896268E-022  1.873226541075E+004
 4.208880000000E-003  3.824917790342E-001  9.978960209343E-001  4.988746468345E-022  3.080591956517E-022  1.908154511828E-022  2.133474173035E+004
 4.265800000000E-003  4.104488533102E-001  9.979623145956E-001  4.072551027072E-022  2.400977127963E-022  1.671573899109E-022  1.662804670291E+004
 4.323480000000E-003  3.916131017549E-001  9.977989591025E-001  4.904747092444E-022  2.983983870249E-022  1.920763222195E-022  2.066567922591E+004
 4.381940000000E-003  5.694996609533E-001  9.979195459028E-001  3.084584745373E-022  1.327914778701E-022  1.756669966671E-022  9.196517826252E+003
 4.441200000000E-003  5.357865059668E-001  9.976831203532E-001  2.856812850696E-022  1.326171075220E-022  1.530641775476E-022  9.184441749982E+003
 4.501250000000E-003  5.365868888496E-001  9.976242329733E-001  2.928652037899E-022  1.357175752360E-022  1.571476285539E-022  9.399165669454E+003
 4.562120000000E-003  5.400790178693E-001  9.975786234203E-001  3.017154547710E-022  1.387652682823E-022  1.629501864887E-022  9.610234661827E+003
 4.623810000000E-003  5.430315177704E-001  9.975284197247E-001  3.105280491485E-022  1.419015313091E-022  1.686265178394E-022  9.827437597559E+003
 4.686340000000E-003  5.449703226332E-001  9.974710530507E-001  3.188994400992E-022  1.451087093408E-022  1.737907307584E-022  1.004955177547E+004
 4.749710000000E-003  5.475342576056E-001  9.974153034781E-001  3.276118315948E-022  1.482331305998E-022  1.793787009951E-022  1.026593460564E+004
 4.813930000000E-003  5.482267378350E-001  9.973481974642E-001  3.354902229166E-022  1.515655124315E-022  1.839247104851E-022  1.049671981424E+004
 4.879030000000E-003  5.482307338138E-001  9.972767594257E-001  3.429432770771E-022  1.549312326286E-022  1.880120444485E-022  1.072981388238E+004
 4.945000000000E-003  5.484758619608E-001  9.972054093427E-001  3.503905527095E-022  1.582097922892E-022  1.921807604202E-022  1.095687161866E+004
 5.011870000000E-003  5.485784816001E-001  9.971296589543E-001  3.581166708749E-022  1.616615713307E-022  1.964550995442E-022  1.119592572060E+004
 5.079640000000E-003  5.487888927946E-001  9.970523474885E-001  3.658861630457E-022  1.650919007390E-022  2.007942623067E-022  1.143349432108E+004
 5.148330000000E-003  5.491727766080E-001  9.969739450027E-001  3.736085705943E-022  1.684329145165E-022  2.051756560778E-022  1.166487733793E+004
 5.217950000000E-003  5.482922311548E-001  9.968886634278E-001  3.808861356710E-022  1.720492265280E-022  2.088369091430E-022  1.191532622526E+004
 5.288510000000E-003  5.471152146586E-001  9.967994049158E-001  3.879411147735E-022  1.756926284893E-022  2.122484862842E-022  1.216765123604E+004
 5.360020000000E-003  5.461101336544E-001  9.967091895766E-001  3.949002437983E-022  1.792412188775E-022  2.156590249209E-022  1.241341003989E+004
 5.432500000000E-003  5.449414638616E-001  9.966160856743E-001  4.019445138163E-022  1.829082820661E-022  2.190362317502E-022  1.266737371682E+004
 5.505960000000E-003  5.437102016402E-001  9.965200891328E-001  4.090171161794E-022  1.866303374672E-022  2.223867787122E-022  1.292514589765E+004
 5.580420000000E-003  5.426367202693E-001  9.964224752684E-001  4.159821267228E-022  1.902549497873E-022  2.257271769355E-022  1.317616962560E+004
 5.655880000000E-003  5.414710080769E-001  9.963213992705E-001  4.229544730387E-022  1.939368881518E-022  2.290175848869E-022  1.343116348777E+004
 5.732360000000E-003  5.398270459376E-001  9.962129137077E-001  4.301263929336E-022  1.979325328565E-022  2.321938600772E-022  1.370788318652E+004
 5.809870000000E-003  5.383422371666E-001  9.961022133156E-001  4.371704051083E-022  2.018231111992E-022  2.353472939090E-022  1.397732647955E+004
 5.888440000000E-003  5.369988254237E-001  9.959888085231E-001  4.440886796007E-022  2.056135802712E-022  2.384750993296E-022  1.423983667184E+004
 5.968060000000E-003  5.353228970735E-001  9.958714402154E-001  4.510901186964E-022  2.096112495146E-022  2.414788691818E-022  1.451669658070E+004
 6.048760000000E-003  5.336875785392E-001  9.957522757094E-001  4.580132775819E-022  2.135772805304E-022  2.444359970515E-022  1.479136537362E+004
 6.130560000000E-003  5.321931185928E-001  9.956312307731E-001  4.648080544316E-022  2.174404063966E-022  2.473676480350E-022  1.505890743628E+004
 6.213460000000E-003  5.307374052155E-001  9.955074656720E-001  4.715561632496E-022  2.212836687531E-022  2.502724944965E-022  1.532507384500E+004
 6.297480000000E-003  5.289919598308E-001  9.953786469193E-001  4.785660539704E-022  2.254084591721E-022  2.531575947983E-022  1.561073757302E+004
 6.382640000000E-003  5.273705453307E-001  9.952461619609E-001  4.854904851904E-022  2.294571032627E-022  2.560333819277E-022  1.589112776182E+004
 6.468940000000E-003  5.258460463003E-001  9.951079391999E-001  4.924027799568E-022  2.334747249293E-022  2.589280550275E-022  1.616936948236E+004
 6.556420000000E-003  5.242879665976E-001  9.949655453720E-001  4.993483200430E-022  2.375460047037E-022  2.618023153393E-022  1.645132731295E+004
 6.645080000000E-003  5.225819829513E-001  9.948195258230E-001  5.064630410037E-022  2.417945807444E-022  2.646684602592E-022  1.674556385525E+004
 6.734930000000E-003  5.207883285239E-001  9.946681395848E-001  5.136167570566E-022  2.461311446472E-022  2.674856124094E-022  1.704589402610E+004
 6.826010000000E-003  5.187760167174E-001  9.945080006588E-001  5.209406666973E-022  2.506891426820E-022  2.702515240153E-022  1.736155969118E+004
 6.918310000000E-003  5.166734455063E-001  9.943414591858E-001  5.283750807980E-022  2.553777072824E-022  2.729973735156E-022  1.768626778705E+004
 7.011860000000E-003  5.134868573558E-001  9.941653068941E-001  5.363156466633E-022  2.609246107074E-022  2.753910359559E-022  1.807042042280E+004
 7.106680000000E-003  5.096542273210E-001  9.940096233711E-001  5.433662959272E-022  2.664373662242E-022  2.769289297031E-022  1.845220813384E+004
 7.202780000000E-003  5.084345869845E-001  9.938664743797E-001  5.492093997295E-022  2.699723454100E-022  2.792370543195E-022  1.869702428936E+004
 7.300180000000E-003  5.076557851105E-001  9.937262458123E-001  5.546512333886E-022  2.730793260402E-022  2.815719073484E-022  1.891219926301E+004
 7.398890000000E-003  5.070764575414E-001  9.935266865464E-001  5.623542589576E-022  2.771976534421E-022  2.851566055155E-022  1.919741539264E+004
 7.498940000000E-003  5.036644160025E-001  9.933161794301E-001  5.709013946144E-022  2.833586771009E-022  2.875427175134E-022  1.962409912879E+004
 7.600350000000E-003  4.995248725731E-001  9.931559561370E-001  5.775863449583E-022  2.890675995930E-022  2.885187453652E-022  2.001947244874E+004
 7.703120000000E-003  4.999021221201E-001  9.930028660050E-001  5.825390822778E-022  2.913265588292E-022  2.912125234486E-022  2.017591741959E+004
 7.807280000000E-003  4.984352306636E-001  9.927723680401E-001  5.906555634926E-022  2.962520214604E-022  2.944035420322E-022  2.051703196713E+004
 7.912860000000E-003  4.910892308349E-001  9.924402101306E-001  6.038639219643E-022  3.073128529979E-022  2.965510689664E-022  2.128305352242E+004
 8.019860000000E-003  4.864398489272E-001  9.926267230409E-001  5.985470678387E-022  3.073899225835E-022  2.911571452553E-022  2.128839100212E+004
 8.128310000000E-003  4.942542846148E-001  9.924292434704E-001  6.020361757279E-022  3.044772163812E-022  2.975589593466E-022  2.108667056839E+004
 8.238220000000E-003  4.947565103798E-001  9.921731304480E-001  6.095567399116E-022  3.079745743944E-022  3.015821655171E-022  2.132888125713E+004
 8.349620000000E-003  4.938409922810E-001  9.919264181359E-001  6.171890878358E-022  3.123958162740E-022  3.047932715618E-022  2.163507582933E+004
 8.462530000000E-003  4.926276021773E-001  9.916934317989E-001  6.242513667850E-022  3.167279128098E-022  3.075234539752E-022  2.193509661121E+004
 8.576960000000E-003  4.916962921884E-001  9.914429951995E-001  6.314302618085E-022  3.209583433017E-022  3.104719185068E-022  2.222807647751E+004
 8.692940000000E-003  4.902391854657E-001  9.911863728104E-001  6.386559925686E-022  3.255617989790E-022  3.130941935896E-022  2.254689032669E+004
 8.810490000000E-003  4.888457924919E-001  9.909237676835E-001  6.457066548497E-022  3.300556734424E-022  3.156509814073E-022  2.285811509257E+004
 8.929630000000E-003  4.876450872904E-001  9.906375593802E-001  6.532766234119E-022  3.347094873634E-022  3.185671360485E-022  2.318041651862E+004
 9.050380000000E-003  4.865706568179E-001  9.903361284751E-001  6.610742370712E-022  3.394149113340E-022  3.216593257371E-022  2.350629221577E+004
 9.172760000000E-003  4.855330170819E-001  9.900293589790E-001  6.686683756255E-022  3.440078017808E-022  3.246605738447E-022  2.382437436641E+004
 9.296800000000E-003  4.829010216270E-001  9.896486794693E-001  6.785501637298E-022  3.508775964395E-022  3.276725672903E-022  2.430014427314E+004
 9.422510000000E-003  4.802792642640E-001  9.892535403248E-001  6.884150667689E-022  3.577835849929E-022  3.306314817760E-022  2.477842080005E+004
 9.549930000000E-003  4.776161538801E-001  9.888437138050E-001  6.983015086341E-022  3.647814278316E-022  3.335200808025E-022  2.526305872595E+004
 9.679060000000E-003  4.728916955199E-001  9.883491485522E-001  7.111925397929E-022  3.748754938091E-022  3.363170459838E-022  2.596212661186E+004
 9.809950000000E-003  4.642523884020E-001  9.878234571027E-001  7.266173392480E-022  3.892835040478E-022  3.373338352002E-022  2.695995813784E+004
 9.942600000000E-003  4.535771680607E-001  9.875994148820E-001  7.363899949256E-022  4.023803064390E-022  3.340096884866E-022  2.786698152963E+004
 1.007700000000E-002  4.514222614705E-001  9.876392628369E-001  7.348719068635E-022  4.031343687760E-022  3.317375380875E-022  2.791920436678E+004
 1.021330000000E-002  4.509469640197E-001  9.875814747879E-001  7.343984593056E-022  4.032237037010E-022  3.311747556047E-022  2.792539128663E+004
 1.035140000000E-002  4.534843778398E-001  9.874775877280E-001  7.330023673320E-022  4.005972448274E-022  3.324051225047E-022  2.774349500655E+004
 1.049140000000E-002  4.565046396286E-001  9.869394554033E-001  7.413645030451E-022  4.029281677490E-022  3.384363352960E-022  2.790492384629E+004
 1.063330000000E-002  4.532061347250E-001  9.861721573602E-001  7.579972956658E-022  4.144682711651E-022  3.435290245007E-022  2.870413753444E+004
 1.077710000000E-002  4.445484106455E-001  9.854730100660E-001  7.762163257607E-022  4.311505918267E-022  3.450657339340E-022  2.985947718280E+004
 1.092280000000E-002  4.335477876887E-001  9.852797136574E-001  7.857335647067E-022  4.450805160154E-022  3.406530486913E-022  3.082419870088E+004
 1.107050000000E-002  4.329172062873E-001  9.856182344032E-001  7.760032954856E-022  4.400581167342E-022  3.359451787514E-022  3.047637077351E+004
 1.122020000000E-002  4.367751046544E-001  9.852148575998E-001  7.787560888067E-022  4.386148166179E-022  3.401412721888E-022  3.037641454544E+004
 1.137190000000E-002  4.355865085290E-001  9.844920105180E-001  7.916231543363E-022  4.468027884682E-022  3.448203658681E-022  3.094347525061E+004
 1.152570000000E-002  4.294428118952E-001  9.829128541808E-001  8.243830037131E-022  4.703576485199E-022  3.540253551932E-022  3.257477489299E+004
 1.168150000000E-002  4.003240555403E-001  9.812092488114E-001  8.813537828988E-022  5.285266621629E-022  3.528271207359E-022  3.660328921848E+004
 1.183950000000E-002  3.875050143171E-001  9.847583742816E-001  8.174406371467E-022  5.006782913458E-022  3.167623458009E-022  3.467464106455E+004
 1.199960000000E-002  4.112791885543E-001  9.865726273489E-001  7.439241846456E-022  4.379636496386E-022  3.059605350070E-022  3.033131776039E+004
 1.216190000000E-002  4.261934300488E-001  9.859883500723E-001  7.436486983027E-022  4.267105088218E-022  3.169381894809E-022  2.955197776220E+004
 1.232630000000E-002  4.305700247068E-001  9.853579125373E-001  7.513257702002E-022  4.278274147622E-022  3.234983554380E-022  2.962932945341E+004
 1.249300000000E-002  4.341349743308E-001  9.847547421495E-001  7.581389705232E-022  4.290043280160E-022  3.291346425073E-022  2.971083697100E+004
 1.266190000000E-002  4.347349312177E-001  9.840877156399E-001  7.677369070033E-022  4.339748555439E-022  3.337620514594E-022  3.005507250290E+004
 1.283320000000E-002  4.348231501695E-001  9.835583832631E-001  7.740442122510E-022  4.374718695095E-022  3.365723427415E-022  3.029725936451E+004
 1.300670000000E-002  4.359046710493E-001  9.828721824733E-001  7.825063241545E-022  4.414081623299E-022  3.410981618246E-022  3.056986862884E+004
 1.318260000000E-002  4.308793640095E-001  9.820740509876E-001  7.970046409302E-022  4.535917881336E-022  3.434128527967E-022  3.141364967329E+004
 1.336080000000E-002  4.285188705937E-001  9.819423888612E-001  7.957724743371E-022  4.547689523847E-022  3.410035219525E-022  3.149517457379E+004
 1.354150000000E-002  4.320310448761E-001  9.815238096824E-001  7.957580389601E-022  4.519658619196E-022  3.437921770405E-022  3.130104561428E+004
 1.372460000000E-002  4.328405908468E-001  9.808098882946E-001  8.032462765907E-022  4.555686836357E-022  3.476775929550E-022  3.155056022672E+004
 1.391020000000E-002  4.318509459135E-001  9.800761614511E-001  8.118548353073E-022  4.612545567354E-022  3.506002785719E-022  3.194433725337E+004
 1.409830000000E-002  4.304216234540E-001  9.793567399925E-001  8.200414269090E-022  4.670778646393E-022  3.529635622697E-022  3.234763237294E+004
 1.428890000000E-002  4.286113649833E-001  9.786231107359E-001  8.283544814962E-022  4.733123364921E-022  3.550421450041E-022  3.277940278811E+004
 1.448220000000E-002  4.266112394555E-001  9.778922831941E-001  8.363445142613E-022  4.795505444205E-022  3.567939698408E-022  3.321143194644E+004
 1.467800000000E-002  4.244631337750E-001  9.771647700612E-001  8.439752594934E-022  4.857388760202E-022  3.582363834732E-022  3.364000690309E+004
 1.487650000000E-002  4.223672141839E-001  9.764158195711E-001  8.515595922974E-022  4.918887395871E-022  3.596708527103E-022  3.406591774338E+004
 1.507760000000E-002  4.201527717935E-001  9.756471047735E-001  8.592692153222E-022  4.982448727878E-022  3.610243425344E-022  3.450611385553E+004
 1.528150000000E-002  4.179018221720E-001  9.748686739961E-001  8.668366143626E-022  5.045840136951E-022  3.622526006675E-022  3.494513316078E+004
 1.548820000000E-002  4.156464949190E-001  9.740845566420E-001  8.741839414621E-022  5.108324502789E-022  3.633514911832E-022  3.537787070803E+004
 1.569760000000E-002  4.131372202617E-001  9.732698697127E-001  8.817753623553E-022  5.174811402566E-022  3.642942220987E-022  3.583832793677E+004
 1.590990000000E-002  4.107314401361E-001  9.724403301617E-001  8.891626811438E-022  5.239556126023E-022  3.652070685415E-022  3.628671966565E+004
 1.612500000000E-002  4.084185677463E-001  9.715918288215E-001  8.964395403710E-022  5.303169872215E-022  3.661225531495E-022  3.672727877399E+004
 1.634310000000E-002  4.062644896266E-001  9.707200364926E-001  9.036442114738E-022  5.365256570954E-022  3.671185543784E-022  3.715726226456E+004
 1.656410000000E-002  4.041688527900E-001  9.697465734838E-001  9.119291917971E-022  5.433558165228E-022  3.685733752743E-022  3.763028722021E+004
 1.678800000000E-002  3.999155122876E-001  9.686800761680E-001  9.233199734708E-022  5.540699932748E-022  3.692499801960E-022  3.837230108340E+004
 1.701510000000E-002  3.966272738200E-001  9.679910635215E-001  9.282646992634E-022  5.600896022112E-022  3.681750970522E-022  3.878919109606E+004
 1.724510000000E-002  3.949554053744E-001  9.671519015355E-001  9.332560136849E-022  5.646615064819E-022  3.685945072030E-022  3.910581984212E+004
 1.747830000000E-002  3.926967689558E-001  9.661463538456E-001  9.408943624926E-022  5.714081864130E-022  3.694861760796E-022  3.957306339758E+004
 1.771470000000E-002  3.891878367656E-001  9.652424195423E-001  9.484231103319E-022  5.793083716833E-022  3.691147386486E-022  4.012019334774E+004
 1.795420000000E-002  3.878288356234E-001  9.645591018730E-001  9.499985255484E-022  5.815617035411E-022  3.684368220074E-022  4.027624859263E+004
 1.819700000000E-002  3.876011722190E-001  9.634733373438E-001  9.552907119320E-022  5.850189121772E-022  3.702717997548E-022  4.051567872295E+004
 1.844310000000E-002  3.858511822475E-001  9.620865250686E-001  9.659121317510E-022  5.932137937677E-022  3.726983379833E-022  4.108321796447E+004
 1.869250000000E-002  3.832552126016E-001  9.606908777405E-001  9.772994162635E-022  6.027443207080E-022  3.745550955555E-022  4.174325776752E+004
 1.894520000000E-002  3.799705037197E-001  9.592898077116E-001  9.893373737979E-022  6.134183535272E-022  3.759190202707E-022  4.248249144934E+004
 1.920140000000E-002  3.759369517945E-001  9.579278815822E-001  1.001514965433E-021  6.250084821514E-022  3.765064832813E-022  4.328516964985E+004
 1.946110000000E-002  3.715270993255E-001  9.566470115685E-001  1.012998782744E-021  6.366422833708E-022  3.763564993732E-022  4.409087241043E+004
 1.972420000000E-002  3.666524219144E-001  9.554397104266E-001  1.024356098641E-021  6.487734541712E-022  3.755826444693E-022  4.493102066624E+004
 1.999090000000E-002  3.621521532149E-001  9.548743510939E-001  1.027686825093E-021  6.555078285547E-022  3.721789965379E-022  4.539741199692E+004
 2.026130000000E-002  3.610176732739E-001  9.542759271487E-001  1.026059680079E-021  6.556340017369E-022  3.704256783424E-022  4.540615016249E+004
 2.053530000000E-002  3.605901021490E-001  9.533020131213E-001  1.027660153248E-021  6.570960736141E-022  3.705640796343E-022  4.550740643508E+004
 2.081290000000E-002  3.598253565511E-001  9.519617630377E-001  1.033695452455E-021  6.617456177103E-022  3.719498347450E-022  4.582941215300E+004
 2.109440000000E-002  3.583617708865E-001  9.503652325754E-001  1.043314797294E-021  6.694306589438E-022  3.738841383505E-022  4.636164223157E+004
 2.137960000000E-002  3.564924493509E-001  9.487276681028E-001  1.053742713498E-021  6.780913925774E-022  3.756513209205E-022  4.696144421078E+004
 2.166870000000E-002  3.553573087904E-001  9.468315979846E-001  1.065395418282E-021  6.867993696438E-022  3.785960486384E-022  4.756451804960E+004
 2.196170000000E-002  3.524955052341E-001  9.439639347621E-001  1.089513522310E-021  7.054649028041E-022  3.840486195061E-022  4.885720573708E+004
 2.225870000000E-002  3.441790783105E-001  9.406305963934E-001  1.127938763429E-021  7.397258394415E-022  3.882129239878E-022  5.122995826295E+004
 2.255970000000E-002  3.326719371716E-001  9.390151671340E-001  1.157403949353E-021  7.723681354317E-022  3.850358139214E-022  5.349061129414E+004
 2.286480000000E-002  3.217768322369E-001  9.406582463132E-001  1.152882448069E-021  7.819115859876E-022  3.709708620810E-022  5.415154612647E+004
 2.317390000000E-002  3.220888852901E-001  9.443366713247E-001  1.092811942403E-021  7.408293620428E-022  3.519825803603E-022  5.130638308657E+004
 2.348730000000E-002  3.274621937317E-001  9.440838975441E-001  1.070604102679E-021  7.200217345977E-022  3.505823680815E-022  4.986534394919E+004
 2.380490000000E-002  3.303470535446E-001  9.427403781268E-001  1.068229062629E-021  7.153427392786E-022  3.528863233500E-022  4.954129857707E+004
 2.412680000000E-002  3.316643062155E-001  9.408554550657E-001  1.075286788951E-021  7.186525421107E-022  3.566342468400E-022  4.977052006956E+004
 2.445310000000E-002  3.320325680855E-001  9.388410363350E-001  1.085019578602E-021  7.247577414960E-022  3.602618371064E-022  5.019333767714E+004
 2.478370000000E-002  3.313683143036E-001  9.367624861172E-001  1.096744719771E-021  7.333182707590E-022  3.634264490118E-022  5.078619996945E+004
 2.511890000000E-002  3.300777818739E-001  9.348130101353E-001  1.107541874461E-021  7.419669092062E-022  3.655749652545E-022  5.138516429252E+004
 2.545850000000E-002  3.286687122169E-001  9.328137693538E-001  1.118785231990E-021  7.510755305444E-022  3.677097014453E-022  5.201598488321E+004
 2.580280000000E-002  3.271395496217E-001  9.307512683795E-001  1.130614137462E-021  7.607455377367E-022  3.698685997252E-022  5.268568443736E+004
 2.615170000000E-002  3.249521364596E-001  9.286725863518E-001  1.143504492840E-021  7.719202648402E-022  3.715842279994E-022  5.345959386784E+004
 2.650530000000E-002  3.227397950595E-001  9.266133036752E-001  1.156036081260E-021  7.829372333127E-022  3.730988479472E-022  5.422257767202E+004
 2.686380000000E-002  3.205023056911E-001  9.246071816822E-001  1.167905953004E-021  7.935894022360E-022  3.743165507683E-022  5.496029716248E+004
 2.722700000000E-002  3.182004916030E-001  9.226512302055E-001  1.179264419501E-021  8.040219014858E-022  3.752425180152E-022  5.568280335686E+004
 2.759520000000E-002  3.160595112476E-001  9.206980759001E-001  1.190130503578E-021  8.139784382961E-022  3.761520652816E-022  5.637234661471E+004
 2.796830000000E-002  3.143311885806E-001  9.185303841871E-001  1.202027245903E-021  8.241925929919E-022  3.778346529109E-022  5.707973128461E+004
 2.834650000000E-002  3.120586506223E-001  9.162672725738E-001  1.215887014714E-021  8.364589535933E-022  3.794280611208E-022  5.792924215492E+004
 2.872980000000E-002  3.094989249863E-001  9.140421633591E-001  1.229946794261E-021  8.492795836466E-022  3.806672106140E-022  5.881713913987E+004
 2.911830000000E-002  3.070640584662E-001  9.117937842987E-001  1.243832211470E-021  8.618960445652E-022  3.819361669050E-022  5.969089632371E+004
 2.951210000000E-002  3.047445013545E-001  9.095217665730E-001  1.257548339042E-021  8.743173975316E-022  3.832309415106E-022  6.055114124164E+004
 2.991120000000E-002  3.019517027487E-001  9.072940135495E-001  1.272146036616E-021  8.880193747145E-022  3.841266619012E-022  6.150007621426E+004
 3.031560000000E-002  2.992849225635E-001  9.050433828565E-001  1.286602242928E-021  9.015415902833E-022  3.850606526448E-022  6.243656173670E+004
 3.072560000000E-002  2.967447151335E-001  9.027670441538E-001  1.300907019167E-021  9.148697363492E-022  3.860372828179E-022  6.335960691138E+004
 3.114110000000E-002  2.941610865926E-001  9.004929497019E-001  1.315346573765E-021  9.284227963805E-022  3.869237773845E-022  6.429822857730E+004
 3.156220000000E-002  2.914038734946E-001  8.982429941904E-001  1.330182363927E-021  9.425620706246E-022  3.876202933026E-022  6.527744870288E+004
 3.198900000000E-002  2.886539435357E-001  8.960077212053E-001  1.344979032446E-021  9.567455307574E-022  3.882335016883E-022  6.625972893683E+004
 3.242150000000E-002  2.858942700867E-001  8.937916488559E-001  1.359759463853E-021  9.710120244413E-022  3.887474394117E-022  6.724775968689E+004
 3.285990000000E-002  2.830355979945E-001  8.916103233648E-001  1.374692377211E-021  9.856054981688E-022  3.890868790425E-022  6.825843554829E+004
 3.330430000000E-002  2.801139260208E-001  8.894516816508E-001  1.389760394279E-021  1.000469154009E-021  3.892912402697E-022  6.928782296150E+004
 3.375460000000E-002  2.766063959000E-001  8.878694400940E-001  1.402599822547E-021  1.014631740742E-021  3.879680818046E-022  7.026865760120E+004
 3.421110000000E-002  2.726454101071E-001  8.866658115896E-001  1.413594437687E-021  1.028184402499E-021  3.854100351882E-022  7.120725168447E+004
 3.467370000000E-002  2.733047379562E-001  8.854290247287E-001  1.407570997870E-021  1.022875175143E-021  3.846958227276E-022  7.083955938368E+004
 3.514260000000E-002  2.789751371131E-001  8.842128807444E-001  1.385172734789E-021  9.987439811758E-022  3.864287536130E-022  6.916834554494E+004
 3.561780000000E-002  2.831735228530E-001  8.820163155025E-001  1.377646113456E-021  9.875332102637E-022  3.901129031921E-022  6.839193988854E+004
 3.609940000000E-002  2.841141891399E-001  8.783434915200E-001  1.390976099391E-021  9.957800527995E-022  3.951960465915E-022  6.896307770256E+004
 3.658760000000E-002  2.846242730331E-001  8.746601485249E-001  1.404166673330E-021  1.004506754716E-021  3.996599186139E-022  6.956744833710E+004
 3.708230000000E-002  2.839721278313E-001  8.713815150962E-001  1.417589818001E-021  1.015033820992E-021  4.025559970098E-022  7.029650380220E+004
 3.758370000000E-002  2.833458061471E-001  8.680402775844E-001  1.430857412783E-021  1.025429965677E-021  4.054274471066E-022  7.101649224914E+004
 3.809200000000E-002  2.827031001709E-001  8.645727971558E-001  1.444551809866E-021  1.036172534859E-021  4.083792750066E-022  7.176047243955E+004
 3.860710000000E-002  2.820893545241E-001  8.610427122029E-001  1.458071174698E-021  1.046764818177E-021  4.113063565207E-022  7.249404453253E+004
 3.912910000000E-002  2.812083600846E-001  8.572350129564E-001  1.473947757400E-021  1.059461325691E-021  4.144864317088E-022  7.337334536989E+004
 3.965820000000E-002  2.802652506464E-001  8.532944949033E-001  1.490518784422E-021  1.072778163713E-021  4.177406207090E-022  7.429560740219E+004
 4.019450000000E-002  2.793305613502E-001  8.492880426621E-001  1.507104003213E-021  1.086123795982E-021  4.209802072306E-022  7.521986358968E+004
 4.073800000000E-002  2.783813034873E-001  8.452060028150E-001  1.523864695664E-021  1.099649255347E-021  4.242154403172E-022  7.615657376228E+004
 4.128890000000E-002  2.774822770034E-001  8.410708253314E-001  1.540405657438E-021  1.112970388103E-021  4.274352693348E-022  7.707913322789E+004
 4.184720000000E-002  2.763813152340E-001  8.356887144679E-001  1.565069735955E-021  1.132513703899E-021  4.325560320561E-022  7.843261204280E+004
 4.241310000000E-002  2.753493893921E-001  8.301422354714E-001  1.589950808342E-021  1.152158824102E-021  4.377919842405E-022  7.979314135569E+004
 4.298660000000E-002  2.730524096969E-001  8.248796770924E-001  1.618466726052E-021  1.176540486489E-021  4.419262395627E-022  8.148170146795E+004
 4.356790000000E-002  2.690682401729E-001  8.200619658301E-001  1.652528203275E-021  1.207885347784E-021  4.446428554912E-022  8.365250022913E+004
 4.415700000000E-002  2.654332883544E-001  8.151697488733E-001  1.686191852338E-021  1.238620404176E-021  4.475714481626E-022  8.578106674963E+004
 4.475420000000E-002  2.623596626120E-001  8.106065275711E-001  1.715664671843E-021  1.265543467383E-021  4.501212044600E-022  8.764563241826E+004
 4.535930000000E-002  2.595824479966E-001  8.060805083368E-001  1.743832993331E-021  1.291164556025E-021  4.526684373061E-022  8.942002940669E+004
 4.597270000000E-002  2.568832985740E-001  8.015151677020E-001  1.772281485743E-021  1.317011971683E-021  4.552695140592E-022  9.121010074771E+004
 4.659440000000E-002  2.530785839256E-001  7.971829835861E-001  1.806559027714E-021  1.349357627202E-021  4.572014005119E-022  9.345020984469E+004
 4.722440000000E-002  2.495700804408E-001  7.927410908172E-001  1.840687323479E-021  1.381306840092E-021  4.593804833870E-022  9.566286317598E+004
 4.786300000000E-002  2.462647892890E-001  7.883532457195E-001  1.874259554519E-021  1.412695420252E-021  4.615641342664E-022  9.783668970173E+004
 4.851020000000E-002  2.430312294946E-001  7.842855023114E-001  1.906658272023E-021  1.443280767948E-021  4.633775040758E-022  9.995488809678E+004
 4.916620000000E-002  2.400023325111E-001  7.801104973981E-001  1.939139893664E-021  1.473741796119E-021  4.653980975447E-022  1.020644767020E+005
 4.983100000000E-002  2.369927295701E-001  7.759224420284E-001  1.972536520724E-021  1.505059706501E-021  4.674768142232E-022  1.042334089688E+005
 5.050490000000E-002  2.338638745081E-001  7.717809948339E-001  2.007668489275E-021  1.538147357645E-021  4.695211316296E-022  1.065249052188E+005
 5.118780000000E-002  2.309048259943E-001  7.675176508694E-001  2.043195317603E-021  1.571411658319E-021  4.717836592834E-022  1.088286353906E+005
 5.188000000000E-002  2.280201527690E-001  7.631902801991E-001  2.079766100235E-021  1.605537516335E-021  4.742285838992E-022  1.111920330018E+005
 5.258150000000E-002  2.251092939218E-001  7.588575358124E-001  2.118215235888E-021  1.641385299763E-021  4.768299361252E-022  1.136746831282E+005
 5.329260000000E-002  2.223190500458E-001  7.543965246475E-001  2.157475012911E-021  1.677827217543E-021  4.796477953678E-022  1.161984802262E+005
 5.401320000000E-002  2.195953141156E-001  7.498256259408E-001  2.198241892033E-021  1.715518273250E-021  4.827236187831E-022  1.188087867855E+005
 5.474360000000E-002  2.167561502974E-001  7.451799066553E-001  2.243589963282E-021  1.757278039995E-021  4.863119232870E-022  1.217008732767E+005
 5.548390000000E-002  2.140163519869E-001  7.403715310591E-001  2.290260003311E-021  1.800106912301E-021  4.901530910101E-022  1.246670010279E+005
 5.623410000000E-002  2.113596133236E-001  7.354098538735E-001  2.338403294894E-021  1.844159278690E-021  4.942440162034E-022  1.277178622676E+005
 5.699460000000E-002  2.088843488105E-001  7.303174350269E-001  2.389359743433E-021  1.890259889352E-021  4.990998540811E-022  1.309105753433E+005
 5.776530000000E-002  2.064593980584E-001  7.250521884942E-001  2.442514931029E-021  1.938234768620E-021  5.042801624089E-022  1.342330915129E+005
 5.854640000000E-002  2.004418037743E-001  7.196171564795E-001  2.542807467777E-021  2.033122552285E-021  5.096849154921E-022  1.408045764302E+005
 5.933810000000E-002  1.955503409646E-001  7.139901770712E-001  2.636838949986E-021  2.121204194247E-021  5.156347557384E-022  1.469046997473E+005
 6.014050000000E-002  1.909524791682E-001  7.081560209871E-001  2.735908744096E-021  2.213480186633E-021  5.224285574631E-022  1.532953041936E+005
 6.095370000000E-002  1.867727067841E-001  7.021758944086E-001  2.835360600327E-021  2.305792626295E-021  5.295679740319E-022  1.596884328081E+005
 6.177790000000E-002  1.829680317651E-001  6.960602030001E-001  2.935194487423E-021  2.398147729211E-021  5.370467582115E-022  1.660845160805E+005
 6.261330000000E-002  1.792351810724E-001  6.898648447116E-001  3.041149125326E-021  2.496068211180E-021  5.450809141458E-022  1.728660315243E+005
 6.346000000000E-002  1.757787613914E-001  6.835180272761E-001  3.149290608525E-021  2.595712206097E-021  5.535784024282E-022  1.797669094287E+005
 6.431810000000E-002  1.726663076089E-001  6.770106800622E-001  3.257514655100E-021  2.695051627622E-021  5.624630274780E-022  1.866466940019E+005
 6.518790000000E-002  1.698681768125E-001  6.703550864169E-001  3.365730932614E-021  2.794000355450E-021  5.717305771645E-022  1.934994209536E+005
 6.606930000000E-002  1.664533399043E-001  6.643288184592E-001  3.484670847159E-021  2.904635746182E-021  5.800351009768E-022  2.011615116194E+005
 6.696280000000E-002  1.635362496010E-001  6.581616173596E-001  3.600443410030E-021  3.011640397853E-021  5.888030121767E-022  2.085721542477E+005
 6.786830000000E-002  1.607757262990E-001  6.518113886678E-001  3.720175968726E-021  3.122061975394E-021  5.981139933321E-022  2.162194372100E+005
 6.878600000000E-002  1.583140149322E-001  6.452999369664E-001  3.840046579268E-021  3.232113387777E-021  6.079331914907E-022  2.238410842617E+005
 6.971610000000E-002  1.558457883687E-001  6.419327399038E-001  3.927017779131E-021  3.315008597405E-021  6.120091817265E-022  2.295820194879E+005
 7.065890000000E-002  1.542302328932E-001  6.386728456396E-001  3.993782034210E-021  3.377820100949E-021  6.159619332610E-022  2.339320509907E+005
 7.161430000000E-002  1.537378811629E-001  6.351697310257E-001  4.035624806983E-021  3.415196399989E-021  6.204284069941E-022  2.365205589727E+005
 7.258270000000E-002  1.545022713661E-001  6.314492839762E-001  4.047420086643E-021  3.422084490084E-021  6.253355965590E-022  2.369975959359E+005
 7.356420000000E-002  1.563285991342E-001  6.290857716189E-001  4.011855720900E-021  3.384687936123E-021  6.271677847768E-022  2.344076851927E+005
 7.455900000000E-002  1.591368761074E-001  6.273463966325E-001  3.943225245853E-021  3.315712698440E-021  6.275125474128E-022  2.296307822385E+005
 7.556720000000E-002  1.628158805220E-001  6.253724665449E-001  3.858763053413E-021  3.230495149146E-021  6.282679042672E-022  2.237290126087E+005
 7.658910000000E-002  1.671258392776E-001  6.231793894532E-001  3.765999503001E-021  3.136603675343E-021  6.293958276580E-022  2.172265274612E+005
 7.762470000000E-002  1.717905735811E-001  6.212929275763E-001  3.666266597507E-021  3.036436555820E-021  6.298300416871E-022  2.102894203888E+005
 7.867440000000E-002  1.762736197564E-001  6.225274263900E-001  3.539696089379E-021  2.915741046867E-021  6.239550425123E-022  2.019306129002E+005
 7.973820000000E-002  1.808906696730E-001  6.233643045391E-001  3.421453330053E-021  2.802544345925E-021  6.189089841280E-022  1.940911378467E+005
 8.081650000000E-002  1.855791520040E-001  6.238152101722E-001  3.312025953244E-021  2.697382985425E-021  6.146429678183E-022  1.868081529596E+005
 8.190930000000E-002  1.903059970497E-001  6.238931512814E-001  3.211186291801E-021  2.600078282827E-021  6.111080089737E-022  1.800692835203E+005
 8.301690000000E-002  1.944210747203E-001  6.238874369366E-001  3.124369127425E-021  2.516925923848E-021  6.074432035769E-022  1.743105393304E+005
 8.413950000000E-002  1.971191842344E-001  6.241280638844E-001  3.057304152908E-021  2.454650852331E-021  6.026533005776E-022  1.699976586055E+005
 8.527730000000E-002  1.996883663618E-001  6.240637184918E-001  2.996453936978E-021  2.398096945424E-021  5.983569915535E-022  1.660809990325E+005
 8.643040000000E-002  2.021519713829E-001  6.237048001655E-001  2.940997295980E-021  2.346468894766E-021  5.945284012143E-022  1.625054812671E+005
 8.759920000000E-002  2.045338828783E-001  6.230606677620E-001  2.890191964920E-021  2.299049780071E-021  5.911421848488E-022  1.592214547574E+005
 8.878370000000E-002  2.071658140492E-001  6.215022133772E-001  2.846339919230E-021  2.256675592802E-021  5.896643264280E-022  1.562868163691E+005
 8.998430000000E-002  2.112117836769E-001  6.169238846510E-001  2.816670465563E-021  2.221756472501E-021  5.949139930616E-022  1.538684811154E+005
 9.120110000000E-002  2.154468971173E-001  6.121780708401E-001  2.786043160228E-021  2.185798806122E-021  6.002443541061E-022  1.513782210087E+005
 9.243430000000E-002  2.203002165966E-001  6.091064266935E-001  2.735967054507E-021  2.133232919798E-021  6.027341347090E-022  1.477377531234E+005
 9.368430000000E-002  2.253004033576E-001  6.062034511263E-001  2.684235087967E-021  2.079475839941E-021  6.047592480254E-022  1.440147887350E+005
 9.495110000000E-002  2.305036070877E-001  6.036949478394E-001  2.628680216000E-021  2.022759944332E-021  6.059202716680E-022  1.400869105807E+005
 9.623510000000E-002  2.360865971970E-001  6.021459184482E-001  2.563456623773E-021  1.958258872404E-021  6.051977513687E-022  1.356198674594E+005
 9.753640000000E-002  2.419480520301E-001  6.007748706730E-001  2.496309411265E-021  1.892332211945E-021  6.039771993199E-022  1.310540947316E+005
 9.885530000000E-002  2.467388795105E-001  6.015573909793E-001  2.428825042692E-021  1.829539473131E-021  5.992855695610E-022  1.267053627864E+005
 1.001920000000E-001  2.519265813814E-001  6.019172736270E-001  2.363792433959E-021  1.768290286976E-021  5.955021469825E-022  1.224635300924E+005
 1.015470000000E-001  2.572250487154E-001  6.020159741761E-001  2.304317109705E-021  1.711589028905E-021  5.927280807995E-022  1.185366656657E+005
 1.029200000000E-001  2.630754480426E-001  6.022790858765E-001  2.242704531497E-021  1.652704032047E-021  5.900004994507E-022  1.144585656852E+005
 1.043120000000E-001  2.698183009161E-001  6.033339632655E-001  2.174270442279E-021  1.587612485811E-021  5.866579564679E-022  1.099506290699E+005
 1.057220000000E-001  2.761287824950E-001  6.050403461608E-001  2.107579795415E-021  1.525616352496E-021  5.819634429191E-022  1.056570663027E+005
 1.071520000000E-001  2.818119689035E-001  6.073928010297E-001  2.043735247174E-021  1.467786193250E-021  5.759490539235E-022  1.016520194508E+005
 1.086010000000E-001  2.864802187135E-001  6.111360137250E-001  1.983313328647E-021  1.415133292478E-021  5.681800361681E-022  9.800552535101E+004
 1.100690000000E-001  2.909423581364E-001  6.149453538400E-001  1.926323797981E-021  1.365874609662E-021  5.604491883189E-022  9.459409894111E+004
 1.115580000000E-001  2.950376953143E-001  6.184890686874E-001  1.877763901815E-021  1.323752767879E-021  5.540111339359E-022  9.167693682314E+004
 1.130660000000E-001  2.975068101903E-001  6.237473304882E-001  1.837618594186E-021  1.290914547884E-021  5.467040463027E-022  8.940271500999E+004
 1.145950000000E-001  3.008883537194E-001  6.287374861148E-001  1.795838465923E-021  1.255491586365E-021  5.403468795574E-022  8.694948606572E+004
 1.161450000000E-001  3.044154747738E-001  6.319568902643E-001  1.758955249533E-021  1.223502052141E-021  5.354531973926E-022  8.473404026704E+004
 1.177150000000E-001  3.083558979198E-001  6.348124685372E-001  1.722741755455E-021  1.191524174568E-021  5.312175808873E-022  8.251940175360E+004
 1.193070000000E-001  3.123586391935E-001  6.372628796318E-001  1.688500215398E-021  1.161082585839E-021  5.274176295597E-022  8.041115943342E+004
 1.209210000000E-001  3.167851494913E-001  6.395109119153E-001  1.654618586129E-021  1.130459989971E-021  5.241585961580E-022  7.829038140385E+004
 1.225560000000E-001  3.211632811671E-001  6.415548731136E-001  1.622325300474E-021  1.101293983853E-021  5.210313166206E-022  7.627047998031E+004
 1.242130000000E-001  3.255867738344E-001  6.434761755954E-001  1.591006081191E-021  1.072995544065E-021  5.180105371260E-022  7.431066215059E+004
 1.258930000000E-001  3.299626486402E-001  6.452363734094E-001  1.560627031315E-021  1.045678402523E-021  5.149486287922E-022  7.241880445621E+004
 1.275950000000E-001  3.341849420610E-001  6.468954850536E-001  1.531078160098E-021  1.019414893875E-021  5.116632662231E-022  7.059991645723E+004
 1.293200000000E-001  3.378589087428E-001  6.483954104747E-001  1.502692860743E-021  9.949946906366E-022  5.076981701062E-022  6.890868718559E+004
 1.310690000000E-001  3.416462641816E-001  6.496785410620E-001  1.472972287955E-021  9.697368085318E-022  5.032354794228E-022  6.715944418629E+004
 1.328410000000E-001  3.440994621758E-001  6.505635964767E-001  1.447186171009E-021  9.492101878963E-022  4.979759831124E-022  6.573786626868E+004
 1.346380000000E-001  3.459729600398E-001  6.509504749088E-001  1.422233423762E-021  9.301791162754E-022  4.920543074863E-022  6.441986309391E+004
 1.364580000000E-001  3.474458797792E-001  6.508089057893E-001  1.397693370554E-021  9.120705677603E-022  4.856228027936E-022  6.316574956270E+004
 1.383040000000E-001  3.484970454834E-001  6.497809979795E-001  1.374263087501E-021  8.953364617898E-022  4.789266257109E-022  6.200682350561E+004
 1.401740000000E-001  3.493839344210E-001  6.479984421002E-001  1.351365259828E-021  8.792199485098E-022  4.721453113187E-022  6.089066903505E+004
 1.420690000000E-001  3.503444487880E-001  6.452821487521E-001  1.329138960492E-021  8.634825040155E-022  4.656564564761E-022  5.980076709893E+004
 1.439900000000E-001  3.519572909383E-001  6.417789898980E-001  1.306701237743E-021  8.467982100411E-022  4.599030277017E-022  5.864529078814E+004
 1.459370000000E-001  3.542713053894E-001  6.380989930494E-001  1.283635554194E-021  8.288803107658E-022  4.547552434287E-022  5.740438073323E+004
 1.479110000000E-001  3.567277130119E-001  6.350259467605E-001  1.261519409384E-021  8.115004755540E-022  4.500189338296E-022  5.620073448344E+004
 1.499110000000E-001  3.594545274951E-001  6.323370395827E-001  1.241210944482E-021  7.950520509116E-022  4.461588935706E-022  5.506159338144E+004
 1.519380000000E-001  3.625707781709E-001  6.302729865122E-001  1.222609732901E-021  7.793271706440E-022  4.432825622573E-022  5.397256158500E+004
 1.539930000000E-001  3.670404160745E-001  6.277099471607E-001  1.205595066950E-021  7.630929519594E-022  4.425021149907E-022  5.284825538763E+004
 1.560750000000E-001  3.712208423029E-001  6.255331662241E-001  1.190900696816E-021  7.488135370449E-022  4.420871597711E-022  5.185932977345E+004
 1.581860000000E-001  3.751578995015E-001  6.236973479403E-001  1.178231200915E-021  7.362084584527E-022  4.420227424624E-022  5.098636087640E+004
 1.603250000000E-001  3.802174843523E-001  6.212318986252E-001  1.167401844202E-021  7.235352517711E-022  4.438665924307E-022  5.010867374593E+004
 1.624930000000E-001  3.841162637651E-001  6.190601860808E-001  1.160786419410E-021  7.149094769573E-022  4.458769424532E-022  4.951129285136E+004
 1.646900000000E-001  3.894767000767E-001  6.160001509111E-001  1.155222637119E-021  7.052903365601E-022  4.499323005590E-022  4.884511609397E+004
 1.669170000000E-001  3.941393941468E-001  6.128827046586E-001  1.153952134804E-021  6.991341395178E-022  4.548179952859E-022  4.841876662676E+004
 1.691740000000E-001  3.990325442566E-001  6.093883164105E-001  1.155049674895E-021  6.941472643786E-022  4.609024105160E-022  4.807339893562E+004
 1.714620000000E-001  4.024897936833E-001  6.061413971249E-001  1.160818482094E-021  6.936008907324E-022  4.672175913620E-022  4.803555964761E+004
 1.737800000000E-001  4.049918347189E-001  6.027359212812E-001  1.169555692980E-021  6.958951870743E-022  4.736605059060E-022  4.819445190143E+004
 1.761300000000E-001  4.080315411634E-001  5.984262132597E-001  1.178987545455E-021  6.979234402708E-022  4.810641051847E-022  4.833491924900E+004
 1.785120000000E-001  4.118175685458E-001  5.933743307553E-001  1.189230323606E-021  6.994843832978E-022  4.897459403084E-022  4.844302287586E+004
 1.809260000000E-001  4.141060746287E-001  5.887322449752E-001  1.203694873520E-021  7.052375143961E-022  4.984573591242E-022  4.884145787750E+004
 1.833720000000E-001  4.126425168683E-001  5.850967587434E-001  1.224997436497E-021  7.195114111435E-022  5.054860253533E-022  4.983000132918E+004
 1.858520000000E-001  4.106654484915E-001  5.805511877339E-001  1.249320032763E-021  7.362674611991E-022  5.130525715641E-022  5.099044713116E+004
 1.883650000000E-001  4.084883188086E-001  5.749686008347E-001  1.276260892532E-021  7.549232261802E-022  5.213376663515E-022  5.228245832015E+004
 1.909120000000E-001  4.049020163421E-001  5.696406396498E-001  1.307031303118E-021  7.778116930635E-022  5.292196100549E-022  5.386760668272E+004
 1.934940000000E-001  3.985548279882E-001  5.655328071541E-001  1.343077491991E-021  8.077874731957E-022  5.352900187953E-022  5.594358927409E+004
 1.961100000000E-001  3.917560219755E-001  5.614626806445E-001  1.383878422437E-021  8.417357167652E-022  5.421427056715E-022  5.829468613787E+004
 1.987620000000E-001  3.845603557963E-001  5.564056943708E-001  1.429299484208E-021  8.796475660216E-022  5.496519181865E-022  6.092028382761E+004
 2.014500000000E-001  3.765342326461E-001  5.505915599583E-001  1.475560458441E-021  9.199614334988E-022  5.555990249418E-022  6.371223408560E+004
 2.041740000000E-001  3.688007674219E-001  5.452265130129E-001  1.519649669611E-021  9.592017052464E-022  5.604479643651E-022  6.642983211540E+004
 2.069350000000E-001  3.629189151078E-001  5.404229476785E-001  1.559629603012E-021  9.936105195170E-022  5.660190834952E-022  6.881282595578E+004
 2.097330000000E-001  3.590357787466E-001  5.360821198906E-001  1.592582432608E-021  1.020788358698E-021  5.717940739096E-022  7.069503621896E+004
 2.125690000000E-001  3.570582718224E-001  5.319934296394E-001  1.615392903438E-021  1.038603505023E-021  5.767893984158E-022  7.192883008418E+004
 2.154430000000E-001  3.584327326780E-001  5.264558661043E-001  1.623511913257E-021  1.041592101653E-021  5.819198116040E-022  7.213580633468E+004
 2.183570000000E-001  3.638697207009E-001  5.201850629104E-001  1.610674754319E-021  1.024598981325E-021  5.860757729941E-022  7.095894215236E+004
 2.213090000000E-001  3.728243301173E-001  5.151429676926E-001  1.576437103668E-021  9.887029965207E-022  5.877341071470E-022  6.847295382360E+004
 2.243020000000E-001  3.836614427538E-001  5.116446331702E-001  1.528950781589E-021  9.423513188249E-022  5.865994627640E-022  6.526285301712E+004
 2.273350000000E-001  3.955636540572E-001  5.087824917343E-001  1.476822522615E-021  8.926452091756E-022  5.841773134397E-022  6.182043991354E+004
 2.304090000000E-001  4.082615059586E-001  5.061360735814E-001  1.424694651434E-021  8.430466675083E-022  5.816479839255E-022  5.838547646622E+004
 2.335250000000E-001  4.216091061781E-001  5.027842957298E-001  1.372647800361E-021  7.939269881533E-022  5.787208122074E-022  5.498367678711E+004
 2.366830000000E-001  4.351456039028E-001  4.992533673235E-001  1.319624176752E-021  7.453955174345E-022  5.742286593174E-022  5.162261369211E+004
 2.398830000000E-001  4.477743253992E-001  4.963389324831E-001  1.269722258758E-021  7.011732308984E-022  5.685490278599E-022  4.855998457637E+004
 2.431270000000E-001  4.578071980783E-001  4.954707962879E-001  1.223951941858E-021  6.636179327735E-022  5.603340090845E-022  4.595907995346E+004
 2.464150000000E-001  4.669724459931E-001  4.947572957295E-001  1.182532575761E-021  6.303224463912E-022  5.522101293696E-022  4.365319000510E+004
 2.497470000000E-001  4.752640210651E-001  4.942341596277E-001  1.145675884971E-021  6.011773570423E-022  5.444985279285E-022  4.163473717933E+004
 2.531240000000E-001  4.813590705091E-001  4.946257877274E-001  1.114280658163E-021  5.779115562633E-022  5.363691018995E-022  4.002345643272E+004
 2.565470000000E-001  4.869214245269E-001  4.941101577812E-001  1.086158564410E-021  5.572846889653E-022  5.288738754444E-022  3.859493589926E+004
 2.600160000000E-001  4.910965411147E-001  4.937453630646E-001  1.060391850595E-021  5.396370805416E-022  5.207547700535E-022  3.737274492690E+004
 2.635320000000E-001  4.941378155472E-001  4.939662969304E-001  1.036776644604E-021  5.244660982288E-022  5.123105463747E-022  3.632207351697E+004
 2.670960000000E-001  4.972506106593E-001  4.941568361762E-001  1.014855310803E-021  5.102178877751E-022  5.046374230274E-022  3.533530897807E+004
 2.707070000000E-001  5.003077624022E-001  4.942877227390E-001  9.941416833208E-022  4.967648822279E-022  4.973768010930E-022  3.440361661862E+004
 2.743680000000E-001  5.030465326846E-001  4.946416375894E-001  9.750779881846E-022  4.845683871313E-022  4.905096010533E-022  3.355894430702E+004
 2.780780000000E-001  5.037323849248E-001  4.962845186236E-001  9.594679509295E-022  4.761528717489E-022  4.833150791806E-022  3.297612499909E+004
 2.818380000000E-001  5.045209636956E-001  4.972164923416E-001  9.444935858043E-022  4.679767716900E-022  4.765168141143E-022  3.240988647877E+004
 2.856490000000E-001  5.053007769045E-001  4.975469957651E-001  9.295987991067E-022  4.598718037086E-022  4.697269953981E-022  3.184857423405E+004
 2.895120000000E-001  5.056286485239E-001  4.978041766339E-001  9.158168559463E-022  4.527536167788E-022  4.630632391675E-022  3.135560183823E+004
 2.934270000000E-001  5.060400907014E-001  4.981514161926E-001  9.027401004788E-022  4.459174181527E-022  4.568226823261E-022  3.088215863587E+004
 2.973950000000E-001  5.064525509654E-001  4.985134665680E-001  8.904289596686E-022  4.394689415910E-022  4.509600180776E-022  3.043556725363E+004
 3.014160000000E-001  5.068662864466E-001  4.991246393309E-001  8.784263575821E-022  4.331816517977E-022  4.452447057844E-022  3.000013891447E+004
 3.054920000000E-001  5.093309369542E-001  4.998035192400E-001  8.636043018196E-022  4.237439136162E-022  4.398603882035E-022  2.934652522768E+004
 3.096230000000E-001  5.105893295876E-001  5.001086262732E-001  8.512901010134E-022  4.166304590524E-022  4.346596419610E-022  2.885388057343E+004
 3.138100000000E-001  5.115327518631E-001  4.998801804960E-001  8.394179161750E-022  4.100281595508E-022  4.293897566242E-022  2.839663613249E+004
 3.180530000000E-001  5.124204639170E-001  4.994868847852E-001  8.271808189670E-022  4.033164399686E-022  4.238643789983E-022  2.793181376759E+004
 3.223540000000E-001  5.133956761068E-001  4.992806740119E-001  8.148839847818E-022  3.965260704661E-022  4.183579143156E-022  2.746154447638E+004
 3.267130000000E-001  5.144828578507E-001  4.992412585859E-001  8.028465131180E-022  3.897957446336E-022  4.130507684844E-022  2.699543352944E+004
 3.311310000000E-001  5.154890396477E-001  4.991500801718E-001  7.915191082202E-022  3.834996832610E-022  4.080194249592E-022  2.655939771166E+004
 3.356090000000E-001  5.165840561330E-001  4.992337617996E-001  7.804542318873E-022  3.772840191528E-022  4.031702127345E-022  2.612892983307E+004
 3.401470000000E-001  5.177110133079E-001  4.991951814141E-001  7.696440551924E-022  3.711908514924E-022  3.984532037001E-022  2.570694548659E+004
 3.447470000000E-001  5.187552102472E-001  4.987264620627E-001  7.588419686678E-022  3.651887436671E-022  3.936532250006E-022  2.529126751918E+004
 3.494080000000E-001  5.195446425634E-001  4.976247204311E-001  7.481506307637E-022  3.594529787200E-022  3.886976520437E-022  2.489403521610E+004
 3.541330000000E-001  5.202899310411E-001  4.965367059497E-001  7.372478828470E-022  3.536652327203E-022  3.835826501267E-022  2.449320294800E+004
 3.589220000000E-001  5.210517461869E-001  4.956210892184E-001  7.264617910368E-022  3.479376062790E-022  3.785241847578E-022  2.409653427984E+004
 3.637750000000E-001  5.218391575719E-001  4.948812504919E-001  7.158861515677E-022  3.423087253163E-022  3.735774262515E-022  2.370670426254E+004
 3.686950000000E-001  5.227448256079E-001  4.940478398526E-001  7.057883920504E-022  3.368411621319E-022  3.689472299184E-022  2.332804636146E+004
 3.736800000000E-001  5.236706605702E-001  4.931207204816E-001  6.960241316291E-022  3.315367148461E-022  3.644874167830E-022  2.296068510602E+004
 3.787330000000E-001  5.245208219438E-001  4.919553705050E-001  6.863319565382E-022  3.263365545685E-022  3.599954019697E-022  2.260054628190E+004
 3.838550000000E-001  5.253077891258E-001  4.904261904228E-001  6.765226694425E-022  3.211400416642E-022  3.553826277783E-022  2.224066005784E+004
 3.890450000000E-001  5.260729104579E-001  4.886797103025E-001  6.665562872011E-022  3.158990812092E-022  3.506572059919E-022  2.187769560391E+004
 3.943060000000E-001  5.268233232175E-001  4.869887843647E-001  6.565490416492E-022  3.106636936723E-022  3.458853479769E-022  2.151511710428E+004
 3.996380000000E-001  5.276000073796E-001  4.854313152365E-001  6.466722556571E-022  3.054879688002E-022  3.411842868569E-022  2.115667056228E+004
 4.050420000000E-001  5.286678839614E-001  4.839585139186E-001  6.369292480894E-022  3.002052102689E-022  3.367240378205E-022  2.079081136872E+004
 4.105190000000E-001  5.297943452836E-001  4.825136443402E-001  6.273745019973E-022  2.949950384640E-022  3.323794635332E-022  2.042997919297E+004
 4.160700000000E-001  5.309214687017E-001  4.809397570496E-001  6.179328840038E-022  2.898590496694E-022  3.280738343343E-022  2.007428458619E+004
 4.216970000000E-001  5.319893434256E-001  4.791198719203E-001  6.084699436724E-022  2.847704178439E-022  3.236995258285E-022  1.972186970200E+004
 4.273990000000E-001  5.329639535551E-001  4.770814877434E-001  5.989191659490E-022  2.797168394049E-022  3.192023265442E-022  1.937188245171E+004
 4.331780000000E-001  5.338692860075E-001  4.749734424881E-001  5.893440355492E-022  2.747113560778E-022  3.146326794714E-022  1.902522604435E+004
 4.390360000000E-001  5.347377177240E-001  4.729695514700E-001  5.798314923234E-022  2.697737234539E-022  3.100577688695E-022  1.868326865994E+004
 4.449730000000E-001  5.355169533326E-001  4.710413917091E-001  5.705201501125E-022  2.649969375094E-022  3.055232126031E-022  1.835245076563E+004
 4.509900000000E-001  5.363194841970E-001  4.691562277091E-001  5.613774941996E-022  2.602998060706E-022  3.010776881290E-022  1.802714937053E+004
 4.570880000000E-001  5.371604339509E-001  4.672227723941E-001  5.523468630225E-022  2.556479823899E-022  2.966988806325E-022  1.770498577923E+004
 4.632690000000E-001  5.380169217571E-001  4.651430761374E-001  5.433443040392E-022  2.510158741258E-022  2.923284299134E-022  1.738418758565E+004
 4.695340000000E-001  5.388710134411E-001  4.628784442749E-001  5.342957743326E-022  2.463792689407E-022  2.879165053919E-022  1.706307795631E+004
 4.758830000000E-001  5.397332474599E-001  4.604804764596E-001  5.251874595157E-022  2.417263264661E-022  2.834611330496E-022  1.674083688257E+004
 4.823180000000E-001  5.406446454743E-001  4.580484862472E-001  5.160704506970E-022  2.370597248402E-022  2.790107258568E-022  1.641764983978E+004
 4.888400000000E-001  5.413304160703E-001  4.556295970826E-001  5.070895402842E-022  2.325865484573E-022  2.745029918270E-022  1.610785852632E+004
 4.954500000000E-001  5.416452550573E-001  4.532261517122E-001  4.983086807566E-022  2.284021482709E-022  2.699065324857E-022  1.581806650410E+004
 5.021500000000E-001  5.419708529802E-001  4.508204638740E-001  4.896357623720E-022  2.242674505896E-022  2.653683117823E-022  1.553171664534E+004
 5.089400000000E-001  5.422843815656E-001  4.483537777281E-001  4.810486458659E-022  2.201834784395E-022  2.608651674264E-022  1.524887980007E+004
 5.158220000000E-001  5.425677590052E-001  4.457818315406E-001  4.725093528140E-022  2.161410121487E-022  2.563683406653E-022  1.496891745684E+004
 5.227970000000E-001  5.428160288214E-001  4.430992388864E-001  4.639921670521E-022  2.121297815287E-022  2.518623855234E-022  1.469111835034E+004
 5.298670000000E-001  5.430395675939E-001  4.403408491632E-001  4.555001558370E-022  2.081455481724E-022  2.473546076647E-022  1.441518894830E+004
 5.370320000000E-001  5.432591266430E-001  4.375539916877E-001  4.470609480041E-022  2.041910078352E-022  2.428699401689E-022  1.414131594614E+004
 5.442940000000E-001  5.434983431404E-001  4.347630402393E-001  4.386960498875E-022  2.002654736314E-022  2.384305762561E-022  1.386945177337E+004
 5.516540000000E-001  5.436331908556E-001  4.319298894433E-001  4.304717966984E-022  1.964530402859E-022  2.340187564125E-022  1.360542043803E+004
 5.591140000000E-001  5.432553260138E-001  4.289476333344E-001  4.225423215744E-022  1.929939549129E-022  2.295483666615E-022  1.336586033368E+004
 5.666740000000E-001  5.428528145859E-001  4.259170034332E-001  4.146799507429E-022  1.895697723298E-022  2.251101784131E-022  1.312871743361E+004
 5.743370000000E-001  5.424219030698E-001  4.228253012941E-001  4.068704416617E-022  1.861750023927E-022  2.206954392690E-022  1.289361151611E+004
 5.821030000000E-001  5.419613239503E-001  4.196747802778E-001  3.991091648027E-022  1.828074334455E-022  2.163017313572E-022  1.266038941217E+004
 5.899750000000E-001  5.414684828979E-001  4.164757779220E-001  3.914005092415E-022  1.794694692970E-022  2.119310399445E-022  1.242921759838E+004
 5.979530000000E-001  5.409418625250E-001  4.132385716938E-001  3.837570891205E-022  1.761668145745E-022  2.075902745461E-022  1.220049115059E+004
 6.060380000000E-001  5.403860057277E-001  4.099660256334E-001  3.761854526210E-022  1.729000984663E-022  2.032853541548E-022  1.197425364345E+004
 6.142330000000E-001  5.398095708117E-001  4.066561534653E-001  3.686850296746E-022  1.696653220413E-022  1.990197076334E-022  1.175022812966E+004
 6.225390000000E-001  5.392173741499E-001  4.033090445488E-001  3.612577484824E-022  1.664612939544E-022  1.947964545280E-022  1.152833210223E+004
 6.309570000000E-001  5.386093684211E-001  3.999270718951E-001  3.539069757220E-022  1.632893630485E-022  1.906176126735E-022  1.130865897570E+004
 6.394890000000E-001  5.379841510762E-001  3.965113073395E-001  3.466331801919E-022  1.601500230115E-022  1.864831571804E-022  1.109124294061E+004
 6.481370000000E-001  5.373406275757E-001  3.930582747827E-001  3.394340552236E-022  1.570423469692E-022  1.823917082544E-022  1.087601980596E+004
 6.569010000000E-001  5.366472257416E-001  3.895546964591E-001  3.323164935338E-022  1.539797692107E-022  1.783367243231E-022  1.066391996791E+004
 6.657840000000E-001  5.354551327525E-001  3.859120387574E-001  3.254016021221E-022  1.511636440599E-022  1.742379580622E-022  1.046888828693E+004
 6.747870000000E-001  5.342124869807E-001  3.822162294036E-001  3.185588463698E-022  1.483807328009E-022  1.701781135689E-022  1.027615684502E+004
 6.839120000000E-001  5.329217788242E-001  3.784745946840E-001  3.117917403920E-022  1.456311314796E-022  1.661606089124E-022  1.008573229390E+004
 6.931600000000E-001  5.315868040324E-001  3.746970225479E-001  3.051052953598E-022  1.429153465061E-022  1.621899488537E-022  9.897649705155E+003
 7.025330000000E-001  5.301347989699E-001  3.708807317236E-001  2.985180776471E-022  1.402632565648E-022  1.582548210823E-022  9.713978336979E+003
 7.120330000000E-001  5.284208151258E-001  3.670066208894E-001  2.920587542511E-022  1.377288292651E-022  1.543299249860E-022  9.538455734063E+003
 7.216610000000E-001  5.266517760980E-001  3.630857645798E-001  2.856807060851E-022  1.352264548285E-022  1.504542512567E-022  9.365152962805E+003
 7.314200000000E-001  5.248285485557E-001  3.591134457124E-001  2.793791504266E-022  1.327529964115E-022  1.466261540151E-022  9.193852780074E+003
 7.413100000000E-001  5.229509716759E-001  3.550958467698E-001  2.731559197361E-022  1.303087660911E-022  1.428471536450E-022  9.024576798862E+003
 7.513350000000E-001  5.210169668183E-001  3.510425953512E-001  2.670146426547E-022  1.278954834427E-022  1.391191592120E-022  8.857444108934E+003
 7.614940000000E-001  5.190254029889E-001  3.469617083810E-001  2.609624448630E-022  1.255163067530E-022  1.354461381100E-022  8.692673438487E+003
 7.717920000000E-001  5.169745143274E-001  3.428489352997E-001  2.549999007328E-022  1.231714508979E-022  1.318284498349E-022  8.530279668819E+003
 7.822280000000E-001  5.148645646405E-001  3.386935180415E-001  2.491267637782E-022  1.208602210053E-022  1.282665427730E-022  8.370214676326E+003
 7.928060000000E-001  5.126964169675E-001  3.344822247191E-001  2.433367025970E-022  1.185788470588E-022  1.247578555382E-022  8.212217367288E+003
 8.035260000000E-001  5.103876991413E-001  3.302230471448E-001  2.376489007096E-022  1.163558250730E-022  1.212930756367E-022  8.058261242625E+003
 8.143920000000E-001  5.078525762639E-001  3.259381419796E-001  2.320861331365E-022  1.142205925080E-022  1.178655406285E-022  7.910385003413E+003
 8.254040000000E-001  5.052531706774E-001  3.216289923906E-001  2.266126523286E-022  1.121158912240E-022  1.144967611046E-022  7.764623218182E+003
 8.365660000000E-001  5.025856760462E-001  3.173017017634E-001  2.212326878020E-022  1.100443078395E-022  1.111883799625E-022  7.621155024067E+003
 8.478780000000E-001  4.998485108484E-001  3.129495800075E-001  2.159483571730E-022  1.080068924199E-022  1.079414647531E-022  7.480053143689E+003
 8.593430000000E-001  4.970422624974E-001  3.085556226225E-001  2.107557248900E-022  1.060012225564E-022  1.047545023336E-022  7.341149812324E+003
 8.709640000000E-001  4.941701250107E-001  3.041040485860E-001  2.056482499564E-022  1.040230285672E-022  1.016252213892E-022  7.204149331741E+003
 8.827410000000E-001  4.912369848533E-001  2.995911187992E-001  2.006214379849E-022  1.020687676923E-022  9.855267029264E-023  7.068806346920E+003
 8.946780000000E-001  4.882462070380E-001  2.950244890737E-001  1.956724671940E-022  1.001361272648E-022  9.553633992924E-023  6.934960693358E+003
 9.067760000000E-001  4.850817282549E-001  2.904429124388E-001  1.908265814434E-022  9.826009351988E-023  9.256648792354E-023  6.805035354365E+003
 9.190380000000E-001  4.817751506926E-001  2.858432905903E-001  1.860797705767E-022  9.643116106627E-023  8.964860951044E-023  6.678372030917E+003
 9.314650000000E-001  4.784118803320E-001  2.812013614832E-001  1.814169766526E-022  9.462493972806E-023  8.679203692451E-023  6.553281573296E+003
 9.440610000000E-001  4.749911451303E-001  2.765064900564E-001  1.768378554837E-022  9.284144000512E-023  8.399641547858E-023  6.429764708673E+003
 9.568270000000E-001  4.715133688320E-001  2.717521214981E-001  1.723426192940E-022  9.108077027735E-023  8.126184901663E-023  6.307828942935E+003
 9.697650000000E-001  4.679783149440E-001  2.669374673657E-001  1.679306774351E-022  8.934276198164E-023  7.858791545349E-023  6.187462602188E+003
 9.828790000000E-001  4.643844184893E-001  2.620650873095E-001  1.636005591400E-022  8.762700861923E-023  7.597355052075E-023  6.068637534224E+003
 9.961700000000E-001  4.607301916318E-001  2.571370828983E-001  1.593517042925E-022  8.593356303694E-023  7.341814125552E-023  5.951357398969E+003
 1.009640000000E+000  4.568792481302E-001  2.521996531772E-001  1.552064127248E-022  8.429582357409E-023  7.091058915068E-023  5.837935209485E+003
 1.023290000000E+000  4.529167091295E-001  2.472138307698E-001  1.511499717103E-022  8.269162393826E-023  6.845834777205E-023  5.726835831842E+003
 1.037130000000E+000  4.488956587807E-001  2.421514444162E-001  1.471711284376E-022  8.110664778413E-023  6.606448065351E-023  5.617067782796E+003
 1.051150000000E+000  4.448250363417E-001  2.370182990787E-001  1.432739576043E-022  7.954211420614E-023  6.373184339815E-023  5.508715491139E+003
 1.065370000000E+000  4.407047143071E-001  2.318167648572E-001  1.394541602613E-022  7.799605440439E-023  6.145810585689E-023  5.401642606980E+003
 1.079780000000E+000  4.365411593974E-001  2.265623100680E-001  1.357150657227E-022  7.646985358444E-023  5.924521213829E-023  5.295945063191E+003
 1.094380000000E+000  4.323350367085E-001  2.212623360853E-001  1.320561475915E-022  7.496364817496E-023  5.709249941658E-023  5.191632308182E+003
 1.109170000000E+000  4.280854431852E-001  2.159164703720E-001  1.284762248975E-022  7.347742322347E-023  5.499880167400E-023  5.088703306416E+003
 1.124170000000E+000  4.237864906114E-001  2.105118459262E-001  1.249696689482E-022  7.200921151179E-023  5.296045743643E-023  4.987021817546E+003
 1.139380000000E+000  4.192753690573E-001  2.051058800393E-001  1.215695379896E-022  7.059842508290E-023  5.097111290674E-023  4.889317335674E+003
 1.154780000000E+000  4.146908739101E-001  1.996674561117E-001  1.182558777118E-022  6.921624443851E-023  4.903963327333E-023  4.793593956891E+003
 1.170400000000E+000  4.100717081675E-001  1.941860647782E-001  1.150154245171E-022  6.785085291979E-023  4.716457159735E-023  4.699033314573E+003
 1.186220000000E+000  4.054300844134E-001  1.886890179178E-001  1.118531949594E-022  6.650454468508E-023  4.534865027428E-023  4.605794291417E+003
 1.202260000000E+000  4.007639313054E-001  1.831886953428E-001  1.087652381544E-022  6.517605372231E-023  4.358918443214E-023  4.513789209335E+003
 1.218520000000E+000  3.960746923434E-001  1.776986870692E-001  1.057509504640E-022  6.386567529392E-023  4.188527517004E-023  4.423038516828E+003
 1.235000000000E+000  3.913627463922E-001  1.722258048484E-001  1.028093291493E-022  6.257358773868E-023  4.023574141060E-023  4.333554564805E+003
 1.251700000000E+000  3.865722051840E-001  1.667425502298E-001  9.993858297622E-023  6.130510457214E-023  3.863347840408E-023  4.245705342546E+003
 1.268630000000E+000  3.817707824564E-001  1.612954910237E-001  9.716119586855E-023  6.006789009742E-023  3.709330577113E-023  4.160021643907E+003
 1.285780000000E+000  3.769567779468E-001  1.558886609816E-001  9.445388058265E-023  5.884885009365E-023  3.560503048901E-023  4.075596624279E+003
 1.303170000000E+000  3.721298829601E-001  1.505329718881E-001  9.181332457479E-023  5.764684284659E-023  3.416648172820E-023  3.992351213865E+003
 1.320790000000E+000  3.672602689621E-001  1.452977378520E-001  8.924553991419E-023  5.646919892164E-023  3.277634099255E-023  3.910793093400E+003
 1.338650000000E+000  3.623811409063E-001  1.401576021274E-001  8.674402457029E-023  5.530962597970E-023  3.143439859059E-023  3.830486484856E+003
 1.356750000000E+000  3.574984982733E-001  1.351205730480E-001  8.430714134045E-023  5.416746491753E-023  3.013967642293E-023  3.751385741817E+003
 1.375100000000E+000  3.526101905735E-001  1.301934038516E-001  8.193237492600E-023  5.304218458920E-023  2.889019033680E-023  3.673454079598E+003
 1.393690000000E+000  3.476462850209E-001  1.254225943744E-001  7.962556735424E-023  5.194403467086E-023  2.768153268339E-023  3.597401342917E+003
 1.412540000000E+000  3.426643825190E-001  1.207779724288E-001  7.737823250045E-023  5.086346824028E-023  2.651476426018E-023  3.522566356511E+003
 1.431640000000E+000  3.376795864445E-001  1.162613251964E-001  7.518961196604E-023  4.979961489243E-023  2.538999707362E-023  3.448888840190E+003
 1.451000000000E+000  3.326903552163E-001  1.118751725068E-001  7.305754040604E-023  4.875200133713E-023  2.430553906892E-023  3.376336016087E+003
 1.470620000000E+000  3.276608116986E-001  1.076585840635E-001  7.099059546520E-023  4.772975933211E-023  2.326083613309E-023  3.305540307110E+003
 1.490500000000E+000  3.226052516542E-001  1.036016969962E-001  6.898384064854E-023  4.672929137605E-023  2.225454927250E-023  3.236252567112E+003
 1.510660000000E+000  3.175431892537E-001  9.967967847816E-002  6.702808510742E-023  4.574377319285E-023  2.128431191458E-023  3.168000178591E+003
 1.531090000000E+000  3.124778982041E-001  9.589466424869E-002  6.512342761369E-023  4.477379582912E-023  2.034963178457E-023  3.100824074675E+003
 1.551790000000E+000  3.074049284852E-001  9.224249110918E-002  6.326994945467E-023  4.382045516729E-023  1.944949428738E-023  3.034800151065E+003
 1.572780000000E+000  3.022765928677E-001  8.869288451044E-002  6.147345822966E-023  4.289147072420E-023  1.858198750546E-023  2.970463025459E+003
 1.594040000000E+000  2.971487833867E-001  8.527427436290E-002  5.972513973392E-023  4.197788712438E-023  1.774725260954E-023  2.907192490359E+003
 1.615600000000E+000  2.920159603868E-001  8.197902809944E-002  5.802180670680E-023  4.107851309794E-023  1.694329360886E-023  2.844906043975E+003
 1.637440000000E+000  2.868848230499E-001  7.880723462747E-002  5.636437092530E-023  4.019428834607E-023  1.617008257922E-023  2.783668765624E+003
 1.659590000000E+000  2.817473193646E-001  7.575533886107E-002  5.475044701226E-023  3.932465533254E-023  1.542579167972E-023  2.723442042949E+003
 1.682030000000E+000  2.766095078825E-001  7.282431337623E-002  5.318108490393E-023  3.847069117999E-023  1.471039372393E-023  2.664300472437E+003
 1.704770000000E+000  2.714761849200E-001  7.000465764761E-002  5.165428127143E-023  3.763137405708E-023  1.402290721435E-023  2.606173286818E+003
 1.727830000000E+000  2.663459776418E-001  6.729105010561E-002  5.016818151902E-023  3.680608816582E-023  1.336209335319E-023  2.549017838800E+003
 1.751190000000E+000  2.612266556510E-001  6.468304789167E-002  4.872353942473E-023  3.599565216933E-023  1.272788725540E-023  2.492890825167E+003
 1.774870000000E+000  2.561070124875E-001  6.218268858144E-002  4.731978311848E-023  3.520085483245E-023  1.211892828603E-023  2.437846872090E+003
 1.798870000000E+000  2.509450337220E-001  5.981903318389E-002  4.596184998968E-023  3.442795199410E-023  1.153389799558E-023  2.384319229768E+003
 1.823200000000E+000  2.457994753494E-001  5.755000462730E-002  4.464185455629E-023  3.366891012773E-023  1.097294442856E-023  2.331751533656E+003
 1.847850000000E+000  2.406765377346E-001  5.537414680726E-002  4.335980010198E-023  3.292411353657E-023  1.043568656541E-023  2.280170398802E+003
 1.872840000000E+000  2.355762795953E-001  5.328739603098E-002  4.211410905748E-023  3.219302392725E-023  9.921085130230E-024  2.229538545519E+003
 1.898160000000E+000  2.305050094329E-001  5.128837428761E-002  4.090473858097E-023  3.147599142852E-023  9.428747152455E-024  2.179880222090E+003
 1.923830000000E+000  2.254306328776E-001  4.938804003904E-002  3.973582861150E-023  3.077815561969E-023  8.957672991809E-024  2.131551371787E+003
 1.949840000000E+000  2.203743842688E-001  4.757825009214E-002  3.860462802600E-023  3.009715689485E-023  8.507471131157E-024  2.084388579315E+003
 1.976210000000E+000  2.153555467292E-001  4.584704003290E-002  3.750644736322E-023  2.942922588544E-023  8.077221477777E-024  2.038130795810E+003
 2.002930000000E+000  2.103804421830E-001  4.419299649792E-002  3.644113862063E-023  2.877463576397E-023  7.666502856660E-024  1.992796939921E+003
 2.030020000000E+000  2.054497293354E-001  4.261282879226E-002  3.540733742795E-023  2.813290953689E-023  7.274427891061E-024  1.948353977304E+003
 2.057470000000E+000  2.005695048251E-001  4.110507316190E-002  3.440484618765E-023  2.750428322421E-023  6.900562963442E-024  1.904818253601E+003
 2.085290000000E+000  1.957325554803E-001  3.966486510621E-002  3.343339642321E-023  2.688939230291E-023  6.544004120301E-024  1.862233778983E+003
 2.113490000000E+000  1.909464983795E-001  3.829080984214E-002  3.249167507429E-023  2.628750349237E-023  6.204171581920E-024  1.820549769855E+003
 2.142070000000E+000  1.862015636339E-001  3.698842136827E-002  3.158031618687E-023  2.570001193283E-023  5.880304254049E-024  1.779862847119E+003
 2.171030000000E+000  1.815125345717E-001  3.575188998436E-002  3.069778197121E-023  2.512574975989E-023  5.572032211325E-024  1.740092129938E+003
 2.200390000000E+000  1.768877368509E-001  3.457575007953E-002  2.984220850009E-023  2.456348777587E-023  5.278720724214E-024  1.701152489821E+003
 2.230150000000E+000  1.723377006674E-001  3.346960210133E-002  2.901381773184E-023  2.401364309635E-023  5.000174635490E-024  1.663072814242E+003
 2.260300000000E+000  1.678515083020E-001  3.242593829464E-002  2.821213522974E-023  2.347668577901E-023  4.735449450730E-024  1.625885657204E+003
 2.290870000000E+000  1.634039313556E-001  3.146077450511E-002  2.743799600458E-023  2.295451958891E-023  4.483476415668E-024  1.589722864587E+003
 2.321850000000E+000  1.590325078500E-001  3.054611067343E-002  2.668799693755E-023  2.244373785508E-023  4.244259082471E-024  1.554348506263E+003
 2.353240000000E+000  1.547397135893E-001  2.967974238020E-002  2.596152274376E-023  2.194424415005E-023  4.017278593712E-024  1.519755904117E+003
 2.385060000000E+000  1.505250624820E-001  2.885896217255E-002  2.525751453799E-023  2.145562558402E-023  3.801888953970E-024  1.485916463327E+003
 2.417320000000E+000  1.463893692107E-001  2.808142689612E-002  2.457519499815E-023  2.097764770414E-023  3.597547294010E-024  1.452813946785E+003
 2.450000000000E+000  1.422915748492E-001  2.735707406981E-002  2.391899458144E-023  2.051552317363E-023  3.403471407803E-024  1.420809359210E+003
 2.483130000000E+000  1.382678504334E-001  2.666939615770E-002  2.328410998300E-023  2.006466614639E-023  3.219443836604E-024  1.389585106309E+003
 2.516710000000E+000  1.343505127303E-001  2.598312685863E-002  2.266819252560E-023  1.962270923712E-023  3.045483288483E-024  1.358977234028E+003
 2.550740000000E+000  1.305178472136E-001  2.533112766652E-002  2.207140816193E-023  1.919069548366E-023  2.880712678266E-024  1.329057978301E+003
 2.585230000000E+000  1.267696144769E-001  2.471129721386E-002  2.149305162713E-023  1.876838575842E-023  2.724665868702E-024  1.299810778265E+003
 2.620190000000E+000  1.231054735241E-001  2.412160407654E-002  2.093245109151E-023  1.835555178787E-023  2.576899303640E-024  1.271219824761E+003
 2.655620000000E+000  1.195259617953E-001  2.356026703428E-002  2.038911027162E-023  1.795208225625E-023  2.437028015366E-024  1.243277408581E+003
 2.691530000000E+000  1.160304085172E-001  2.302539355180E-002  1.986239117386E-023  1.755774981183E-023  2.304641362031E-024  1.215967784403E+003
 2.727930000000E+000  1.126180594946E-001  2.251518608481E-002  1.935168786942E-023  1.717233833362E-023  2.179349535799E-024  1.189275984698E+003
 2.764820000000E+000  1.092793563007E-001  2.204136392929E-002  1.885724773997E-023  1.679653984534E-023  2.060707894627E-024  1.163249935799E+003
 2.802210000000E+000  1.059965067720E-001  2.162636419622E-002  1.837978828859E-023  1.643159493479E-023  1.948193353799E-024  1.137975555022E+003
 2.840100000000E+000  1.027969913320E-001  2.123040463990E-002  1.791689087732E-023  1.607508840110E-023  1.841802476213E-024  1.113285576834E+003
 2.878500000000E+000  9.967948287523E-002  2.085194633515E-002  1.746802784231E-023  1.572682386014E-023  1.741203982172E-024  1.089166400584E+003
 2.917430000000E+000  9.664182419151E-002  2.048944206489E-002  1.703259476871E-023  1.538653373955E-023  1.646061029163E-024  1.065599495461E+003
 2.956880000000E+000  9.368399129696E-002  2.014172309906E-002  1.661035971912E-023  1.505423492376E-023  1.556124795366E-024  1.042586030802E+003
 2.996860000000E+000  9.080418636289E-002  1.980750246353E-002  1.620090304863E-023  1.472979322896E-023  1.471109819675E-024  1.020116713661E+003
 3.037390000000E+000  8.799957415143E-002  1.948550343702E-002  1.580378898333E-023  1.441306228282E-023  1.390726700512E-024  9.981814069758E+002
 3.078460000000E+000  8.526869899883E-002  1.917477664078E-002  1.541902088220E-023  1.410426103174E-023  1.314759850461E-024  9.767952739505E+002
 3.120090000000E+000  8.258633217297E-002  1.887152700264E-002  1.505001317830E-023  1.380708779075E-023  1.242925387550E-024  9.562144426194E+002
 3.162280000000E+000  7.994366410678E-002  1.857399789897E-002  1.469803058000E-023  1.352301616028E-023  1.175014419719E-024  9.365409676690E+002
 3.205040000000E+000  7.733005866206E-002  1.828384870923E-002  1.436482533183E-023  1.325399254625E-023  1.110832785580E-024  9.179096480857E+002
 3.248380000000E+000  7.456799904540E-002  1.800030416353E-002  1.408343480920E-023  1.303326125579E-023  1.050173553408E-024  9.026228293830E+002
 3.292300000000E+000  6.975706363573E-002  1.773779894042E-002  1.423206095158E-023  1.323927417011E-023  9.927867814670E-025  9.168903220669E+002
 3.336820000000E+000  6.952836600167E-002  1.748768445895E-002  1.349833694367E-023  1.255981963224E-023  9.385173114337E-025  8.698344727766E+002
 3.381950000000E+000  6.784257333127E-002  1.724195945623E-002  1.307771090290E-023  1.219048534196E-023  8.872255609350E-025  8.442561040525E+002
 3.427680000000E+000  6.576140538583E-002  1.700628598448E-002  1.275402817723E-023  1.191530535997E-023  8.387228172653E-025  8.251984231648E+002
 3.474030000000E+000  6.367293526836E-002  1.677814363367E-002  1.245203714930E-023  1.165917939394E-023  7.928577553667E-025  8.074603344700E+002
 3.521010000000E+000  6.162704453063E-002  1.655242291272E-002  1.216213583262E-023  1.141261934608E-023  7.495164865447E-025  7.903847366099E+002
 3.568620000000E+000  5.963494909956E-002  1.632881376359E-002  1.188174143691E-023  1.117317439111E-023  7.085670458045E-025  7.738018968668E+002
 3.616870000000E+000  5.769918649502E-002  1.610699491813E-002  1.160978592573E-023  1.093991072243E-023  6.698752032958E-025  7.576471441551E+002
 3.665780000000E+000  5.581325718760E-002  1.589437048849E-002  1.134619959484E-023  1.071293123875E-023  6.332683560884E-025  7.419276047586E+002
 3.715350000000E+000  5.397397767516E-002  1.569424465201E-002  1.109092970738E-023  1.049230811496E-023  5.986215924229E-025  7.266482771741E+002
 3.765590000000E+000  5.219017256732E-002  1.549406442786E-002  1.084275750907E-023  1.027687212357E-023  5.658853855042E-025  7.117281861637E+002
 3.816510000000E+000  5.046054768964E-002  1.529371147551E-002  1.060141090363E-023  1.006645790315E-023  5.349530004800E-025  6.971558795665E+002
 3.868120000000E+000  4.878375678896E-002  1.509308816543E-002  1.036664283841E-023  9.860919055464E-024  5.057237829471E-025  6.829212185249E+002
 3.920430000000E+000  4.714721172196E-002  1.486392381015E-002  1.013987846338E-023  9.661811466631E-024  4.780669967479E-025  6.691319564471E+002
 3.973440000000E+000  4.556016447895E-002  1.463069258958E-002  9.919459625425E-024  9.467527413349E-024  4.519322120767E-025  6.556767499231E+002
 4.027170000000E+000  4.402253060015E-002  1.439733776529E-002  9.704908524023E-024  9.277673891553E-024  4.272346324705E-025  6.425283813262E+002
 4.081630000000E+000  4.253294263850E-002  1.416390094600E-002  9.496037081404E-024  9.092142680927E-024  4.038944004764E-025  6.296793558224E+002
 4.136820000000E+000  4.109049837497E-002  1.393136411567E-002  9.292527725193E-024  8.910693129801E-024  3.818345953914E-025  6.171130070004E+002
 4.192760000000E+000  3.969563427563E-002  1.370992317734E-002  9.092156420460E-024  8.731237504416E-024  3.609189160434E-025  6.046847481668E+002
 4.249460000000E+000  3.834486347411E-002  1.348834564475E-002  8.896992458456E-024  8.555838497306E-024  3.411539611497E-025  5.925374317767E+002
 4.306920000000E+000  3.703715129848E-002  1.326675727368E-002  8.706910459760E-024  8.384431299720E-024  3.224791600404E-025  5.806665694786E+002
 4.365160000000E+000  3.577101928998E-002  1.304522483889E-002  8.521725113103E-024  8.216894319698E-024  3.048307934047E-025  5.690637403812E+002
 4.424190000000E+000  3.454526659438E-002  1.282385753843E-002  8.341290803633E-024  8.053138689080E-024  2.881521145528E-025  5.577227898904E+002
 4.484010000000E+000  3.333617163490E-002  1.261092032996E-002  8.168807983841E-024  7.896491198839E-024  2.723167850018E-025  5.468741160180E+002
 4.544650000000E+000  3.216452342030E-002  1.239834667293E-002  8.000959151082E-024  7.743612113082E-024  2.573470379998E-025  5.362864242477E+002
 4.606100000000E+000  3.103115270652E-002  1.218577616650E-002  7.837444151076E-024  7.594239224795E-024  2.432049262809E-025  5.259415553455E+002
 4.668390000000E+000  2.993455548131E-002  1.197328248491E-002  7.678089089368E-024  7.448248905532E-024  2.298401838361E-025  5.158309473825E+002
 4.731510000000E+000  2.887396876012E-002  1.176107992467E-002  7.522830912579E-024  7.305616927821E-024  2.172139847574E-025  5.059529224773E+002
 4.795490000000E+000  2.783537384955E-002  1.153836583866E-002  7.373947096479E-024  7.168690522302E-024  2.052565741773E-025  4.964700388657E+002
 4.860340000000E+000  2.681395669525E-002  1.130109169442E-002  7.232213729153E-024  7.038289463408E-024  1.939242657443E-025  4.874390702982E+002
 4.926060000000E+000  2.582672453589E-002  1.106460168162E-002  7.094161317980E-024  6.910942367807E-024  1.832189501727E-025  4.786196049711E+002
 4.992680000000E+000  2.487216426008E-002  1.082899277542E-002  6.959706329698E-024  6.786603370663E-024  1.731029590341E-025  4.700084664999E+002
 5.060190000000E+000  2.394126930375E-002  1.058875190011E-002  6.830203207465E-024  6.666679473076E-024  1.635237343893E-025  4.617030972123E+002
 5.128610000000E+000  2.303896810619E-002  1.034967821140E-002  6.704801670018E-024  6.550329958184E-024  1.544717118339E-025  4.536452729834E+002
 5.197970000000E+000  2.215011571607E-002  1.011889870384E-002  6.586626218670E-024  6.440731685748E-024  1.458945329220E-025  4.460550082891E+002
 5.268250000000E+000  2.127651386126E-002  9.897596400446E-003  6.475122633630E-024  6.337354597162E-024  1.377680364678E-025  4.388955937449E+002
 5.339490000000E+000  2.045301275778E-002  9.678153462604E-003  6.360504503133E-024  6.230413023384E-024  1.300914797485E-025  4.314893195970E+002
 5.411700000000E+000  1.965630863338E-002  9.460664991694E-003  6.249408493297E-024  6.126568191177E-024  1.228403021203E-025  4.242975113132E+002
 5.484870000000E+000  1.888087241183E-002  9.245280533192E-003  6.143413834876E-024  6.027420822087E-024  1.159930127894E-025  4.174310273951E+002
 5.559040000000E+000  1.811151190282E-002  9.030769445239E-003  6.045931481970E-024  5.936430521970E-024  1.095009599993E-025  4.111294639931E+002
 5.634210000000E+000  1.735229924162E-002  8.817734225477E-003  5.956476224330E-024  5.853117666460E-024  1.033585578702E-025  4.053596045628E+002
 5.710400000000E+000  1.660354963920E-002  8.616022463240E-003  5.873686204331E-024  5.776162163872E-024  9.752404045868E-026  4.000300257168E+002
 5.787620000000E+000  1.590782473779E-002  8.416520732365E-003  5.784312814511E-024  5.692296980029E-024  9.201583448178E-026  3.942219146047E+002
 5.865880000000E+000  1.523021232474E-002  8.219124348377E-003  5.700289089904E-024  5.613472476752E-024  8.681661315162E-026  3.887628974964E+002
 5.945200000000E+000  1.455591447422E-002  8.022628463516E-003  5.625974922116E-024  5.544083712316E-024  8.189120980040E-026  3.839573556098E+002
 6.025600000000E+000  1.388167553623E-002  7.827088119943E-003  5.563228246440E-024  5.486001316989E-024  7.722692945108E-026  3.799348400646E+002
 6.107080000000E+000  1.319000384399E-002  7.620023002847E-003  5.521454418151E-024  5.448626413151E-024  7.282800499983E-026  3.773464287078E+002
 6.189660000000E+000  1.244361563872E-002  7.410131089273E-003  5.519137397232E-024  5.450459372803E-024  6.867802442844E-026  3.774733709362E+002
 6.273360000000E+000  1.191737519057E-002  7.016236716996E-003  5.433395388221E-024  5.368643576821E-024  6.475181140016E-026  3.718071908598E+002
 6.358190000000E+000  1.149982909188E-002  7.212954490909E-003  5.301820777718E-024  5.240850744898E-024  6.097003281951E-026  3.629568559160E+002
 6.444170000000E+000  1.101382524793E-002  6.977386594987E-003  5.214009628696E-024  5.156583437805E-024  5.742619089148E-026  3.571208956248E+002
 6.531310000000E+000  1.051787831034E-002  6.747031891797E-003  5.141984251301E-024  5.087901486672E-024  5.408276462885E-026  3.523643043279E+002
 6.619620000000E+000  1.003206910210E-002  6.549370134436E-003  5.072701963163E-024  5.021812266534E-024  5.088969662883E-026  3.477872734757E+002
 6.709140000000E+000  9.565648876954E-003  6.355086972111E-003  5.005124595428E-024  4.957247330963E-024  4.787726446527E-026  3.433158074566E+002
 6.799860000000E+000  9.114994361680E-003  6.169431458155E-003  4.935633817926E-024  4.890645543504E-024  4.498827442171E-026  3.387032785846E+002
 6.891810000000E+000  8.683176197720E-003  5.986776952891E-003  4.868208389792E-024  4.825936878577E-024  4.227151121579E-026  3.342218585412E+002
 6.985000000000E+000  8.235386449227E-003  5.800762755264E-003  4.815611703669E-024  4.775953280300E-024  3.965842336914E-026  3.307602278708E+002
 7.079460000000E+000  7.796650059928E-003  5.616472608593E-003  4.770171378674E-024  4.732980021709E-024  3.719135696541E-026  3.277841005995E+002
 7.175190000000E+000  7.284746427527E-003  5.436474894754E-003  4.777865977441E-024  4.743060435331E-024  3.480554211037E-026  3.284822229870E+002
 7.272210000000E+000  6.794447068718E-003  5.260450358928E-003  4.793784560288E-024  4.761213444835E-024  3.257111545372E-026  3.297394156787E+002
 7.370550000000E+000  6.156752939987E-003  5.080034703908E-003  4.938912104693E-024  4.908504443072E-024  3.040766162091E-026  3.399401025952E+002
 7.470220000000E+000  5.529978435755E-003  4.902234808572E-003  5.131994981008E-024  5.103615159430E-024  2.837982157737E-026  3.534525599446E+002
 7.571230000000E+000  4.779340537069E-003  4.723071155384E-003  5.542387210746E-024  5.515898254878E-024  2.648895586845E-026  3.820053624102E+002
 7.673620000000E+000  4.057315575915E-003  4.544783366983E-003  6.099050849898E-024  6.074305075886E-024  2.474577401159E-026  4.206780119362E+002
 7.777380000000E+000  3.407849755373E-003  4.363540283658E-003  6.800645241392E-024  6.777469664170E-024  2.317557722226E-026  4.693759086285E+002
 7.882550000000E+000  2.764870597177E-003  4.165567660043E-003  7.890806630069E-024  7.868989570829E-024  2.181705923948E-026  5.449694816522E+002
 7.989140000000E+000  2.292762411383E-003  3.975268457086E-003  8.992109710648E-024  8.971492939504E-024  2.061677114361E-026  6.213237179793E+002
 8.097170000000E+000  1.861228771315E-003  3.818600312988E-003  1.061473123676E-023  1.059497479358E-023  1.975644317764E-026  7.337584920409E+002
 8.206660000000E+000  1.546269485975E-003  3.672213219298E-003  1.232764732289E-023  1.230858545800E-023  1.906186488925E-026  8.524351667444E+002
 8.317640000000E+000  1.321536861427E-003  3.538961900458E-003  1.401585874183E-023  1.399733626786E-023  1.852247397189E-026  9.693901639779E+002
 8.430110000000E+000  1.163263055735E-003  3.416802824255E-003  1.553962492938E-023  1.552154825780E-023  1.807667158033E-026  1.074949970686E+003
 8.544110000000E+000  1.042930142561E-003  3.298304090791E-003  1.693319068337E-023  1.691553054839E-023  1.766013497341E-026  1.171490676389E+003
 8.659640000000E+000  9.419323895487E-004  3.187520102647E-003  1.839950075268E-023  1.838216966697E-023  1.733108571047E-026  1.273063254803E+003
 8.776740000000E+000  8.535703594118E-004  3.085387581658E-003  2.013666466539E-023  2.011947660529E-023  1.718806009579E-026  1.393381022812E+003
 8.895420000000E+000  7.788167041358E-004  2.991886487000E-003  2.221556838704E-023  2.219826653129E-023  1.730185575170E-026  1.537348308349E+003
 9.015710000000E+000  7.211711031704E-004  2.908210918083E-003  2.450654831639E-023  2.448887490191E-023  1.767341448423E-026  1.695985150496E+003
 9.137630000000E+000  6.817084196421E-004  2.828292246183E-003  2.673034321609E-023  2.671212091606E-023  1.822230003033E-026  1.849956790312E+003
 9.261190000000E+000  6.588486327119E-004  2.753146936704E-003  2.851259920022E-023  2.849381371322E-023  1.878548699813E-026  1.973348515691E+003
 9.386420000000E+000  6.489392699131E-004  2.680042984625E-003  2.951452770592E-023  2.949537456986E-023  1.915313606131E-026  2.042711944880E+003
 9.513350000000E+000  6.470081061400E-004  2.613732917985E-003  2.963458289735E-023  2.961540908199E-023  1.917381535666E-026  2.051024974815E+003
 9.641990000000E+000  6.482112862948E-004  2.551574083250E-003  2.913192754198E-023  2.911304389775E-023  1.888364422423E-026  2.016233507424E+003
 9.772370000000E+000  6.484199069801E-004  2.490448781037E-003  2.828041936768E-023  2.826208178078E-023  1.833758689575E-026  1.957299843881E+003
 9.904520000000E+000  6.470357018360E-004  2.427936938671E-003  2.740072136091E-023  2.738299211593E-023  1.772924497657E-026  1.896418197684E+003
 1.003850000000E+001  6.443714570295E-004  2.363018539396E-003  2.659026460556E-023  2.657313059801E-023  1.713400754668E-026  1.840330969755E+003
 1.017420000000E+001  6.423685631007E-004  2.299049071793E-003  2.583974648675E-023  2.582314784593E-023  1.659864082158E-026  1.788390665606E+003
 1.031180000000E+001  6.451449792123E-004  2.240630191072E-003  2.497975145828E-023  2.496363589705E-023  1.611556123528E-026  1.728864880620E+003
 1.045120000000E+001  6.531821432929E-004  2.198124314743E-003  2.373729039916E-023  2.372178562494E-023  1.550477421889E-026  1.642860128296E+003
 1.059250000000E+001  6.613947207720E-004  2.163228693949E-003  2.229872245479E-023  2.228397419748E-023  1.474825731156E-026  1.543284021187E+003
 1.073580000000E+001  6.671194466590E-004  2.128900729659E-003  2.086678917371E-023  2.085286853286E-023  1.392064084712E-026  1.444172323908E+003
 1.088090000000E+001  6.682151188558E-004  2.088699229156E-003  1.959373756527E-023  1.958064473359E-023  1.309283167600E-026  1.356064042890E+003
 1.102810000000E+001  6.662028172000E-004  2.043332634486E-003  1.853379490153E-023  1.852144763515E-023  1.234726637681E-026  1.282708996667E+003
 1.117720000000E+001  6.618089874370E-004  1.998171528660E-003  1.756937567062E-023  1.755774809989E-023  1.162757072247E-026  1.215967665842E+003
 1.132840000000E+001  6.589187910977E-004  1.950070400710E-003  1.659581471015E-023  1.658487941599E-023  1.093529416609E-026  1.148591322588E+003
 1.148150000000E+001  6.494134205790E-004  1.888074375500E-003  1.572564240642E-023  1.571542996319E-023  1.021244322595E-026  1.088377312474E+003
 1.163680000000E+001  6.606980865740E-004  1.853711242188E-003  1.474706587017E-023  1.473732251196E-023  9.743358203000E-027  1.020638156652E+003
 1.179420000000E+001  6.587153213927E-004  1.797846914644E-003  1.390385826941E-023  1.389469958494E-023  9.158684468529E-027  9.622820264734E+002
 1.195360000000E+001  6.582300943315E-004  1.742226097695E-003  1.307374738697E-023  1.306514185299E-023  8.605533975791E-027  9.048307307120E+002
 1.211530000000E+001  6.572421533180E-004  1.674079310443E-003  1.225604918528E-023  1.224799399312E-023  8.055192157706E-027  8.482388847553E+002
 1.227910000000E+001  6.536697972036E-004  1.597961745035E-003  1.153402002319E-023  1.152648058266E-023  7.539440529501E-027  7.982702342996E+002
 1.244510000000E+001  6.478523362058E-004  1.505102817702E-003  1.089707513565E-023  1.089001544007E-023  7.059695584444E-027  7.541916298326E+002
 1.261340000000E+001  6.433743417331E-004  1.409665581572E-003  1.027042308190E-023  1.026381535521E-023  6.607726689636E-027  7.108239353419E+002
 1.278400000000E+001  6.398278779108E-004  1.308806091347E-003  9.637362170677E-024  9.631195917691E-024  6.166252986322E-027  6.670116664549E+002
 1.295690000000E+001  6.361400589851E-004  1.203958971945E-003  9.037608815520E-024  9.031859630515E-024  5.749185004990E-027  6.255044331795E+002
 1.313210000000E+001  6.270474414768E-004  1.091263591768E-003  8.538969569569E-024  8.533615230547E-024  5.354339021446E-027  5.909983520693E+002
 1.330970000000E+001  6.164837235844E-004  9.751569976696E-004  8.081895633730E-024  8.076913276616E-024  4.982357113903E-027  5.593693068325E+002
 1.348960000000E+001  6.059282750497E-004  8.565137769733E-004  7.645719724747E-024  7.641086966982E-024  4.632757764329E-027  5.291860112628E+002
 1.367200000000E+001  5.885248413272E-004  7.233204184803E-004  7.288364055202E-024  7.284074671903E-024  4.289383299123E-027  5.044610064014E+002
 1.385690000000E+001  5.662164781093E-004  5.863892628769E-004  7.009799621337E-024  7.005830557283E-024  3.969064053845E-027  4.851911179929E+002
 1.404430000000E+001  5.361762614772E-004  4.448220528311E-004  6.843217355188E-024  6.839548184490E-024  3.669170697980E-027  4.736751771350E+002
 1.423420000000E+001  4.981917099859E-004  3.097101836016E-004  6.831017484160E-024  6.827614327879E-024  3.403156281377E-027  4.728486939389E+002
 1.442670000000E+001  4.597398453416E-004  1.784471522243E-004  6.872163637340E-024  6.869004229892E-024  3.159407447793E-027  4.757151653254E+002
 1.462180000000E+001  4.193926250082E-004  6.566571103339E-005  7.046536476117E-024  7.043581210687E-024  2.955265429935E-027  4.878055520105E+002
 1.481950000000E+001  3.826029647536E-004 -4.018896576362E-005  7.237686802981E-024  7.234917642552E-024  2.769160428778E-027  5.010566200359E+002
 1.501990000000E+001  3.496263724090E-004 -1.323730795799E-004  7.455403295879E-024  7.452796690270E-024  2.606605609185E-027  5.161459057224E+002
 1.522300000000E+001  3.198870106105E-004 -2.149293259515E-004  7.696329872248E-024  7.693867916293E-024  2.461955955506E-027  5.328413734065E+002
 1.542880000000E+001  2.928126308186E-004 -2.915785180527E-004  7.957116710750E-024  7.954786766472E-024  2.329944277805E-027  5.509113948820E+002
 1.563750000000E+001  2.687719072874E-004 -3.595343788485E-004  8.236897383295E-024  8.234683536676E-024  2.213846619839E-027  5.702957385009E+002
 1.584890000000E+001  2.473186516798E-004 -4.209443237347E-004  8.527811504353E-024  8.525702417509E-024  2.109086843036E-027  5.904503475789E+002
 1.606320000000E+001  2.283664459338E-004 -4.757602469207E-004  8.830528286982E-024  8.828511690621E-024  2.016596360616E-027  6.114215041832E+002
 1.628050000000E+001  2.113407239433E-004 -5.256103548725E-004  9.140693272633E-024  9.138761471899E-024  1.931800733582E-027  6.329079556473E+002
 1.650060000000E+001  1.968534674423E-004 -5.664644404534E-004  9.452630957232E-024  9.450770174051E-024  1.860783180383E-027  6.545162217598E+002
 1.672370000000E+001  1.842582946259E-004 -6.022853926290E-004  9.746429547327E-024  9.744633686840E-024  1.795860487082E-027  6.748678367670E+002
 1.694990000000E+001  1.735650899646E-004 -6.303163021234E-004  1.000928703785E-023  1.000754977504E-023  1.737262805206E-027  6.930761776240E+002
 1.717910000000E+001  1.640240919457E-004 -6.543914846821E-004  1.025737101861E-023  1.025568856264E-023  1.682455967077E-027  7.102611116284E+002
 1.741140000000E+001  1.562597046410E-004 -6.688025424031E-004  1.046698187471E-023  1.046534630722E-023  1.635567496226E-027  7.247810282400E+002
 1.764680000000E+001  1.494423750878E-004 -6.796166638650E-004  1.065172646765E-023  1.065013464835E-023  1.591819302111E-027  7.375786060706E+002
 1.788550000000E+001  1.438334680014E-004 -6.898580212182E-004  1.076479107647E-023  1.076324273924E-023  1.548337232840E-027  7.454119444057E+002
 1.812730000000E+001  1.389130852480E-004 -6.992417695089E-004  1.083821804168E-023  1.083671247137E-023  1.505570306760E-027  7.505001150632E+002
 1.837240000000E+001  1.349129396790E-004 -7.072013676439E-004  1.085256272971E-023  1.085109857857E-023  1.464151140917E-027  7.514964296868E+002
 1.862090000000E+001  1.315935444479E-004 -7.142287155839E-004  1.081746122915E-023  1.081603772109E-023  1.423508065071E-027  7.490682783774E+002
 1.887270000000E+001  1.286381306141E-004 -7.251953011222E-004  1.073225324969E-023  1.073087267270E-023  1.380576995317E-027  7.431701447151E+002
 1.912790000000E+001  1.261186308969E-004 -7.436253774583E-004  1.057168771540E-023  1.057035442862E-023  1.333286780936E-027  7.320534005027E+002
 1.938650000000E+001  1.237051955827E-004 -7.620061634825E-004  1.040174969452E-023  1.040046294403E-023  1.286750480362E-027  7.202875094110E+002
 1.964870000000E+001  1.218134989231E-004 -7.966620893019E-004  1.015024338552E-023  1.014900694886E-023  1.236436661711E-027  7.028728410959E+002
 1.991440000000E+001  1.199437654158E-004 -8.294198456752E-004  9.902589539868E-024  9.901401785991E-024  1.187753876779E-027  6.857248634494E+002
 2.018370000000E+001  1.177503845444E-004 -8.643789275546E-004  9.634557974506E-024  9.633423501599E-024  1.134472906414E-027  6.671659385170E+002
 2.045660000000E+001  1.151656594785E-004 -8.980079553536E-004  9.389204059306E-024  9.388122745429E-024  1.081313877469E-027  6.501775533201E+002
 2.073320000000E+001  1.123559514276E-004 -9.280764754241E-004  9.177470512840E-024  9.176439369409E-024  1.031143431169E-027  6.355173509313E+002
 2.101360000000E+001  1.096319114354E-004 -9.554925595397E-004  8.968715183460E-024  8.967731926071E-024  9.832573886826E-028  6.210632477470E+002
 2.129770000000E+001  1.068589068921E-004 -9.815609288668E-004  8.761724940185E-024  8.760788671836E-024  9.362683495975E-028  6.067313240639E+002
 2.158570000000E+001  1.039034055076E-004 -1.006956900253E-003  8.578830073516E-024  8.577938703856E-024  8.913696599094E-028  5.940679889085E+002
 2.187760000000E+001  1.009763579462E-004 -1.029720465990E-003  8.408680033309E-024  8.407830955425E-024  8.490778848983E-028  5.822871203925E+002
 2.217350000000E+001  9.819140760950E-005 -1.049420081747E-003  8.241353082180E-024  8.240543852120E-024  8.092300597462E-028  5.707015965900E+002
 2.247330000000E+001  9.557887837155E-005 -1.069828756110E-003  8.054989246658E-024  8.054219359820E-024  7.698868374905E-028  5.577976321008E+002
 2.277720000000E+001  9.265438200236E-005 -1.093538433098E-003  7.892678866916E-024  7.891947575634E-024  7.312912827572E-028  5.465594458865E+002
 2.308520000000E+001  8.965511769341E-005 -1.116670734451E-003  7.751678591106E-024  7.750983613450E-024  6.949776564072E-028  5.367969399496E+002
 2.339740000000E+001  8.667249839970E-005 -1.137583120812E-003  7.630681287132E-024  7.630019916921E-024  6.613702116476E-028  5.284195590415E+002
 2.371370000000E+001  8.388478789755E-005 -1.158791883310E-003  7.503840741391E-024  7.503211283302E-024  6.294580890086E-028  5.196373850775E+002
 2.403440000000E+001  8.102650765809E-005 -1.183478201771E-003  7.389878032364E-024  7.389279256355E-024  5.987760089817E-028  5.117469847777E+002
 2.435940000000E+001  7.816752652091E-005 -1.212052440380E-003  7.286967244825E-024  7.286397640619E-024  5.696042053669E-028  5.046218843700E+002
 2.468880000000E+001  7.544799697315E-005 -1.250585621839E-003  7.194268792658E-024  7.193725999488E-024  5.427931700925E-028  4.982038791386E+002
 2.502270000000E+001  7.284698622781E-005 -1.286510444421E-003  7.097347845967E-024  7.096830825566E-024  5.170204007891E-028  4.914933717436E+002
 2.536100000000E+001  7.013105690347E-005 -1.304719181979E-003  7.013735950343E-024  7.013244069628E-024  4.918807150394E-028  4.857045432483E+002
 2.570400000000E+001  6.750734502989E-005 -1.321748094672E-003  6.934502808157E-024  6.934034678284E-024  4.681298736810E-028  4.802188705893E+002
 2.605150000000E+001  6.497559337645E-005 -1.337553884993E-003  6.859684145975E-024  6.859238433928E-024  4.457120477597E-028  4.750388318881E+002
 2.640380000000E+001  6.253200237302E-005 -1.352114628217E-003  6.789197368057E-024  6.788772825951E-024  4.245421059303E-028  4.701587128451E+002
 2.676090000000E+001  6.017525861772E-005 -1.365391482180E-003  6.723017425940E-024  6.722612866627E-024  4.045593122973E-028  4.655767829272E+002
 2.712270000000E+001  5.790479814360E-005 -1.377340367123E-003  6.661119001900E-024  6.660733291149E-024  3.857107512155E-028  4.612912924116E+002
 2.748950000000E+001  5.571776704132E-005 -1.387928135992E-003  6.603388916853E-024  6.603020990767E-024  3.679260853524E-028  4.572944079144E+002
 2.786120000000E+001  5.361219694285E-005 -1.388934843408E-003  6.549379794437E-024  6.549028667798E-024  3.511266393929E-028  4.535551516863E+002
 2.823800000000E+001  5.160140350604E-005 -1.387261486499E-003  6.497000316184E-024  6.496665061849E-024  3.352543348943E-028  4.499286927954E+002
 2.861980000000E+001  4.968646271820E-005 -1.384610637346E-003  6.445774631961E-024  6.445454364220E-024  3.202677409408E-028  4.463820789524E+002
 2.900680000000E+001  4.786536000324E-005 -1.380991252498E-003  6.395245215755E-024  6.394939105041E-024  3.061107145611E-028  4.428836279299E+002
 2.939910000000E+001  4.613677678049E-005 -1.376419597205E-003  6.344903090839E-024  6.344610357461E-024  2.927333775959E-028  4.393980938300E+002
 2.979660000000E+001  4.450032140256E-005 -1.370926050397E-003  6.294195442128E-024  6.293915348408E-024  2.800937201452E-028  4.358871941703E+002
 3.019950000000E+001  4.296913645304E-005 -1.360540943900E-003  6.233897088619E-024  6.233629223445E-024  2.678651746351E-028  4.317120585985E+002
 3.060790000000E+001  4.154385346303E-005 -1.345740184953E-003  6.161932808703E-024  6.161676818269E-024  2.559904336538E-028  4.267289709226E+002
 3.102180000000E+001  4.020761689535E-005 -1.330814819718E-003  6.086002156075E-024  6.085757452432E-024  2.447036431157E-028  4.214711500708E+002
 3.144130000000E+001  3.895725596139E-005 -1.315846536967E-003  6.005604852443E-024  6.005370890558E-024  2.339618854396E-028  4.159039520765E+002
 3.186640000000E+001  3.778977079636E-005 -1.300924100751E-003  5.920300963757E-024  5.920077236941E-024  2.237268164658E-028  4.099969118165E+002
 3.229730000000E+001  3.670153367051E-005 -1.286132789908E-003  5.829669974596E-024  5.829456016767E-024  2.139578288606E-028  4.037209091684E+002
 3.273410000000E+001  3.568912021846E-005 -1.271561694939E-003  5.733386256920E-024  5.733181637409E-024  2.046195113821E-028  3.970533951066E+002
 3.317670000000E+001  3.474942667768E-005 -1.257306440425E-003  5.631263064606E-024  5.631067381443E-024  1.956831629663E-028  3.899814384543E+002
 3.362530000000E+001  3.387067604193E-005 -1.240617282635E-003  5.520719545587E-024  5.520532555084E-024  1.869905032469E-028  3.823263124075E+002
 3.408000000000E+001  3.302848334506E-005 -1.216451891346E-003  5.398343217509E-024  5.398164918420E-024  1.782990890504E-028  3.738517011599E+002
 3.454090000000E+001  3.223812528530E-005 -1.193115200057E-003  5.272167858677E-024  5.271997893869E-024  1.699648079532E-028  3.651139620446E+002
 3.500800000000E+001  3.149583995120E-005 -1.170611394546E-003  5.142664617619E-024  5.142502645077E-024  1.619725417193E-028  3.561457256560E+002
 3.548130000000E+001  3.079796632394E-005 -1.148936088184E-003  5.010355597290E-024  5.010201288527E-024  1.543087629563E-028  3.469831513443E+002
 3.596110000000E+001  3.014059873244E-005 -1.128063596016E-003  4.875713826822E-024  4.875566869888E-024  1.469569339884E-028  3.376590000441E+002
 3.644740000000E+001  2.952044317436E-005 -1.107976264742E-003  4.739320724213E-024  4.739180817365E-024  1.399068481242E-028  3.282135387585E+002
 3.694030000000E+001  2.893425339976E-005 -1.088646423375E-003  4.601740264357E-024  4.601607116438E-024  1.331479188888E-028  3.186858264889E+002
 3.743980000000E+001  2.837908956646E-005 -1.070044570498E-003  4.463561991345E-024  4.463435319520E-024  1.266718255378E-028  3.091166928831E+002
 3.794610000000E+001  2.783856135762E-005 -1.045130284581E-003  4.323442757560E-024  4.323322399133E-024  1.203584264825E-028  2.994131261280E+002
 3.845920000000E+001  2.731528049658E-005 -1.018411476494E-003  4.184332691699E-024  4.184218395478E-024  1.142962211648E-028  2.897794322356E+002
 3.897920000000E+001  2.681163009704E-005 -9.923100296210E-004  4.047385368728E-024  4.047276851729E-024  1.085169993665E-028  2.802955002210E+002
 3.950630000000E+001  2.632593118251E-005 -9.667810155611E-004  3.912841391152E-024  3.912738381959E-024  1.030091931915E-028  2.709779938915E+002
 4.004050000000E+001  2.585685595475E-005 -9.417910699958E-004  3.780956260704E-024  3.780858497063E-024  9.776364140424E-029  2.618446087389E+002
 4.058200000000E+001  2.540302289922E-005 -9.172999724800E-004  3.651899731865E-024  3.651806962573E-024  9.276929251423E-029  2.529071019314E+002
 4.113080000000E+001  2.496336570893E-005 -8.932790829035E-004  3.525854763636E-024  3.525766746434E-024  8.801720190122E-029  2.441781449747E+002
 4.168690000000E+001  2.450596763320E-005 -8.621977443259E-004  3.404884518858E-024  3.404801078868E-024  8.343998981394E-029  2.358006275619E+002
 4.225060000000E+001  2.404440208054E-005 -8.273778525727E-004  3.288269119308E-024  3.288190054843E-024  7.906446485366E-029  2.277246924312E+002
 4.282200000000E+001  2.359533030336E-005 -7.929535098328E-004  3.174977709971E-024  3.174902795323E-024  7.491464777256E-029  2.198789457133E+002
 4.340100000000E+001  2.315834079937E-005 -7.589212727450E-004  3.065034045413E-024  3.064963064310E-024  7.098110298535E-029  2.122650331921E+002
 4.398790000000E+001  2.273277870280E-005 -7.252556847929E-004  2.958371375704E-024  2.958304123702E-024  6.725200180458E-029  2.048783328980E+002
 4.458270000000E+001  2.231827553150E-005 -6.919512575825E-004  2.854969227110E-024  2.854905509120E-024  6.371798984460E-029  1.977174275639E+002
 4.518560000000E+001  2.190602755105E-005 -6.534328244587E-004  2.755506778746E-024  2.755446416539E-024  6.036220741232E-029  1.908293551320E+002
 4.579660000000E+001  2.146319875511E-005 -5.875086739104E-004  2.662820613374E-024  2.662763460726E-024  5.715264807404E-029  1.844105662986E+002
 4.641590000000E+001  2.103209534481E-005 -5.222986956974E-004  2.572986371726E-024  2.572932256431E-024  5.411529469104E-029  1.781892764621E+002
 4.704350000000E+001  2.061249478994E-005 -4.578100125142E-004  2.485942893047E-024  2.485891651562E-024  5.124148493101E-029  1.721612505139E+002
 4.767970000000E+001  2.020399478786E-005 -3.940197212642E-004  2.401587265736E-024  2.401538744080E-024  4.852165659954E-029  1.663193619395E+002
 4.832440000000E+001  1.980647269780E-005 -3.309465894990E-004  2.319870853556E-024  2.319824905097E-024  4.594845872337E-029  1.606602429289E+002
 4.897790000000E+001  1.941957316638E-005 -2.685703177661E-004  2.240692653232E-024  2.240649139937E-024  4.351329492280E-029  1.551768990624E+002
 4.964020000000E+001  1.904313489863E-005 -2.069007317570E-004  2.163990967138E-024  2.163949757967E-024  4.120917190663E-029  1.498650579348E+002
 5.031140000000E+001  1.866182974752E-005 -1.381017569049E-004  2.091041393030E-024  2.091002370372E-024  3.902265847175E-029  1.448130624216E+002
 5.099180000000E+001  1.827447823178E-005 -6.174772201821E-005  2.021777386338E-024  2.021740439412E-024  3.694692683616E-029  1.400163044295E+002
 5.168130000000E+001  1.789771164267E-005  1.317129502368E-005  1.954641099711E-024  1.954606116108E-024  3.498360276754E-029  1.353668946110E+002
 5.238010000000E+001  1.751564242947E-005  8.605165015878E-005  1.890934217345E-024  1.890901096417E-024  3.312092760866E-029  1.309549823512E+002
 5.308840000000E+001  1.714477774948E-005  1.573634126439E-004  1.829072682769E-024  1.829041323724E-024  3.135904463371E-029  1.266708632841E+002
 5.380630000000E+001  1.678489793476E-005  2.271233368734E-004  1.769000529640E-024  1.768970837147E-024  2.969249333654E-029  1.225106618201E+002
 5.453390000000E+001  1.642253680556E-005  2.960826322384E-004  1.711842513235E-024  1.711814400438E-024  2.811279667892E-029  1.185522738459E+002
 5.527130000000E+001  1.606917308114E-005  3.634142819541E-004  1.656475758749E-024  1.656449140553E-024  2.661819567204E-029  1.147179344165E+002
 5.601870000000E+001  1.572669518268E-005  4.290172166363E-004  1.602651298819E-024  1.602626094411E-024  2.520440846065E-029  1.109904015111E+002
 5.677620000000E+001  1.538491737104E-005  4.916808236590E-004  1.551199933829E-024  1.551176068746E-024  2.386508280792E-029  1.074272129257E+002
 5.754400000000E+001  1.504594306637E-005  5.515120530661E-004  1.501836128796E-024  1.501813532255E-024  2.259654088887E-029  1.040085940951E+002
 5.832210000000E+001  1.471777193571E-005  6.094889425901E-004  1.453798681818E-024  1.453777285141E-024  2.139667743943E-029  1.006818278750E+002
 5.911080000000E+001  1.439838384480E-005  6.653337133666E-004  1.407183538155E-024  1.407163276987E-024  2.026116872244E-029  9.745355928571E+001
 5.991010000000E+001  1.407224551190E-005  7.160207644695E-004  1.363247695160E-024  1.363228511204E-024  1.918395625982E-029  9.441084251505E+001
 6.072020000000E+001  1.375674484175E-005  7.648809981552E-004  1.320435824021E-024  1.320417659122E-024  1.816489871096E-029  9.144596276044E+001
 6.154130000000E+001  1.345160374757E-005  8.119593190945E-004  1.278713492495E-024  1.278696291748E-024  1.720074720772E-029  8.855653563043E+001
 6.237350000000E+001  1.315170990053E-005  8.561139440831E-004  1.238481204580E-024  1.238464916434E-024  1.628814551989E-029  8.577029839453E+001
 6.321690000000E+001  1.285614473259E-005  8.970864855336E-004  1.199758534533E-024  1.199743110263E-024  1.542426936411E-029  8.308860687014E+001
 6.407180000000E+001  1.256414816455E-005  9.345248342181E-004  1.162508785808E-024  1.162494179875E-024  1.460593262748E-029  8.050891984643E+001
 6.493820000000E+001  1.227735620016E-005  9.689260883300E-004  1.126549662530E-024  1.126535831478E-024  1.383105148405E-029  7.801861250639E+001
 6.581630000000E+001  1.199589269589E-005  9.994972282724E-004  1.091842799193E-024  1.091829701564E-024  1.309762905989E-029  7.561502797251E+001
 6.670630000000E+001  1.172155974389E-005  1.027250718984E-003  1.058175252662E-024  1.058162849198E-024  1.240346444359E-029  7.328341894981E+001
 6.760830000000E+001  1.145220551782E-005  1.051286268783E-003  1.025688881163E-024  1.025677134763E-024  1.174639986443E-029  7.103361002619E+001
 6.852250000000E+001  1.118980763232E-005  1.072713354957E-003  9.941615370971E-025  9.941504126207E-025  1.112447635556E-029  6.885021643168E+001
 6.944910000000E+001  1.092948136483E-005  1.091266754215E-003  9.638975778337E-025  9.638870429330E-025  1.053490061454E-029  6.675431673029E+001
 7.038820000000E+001  1.067535563656E-005  1.107308375359E-003  9.345750538884E-025  9.345650769674E-025  9.976921069313E-030  6.472361425578E+001
 7.134000000000E+001  1.042621140115E-005  1.120302126890E-003  9.062577734886E-025  9.062483246534E-025  9.448835130326E-030  6.276252818600E+001
 7.230470000000E+001  1.018012650385E-005  1.130818391649E-003  8.789954306096E-025  8.789864823250E-025  8.948284679915E-030  6.087450025702E+001
 7.328250000000E+001  9.940341992409E-006  1.138987166104E-003  8.525325556929E-025  8.525240812277E-025  8.474465163250E-030  5.904183789555E+001
 7.427340000000E+001  9.704881036331E-006  1.143915257963E-003  8.270049711452E-025  8.269969451603E-025  8.025984861418E-030  5.727394762381E+001
 7.527780000000E+001  9.476865074926E-006  1.147451550521E-003  8.021021202542E-025  8.020945188406E-025  7.601413569961E-030  5.554932183276E+001
 7.629570000000E+001  9.251449961445E-006  1.147302306355E-003  7.782008963889E-025  7.781936969022E-025  7.199486652893E-030  5.389406248522E+001
 7.732740000000E+001  9.034053838708E-006  1.146360256709E-003  7.548094237647E-025  7.548026047758E-025  6.818988972255E-030  5.227410464480E+001
 7.837300000000E+001  8.816998119605E-006  1.142563579557E-003  7.324969849271E-025  7.324905265026E-025  6.458424538719E-030  5.072887426653E+001
 7.943280000000E+001  8.606320593051E-006  1.137673705611E-003  7.107560538250E-025  7.107499368306E-025  6.116994462670E-030  4.922322252081E+001
 8.050690000000E+001  8.400085816658E-006  1.128908330372E-003  6.897266539970E-025  6.897208602339E-025  5.793763083611E-030  4.776684684902E+001
 8.159560000000E+001  8.197878753779E-006  1.116216159275E-003  6.694066383749E-025  6.694011506604E-025  5.487714458372E-030  4.635959862561E+001
 8.269900000000E+001  8.002639659781E-006  1.102953568056E-003  6.495289565444E-025  6.495237585982E-025  5.197946187818E-030  4.498298324809E+001
 8.381720000000E+001  7.806828140832E-006  1.084181946187E-003  6.306429097188E-025  6.306379863980E-025  4.923320814409E-030  4.367504283289E+001
 8.495060000000E+001  7.618046843989E-006  1.065350281429E-003  6.121360617739E-025  6.121313984927E-025  4.663281193489E-030  4.239336295174E+001
 8.609940000000E+001  7.432725223269E-006  1.042869035571E-003  5.942725528370E-025  5.942681357724E-025  4.417064592968E-030  4.115623676956E+001
 8.726360000000E+001  7.250967168190E-006  1.017244402278E-003  5.770217609082E-025  5.770175769424E-025  4.183965843677E-030  3.996154359846E+001
 8.844370000000E+001  7.075744910045E-006  9.919642524449E-004  5.601124165019E-025  5.601084532893E-025  3.963212580116E-030  3.879049663372E+001
 8.963960000000E+001  6.899915959144E-006  9.645073257272E-004  5.440716626206E-025  5.440679085719E-025  3.754048747834E-030  3.767960339116E+001
 9.085180000000E+001  6.729647922838E-006  9.373217550849E-004  5.283998550952E-025  5.283962991502E-025  3.555944987269E-030  3.659426088481E+001
 9.208030000000E+001  6.564477601029E-006  9.102703649363E-004  5.131203067236E-025  5.131169383568E-025  3.368366760120E-030  3.553608368727E+001
 9.332540000000E+001  6.400870112779E-006  8.820999463438E-004  4.984861191655E-025  4.984829284206E-025  3.190744901802E-030  3.452260047731E+001
 9.458740000000E+001  6.243166327665E-006  8.545858865401E-004  4.841334348965E-025  4.841304123710E-025  3.022525558843E-030  3.352861221979E+001
 9.586650000000E+001  6.088449807419E-006  8.269469258059E-004  4.702644263021E-025  4.702615631207E-025  2.863181355755E-030  3.256812046681E+001
 9.716280000000E+001  5.935012064100E-006  7.987828017633E-004  4.569891326437E-025  4.569864204077E-025  2.712236015403E-030  3.164874605691E+001
 9.847670000000E+001  5.787108863313E-006  7.713371724587E-004  4.439647373106E-025  4.439621680383E-025  2.569272266289E-030  3.074674714095E+001
 9.980830000000E+001  5.644597530472E-006  7.445982033259E-004  4.311876390350E-025  4.311852051543E-025  2.433880682467E-030  2.986187434027E+001
 1.011580000000E+002  5.501624324120E-006  7.137661739998E-004  4.190686397192E-025  4.190663341609E-025  2.305558221755E-030  2.902257791168E+001
 1.025260000000E+002  5.362940392485E-006  6.831811167168E-004  4.072402885751E-025  4.072381045698E-025  2.184005393047E-030  2.820340994975E+001
 1.039120000000E+002  5.225595137251E-006  6.497977519483E-004  3.959192078565E-025  3.959171389430E-025  2.068913487319E-030  2.741937272186E+001
 1.053170000000E+002  5.088118874992E-006  6.127173007892E-004  3.851860808520E-025  3.851841209794E-025  1.959872568367E-030  2.667605400431E+001
 1.067420000000E+002  4.955351312272E-006  5.771836381067E-004  3.746492764835E-025  3.746474199647E-025  1.856518783864E-030  2.594633128215E+001
 1.081850000000E+002  4.827343798732E-006  5.432044134591E-004  3.643221544514E-025  3.643203957431E-025  1.758708293032E-030  2.523112979581E+001
 1.096480000000E+002  4.703786935272E-006  5.106899193287E-004  3.541888159245E-025  3.541871498958E-025  1.666028724965E-030  2.452934849502E+001
 1.111310000000E+002  4.584560778429E-006  4.796017358470E-004  3.442483004181E-025  3.442467221908E-025  1.578227256138E-030  2.384092087862E+001
 1.126330000000E+002  4.469622025395E-006  4.499206205725E-004  3.345059450915E-025  3.345044499764E-025  1.495115139807E-030  2.316621658640E+001
 1.141560000000E+002  4.350963667154E-006  4.153317270969E-004  3.255369807720E-025  3.255355643724E-025  1.416399575654E-030  2.254507344031E+001
 1.157000000000E+002  4.235819813392E-006  3.822361974673E-004  3.167789483407E-025  3.167776065221E-025  1.341818545847E-030  2.193853816573E+001
 1.172650000000E+002  4.124491232204E-006  3.509402983174E-004  3.081994512482E-025  3.081981800823E-025  1.271165934443E-030  2.134436714317E+001
 1.188500000000E+002  4.014088806668E-006  3.196250224936E-004  3.000146088394E-025  3.000134045541E-025  1.204285283179E-030  2.077752780035E+001
 1.204570000000E+002  3.904257918946E-006  2.882930086348E-004  2.922221852781E-025  2.922210443673E-025  1.140910780964E-030  2.023786531209E+001
 1.220860000000E+002  3.797916811398E-006  2.588575580816E-004  2.845971207901E-025  2.845960399139E-025  1.080876189524E-030  1.970979310064E+001
 1.237370000000E+002  3.694941443550E-006  2.312580058369E-004  2.771405692724E-025  2.771395452542E-025  1.024018175094E-030  1.919339109082E+001
 1.254100000000E+002  3.590529635166E-006  2.017892249241E-004  2.702388070220E-025  2.702378367215E-025  9.703004451843E-031  1.871541097816E+001
 1.271060000000E+002  3.488878792884E-006  1.734602762673E-004  2.635395335838E-025  2.635386141263E-025  9.194574898071E-031  1.825145409624E+001
 1.288250000000E+002  3.390835289988E-006  1.468495468460E-004  2.569670672287E-025  2.569661958957E-025  8.713329999238E-031  1.779627909262E+001
 1.305670000000E+002  3.296418461854E-006  1.218924000107E-004  2.505129843132E-025  2.505121585176E-025  8.257956264242E-031  1.734930259420E+001
 1.323330000000E+002  3.205626202078E-006  9.851040392752E-005  2.441629105125E-025  2.441621278175E-025  7.826950235147E-031  1.690952911274E+001
 1.341220000000E+002  3.118588901446E-006  7.665189750509E-005  2.379072324374E-025  2.379064905025E-025  7.419348546529E-031  1.647629287647E+001
 1.359360000000E+002  3.034162584524E-006  5.593351516985E-005  2.318228110509E-025  2.318221076628E-025  7.033880995299E-031  1.605491692566E+001
 1.377740000000E+002  2.952855529645E-006  3.550285590939E-005  2.258502218591E-025  2.258495549560E-025  6.669030764881E-031  1.564128580778E+001
 1.396370000000E+002  2.875634217053E-006  1.535651517314E-005  2.198806492314E-025  2.198800169351E-025  6.322963185976E-031  1.522786347297E+001
 1.415250000000E+002  2.802251035780E-006 -4.498336564405E-006  2.139226777611E-025  2.139220782961E-025  5.994650453329E-031  1.481524445720E+001
 1.434390000000E+002  2.732406162178E-006 -2.406053669747E-005  2.079848916709E-025  2.079843233717E-025  5.682991996416E-031  1.440402327128E+001
 1.453780000000E+002  2.665873137064E-006 -4.330629216805E-005  2.020840552246E-025  2.020835164941E-025  5.387304542521E-031  1.399536093459E+001
 1.473440000000E+002  2.602332294040E-006 -6.224170929943E-005  1.962285574249E-025  1.962280467730E-025  5.106519119997E-031  1.358983843770E+001
 1.493370000000E+002  2.541557285344E-006 -8.085408224485E-005  1.904326965477E-025  1.904322125521E-025  4.839956072785E-031  1.318844601715E+001
 1.513560000000E+002  2.478379118479E-006 -9.544699830891E-005  1.850593551983E-025  1.850588965511E-025  4.586472416027E-031  1.281631523600E+001
 1.534030000000E+002  2.414903081559E-006 -1.082809855037E-004  1.799565584875E-025  1.799561239099E-025  4.345776476382E-031  1.246292102494E+001
 1.554770000000E+002  2.353477118752E-006 -1.211896879587E-004  1.749633154421E-025  1.749629036699E-025  4.117721595139E-031  1.211711390174E+001
 1.575800000000E+002  2.294003219906E-006 -1.341751541708E-004  1.700736801939E-025  1.700732900443E-025  3.901495699861E-031  1.177848208897E+001
 1.597100000000E+002  2.236500601769E-006 -1.472152093874E-004  1.652907959639E-025  1.652904262909E-025  3.696729646400E-031  1.144724327400E+001
 1.618700000000E+002  2.180854843234E-006 -1.603187562427E-004  1.606062668330E-025  1.606059165740E-025  3.502589548764E-031  1.112281600043E+001
 1.640590000000E+002  2.127061878905E-006 -1.734704608569E-004  1.560206220799E-025  1.560202902144E-025  3.318655175492E-031  1.080523692655E+001
 1.662770000000E+002  2.075089904045E-006 -1.866615219403E-004  1.515319841287E-025  1.515316696862E-025  3.144424904054E-031  1.049437602369E+001
 1.685260000000E+002  2.024864086395E-006 -1.998952076867E-004  1.471345247242E-025  1.471342267967E-025  2.979274149828E-031  1.018982965843E+001
 1.708050000000E+002  1.976379415224E-006 -2.131571230620E-004  1.428284825742E-025  1.428282002910E-025  2.822832728674E-031  9.891614365130E+000
 1.731140000000E+002  1.929607649720E-006 -2.264393060304E-004  1.386119826391E-025  1.386117151723E-025  2.674667420432E-031  9.599600290285E+000
 1.754550000000E+002  1.883192938228E-006 -2.388025412458E-004  1.345717636398E-025  1.345715102152E-025  2.534245949713E-031  9.319794556467E+000
 1.778280000000E+002  1.833169663207E-006 -2.472835692570E-004  1.309859951047E-025  1.309857549851E-025  2.401195525308E-031  9.071461889170E+000
 1.802330000000E+002  1.784862816015E-006 -2.557481983757E-004  1.274691846928E-025  1.274689571778E-025  2.275150079460E-031  8.827904891048E+000
 1.826700000000E+002  1.738233688136E-006 -2.641927353689E-004  1.240201384189E-025  1.240199228429E-025  2.155759826069E-031  8.589040874673E+000
 1.851400000000E+002  1.693225390023E-006 -2.726166814701E-004  1.206363501201E-025  1.206361458556E-025  2.042645309830E-031  8.354696277543E+000
 1.876430000000E+002  1.649801792294E-006 -2.810163179070E-004  1.173167863828E-025  1.173165928333E-025  1.935494444405E-031  8.124799532407E+000
 1.901810000000E+002  1.607894504112E-006 -2.893948068499E-004  1.140579093535E-025  1.140577259604E-025  1.833930856000E-031  7.899105626662E+000
 1.927530000000E+002  1.567487429594E-006 -2.977450347796E-004  1.108601577005E-025  1.108599839286E-025  1.737719036384E-031  7.677644942055E+000
 1.953590000000E+002  1.528546835795E-006 -3.060637806019E-004  1.077226388097E-025  1.077224741506E-025  1.646590986961E-031  7.460355662152E+000
 1.980010000000E+002  1.491011863454E-006 -3.143540397057E-004  1.046421452093E-025  1.046419891867E-025  1.560226799244E-031  7.247015654653E+000
 2.006780000000E+002  1.453770745714E-006 -3.218186933087E-004  1.016963053661E-025  1.016961575230E-025  1.478431136884E-031  7.043001106110E+000
 2.033920000000E+002  1.414623058791E-006 -3.268708591437E-004  9.903223372056E-026  9.903209362728E-026  1.400932813847E-031  6.858500477756E+000
 2.061420000000E+002  1.376877119074E-006 -3.318819125510E-004  9.641535424598E-026  9.641522149389E-026  1.327520951888E-031  6.677268130547E+000
 2.089300000000E+002  1.340469660397E-006 -3.368542343232E-004  9.384336756000E-026  9.384324176582E-026  1.257941870437E-031  6.499144821752E+000
 2.117550000000E+002  1.305379243343E-006 -3.417849522816E-004  9.131681320581E-026  9.131669400274E-026  1.192030725271E-031  6.324167918756E+000
 2.146180000000E+002  1.271559509949E-006 -3.466746386355E-004  8.883438861001E-026  8.883427565180E-026  1.129582116475E-031  6.152247212828E+000
 2.175200000000E+002  1.238967025872E-006 -3.515240201232E-004  8.639487137897E-026  8.639476433858E-026  1.070403968430E-031  5.983298048023E+000
 2.204620000000E+002  1.207561112766E-006 -3.563335290803E-004  8.399710961004E-026  8.399700817839E-026  1.014316431498E-031  5.817240650186E+000
 2.234430000000E+002  1.177323482032E-006 -3.611006348293E-004  8.164157925778E-026  8.164148313923E-026  9.611854837036E-032  5.654107982636E+000
 2.264640000000E+002  1.147165209781E-006 -3.658265585832E-004  7.939971198264E-026  7.939962089805E-026  9.108458725308E-032  5.498847069845E+000
 2.295270000000E+002  1.116956994431E-006 -3.705134852634E-004  7.727496224656E-026  7.727487593375E-026  8.631280957565E-032  5.351697152893E+000
 2.326310000000E+002  1.087835775810E-006 -3.751584332823E-004  7.518774265788E-026  7.518766086597E-026  8.179191636568E-032  5.207146381368E+000
 2.357760000000E+002  1.059773145463E-006 -3.797604406211E-004  7.313771148795E-026  7.313763397857E-026  7.750938255554E-032  5.065171089605E+000
 2.389640000000E+002  1.032724872298E-006 -3.843215333959E-004  7.112325503535E-026  7.112318158460E-026  7.345075447384E-032  4.925659521179E+000
 2.421960000000E+002  1.006690857020E-006 -3.888152566551E-004  6.914560353659E-026  6.914553392834E-026  6.960824688342E-032  4.788696877066E+000
 2.454710000000E+002  9.816286724633E-007 -3.932525678271E-004  6.720442713586E-026  6.720436116607E-026  6.596979259303E-032  4.654260313828E+000
 2.487900000000E+002  9.575252133506E-007 -3.976687791275E-004  6.529221215159E-026  6.529214963265E-026  6.251893937058E-032  4.521829470097E+000
 2.521540000000E+002  9.346241324264E-007 -4.006899551842E-004  6.338765199413E-026  6.338759275050E-026  5.924362925156E-032  4.389928751777E+000
 2.555640000000E+002  9.127322675362E-007 -4.028574808989E-004  6.150972539551E-026  6.150966925360E-026  5.614191113578E-032  4.259872537383E+000
 2.590200000000E+002  8.917254206211E-007 -4.049964586452E-004  5.966282530957E-026  5.966277210671E-026  5.320285799462E-032  4.131965063146E+000
 2.625230000000E+002  8.706408492585E-007 -4.071286465003E-004  5.790587171464E-026  5.790582129942E-026  5.041521732669E-032  4.010286852479E+000
 2.660730000000E+002  8.500507193017E-007 -4.092414064845E-004  5.620035890181E-026  5.620031112865E-026  4.777315550949E-032  3.892171180149E+000
 2.696700000000E+002  8.302938379946E-007 -4.113266542160E-004  5.452326530322E-026  5.452322003289E-026  4.527033120860E-032  3.776023680280E+000
 2.733170000000E+002  8.113370412325E-007 -4.133860516281E-004  5.287304824736E-026  5.287300534950E-026  4.289786252595E-032  3.661737515262E+000
 2.770130000000E+002  7.919991037539E-007 -4.154307583948E-004  5.132446847401E-026  5.132442782508E-026  4.064893303206E-032  3.554490265385E+000
 2.807590000000E+002  7.724817461276E-007 -4.174597946448E-004  4.986152181843E-026  4.986148330132E-026  3.851711543888E-032  3.453173557360E+000
 2.845550000000E+002  7.537226839008E-007 -4.194631628793E-004  4.842295423715E-026  4.842291773967E-026  3.649747903003E-032  3.353545222439E+000
 2.884030000000E+002  7.356951484879E-007 -4.214421081980E-004  4.700786320527E-026  4.700782862181E-026  3.458345690090E-032  3.255542756415E+000
 2.923030000000E+002  7.183833523773E-007 -4.233962858985E-004  4.561611541950E-026  4.561608264964E-026  3.276985791749E-032  3.159156927687E+000
 2.962560000000E+002  7.017682882356E-007 -4.253263537844E-004  4.424721936859E-026  4.424718831730E-026  3.105129539548E-032  3.064353696850E+000
 3.002620000000E+002  6.856365471816E-007 -4.271339765937E-004  4.291353149218E-026  4.291350206909E-026  2.942308555966E-032  2.971988813553E+000
 3.043220000000E+002  6.674780894641E-007 -4.275930326627E-004  4.177000368182E-026  4.176997580126E-026  2.788056225445E-032  2.892793522744E+000
 3.084370000000E+002  6.499900302192E-007 -4.280421433995E-004  4.064505232900E-026  4.064502591013E-026  2.641887879159E-032  2.814884745062E+000
 3.126080000000E+002  6.331508805017E-007 -4.284814219512E-004  3.953831911519E-026  3.953829408146E-026  2.503372156134E-032  2.738237665337E+000
 3.168350000000E+002  6.169440680259E-007 -4.289111051223E-004  3.844970593052E-026  3.844968220920E-026  2.372131799117E-032  2.662845489199E+000
 3.211200000000E+002  6.013462329137E-007 -4.293316094663E-004  3.737861178381E-026  3.737858930633E-026  2.247748738774E-032  2.588666595095E+000
 3.254620000000E+002  5.863460961203E-007 -4.297428312980E-004  3.632519185146E-026  3.632517055232E-026  2.129913443292E-032  2.515711730031E+000
 3.298630000000E+002  5.719224332052E-007 -4.301452733875E-004  3.528886063295E-026  3.528884045046E-026  2.018249103824E-032  2.443940345237E+000
 3.343230000000E+002  5.580618199191E-007 -4.305389856311E-004  3.426952537450E-026  3.426950624999E-026  1.912451369826E-032  2.373346017227E+000
 3.388440000000E+002  5.447454764795E-007 -4.309245491391E-004  3.326663968408E-026  3.326662156223E-026  1.812185148558E-032  2.303890905675E+000
 3.434260000000E+002  5.319617881030E-007 -4.313016966007E-004  3.228012059308E-026  3.228010342129E-026  1.717179067087E-032  2.235569264749E+000
 3.480700000000E+002  5.196969666337E-007 -4.316708577478E-004  3.130966030221E-026  3.130964403067E-026  1.627153548539E-032  2.168359777901E+000
 3.527770000000E+002  5.060977628772E-007 -4.320265701165E-004  3.046574801798E-026  3.046573259933E-026  1.541864691628E-032  2.109914411929E+000
 3.575470000000E+002  4.924945474246E-007 -4.315550628812E-004  2.966659179180E-026  2.966657718116E-026  1.461063469813E-032  2.054568638488E+000
 3.623820000000E+002  4.793263626208E-007 -4.307230510459E-004  2.888408147697E-026  2.888406763207E-026  1.384490171200E-032  2.000375680228E+000
 3.672820000000E+002  4.666419685259E-007 -4.298976059483E-004  2.811438640399E-026  2.811437328463E-026  1.311935261545E-032  1.947070243008E+000
 3.722490000000E+002  4.544236571114E-007 -4.290784209457E-004  2.735712868137E-026  2.735711624964E-026  1.243172646345E-032  1.894626155985E+000
 3.772830000000E+002  4.426593677036E-007 -4.282659108585E-004  2.661224930134E-026  2.661223752118E-026  1.178016144890E-032  1.843039332684E+000
 3.823840000000E+002  4.313373362663E-007 -4.274602477017E-004  2.587967731569E-026  2.587966615282E-026  1.116287107678E-032  1.792304859688E+000
 3.875550000000E+002  4.204398998449E-007 -4.266609803331E-004  2.515891789078E-026  2.515890731297E-026  1.057781291821E-032  1.742388467271E+000
 3.927960000000E+002  4.099568124761E-007 -4.258683340578E-004  2.444991645880E-026  2.444990643539E-026  1.002340981676E-032  1.693286376428E+000
 3.981070000000E+002  3.998781225518E-007 -4.250825698269E-004  2.375260426169E-026  2.375259476354E-026  9.498146797881E-033  1.644993825404E+000
 4.034910000000E+002  3.889831792930E-007 -4.243000342962E-004  2.313820612047E-026  2.313819712010E-026  9.000372979877E-033  1.602443512907E+000
 4.089470000000E+002  3.783423249568E-007 -4.235240025342E-004  2.254244143447E-026  2.254243290571E-026  8.528759702520E-033  1.561183664717E+000
 4.144770000000E+002  3.680488499257E-007 -4.224891544821E-004  2.195861419438E-026  2.195860611254E-026  8.081842700204E-033  1.520750546591E+000
 4.200810000000E+002  3.580120255914E-007 -4.205036564088E-004  2.139149184513E-026  2.139148418671E-026  7.658411325896E-033  1.481474329591E+000
 4.257620000000E+002  3.483378388099E-007 -4.185412701077E-004  2.083345228430E-026  2.083344502722E-026  7.257079743661E-033  1.442827142585E+000
 4.315190000000E+002  3.390180256172E-007 -4.166024880797E-004  2.028455034797E-026  2.028454347114E-026  6.876828209501E-033  1.404812783334E+000
 4.373540000000E+002  3.300399439366E-007 -4.146867124717E-004  1.974455016927E-026  1.974454365278E-026  6.516490230918E-033  1.367414916879E+000
 4.432680000000E+002  3.213929879718E-007 -4.127937551127E-004  1.921331474138E-026  1.921330856635E-026  6.175024633573E-033  1.330624054840E+000
 4.492620000000E+002  3.129715523524E-007 -4.109222829667E-004  1.869647863391E-026  1.869647278245E-026  5.851465941578E-033  1.294830421271E+000
 4.553370000000E+002  3.041334521020E-007 -4.090634570344E-004  1.823209476064E-026  1.823208921565E-026  5.544989918605E-033  1.262669383389E+000
 4.614950000000E+002  2.956065663403E-007 -4.072265636659E-004  1.777540369106E-026  1.777539843653E-026  5.254526050426E-033  1.231041112067E+000
 4.677350000000E+002  2.873834316237E-007 -4.054121955832E-004  1.732643687337E-026  1.732643189404E-026  4.979330886481E-033  1.199947785314E+000
 4.740600000000E+002  2.794516597691E-007 -4.036192489949E-004  1.688493371961E-026  1.688492900108E-026  4.718522753036E-033  1.169371356084E+000
 4.804700000000E+002  2.718032175992E-007 -4.018481707968E-004  1.645085061783E-026  1.645084614644E-026  4.471394130171E-033  1.139308804068E+000
 4.869680000000E+002  2.644268492079E-007 -4.000979819649E-004  1.602394475964E-026  1.602394052248E-026  4.237161224673E-033  1.109743313542E+000
 4.935520000000E+002  2.573174165243E-007 -3.983694889380E-004  1.560430334267E-026  1.560429932741E-026  4.015259022797E-033  1.080680923448E+000
 5.002260000000E+002  2.504341406108E-007 -3.965815571522E-004  1.519341975445E-026  1.519341594950E-026  3.804951019146E-033  1.052225058884E+000
 5.069910000000E+002  2.431605699188E-007 -3.930609893143E-004  1.482857794525E-026  1.482857433953E-026  3.605725464254E-033  1.026957832224E+000
 5.138460000000E+002  2.361458499635E-007 -3.895919178149E-004  1.446974341508E-026  1.446973999811E-026  3.416969857506E-033  1.002106640939E+000
 5.207950000000E+002  2.293784702750E-007 -3.861721490076E-004  1.411667988817E-026  1.411667665011E-026  3.238062438110E-033  9.776551217174E-001
 5.278370000000E+002  2.228522611935E-007 -3.828021679428E-004  1.376941206861E-026  1.376940900007E-026  3.068544614796E-033  9.536049854790E-001
 5.349750000000E+002  2.165575487710E-007 -3.794802815167E-004  1.342776618852E-026  1.342776328064E-026  2.907884131256E-033  9.299441979086E-001
 5.422090000000E+002  2.104877274718E-007 -3.762063997238E-004  1.309171639801E-026  1.309171364236E-026  2.755645633321E-033  9.066709687942E-001
 5.495410000000E+002  2.045643954147E-007 -3.729792418391E-004  1.276554228103E-026  1.276553966966E-026  2.611375438859E-033  8.840816821733E-001
 5.569720000000E+002  1.985615890680E-007 -3.697973774355E-004  1.246297142801E-026  1.246296895334E-026  2.474667411255E-033  8.631270468993E-001
 5.645040000000E+002  1.927685798967E-007 -3.666609502450E-004  1.216540076929E-026  1.216539842419E-026  2.345107030171E-033  8.425187012444E-001
 5.721370000000E+002  1.871793033758E-007 -3.635698985527E-004  1.187280314070E-026  1.187280091835E-026  2.222343020993E-033  8.222547639686E-001
 5.798740000000E+002  1.817856211772E-007 -3.605226993482E-004  1.158503860024E-026  1.158503649424E-026  2.105993438306E-033  8.023255433700E-001
 5.877150000000E+002  1.765819635997E-007 -3.575192862754E-004  1.130208080114E-026  1.130207880539E-026  1.995743620627E-033  7.827292148155E-001
 5.956620000000E+002  1.715615487212E-007 -3.545589946118E-004  1.102383082276E-026  1.102382893150E-026  1.891265488795E-033  7.634589275467E-001
 6.037170000000E+002  1.665943713687E-007 -3.516338967721E-004  1.075837311687E-026  1.075837132458E-026  1.792284406355E-033  7.450745729686E-001
 6.118810000000E+002  1.617476780944E-007 -3.487473982930E-004  1.050090685519E-026  1.050090515669E-026  1.698497301712E-033  7.272436681494E-001
 6.201550000000E+002  1.570674955681E-007 -3.459021112795E-004  1.024796503330E-026  1.024796342368E-026  1.609622202450E-033  7.097261045680E-001
 6.285410000000E+002  1.524655833879E-007 -3.430969434253E-004  1.000486621840E-026  1.000486469301E-026  1.525397764707E-033  6.928902213773E-001
 6.370400000000E+002  1.480234757004E-007 -3.403319152566E-004  9.765911617529E-027  9.765910171945E-027  1.445584181009E-033  6.763413467971E-001
 6.456540000000E+002  1.436645667060E-007 -3.376058558628E-004  9.535734014864E-027  9.535732644917E-027  1.369947095469E-033  6.604003258485E-001
 6.543850000000E+002  1.394495016287E-007 -3.349183001665E-004  9.309919503863E-027  9.309918205599E-027  1.298263635017E-033  6.447614719859E-001
 6.632340000000E+002  1.353444620448E-007 -3.322686996206E-004  9.090376269233E-027  9.090375038901E-027  1.230332085944E-033  6.295569371878E-001
 6.722020000000E+002  1.313597291867E-007 -3.296568150155E-004  8.876084746699E-027  8.876083580739E-027  1.165960088565E-033  6.147161112055E-001
 6.812920000000E+002  1.274880688875E-007 -3.270816370352E-004  8.667098383336E-027  8.667097278384E-027  1.104951635750E-033  6.002426955475E-001
 6.905050000000E+002  1.237100636538E-007 -3.245427325009E-004  8.464432684971E-027  8.464431637835E-027  1.047135506251E-033  5.862070194185E-001
 6.998420000000E+002  1.200621479947E-007 -3.220398387447E-004  8.265285884152E-027  8.265284891804E-027  9.923479770420E-034  5.724150454961E-001
 7.093060000000E+002  1.163769087802E-007 -3.176687123808E-004  8.080858770713E-027  8.080857830288E-027  9.404253640253E-034  5.596424882049E-001
 7.188970000000E+002  1.128166957120E-007 -3.133236579174E-004  7.899756997602E-027  7.899756106377E-027  8.912244813970E-034  5.471002282721E-001
 7.286180000000E+002  1.093808077088E-007 -3.090527452836E-004  7.721613543729E-027  7.721612699133E-027  8.445963262281E-034  5.347628475408E-001
 7.384710000000E+002  1.060648320963E-007 -3.048541489307E-004  7.546377936220E-027  7.546377135815E-027  8.004053087401E-034  5.226268505047E-001
 7.484570000000E+002  1.028648608287E-007 -3.007270348537E-004  7.374019723695E-027  7.374018965167E-027  7.585275126259E-034  5.106901282520E-001
 7.585780000000E+002  9.971318570646E-008 -2.966697133785E-004  7.209090809938E-027  7.209090091097E-027  7.188414107061E-034  4.992679243969E-001
 7.688350000000E+002  9.665975862687E-008 -2.926812339408E-004  7.047761045698E-027  7.047760364463E-027  6.812348815371E-034  4.880949806908E-001
 7.792320000000E+002  9.371229350274E-008 -2.887597136846E-004  6.889079354344E-027  6.889078708752E-027  6.455914264179E-034  4.771054300145E-001
 7.897690000000E+002  9.086762324175E-008 -2.849042978463E-004  6.733033595004E-027  6.733032983189E-027  6.118147599849E-034  4.662984315544E-001
 8.004480000000E+002  8.810319176156E-008 -2.811125132825E-004  6.581030438545E-027  6.581029858735E-027  5.798097867158E-034  4.557714047745E-001
 8.112720000000E+002  8.538921102217E-008 -2.773806971844E-004  6.435055425930E-027  6.435054876446E-027  5.494843057041E-034  4.456618589787E-001
 8.222430000000E+002  8.276916212922E-008 -2.737110037103E-004  6.291515949818E-027  6.291515429075E-027  5.207435036891E-034  4.357209869612E-001
 8.333610000000E+002  8.024023359987E-008 -2.701032426390E-004  6.150397434401E-027  6.150396940892E-027  4.935093268684E-034  4.259477792750E-001
 8.446300000000E+002  7.779880912331E-008 -2.665552388698E-004  6.011637006504E-027  6.011636538805E-027  4.676981999876E-034  4.163378816232E-001
 8.560520000000E+002  7.544187068653E-008 -2.630662579208E-004  5.875197106478E-027  5.875196663242E-027  4.432358603648E-034  4.068886928051E-001
 8.676280000000E+002  7.316672220408E-008 -2.596352380333E-004  5.741052919606E-027  5.741052499552E-027  4.200540241277E-034  3.975984942739E-001
 8.793600000000E+002  7.097053955244E-008 -2.562613739968E-004  5.609168514837E-027  5.609168116751E-027  3.980857159386E-034  3.884647976174E-001
 8.912510000000E+002  6.885044840747E-008 -2.529431189821E-004  5.479496809496E-027  5.479496432230E-027  3.772658123811E-034  3.794843421139E-001
 9.033030000000E+002  6.678576836961E-008 -2.496782441332E-004  5.353487379198E-027  5.353487021661E-027  3.575367680768E-034  3.707575186072E-001
 9.155180000000E+002  6.474978516482E-008 -2.464633129021E-004  5.233137732194E-027  5.233137393350E-027  3.388445438975E-034  3.624226651971E-001
 9.278980000000E+002  6.278400090513E-008 -2.433014698588E-004  5.114838317555E-027  5.114837996425E-027  3.211300135590E-034  3.542298012416E-001
 9.404450000000E+002  6.088602603016E-008 -2.401914957405E-004  4.998557223474E-027  4.998556919132E-027  3.043422852217E-034  3.461767166812E-001
 9.531620000000E+002  5.905341466829E-008 -2.371324789536E-004  4.884254766468E-027  4.884254478036E-027  2.884319220698E-034  3.382606632267E-001
 9.660510000000E+002  5.728397959876E-008 -2.341234579633E-004  4.771900889258E-027  4.771900615904E-027  2.733534731875E-034  3.304795592544E-001
 9.791140000000E+002  5.557558664829E-008 -2.311635645160E-004  4.661466472323E-027  4.661466213259E-027  2.590637338407E-034  3.228313880852E-001
 9.923540000000E+002  5.392608696058E-008 -2.282519201318E-004  4.552913862202E-027  4.552913616681E-027  2.455208288571E-034  3.153135420192E-001
 1.005770000000E+003  5.229232132877E-008 -2.249550845161E-004  4.449730935156E-027  4.449730702470E-027  2.326867598878E-034  3.081675750856E-001
 1.019370000000E+003  5.066265750979E-008 -2.211667553462E-004  4.352690113786E-027  4.352689893267E-027  2.205188484810E-034  3.014469816709E-001
 1.033160000000E+003  4.908907419290E-008 -2.174472152948E-004  4.257207823461E-027  4.257207614479E-027  2.089823907005E-034  2.948343247967E-001
 1.047130000000E+003  4.757099717176E-008 -2.137985711967E-004  4.163345323119E-027  4.163345125065E-027  1.980544885912E-034  2.883338469727E-001
 1.061290000000E+003  4.610565291562E-008 -2.102168698613E-004  4.071025745532E-027  4.071025557834E-027  1.876973000340E-034  2.819402247361E-001
 1.075640000000E+003  4.469145669278E-008 -2.067018432696E-004  3.980241075831E-027  3.980240897949E-027  1.778827716674E-034  2.756529030165E-001
 1.090180000000E+003  4.332684736984E-008 -2.032525192960E-004  3.890981985603E-027  3.890981817019E-027  1.685839826090E-034  2.694712357734E-001
 1.104930000000E+003  4.200855125283E-008 -1.998634498543E-004  3.803120298065E-027  3.803120138302E-027  1.597635739620E-034  2.633863460837E-001
 1.119870000000E+003  4.073696673640E-008 -1.965387039105E-004  3.716768727340E-027  3.716768575930E-027  1.514098840126E-034  2.574060400022E-001
 1.135010000000E+003  3.950980744343E-008 -1.932753404690E-004  3.631858616137E-027  3.631858472643E-027  1.434940345853E-034  2.515255626475E-001
 1.150360000000E+003  3.832498513644E-008 -1.900704392103E-004  3.548327326089E-027  3.548327190099E-027  1.359895920315E-034  2.457405759806E-001
 1.165910000000E+003  3.718199392789E-008 -1.869254930848E-004  3.466220959078E-027  3.466220830197E-027  1.288810066531E-034  2.400542728036E-001
 1.181680000000E+003  3.607817166110E-008 -1.838356374173E-004  3.385426873841E-027  3.385426751701E-027  1.221400119005E-034  2.344588521105E-001
 1.197660000000E+003  3.501307987784E-008 -1.808026051890E-004  3.305990639073E-027  3.305990523320E-027  1.157529143213E-034  2.289574697773E-001
 1.213850000000E+003  3.395536831834E-008 -1.774232243042E-004  3.230882878965E-027  3.230882769260E-027  1.097058181487E-034  2.237558573682E-001
 1.230270000000E+003  3.292812335363E-008 -1.740324187988E-004  3.157532687769E-027  3.157532583797E-027  1.039716258360E-034  2.186759659551E-001
 1.246900000000E+003  3.191953466905E-008 -1.707136650348E-004  3.087123697597E-027  3.087123599058E-027  9.853955189310E-035  2.137997683732E-001
 1.263770000000E+003  3.092137317886E-008 -1.674610098404E-004  3.020075856955E-027  3.020075763570E-027  9.338489260135E-035  2.091563482972E-001
 1.280860000000E+003  2.995852257832E-008 -1.642741717932E-004  2.954157324031E-027  2.954157235529E-027  8.850218889188E-035  2.045911387827E-001
 1.298180000000E+003  2.902933384314E-008 -1.611501581678E-004  2.889322522240E-027  2.889322438365E-027  8.387510807861E-035  2.001009834095E-001
 1.315730000000E+003  2.813277112947E-008 -1.580876303482E-004  2.825565522647E-027  2.825565443156E-027  7.949098815994E-035  1.956854715680E-001
 1.333520000000E+003  2.726734734651E-008 -1.550850208393E-004  2.762844325839E-027  2.762844250504E-027  7.533543589698E-035  1.913416945759E-001
 1.351550000000E+003  2.643213916404E-008 -1.521411483810E-004  2.701153885031E-027  2.701153813633E-027  7.139727539262E-035  1.870693029173E-001
 1.369830000000E+003  2.562579801967E-008 -1.492532062855E-004  2.640455829058E-027  2.640455761394E-027  6.766378775531E-035  1.828656391854E-001
 1.388350000000E+003  2.484789164376E-008 -1.464228320463E-004  2.580778101477E-027  2.580778037350E-027  6.412689462209E-035  1.787326386208E-001
 1.407130000000E+003  2.409675331079E-008 -1.436457654734E-004  2.522051523842E-027  2.522051463069E-027  6.077325340714E-035  1.746655102485E-001
 1.426150000000E+003  2.337236591016E-008 -1.409245625185E-004  2.464332822792E-027  2.464332765194E-027  5.759728845870E-035  1.706681826908E-001
 1.445440000000E+003  2.267280878450E-008 -1.382539193345E-004  2.407525804539E-027  2.407525749953E-027  5.458537221006E-035  1.667339940162E-001
 1.464990000000E+003  2.199773504202E-008 -1.356353011904E-004  2.351656589820E-027  2.351656538089E-027  5.173111857269E-035  1.628647532254E-001
 1.484800000000E+003  2.134641060760E-008 -1.330669187964E-004  2.296719632380E-027  2.296719583353E-027  4.902672032333E-035  1.590600762111E-001
 1.504870000000E+003  2.070506066503E-008 -1.304732468891E-004  2.244116983917E-027  2.244116937453E-027  4.646457829143E-035  1.554170625291E-001
 1.525220000000E+003  2.004637923039E-008 -1.276996478825E-004  2.196655983595E-027  2.196655939560E-027  4.403499888584E-035  1.521301353846E-001
 1.545850000000E+003  1.941064209736E-008 -1.249842512136E-004  2.149952532360E-027  2.149952490628E-027  4.173195913196E-035  1.488956725445E-001
 1.566750000000E+003  1.879744273386E-008 -1.223267816303E-004  2.104025186034E-027  2.104025146484E-027  3.955029294508E-035  1.457149590988E-001
 1.587940000000E+003  1.820551132094E-008 -1.197243640613E-004  2.058826398191E-027  2.058826360709E-027  3.748198730011E-035  1.425847022046E-001
 1.609410000000E+003  1.763448356022E-008 -1.171768299058E-004  2.014374137847E-027  2.014374102324E-027  3.552244761799E-035  1.395061463122E-001
 1.631170000000E+003  1.708344922448E-008 -1.146828868877E-004  1.970643354837E-027  1.970643321171E-027  3.366538569192E-035  1.364775565647E-001
 1.653230000000E+003  1.655156178438E-008 -1.122406160292E-004  1.927611020896E-027  1.927610988991E-027  3.190497290862E-035  1.334973381324E-001
 1.675590000000E+003  1.603825272623E-008 -1.098484312024E-004  1.885274501290E-027  1.885274471054E-027  3.023650891001E-035  1.305653085462E-001
 1.698240000000E+003  1.554317209952E-008 -1.075075886804E-004  1.843648366135E-027  1.843648337478E-027  2.865614384583E-035  1.276824768645E-001
 1.721210000000E+003  1.506512960686E-008 -1.052134259706E-004  1.802674190923E-027  1.802674163766E-027  2.715752032519E-035  1.248447968792E-001
 1.744480000000E+003  1.460402503409E-008 -1.029686209931E-004  1.762384639368E-027  1.762384613630E-027  2.573790939301E-035  1.220545307268E-001
 1.768070000000E+003  1.415895607325E-008 -1.007688233970E-004  1.722741305120E-027  1.722741280728E-027  2.439221846477E-035  1.193090185631E-001
 1.791980000000E+003  1.372944973973E-008 -9.861499840500E-005  1.683741408500E-027  1.683741385384E-027  2.311684304271E-035  1.166080678808E-001
 1.816210000000E+003  1.331504356436E-008 -9.650523434317E-005  1.645381512556E-027  1.645381490648E-027  2.190832651967E-035  1.139514406529E-001
 1.840770000000E+003  1.291511243356E-008 -9.443850152451E-005  1.607642699820E-027  1.607642679057E-027  2.076288622117E-035  1.113378267441E-001
 1.865660000000E+003  1.252923417868E-008 -9.241464866812E-005  1.570521709519E-027  1.570521689841E-027  1.967743428126E-035  1.087670003286E-001
 1.890890000000E+003  1.215684083790E-008 -9.043193284902E-005  1.534000486324E-027  1.534000467676E-027  1.864859975750E-035  1.062377109791E-001
 1.916460000000E+003  1.179753713571E-008 -8.848930871518E-005  1.498076165446E-027  1.498076147773E-027  1.767360919398E-035  1.037497602937E-001
 1.942380000000E+003  1.145080432231E-008 -8.658605916116E-005  1.462731821633E-027  1.462731804884E-027  1.674945586554E-035  1.013019761087E-001
 1.968640000000E+003  1.111640279390E-008 -8.472278319020E-005  1.427977602195E-027  1.427977586321E-027  1.587397420667E-035  9.889506117955E-002
 1.995260000000E+003  1.079371795954E-008 -8.289635592320E-005  1.393783793709E-027  1.393783778665E-027  1.504410916587E-035  9.652695769351E-002
 2.022240000000E+003  1.044891110890E-008 -8.095470517729E-005  1.364491882917E-027  1.364491868659E-027  1.425745439342E-035  9.449833675449E-002
 2.049590000000E+003  1.010925744603E-008 -7.902672664207E-005  1.336573227816E-027  1.336573214304E-027  1.351176285546E-035  9.256482109086E-002
 2.077300000000E+003  9.781941473650E-009 -7.714686369139E-005  1.309077457435E-027  1.309077444630E-027  1.280531907311E-035  9.066059244598E-002
 2.105390000000E+003  9.466340035041E-009 -7.531354310071E-005  1.281983383307E-027  1.281983371171E-027  1.213569062566E-035  8.878418340568E-002
 2.133860000000E+003  9.162087252715E-009 -7.352409134910E-005  1.255290178958E-027  1.255290167456E-027  1.150107814708E-035  8.693553673241E-002
 2.162720000000E+003  8.868724245638E-009 -7.177855041414E-005  1.228987732543E-027  1.228987721643E-027  1.089955330119E-035  8.511395212717E-002
 2.191960000000E+003  8.586006688497E-009 -7.007595621572E-005  1.203083867727E-027  1.203083857397E-027  1.032968613512E-035  8.331997142051E-002
 2.221600000000E+003  8.313408548328E-009 -6.841461051442E-005  1.177559639669E-027  1.177559629880E-027  9.789534374592E-036  8.155228258136E-002
 2.251650000000E+003  8.050528891970E-009 -6.679371721949E-005  1.152406057631E-027  1.152406048354E-027  9.277478262242E-036  7.981026295324E-002
 2.282090000000E+003  7.797233804787E-009 -6.521313158315E-005  1.127638572153E-027  1.127638563361E-027  8.792461594377E-036  7.809498256853E-002
 2.312950000000E+003  7.552975716619E-009 -6.367024590157E-005  1.103231580211E-027  1.103231571878E-027  8.332681335141E-036  7.640466828139E-002
 2.344230000000E+003  7.317478675663E-009 -6.216463013809E-005  1.079184532765E-027  1.079184524868E-027  7.896909805615E-036  7.473928206802E-002
 2.375930000000E+003  7.090471738523E-009 -6.069624515639E-005  1.055496518507E-027  1.055496511023E-027  7.483968234581E-036  7.309876081550E-002
 2.408060000000E+003  6.871621693007E-009 -5.926293916100E-005  1.032159107246E-027  1.032159100154E-027  7.092606911988E-036  7.148252068836E-002
 2.440620000000E+003  6.660674973329E-009 -5.786516354533E-005  1.009171316312E-027  1.009171309591E-027  6.721762130364E-036  6.989049363144E-002
 2.473620000000E+003  6.457323445627E-009 -5.650123972759E-005  9.865250442831E-028  9.865250379128E-028  6.370311298148E-036  6.832211857813E-002
 2.507070000000E+003  6.251213616361E-009 -5.516866273757E-005  9.657718787590E-028  9.657718727218E-028  6.037246318797E-036  6.688485124221E-002
 2.540970000000E+003  6.050304093034E-009 -5.386926140375E-005  9.456759564872E-028  9.456759507655E-028  5.721627110218E-036  6.549310150443E-002
 2.575330000000E+003  5.856583246635E-009 -5.260080534620E-005  9.258807843579E-028  9.258807789355E-028  5.422497890052E-036  6.412218031635E-002
 2.610160000000E+003  5.669770193011E-009 -5.136291481245E-005  9.063800220349E-028  9.063800168959E-028  5.138966432474E-036  6.277164857592E-002
 2.645450000000E+003  5.489701070365E-009 -5.015490489242E-005  8.871783039157E-028  8.871782990453E-028  4.870343684610E-036  6.144182723994E-002
 2.681230000000E+003  5.316015385515E-009 -4.897467437972E-005  8.682585528634E-028  8.682585482477E-028  4.615675825627E-036  6.013153362571E-002
 2.717480000000E+003  5.148610134235E-009 -4.782511970920E-005  8.496305637147E-028  8.496305593403E-028  4.374416530698E-036  5.884144607790E-002
 2.754230000000E+003  4.987151383612E-009 -4.670189565367E-005  8.312780263648E-028  8.312780222191E-028  4.145709359352E-036  5.757043503488E-002
 2.791470000000E+003  4.831499811866E-009 -4.560556612428E-005  8.132052401637E-028  8.132052362347E-028  3.929000964860E-036  5.631879824959E-002
 2.829220000000E+003  4.681393096300E-009 -4.453560994284E-005  7.954017387435E-028  7.954017350199E-028  3.723588208539E-036  5.508581087030E-002
 2.867480000000E+003  4.536661143650E-009 -4.349141070124E-005  7.778668840481E-028  7.778668805191E-028  3.528918467793E-036  5.387142870825E-002
 2.906250000000E+003  4.397137947142E-009 -4.247180368502E-005  7.605998160560E-028  7.605998127116E-028  3.344462313769E-036  5.267559220243E-002
 2.945550000000E+003  4.262590882493E-009 -4.147704293902E-005  7.435908569606E-028  7.435908537910E-028  3.169623607186E-036  5.149763111315E-002
 2.985380000000E+003  4.132870152460E-009 -4.050479048355E-005  7.268393430257E-028  7.268393400218E-028  3.003932626424E-036  5.033749947318E-002
 3.025750000000E+003  4.001852617046E-009 -3.955735190440E-005  7.113872577669E-028  7.113872549200E-028  2.846866959227E-036  4.926736019640E-002
 3.066670000000E+003  3.872219830119E-009 -3.863051590079E-005  6.967535562347E-028  6.967535535367E-028  2.697982937158E-036  4.825389835536E-002
 3.108140000000E+003  3.747224818621E-009 -3.772908765880E-005  6.823442335129E-028  6.823442309560E-028  2.556897246663E-036  4.725597594270E-002
 3.150170000000E+003  3.626691508935E-009 -3.684695644764E-005  6.681550540194E-028  6.681550515962E-028  2.423192261064E-036  4.627329962178E-002
 3.192760000000E+003  3.510479544094E-009 -3.598401560096E-005  6.541852163270E-028  6.541852140305E-028  2.296503819964E-036  4.530581388954E-002
 3.235940000000E+003  3.398373739382E-009 -3.514429854014E-005  6.404243033991E-028  6.404243012227E-028  2.176401134734E-036  4.435279731067E-002
 3.279690000000E+003  3.290297883467E-009 -3.432376942829E-005  6.268780070956E-028  6.268780050330E-028  2.062615379939E-036  4.341464407685E-002
 3.324040000000E+003  3.186052609421E-009 -3.352158657060E-005  6.135363216266E-028  6.135363196719E-028  1.954758998493E-036  4.249066123379E-002
 3.368990000000E+003  3.085520630255E-009 -3.273899964342E-005  6.003986964779E-028  6.003986946253E-028  1.852542564361E-036  4.158081065548E-002
 3.414550000000E+003  2.988564898976E-009 -3.197517912975E-005  5.874615941579E-028  5.874615924023E-028  1.755667099797E-036  4.068484735179E-002
 3.460720000000E+003  2.895074673351E-009 -3.122889628486E-005  5.747243677685E-028  5.747243661047E-028  1.663869961285E-036  3.980272652159E-002
 3.507520000000E+003  2.804903120104E-009 -3.049991552438E-005  5.621807982027E-028  5.621807966258E-028  1.576862674941E-036  3.893401745857E-002
 3.554950000000E+003  2.717948671710E-009 -2.978745893936E-005  5.498303309541E-028  5.498303294597E-028  1.494410617682E-036  3.807868176024E-002
 3.603020000000E+003  2.634093817900E-009 -2.909087141104E-005  5.376696524346E-028  5.376696510183E-028  1.416272307551E-036  3.723648994297E-002
 3.651740000000E+003  2.553226357381E-009 -2.841233382316E-005  5.256956599332E-028  5.256956585910E-028  1.342220014902E-036  3.640722712750E-002
 3.701120000000E+003  2.475239304792E-009 -2.775056027382E-005  5.139052723983E-028  5.139052711262E-028  1.272038529180E-036  3.559067993459E-002
 3.751170000000E+003  2.400029432191E-009 -2.710200841983E-005  5.022955218816E-028  5.022955206761E-028  1.205524036173E-036  3.478664281801E-002
 3.801890000000E+003  2.327512501737E-009 -2.646901957349E-005  4.908657834987E-028  4.908657823562E-028  1.142496247768E-036  3.399507250119E-002
 3.853300000000E+003  2.257578276106E-009 -2.585058601157E-005  4.796109286663E-028  4.796109275836E-028  1.082759213540E-036  3.321561380242E-002
 3.905410000000E+003  2.190136592638E-009 -2.524647451724E-005  4.685282797043E-028  4.685282786782E-028  1.026140930066E-036  3.244808127808E-002
 3.958220000000E+003  2.125112835326E-009 -2.465599562578E-005  4.576171995950E-028  4.576171986225E-028  9.724881845250E-037  3.169243081131E-002
 4.011750000000E+003  2.061191183557E-009 -2.408030860602E-005  4.471365727457E-028  4.471365718240E-028  9.216339615893E-037  3.096659152758E-002
 4.065990000000E+003  1.995505021181E-009 -2.351766841702E-005  4.377065259239E-028  4.377065250504E-028  8.734455702847E-037  3.031351051179E-002
 4.120980000000E+003  1.932126209466E-009 -2.296775730154E-005  4.284210652025E-028  4.284210643748E-028  8.277635687652E-037  2.967044285415E-002
 4.176700000000E+003  1.871006569437E-009 -2.242918046177E-005  4.192829965903E-028  4.192829958058E-028  7.844812410737E-037  2.903758288573E-002
 4.233180000000E+003  1.812043827427E-009 -2.190609544251E-005  4.102867801122E-028  4.102867793688E-028  7.434576273771E-037  2.841454693373E-002
 4.290420000000E+003  1.755171696355E-009 -2.139302751686E-005  4.014319336690E-028  4.014319329644E-028  7.045819679888E-037  2.780130161021E-002
 4.348440000000E+003  1.700306553169E-009 -2.089128138691E-005  3.927148032218E-028  3.927148025541E-028  6.677355534446E-037  2.719759385353E-002
 4.407240000000E+003  1.647387309561E-009 -2.039964600836E-005  3.841348397139E-028  3.841348390811E-028  6.328188601050E-037  2.660338563856E-002
 4.466840000000E+003  1.596336661270E-009 -1.992252052423E-005  3.756886270714E-028  3.756886264717E-028  5.997255286163E-037  2.601844038399E-002
 4.527240000000E+003  1.547097728443E-009 -1.945680647995E-005  3.673756201315E-028  3.673756195632E-028  5.683659873908E-037  2.544272033441E-002
 4.588460000000E+003  1.499599205014E-009 -1.899727028634E-005  3.591925340422E-028  3.591925335035E-028  5.386448384967E-037  2.487599799629E-002
 4.650500000000E+003  1.453788116016E-009 -1.855391975401E-005  3.511388016551E-028  3.511388011446E-028  5.104814169181E-037  2.431823409159E-002
 4.713390000000E+003  1.409591894371E-009 -1.811496782554E-005  3.432100394376E-028  3.432100389538E-028  4.837860896580E-037  2.376912503733E-002
 4.777130000000E+003  1.366962276402E-009 -1.768714429930E-005  3.354058170292E-028  3.354058165707E-028  4.584870991647E-037  2.322864102874E-002
 4.841720000000E+003  1.325851903992E-009 -1.726869178410E-005  3.277255397673E-028  3.277255393328E-028  4.345155308874E-037  2.269674088227E-002
 4.907200000000E+003  1.286190001050E-009 -1.686410736605E-005  3.201640013916E-028  3.201640009798E-028  4.117917372860E-037  2.217306403664E-002
 4.973550000000E+003  1.247946014102E-009 -1.646462294859E-005  3.127229814274E-028  3.127229810371E-028  3.902613981902E-037  2.165773373348E-002
 5.040810000000E+003  1.209401398036E-009 -1.607714525276E-005  3.058142909485E-028  3.058142905786E-028  3.698522310124E-037  2.117927008523E-002
 5.108970000000E+003  1.171204597986E-009 -1.569464467280E-005  2.992753773407E-028  2.992753769902E-028  3.505126980054E-037  2.072641545672E-002
 5.178060000000E+003  1.134347815612E-009 -1.532109078947E-005  2.928399456415E-028  2.928399453093E-028  3.321823526625E-037  2.028072750202E-002
 5.248070000000E+003  1.098795244754E-009 -1.495761788942E-005  2.865084258403E-028  2.865084255255E-028  3.148140958953E-037  1.984223600021E-002
 5.319040000000E+003  1.064487279408E-009 -1.460094054440E-005  2.802767339045E-028  2.802767336062E-028  2.983510179555E-037  1.941065811026E-002
 5.390970000000E+003  1.031386560172E-009 -1.425307381479E-005  2.741444514842E-028  2.741444512014E-028  2.827489028065E-037  1.898596485918E-002
 5.463870000000E+003  9.994517782828E-010 -1.391298392129E-005  2.681102661954E-028  2.681102659275E-028  2.679632823249E-037  1.856806535743E-002
 5.537750000000E+003  9.686432453771E-010 -1.357962066243E-005  2.621728542867E-028  2.621728540327E-028  2.539519644260E-037  1.815686792814E-002
 5.612630000000E+003  9.389187118667E-010 -1.325563178949E-005  2.563301384757E-028  2.563301382351E-028  2.406731634303E-037  1.775222870845E-002
 5.688530000000E+003  9.102379174985E-010 -1.293631362773E-005  2.505801613626E-028  2.505801611345E-028  2.280875642451E-037  1.735401213798E-002
 5.765450000000E+003  8.825695558710E-010 -1.262568332646E-005  2.449224681244E-028  2.449224679082E-028  2.161611139153E-037  1.696218671781E-002
 5.843410000000E+003  8.558760527917E-010 -1.232332936555E-005  2.393551650528E-028  2.393551648480E-028  2.048583538807E-037  1.657662129856E-002
 5.922430000000E+003  8.301219280458E-010 -1.202353646949E-005  2.338763789982E-028  2.338763788040E-028  1.941459106584E-037  1.619718615463E-002
 6.002520000000E+003  8.052759666438E-010 -1.173473415500E-005  2.284850307001E-028  2.284850305161E-028  1.839935039606E-037  1.582380654147E-002
 6.083680000000E+003  7.813111827573E-010 -1.144774120139E-005  2.231806566172E-028  2.231806564428E-028  1.743735427902E-037  1.545645035639E-002
 6.165950000000E+003  7.581898907734E-010 -1.116916233773E-005  2.179602456001E-028  2.179602454349E-028  1.652552548045E-037  1.509490906123E-002
 6.249330000000E+003  7.351086574806E-010 -1.089776327524E-005  2.130481578384E-028  2.130481576818E-028  1.566135452873E-037  1.475472079531E-002
 6.333830000000E+003  7.123293103197E-010 -1.062889155997E-005  2.083645424367E-028  2.083645422883E-028  1.484241708090E-037  1.443035545840E-002
 6.419480000000E+003  6.903464947074E-010 -1.037429601797E-005  2.037562082241E-028  2.037562080835E-028  1.406623841224E-037  1.411120374518E-002
 6.506290000000E+003  6.691340853695E-010 -1.011589727806E-005  1.992222435361E-028  1.992222434028E-028  1.333063937138E-037  1.379720251801E-002
 6.594270000000E+003  6.486665025451E-010 -9.868137757937E-006  1.947617437555E-028  1.947617436292E-028  1.263354191515E-037  1.348828912733E-002
 6.683440000000E+003  6.289169315779E-010 -9.625318586311E-006  1.903732770003E-028  1.903732768805E-028  1.197289772254E-037  1.318436440767E-002
 6.773820000000E+003  6.098596863251E-010 -9.380280168900E-006  1.860555197579E-028  1.860555196444E-028  1.134677609186E-037  1.288533669876E-002
 6.865410000000E+003  5.914740605850E-010 -9.148619828200E-006  1.818080647242E-028  1.818080646167E-028  1.075347542895E-037  1.259117779259E-002
 6.958250000000E+003  5.737323173920E-010 -8.923218142630E-006  1.776286882431E-028  1.776286881412E-028  1.019113189410E-037  1.230173368913E-002
 7.052340000000E+003  5.560620108682E-010 -8.695371163260E-006  1.736894249375E-028  1.736894248409E-028  9.658209089729E-038  1.202891870322E-002
 7.147710000000E+003  5.385567553539E-010 -8.476959374764E-006  1.699561372020E-028  1.699561371105E-028  9.153102580400E-038  1.177036862370E-002
 7.244360000000E+003  5.216644741803E-010 -8.268223747998E-006  1.662842712573E-028  1.662842711705E-028  8.674459692987E-038  1.151607233064E-002
 7.342320000000E+003  5.053615632453E-010 -8.054071115144E-006  1.626723294708E-028  1.626723293886E-028  8.220834271810E-038  1.126592610501E-002
 7.441610000000E+003  4.896271416620E-010 -7.848381098173E-006  1.591192467084E-028  1.591192466305E-028  7.790910194923E-038  1.101985618059E-002
 7.542230000000E+003  4.744441141720E-010 -7.646630857441E-006  1.556246721271E-028  1.556246720532E-028  7.383520971062E-038  1.077783825963E-002
 7.644220000000E+003  4.597900671578E-010 -7.452778058472E-006  1.521868745189E-028  1.521868744489E-028  6.997401325557E-038  1.053975244676E-002
 7.747590000000E+003  4.456478636967E-010 -7.262962873460E-006  1.488052078120E-028  1.488052077457E-028  6.631472296836E-038  1.030555399805E-002
 7.852360000000E+003  4.319996301935E-010 -7.070603938087E-006  1.454786875093E-028  1.454786874465E-028  6.284673920506E-038  1.007517473184E-002
 7.958540000000E+003  4.188293634950E-010 -6.887948256802E-006  1.422066731220E-028  1.422066730624E-028  5.956033038844E-038  9.848570290856E-003
 8.066160000000E+003  4.061192333636E-010 -6.709762567835E-006  1.389879315434E-028  1.389879314869E-028  5.644567220519E-038  9.625655275886E-003
 8.175230000000E+003  3.938545385138E-010 -6.525800762659E-006  1.358218374112E-028  1.358218373578E-028  5.349404709370E-038  9.406386377267E-003
 8.285780000000E+003  3.820187508256E-010 -6.354842788475E-006  1.327072220330E-028  1.327072219823E-028  5.069664718656E-038  9.190682656802E-003
 8.397820000000E+003  3.705982976236E-010 -6.190090355681E-006  1.296434972843E-028  1.296434972362E-028  4.804565939152E-038  8.978503383754E-003
 8.511380000000E+003  3.595780213553E-010 -6.019497328933E-006  1.266295504489E-028  1.266295504034E-028  4.553320319553E-038  8.769771496584E-003
 8.626470000000E+003  3.489452030868E-010 -5.858829378893E-006  1.236648284696E-028  1.236648284265E-028  4.315224868503E-038  8.564448693136E-003
 8.743120000000E+003  3.386859037603E-010 -5.700765903601E-006  1.207482635134E-028  1.207482634725E-028  4.089573475551E-038  8.362461020273E-003
 8.861350000000E+003  3.287876742872E-010 -5.536872631041E-006  1.178790756821E-028  1.178790756434E-028  3.875718714065E-038  8.163754465903E-003
 8.981180000000E+003  3.192383779407E-010 -5.385490987139E-006  1.150565190069E-028  1.150565189702E-028  3.673045649927E-038  7.968277367697E-003
 9.102630000000E+003  3.095791542437E-010 -5.245075076343E-006  1.124420820742E-028  1.124420820394E-028  3.480972466993E-038  7.787213671251E-003
 9.225710000000E+003  3.001899994757E-010 -5.091379262689E-006  1.098957940431E-028  1.098957940101E-028  3.298961835618E-038  7.610869649574E-003
 9.350470000000E+003  2.911274807373E-010 -4.950311357838E-006  1.073910250589E-028  1.073910250277E-028  3.126447857920E-038  7.437401043252E-003
 9.476910000000E+003  2.823820307073E-010 -4.809066521727E-006  1.049275274729E-028  1.049275274433E-028  2.962964828490E-038  7.266790701285E-003
 9.605060000000E+003  2.739423277038E-010 -4.672192256583E-006  1.025044504527E-028  1.025044504247E-028  2.808030775703E-038  7.098979699002E-003
 9.734940000000E+003  2.657982002460E-010 -4.533860050475E-006  1.001211611110E-028  1.001211610844E-028  2.661202442985E-038  6.933924205573E-003
 9.866580000000E+003  2.579391417971E-010 -4.410760933422E-006  9.777687135654E-029  9.777687133132E-029  2.522048228531E-038  6.771569641487E-003
 1.000000000000E+004  2.503603944363E-010 -4.275973214721E-006  9.546920323314E-029  9.546920320924E-029  2.390170737797E-038  6.611751320596E-003
