# DL07 model SED (this work), lmc2_10, Mathis ISRF U =  1.00
# silicate (D03) + carbonaceous (DL07 PAH Nc=470 + D03 graphite blend)
# PAH ionization computed via WD01b grain charging (pah_ionfrac)
# columns: lambda[um]  lamI_total/NH  lamI_sil/NH  lamI_carb/NH
#          [erg s^-1 cm^-2 sr^-1 H^-1]
  6.205399E-05  0.00000000E+000  0.00000000E+000  0.00000000E+000
  6.254131E-05  0.00000000E+000  0.00000000E+000  0.00000000E+000
  6.303245E-05  0.00000000E+000  0.00000000E+000  0.00000000E+000
  6.352744E-05  0.00000000E+000  0.00000000E+000  0.00000000E+000
  6.402633E-05  0.00000000E+000  0.00000000E+000  0.00000000E+000
  6.452913E-05  0.00000000E+000  0.00000000E+000  0.00000000E+000
  6.503588E-05  0.00000000E+000  0.00000000E+000  0.00000000E+000
  6.554661E-05  0.00000000E+000  0.00000000E+000  0.00000000E+000
  6.606135E-05  0.00000000E+000  0.00000000E+000  0.00000000E+000
  6.658014E-05  0.00000000E+000  0.00000000E+000  0.00000000E+000
  6.710299E-05  0.00000000E+000  0.00000000E+000  0.00000000E+000
  6.762996E-05  0.00000000E+000  0.00000000E+000  0.00000000E+000
  6.816106E-05  0.00000000E+000  0.00000000E+000  0.00000000E+000
  6.869633E-05  0.00000000E+000  0.00000000E+000  0.00000000E+000
  6.923581E-05  0.00000000E+000  0.00000000E+000  0.00000000E+000
  6.977952E-05  0.00000000E+000  0.00000000E+000  0.00000000E+000
  7.032750E-05  0.00000000E+000  0.00000000E+000  0.00000000E+000
  7.087979E-05  0.00000000E+000  0.00000000E+000  0.00000000E+000
  7.143641E-05  0.00000000E+000  0.00000000E+000  0.00000000E+000
  7.199741E-05  0.00000000E+000  0.00000000E+000  0.00000000E+000
  7.256281E-05  0.00000000E+000  0.00000000E+000  0.00000000E+000
  7.313265E-05  0.00000000E+000  0.00000000E+000  0.00000000E+000
  7.370696E-05  0.00000000E+000  0.00000000E+000  0.00000000E+000
  7.428579E-05  0.00000000E+000  0.00000000E+000  0.00000000E+000
  7.486916E-05  0.00000000E+000  0.00000000E+000  0.00000000E+000
  7.545711E-05  0.00000000E+000  0.00000000E+000  0.00000000E+000
  7.604968E-05  0.00000000E+000  0.00000000E+000  0.00000000E+000
  7.664690E-05  0.00000000E+000  0.00000000E+000  0.00000000E+000
  7.724881E-05  0.00000000E+000  0.00000000E+000  0.00000000E+000
  7.785545E-05  0.00000000E+000  0.00000000E+000  0.00000000E+000
  7.846686E-05  0.00000000E+000  0.00000000E+000  0.00000000E+000
  7.908306E-05  0.00000000E+000  0.00000000E+000  0.00000000E+000
  7.970410E-05  0.00000000E+000  0.00000000E+000  0.00000000E+000
  8.033003E-05  0.00000000E+000  0.00000000E+000  0.00000000E+000
  8.096086E-05  0.00000000E+000  0.00000000E+000  0.00000000E+000
  8.159665E-05  0.00000000E+000  0.00000000E+000  0.00000000E+000
  8.223744E-05  0.00000000E+000  0.00000000E+000  0.00000000E+000
  8.288325E-05  0.00000000E+000  0.00000000E+000  0.00000000E+000
  8.353414E-05  0.00000000E+000  0.00000000E+000  0.00000000E+000
  8.419014E-05  0.00000000E+000  0.00000000E+000  0.00000000E+000
  8.485129E-05  0.00000000E+000  0.00000000E+000  0.00000000E+000
  8.551763E-05  0.00000000E+000  0.00000000E+000  0.00000000E+000
  8.618920E-05  0.00000000E+000  0.00000000E+000  0.00000000E+000
  8.686605E-05  0.00000000E+000  0.00000000E+000  0.00000000E+000
  8.754822E-05  0.00000000E+000  0.00000000E+000  0.00000000E+000
  8.823574E-05  0.00000000E+000  0.00000000E+000  0.00000000E+000
  8.892866E-05  0.00000000E+000  0.00000000E+000  0.00000000E+000
  8.962702E-05  0.00000000E+000  0.00000000E+000  0.00000000E+000
  9.033087E-05  0.00000000E+000  0.00000000E+000  0.00000000E+000
  9.104024E-05  0.00000000E+000  0.00000000E+000  0.00000000E+000
  9.175518E-05  0.00000000E+000  0.00000000E+000  0.00000000E+000
  9.247574E-05  0.00000000E+000  0.00000000E+000  0.00000000E+000
  9.320196E-05  0.00000000E+000  0.00000000E+000  0.00000000E+000
  9.393388E-05  0.00000000E+000  0.00000000E+000  0.00000000E+000
  9.467155E-05  0.00000000E+000  0.00000000E+000  0.00000000E+000
  9.541501E-05  0.00000000E+000  0.00000000E+000  0.00000000E+000
  9.616431E-05  0.00000000E+000  0.00000000E+000  0.00000000E+000
  9.691949E-05  0.00000000E+000  0.00000000E+000  0.00000000E+000
  9.768061E-05  0.00000000E+000  0.00000000E+000  0.00000000E+000
  9.844770E-05  0.00000000E+000  0.00000000E+000  0.00000000E+000
  9.922081E-05  0.00000000E+000  0.00000000E+000  0.00000000E+000
  1.000000E-04  0.00000000E+000  0.00000000E+000  0.00000000E+000
  1.007967E-04  0.00000000E+000  0.00000000E+000  0.00000000E+000
  1.016230E-04  0.00000000E+000  0.00000000E+000  0.00000000E+000
  1.033167E-04  0.00000000E+000  0.00000000E+000  0.00000000E+000
  1.078087E-04  0.00000000E+000  0.00000000E+000  0.00000000E+000
  1.127091E-04  0.00000000E+000  0.00000000E+000  0.00000000E+000
  1.180762E-04  0.00000000E+000  0.00000000E+000  0.00000000E+000
  1.239800E-04  0.00000000E+000  0.00000000E+000  0.00000000E+000
  1.271590E-04  0.00000000E+000  0.00000000E+000  0.00000000E+000
  1.305053E-04  0.00000000E+000  0.00000000E+000  0.00000000E+000
  1.340324E-04  0.00000000E+000  0.00000000E+000  0.00000000E+000
  1.377556E-04  0.00000000E+000  0.00000000E+000  0.00000000E+000
  1.416914E-04  0.00000000E+000  0.00000000E+000  0.00000000E+000
  1.458588E-04  0.00000000E+000  0.00000000E+000  0.00000000E+000
  1.475952E-04  0.00000000E+000  0.00000000E+000  0.00000000E+000
  1.484790E-04  0.00000000E+000  0.00000000E+000  0.00000000E+000
  1.484968E-04  0.00000000E+000  0.00000000E+000  0.00000000E+000
  1.485057E-04  0.00000000E+000  0.00000000E+000  0.00000000E+000
  1.485111E-04  0.00000000E+000  0.00000000E+000  0.00000000E+000
  1.485128E-04  0.00000000E+000  0.00000000E+000  0.00000000E+000
  1.485137E-04  0.00000000E+000  0.00000000E+000  0.00000000E+000
  1.485143E-04  0.00000000E+000  0.00000000E+000  0.00000000E+000
  1.485144E-04  0.00000000E+000  0.00000000E+000  0.00000000E+000
  1.485148E-04  0.00000000E+000  0.00000000E+000  0.00000000E+000
  1.485150E-04  0.00000000E+000  0.00000000E+000  0.00000000E+000
  1.485155E-04  0.00000000E+000  0.00000000E+000  0.00000000E+000
  1.485164E-04  0.00000000E+000  0.00000000E+000  0.00000000E+000
  1.485182E-04  0.00000000E+000  0.00000000E+000  0.00000000E+000
  1.485235E-04  0.00000000E+000  0.00000000E+000  0.00000000E+000
  1.485680E-04  0.00000000E+000  0.00000000E+000  0.00000000E+000
  1.486571E-04  0.00000000E+000  0.00000000E+000  0.00000000E+000
  1.493735E-04  0.00000000E+000  0.00000000E+000  0.00000000E+000
  1.549750E-04  0.00000000E+000  0.00000000E+000  0.00000000E+000
  1.599742E-04  0.00000000E+000  0.00000000E+000  0.00000000E+000
  1.653067E-04  0.00000000E+000  0.00000000E+000  0.00000000E+000
  1.710069E-04  0.00000000E+000  0.00000000E+000  0.00000000E+000
  1.733986E-04  0.00000000E+000  0.00000000E+000  0.00000000E+000
  1.738850E-04  0.00000000E+000  0.00000000E+000  0.00000000E+000
  1.740070E-04  0.00000000E+000  0.00000000E+000  0.00000000E+000
  1.740192E-04  0.00000000E+000  0.00000000E+000  0.00000000E+000
  1.740266E-04  0.00000000E+000  0.00000000E+000  0.00000000E+000
  1.740290E-04  0.00000000E+000  0.00000000E+000  0.00000000E+000
  1.740302E-04  0.00000000E+000  0.00000000E+000  0.00000000E+000
  1.740310E-04  0.00000000E+000  0.00000000E+000  0.00000000E+000
  1.740312E-04  0.00000000E+000  0.00000000E+000  0.00000000E+000
  1.740317E-04  0.00000000E+000  0.00000000E+000  0.00000000E+000
  1.740319E-04  0.00000000E+000  0.00000000E+000  0.00000000E+000
  1.740327E-04  0.00000000E+000  0.00000000E+000  0.00000000E+000
  1.740339E-04  0.00000000E+000  0.00000000E+000  0.00000000E+000
  1.740363E-04  0.00000000E+000  0.00000000E+000  0.00000000E+000
  1.740437E-04  0.00000000E+000  0.00000000E+000  0.00000000E+000
  1.740559E-04  0.00000000E+000  0.00000000E+000  0.00000000E+000
  1.741292E-04  0.00000000E+000  0.00000000E+000  0.00000000E+000
  1.743741E-04  0.00000000E+000  0.00000000E+000  0.00000000E+000
  1.746197E-04  0.00000000E+000  0.00000000E+000  0.00000000E+000
  1.771143E-04  0.00000000E+000  0.00000000E+000  0.00000000E+000
  1.836741E-04  0.00000000E+000  0.00000000E+000  0.00000000E+000
  1.907385E-04  0.00000000E+000  0.00000000E+000  0.00000000E+000
  1.983680E-04  0.00000000E+000  0.00000000E+000  0.00000000E+000
  2.066333E-04  0.00000000E+000  0.00000000E+000  0.00000000E+000
  2.137586E-04  0.00000000E+000  0.00000000E+000  0.00000000E+000
  2.213929E-04  0.00000000E+000  0.00000000E+000  0.00000000E+000
  2.295926E-04  0.00000000E+000  0.00000000E+000  0.00000000E+000
  2.384231E-04  0.00000000E+000  0.00000000E+000  0.00000000E+000
  2.479600E-04  0.00000000E+000  0.00000000E+000  0.00000000E+000
  2.582917E-04  0.00000000E+000  0.00000000E+000  0.00000000E+000
  2.695217E-04  0.00000000E+000  0.00000000E+000  0.00000000E+000
  2.817727E-04  0.00000000E+000  0.00000000E+000  0.00000000E+000
  2.951905E-04  0.00000000E+000  0.00000000E+000  0.00000000E+000
  3.023902E-04  0.00000000E+000  0.00000000E+000  0.00000000E+000
  3.061235E-04  0.00000000E+000  0.00000000E+000  0.00000000E+000
  3.065776E-04  0.00000000E+000  0.00000000E+000  0.00000000E+000
  3.066156E-04  0.00000000E+000  0.00000000E+000  0.00000000E+000
  3.066383E-04  0.00000000E+000  0.00000000E+000  0.00000000E+000
  3.066459E-04  0.00000000E+000  0.00000000E+000  0.00000000E+000
  3.066497E-04  0.00000000E+000  0.00000000E+000  0.00000000E+000
  3.066520E-04  0.00000000E+000  0.00000000E+000  0.00000000E+000
  3.066527E-04  0.00000000E+000  0.00000000E+000  0.00000000E+000
  3.066542E-04  0.00000000E+000  0.00000000E+000  0.00000000E+000
  3.066550E-04  0.00000000E+000  0.00000000E+000  0.00000000E+000
  3.066573E-04  0.00000000E+000  0.00000000E+000  0.00000000E+000
  3.066611E-04  0.00000000E+000  0.00000000E+000  0.00000000E+000
  3.066686E-04  0.00000000E+000  0.00000000E+000  0.00000000E+000
  3.066914E-04  0.00000000E+000  0.00000000E+000  0.00000000E+000
  3.067293E-04  0.00000000E+000  0.00000000E+000  0.00000000E+000
  3.099500E-04  0.00000000E+000  0.00000000E+000  0.00000000E+000
  3.178974E-04  0.00000000E+000  0.00000000E+000  0.00000000E+000
  3.262632E-04  0.00000000E+000  0.00000000E+000  0.00000000E+000
  3.350811E-04  0.00000000E+000  0.00000000E+000  0.00000000E+000
  3.443889E-04  0.00000000E+000  0.00000000E+000  0.00000000E+000
  3.542286E-04  0.00000000E+000  0.00000000E+000  0.00000000E+000
  3.646471E-04  0.00000000E+000  0.00000000E+000  0.00000000E+000
  3.756970E-04  0.00000000E+000  0.00000000E+000  0.00000000E+000
  3.874375E-04  0.00000000E+000  0.00000000E+000  0.00000000E+000
  3.999355E-04  0.00000000E+000  0.00000000E+000  0.00000000E+000
  4.132667E-04  0.00000000E+000  0.00000000E+000  0.00000000E+000
  4.275172E-04  0.00000000E+000  0.00000000E+000  0.00000000E+000
  4.427857E-04  0.00000000E+000  0.00000000E+000  0.00000000E+000
  4.508364E-04  0.00000000E+000  0.00000000E+000  0.00000000E+000
  4.591852E-04  0.00000000E+000  0.00000000E+000  0.00000000E+000
  4.678491E-04  0.00000000E+000  0.00000000E+000  0.00000000E+000
  4.768462E-04  0.00000000E+000  0.00000000E+000  0.00000000E+000
  4.861961E-04  0.00000000E+000  0.00000000E+000  0.00000000E+000
  4.959200E-04  0.00000000E+000  0.00000000E+000  0.00000000E+000
  4.999194E-04  0.00000000E+000  0.00000000E+000  0.00000000E+000
  5.003228E-04  0.00000000E+000  0.00000000E+000  0.00000000E+000
  5.004238E-04  0.00000000E+000  0.00000000E+000  0.00000000E+000
  5.004844E-04  0.00000000E+000  0.00000000E+000  0.00000000E+000
  5.005046E-04  0.00000000E+000  0.00000000E+000  0.00000000E+000
  5.005147E-04  0.00000000E+000  0.00000000E+000  0.00000000E+000
  5.005208E-04  0.00000000E+000  0.00000000E+000  0.00000000E+000
  5.005228E-04  0.00000000E+000  0.00000000E+000  0.00000000E+000
  5.005268E-04  0.00000000E+000  0.00000000E+000  0.00000000E+000
  5.005289E-04  0.00000000E+000  0.00000000E+000  0.00000000E+000
  5.005349E-04  0.00000000E+000  0.00000000E+000  0.00000000E+000
  5.005450E-04  0.00000000E+000  0.00000000E+000  0.00000000E+000
  5.005652E-04  0.00000000E+000  0.00000000E+000  0.00000000E+000
  5.006259E-04  0.00000000E+000  0.00000000E+000  0.00000000E+000
  5.007270E-04  0.00000000E+000  0.00000000E+000  0.00000000E+000
  5.019433E-04  0.00000000E+000  0.00000000E+000  0.00000000E+000
  5.060408E-04  0.00000000E+000  0.00000000E+000  0.00000000E+000
  5.165833E-04  0.00000000E+000  0.00000000E+000  0.00000000E+000
  5.275745E-04  0.00000000E+000  0.00000000E+000  0.00000000E+000
  5.390435E-04  0.00000000E+000  0.00000000E+000  0.00000000E+000
  5.510222E-04  0.00000000E+000  0.00000000E+000  0.00000000E+000
  5.635455E-04  0.00000000E+000  0.00000000E+000  0.00000000E+000
  6.047805E-04  0.00000000E+000  0.00000000E+000  0.00000000E+000
  6.199000E-04  0.00000000E+000  0.00000000E+000  0.00000000E+000
  6.525263E-04  0.00000000E+000  0.00000000E+000  0.00000000E+000
  6.594681E-04  0.00000000E+000  0.00000000E+000  0.00000000E+000
  6.665591E-04  0.00000000E+000  0.00000000E+000  0.00000000E+000
  6.701622E-04  0.00000000E+000  0.00000000E+000  0.00000000E+000
  6.708874E-04  0.00000000E+000  0.00000000E+000  0.00000000E+000
  6.712507E-04  0.00000000E+000  0.00000000E+000  0.00000000E+000
  6.714324E-04  0.00000000E+000  0.00000000E+000  0.00000000E+000
  6.715415E-04  0.00000000E+000  0.00000000E+000  0.00000000E+000
  6.715779E-04  0.00000000E+000  0.00000000E+000  0.00000000E+000
  6.715961E-04  0.00000000E+000  0.00000000E+000  0.00000000E+000
  6.716070E-04  0.00000000E+000  0.00000000E+000  0.00000000E+000
  6.716107E-04  0.00000000E+000  0.00000000E+000  0.00000000E+000
  6.716179E-04  0.00000000E+000  0.00000000E+000  0.00000000E+000
  6.716216E-04  0.00000000E+000  0.00000000E+000  0.00000000E+000
  6.716325E-04  0.00000000E+000  0.00000000E+000  0.00000000E+000
  6.716507E-04  0.00000000E+000  0.00000000E+000  0.00000000E+000
  6.716871E-04  0.00000000E+000  0.00000000E+000  0.00000000E+000
  6.717963E-04  0.00000000E+000  0.00000000E+000  0.00000000E+000
  6.719783E-04  0.00000000E+000  0.00000000E+000  0.00000000E+000
  6.723427E-04  0.00000000E+000  0.00000000E+000  0.00000000E+000
  6.738043E-04  0.00000000E+000  0.00000000E+000  0.00000000E+000
  6.887778E-04  0.00000000E+000  0.00000000E+000  0.00000000E+000
  7.084571E-04  0.00000000E+000  0.00000000E+000  0.00000000E+000
  7.292941E-04  0.00000000E+000  0.00000000E+000  0.00000000E+000
  7.513939E-04  0.00000000E+000  0.00000000E+000  0.00000000E+000
  7.748750E-04  0.00000000E+000  0.00000000E+000  0.00000000E+000
  7.896815E-04  0.00000000E+000  0.00000000E+000  0.00000000E+000
  7.906888E-04  0.00000000E+000  0.00000000E+000  0.00000000E+000
  7.909410E-04  0.00000000E+000  0.00000000E+000  0.00000000E+000
  7.910419E-04  0.00000000E+000  0.00000000E+000  0.00000000E+000
  7.910924E-04  0.00000000E+000  0.00000000E+000  0.00000000E+000
  7.911176E-04  0.00000000E+000  0.00000000E+000  0.00000000E+000
  7.911328E-04  0.00000000E+000  0.00000000E+000  0.00000000E+000
  7.911378E-04  0.00000000E+000  0.00000000E+000  0.00000000E+000
  7.911984E-04  0.00000000E+000  0.00000000E+000  0.00000000E+000
  7.912035E-04  0.00000000E+000  0.00000000E+000  0.00000000E+000
  7.912186E-04  0.00000000E+000  0.00000000E+000  0.00000000E+000
  7.912439E-04  0.00000000E+000  0.00000000E+000  0.00000000E+000
  7.912944E-04  0.00000000E+000  0.00000000E+000  0.00000000E+000
  7.914459E-04  0.00000000E+000  0.00000000E+000  0.00000000E+000
  7.916986E-04  0.00000000E+000  0.00000000E+000  0.00000000E+000
  7.922045E-04  0.00000000E+000  0.00000000E+000  0.00000000E+000
  7.998710E-04  0.00000000E+000  0.00000000E+000  0.00000000E+000
  8.265333E-04  0.00000000E+000  0.00000000E+000  0.00000000E+000
  8.550345E-04  0.00000000E+000  0.00000000E+000  0.00000000E+000
  8.855714E-04  0.00000000E+000  0.00000000E+000  0.00000000E+000
  9.183704E-04  0.00000000E+000  0.00000000E+000  0.00000000E+000
  9.321805E-04  0.00000000E+000  0.00000000E+000  0.00000000E+000
  9.356981E-04  0.00000000E+000  0.00000000E+000  0.00000000E+000
  9.385314E-04  0.00000000E+000  0.00000000E+000  0.00000000E+000
  9.428137E-04  0.00000000E+000  0.00000000E+000  0.00000000E+000
  9.449695E-04  0.00000000E+000  0.00000000E+000  0.00000000E+000
  9.453298E-04  0.00000000E+000  0.00000000E+000  0.00000000E+000
  9.455461E-04  0.00000000E+000  0.00000000E+000  0.00000000E+000
  9.456182E-04  0.00000000E+000  0.00000000E+000  0.00000000E+000
  9.456542E-04  0.00000000E+000  0.00000000E+000  0.00000000E+000
  9.456759E-04  0.00000000E+000  0.00000000E+000  0.00000000E+000
  9.456831E-04  0.00000000E+000  0.00000000E+000  0.00000000E+000
  9.456975E-04  0.00000000E+000  0.00000000E+000  0.00000000E+000
  9.457047E-04  0.00000000E+000  0.00000000E+000  0.00000000E+000
  9.457264E-04  0.00000000E+000  0.00000000E+000  0.00000000E+000
  9.457625E-04  0.00000000E+000  0.00000000E+000  0.00000000E+000
  9.458346E-04  0.00000000E+000  0.00000000E+000  0.00000000E+000
  9.460511E-04  0.00000000E+000  0.00000000E+000  0.00000000E+000
  9.464122E-04  0.00000000E+000  0.00000000E+000  0.00000000E+000
  9.500383E-04  0.00000000E+000  0.00000000E+000  0.00000000E+000
  9.536923E-04  0.00000000E+000  0.00000000E+000  0.00000000E+000
  9.918400E-04  0.00000000E+000  0.00000000E+000  0.00000000E+000
  1.033167E-03  0.00000000E+000  0.00000000E+000  0.00000000E+000
  1.078087E-03  0.00000000E+000  0.00000000E+000  0.00000000E+000
  1.127091E-03  0.00000000E+000  0.00000000E+000  0.00000000E+000
  1.147963E-03  0.00000000E+000  0.00000000E+000  0.00000000E+000
  1.169623E-03  0.00000000E+000  0.00000000E+000  0.00000000E+000
  1.192115E-03  0.00000000E+000  0.00000000E+000  0.00000000E+000
  1.203689E-03  0.00000000E+000  0.00000000E+000  0.00000000E+000
  1.209561E-03  0.00000000E+000  0.00000000E+000  0.00000000E+000
  1.210151E-03  0.00000000E+000  0.00000000E+000  0.00000000E+000
  1.210506E-03  0.00000000E+000  0.00000000E+000  0.00000000E+000
  1.210624E-03  0.00000000E+000  0.00000000E+000  0.00000000E+000
  1.210683E-03  0.00000000E+000  0.00000000E+000  0.00000000E+000
  1.210719E-03  0.00000000E+000  0.00000000E+000  0.00000000E+000
  1.210730E-03  0.00000000E+000  0.00000000E+000  0.00000000E+000
  1.210754E-03  0.00000000E+000  0.00000000E+000  0.00000000E+000
  1.210766E-03  0.00000000E+000  0.00000000E+000  0.00000000E+000
  1.210801E-03  0.00000000E+000  0.00000000E+000  0.00000000E+000
  1.210860E-03  0.00000000E+000  0.00000000E+000  0.00000000E+000
  1.210979E-03  0.00000000E+000  0.00000000E+000  0.00000000E+000
  1.211334E-03  0.00000000E+000  0.00000000E+000  0.00000000E+000
  1.211926E-03  0.00000000E+000  0.00000000E+000  0.00000000E+000
  1.215490E-03  0.00000000E+000  0.00000000E+000  0.00000000E+000
  1.239800E-03  0.00000000E+000  0.00000000E+000  0.00000000E+000
  1.265102E-03  0.00000000E+000  0.00000000E+000  0.00000000E+000
  1.291458E-03  0.00000000E+000  0.00000000E+000  0.00000000E+000
  1.318936E-03  0.00000000E+000  0.00000000E+000  0.00000000E+000
  1.347609E-03  0.00000000E+000  0.00000000E+000  0.00000000E+000
  1.377556E-03  0.00000000E+000  0.00000000E+000  0.00000000E+000
  1.408864E-03  0.00000000E+000  0.00000000E+000  0.00000000E+000
  1.413683E-03  0.00000000E+000  0.00000000E+000  0.00000000E+000
  1.414489E-03  0.00000000E+000  0.00000000E+000  0.00000000E+000
  1.414974E-03  0.00000000E+000  0.00000000E+000  0.00000000E+000
  1.415135E-03  0.00000000E+000  0.00000000E+000  0.00000000E+000
  1.415216E-03  0.00000000E+000  0.00000000E+000  0.00000000E+000
  1.415264E-03  0.00000000E+000  0.00000000E+000  0.00000000E+000
  1.415281E-03  0.00000000E+000  0.00000000E+000  0.00000000E+000
  1.415313E-03  0.00000000E+000  0.00000000E+000  0.00000000E+000
  1.415329E-03  0.00000000E+000  0.00000000E+000  0.00000000E+000
  1.415378E-03  0.00000000E+000  0.00000000E+000  0.00000000E+000
  1.415458E-03  0.00000000E+000  0.00000000E+000  0.00000000E+000
  1.415620E-03  0.00000000E+000  0.00000000E+000  0.00000000E+000
  1.416105E-03  0.00000000E+000  0.00000000E+000  0.00000000E+000
  1.416914E-03  0.00000000E+000  0.00000000E+000  0.00000000E+000
  1.425057E-03  0.00000000E+000  0.00000000E+000  0.00000000E+000
  1.441628E-03  0.00000000E+000  0.00000000E+000  0.00000000E+000
  1.444988E-03  0.00000000E+000  0.00000000E+000  0.00000000E+000
  1.445831E-03  0.00000000E+000  0.00000000E+000  0.00000000E+000
  1.446337E-03  0.00000000E+000  0.00000000E+000  0.00000000E+000
  1.446506E-03  0.00000000E+000  0.00000000E+000  0.00000000E+000
  1.446590E-03  0.00000000E+000  0.00000000E+000  0.00000000E+000
  1.446641E-03  0.00000000E+000  0.00000000E+000  0.00000000E+000
  1.446658E-03  0.00000000E+000  0.00000000E+000  0.00000000E+000
  1.446691E-03  0.00000000E+000  0.00000000E+000  0.00000000E+000
  1.446708E-03  0.00000000E+000  0.00000000E+000  0.00000000E+000
  1.446759E-03  0.00000000E+000  0.00000000E+000  0.00000000E+000
  1.446843E-03  0.00000000E+000  0.00000000E+000  0.00000000E+000
  1.447012E-03  0.00000000E+000  0.00000000E+000  0.00000000E+000
  1.447519E-03  0.00000000E+000  0.00000000E+000  0.00000000E+000
  1.448364E-03  0.00000000E+000  0.00000000E+000  0.00000000E+000
  1.458588E-03  0.00000000E+000  0.00000000E+000  0.00000000E+000
  1.475952E-03  0.00000000E+000  0.00000000E+000  0.00000000E+000
  1.511951E-03  0.00000000E+000  0.00000000E+000  0.00000000E+000
  1.549750E-03  0.00000000E+000  0.00000000E+000  0.00000000E+000
  1.589487E-03  0.00000000E+000  0.00000000E+000  0.00000000E+000
  1.631316E-03  0.00000000E+000  0.00000000E+000  0.00000000E+000
  1.653067E-03  0.00000000E+000  0.00000000E+000  0.00000000E+000
  1.675405E-03  0.00000000E+000  0.00000000E+000  0.00000000E+000
  1.686803E-03  0.00000000E+000  0.00000000E+000  0.00000000E+000
  1.698356E-03  0.00000000E+000  0.00000000E+000  0.00000000E+000
  1.703022E-03  0.00000000E+000  0.00000000E+000  0.00000000E+000
  1.707713E-03  0.00000000E+000  0.00000000E+000  0.00000000E+000
  1.710069E-03  0.00000000E+000  0.00000000E+000  0.00000000E+000
  1.711249E-03  0.00000000E+000  0.00000000E+000  0.00000000E+000
  1.711958E-03  0.00000000E+000  0.00000000E+000  0.00000000E+000
  1.712194E-03  0.00000000E+000  0.00000000E+000  0.00000000E+000
  1.712313E-03  0.00000000E+000  0.00000000E+000  0.00000000E+000
  1.712384E-03  0.00000000E+000  0.00000000E+000  0.00000000E+000
  1.712407E-03  0.00000000E+000  0.00000000E+000  0.00000000E+000
  1.712455E-03  0.00000000E+000  0.00000000E+000  0.00000000E+000
  1.712478E-03  0.00000000E+000  0.00000000E+000  0.00000000E+000
  1.712549E-03  0.00000000E+000  0.00000000E+000  0.00000000E+000
  1.712667E-03  0.00000000E+000  0.00000000E+000  0.00000000E+000
  1.712904E-03  0.00000000E+000  0.00000000E+000  0.00000000E+000
  1.713614E-03  0.00000000E+000  0.00000000E+000  0.00000000E+000
  1.714799E-03  0.00000000E+000  0.00000000E+000  0.00000000E+000
  1.717175E-03  0.00000000E+000  0.00000000E+000  0.00000000E+000
  1.721944E-03  0.00000000E+000  0.00000000E+000  0.00000000E+000
  1.746197E-03  0.00000000E+000  0.00000000E+000  0.00000000E+000
  1.771143E-03  0.00000000E+000  0.00000000E+000  0.00000000E+000
  1.823235E-03  0.00000000E+000  0.00000000E+000  0.00000000E+000
  1.878485E-03  0.00000000E+000  0.00000000E+000  0.00000000E+000
  1.937188E-03  0.00000000E+000  0.00000000E+000  0.00000000E+000
  1.999677E-03  0.00000000E+000  0.00000000E+000  0.00000000E+000
  2.066333E-03  0.00000000E+000  0.00000000E+000  0.00000000E+000
  2.137586E-03  0.00000000E+000  0.00000000E+000  0.00000000E+000
  2.213929E-03  0.00000000E+000  0.00000000E+000  0.00000000E+000
  2.254182E-03  0.00000000E+000  0.00000000E+000  0.00000000E+000
  2.274862E-03  0.00000000E+000  0.00000000E+000  0.00000000E+000
  2.287454E-03  0.00000000E+000  0.00000000E+000  0.00000000E+000
  2.295926E-03  0.00000000E+000  0.00000000E+000  0.00000000E+000
  2.300186E-03  0.00000000E+000  0.00000000E+000  0.00000000E+000
  2.302321E-03  0.00000000E+000  0.00000000E+000  0.00000000E+000
  2.303605E-03  0.00000000E+000  0.00000000E+000  0.00000000E+000
  2.304033E-03  0.00000000E+000  0.00000000E+000  0.00000000E+000
  2.304247E-03  0.00000000E+000  0.00000000E+000  0.00000000E+000
  2.304375E-03  0.00000000E+000  0.00000000E+000  0.00000000E+000
  2.304418E-03  0.00000000E+000  0.00000000E+000  0.00000000E+000
  2.304504E-03  0.00000000E+000  0.00000000E+000  0.00000000E+000
  2.304547E-03  0.00000000E+000  0.00000000E+000  0.00000000E+000
  2.304675E-03  0.00000000E+000  0.00000000E+000  0.00000000E+000
  2.304889E-03  0.00000000E+000  0.00000000E+000  0.00000000E+000
  2.305318E-03  0.00000000E+000  0.00000000E+000  0.00000000E+000
  2.306605E-03  0.00000000E+000  0.00000000E+000  0.00000000E+000
  2.308752E-03  0.00000000E+000  0.00000000E+000  0.00000000E+000
  2.313060E-03  0.00000000E+000  0.00000000E+000  0.00000000E+000
  2.317383E-03  0.00000000E+000  0.00000000E+000  0.00000000E+000
  2.339245E-03  0.00000000E+000  0.00000000E+000  0.00000000E+000
  2.361524E-03  0.00000000E+000  0.00000000E+000  0.00000000E+000
  2.384231E-03  0.00000000E+000  0.00000000E+000  0.00000000E+000
  2.479600E-03  0.00000000E+000  0.00000000E+000  0.00000000E+000
  2.582917E-03  0.00000000E+000  0.00000000E+000  0.00000000E+000
  2.695217E-03  0.00000000E+000  0.00000000E+000  0.00000000E+000
  2.755111E-03  0.00000000E+000  0.00000000E+000  0.00000000E+000
  2.786067E-03  0.00000000E+000  0.00000000E+000  0.00000000E+000
  2.798646E-03  0.00000000E+000  0.00000000E+000  0.00000000E+000
  2.800542E-03  0.00000000E+000  0.00000000E+000  0.00000000E+000
  2.801175E-03  0.00000000E+000  0.00000000E+000  0.00000000E+000
  2.801491E-03  0.00000000E+000  0.00000000E+000  0.00000000E+000
  2.801681E-03  0.00000000E+000  0.00000000E+000  0.00000000E+000
  2.801745E-03  0.00000000E+000  0.00000000E+000  0.00000000E+000
  2.801871E-03  0.00000000E+000  0.00000000E+000  0.00000000E+000
  2.801935E-03  0.00000000E+000  0.00000000E+000  0.00000000E+000
  2.802125E-03  0.00000000E+000  0.00000000E+000  0.00000000E+000
  2.802441E-03  0.00000000E+000  0.00000000E+000  0.00000000E+000
  2.803075E-03  0.00000000E+000  0.00000000E+000  0.00000000E+000
  2.804977E-03  0.00000000E+000  0.00000000E+000  0.00000000E+000
  2.817727E-03  0.00000000E+000  0.00000000E+000  0.00000000E+000
  2.951905E-03  0.00000000E+000  0.00000000E+000  0.00000000E+000
  3.099500E-03  0.00000000E+000  0.00000000E+000  0.00000000E+000
  3.178974E-03  0.00000000E+000  0.00000000E+000  0.00000000E+000
  3.262632E-03  0.00000000E+000  0.00000000E+000  0.00000000E+000
  3.350811E-03  0.00000000E+000  0.00000000E+000  0.00000000E+000
  3.443889E-03  0.00000000E+000  0.00000000E+000  0.00000000E+000
  3.492394E-03  0.00000000E+000  0.00000000E+000  0.00000000E+000
  3.502260E-03  0.00000000E+000  0.00000000E+000  0.00000000E+000
  3.512181E-03  0.00000000E+000  0.00000000E+000  0.00000000E+000
  3.517163E-03  0.00000000E+000  0.00000000E+000  0.00000000E+000
  3.518161E-03  0.00000000E+000  0.00000000E+000  0.00000000E+000
  3.518660E-03  0.00000000E+000  0.00000000E+000  0.00000000E+000
  3.518960E-03  0.00000000E+000  0.00000000E+000  0.00000000E+000
  3.519060E-03  0.00000000E+000  0.00000000E+000  0.00000000E+000
  3.519260E-03  0.00000000E+000  0.00000000E+000  0.00000000E+000
  3.519360E-03  0.00000000E+000  0.00000000E+000  0.00000000E+000
  3.519659E-03  0.00000000E+000  0.00000000E+000  0.00000000E+000
  3.520159E-03  0.00000000E+000  0.00000000E+000  0.00000000E+000
  3.521159E-03  0.00000000E+000  0.00000000E+000  0.00000000E+000
  3.522159E-03  0.00000000E+000  0.00000000E+000  0.00000000E+000
  3.532194E-03  0.00000000E+000  0.00000000E+000  0.00000000E+000
  3.542286E-03  0.00000000E+000  0.00000000E+000  0.00000000E+000
  3.593623E-03  0.00000000E+000  0.00000000E+000  0.00000000E+000
  3.646471E-03  0.00000000E+000  0.00000000E+000  0.00000000E+000
  3.874375E-03  0.00000000E+000  0.00000000E+000  0.00000000E+000
  4.132667E-03  0.00000000E+000  0.00000000E+000  0.00000000E+000
  4.202712E-03  0.00000000E+000  0.00000000E+000  0.00000000E+000
  4.231399E-03  0.00000000E+000  0.00000000E+000  0.00000000E+000
  4.245890E-03  0.00000000E+000  0.00000000E+000  0.00000000E+000
  4.253173E-03  0.00000000E+000  0.00000000E+000  0.00000000E+000
  4.257555E-03  0.00000000E+000  0.00000000E+000  0.00000000E+000
  4.259018E-03  0.00000000E+000  0.00000000E+000  0.00000000E+000
  4.259749E-03  0.00000000E+000  0.00000000E+000  0.00000000E+000
  4.260188E-03  0.00000000E+000  0.00000000E+000  0.00000000E+000
  4.260335E-03  0.00000000E+000  0.00000000E+000  0.00000000E+000
  4.260628E-03  0.00000000E+000  0.00000000E+000  0.00000000E+000
  4.260774E-03  0.00000000E+000  0.00000000E+000  0.00000000E+000
  4.261213E-03  0.00000000E+000  0.00000000E+000  0.00000000E+000
  4.261946E-03  0.00000000E+000  0.00000000E+000  0.00000000E+000
  4.263411E-03  0.00000000E+000  0.00000000E+000  0.00000000E+000
  4.267814E-03  0.00000000E+000  0.00000000E+000  0.00000000E+000
  4.275172E-03  0.00000000E+000  0.00000000E+000  0.00000000E+000
  4.289965E-03  0.00000000E+000  0.00000000E+000  0.00000000E+000
  4.427857E-03  0.00000000E+000  0.00000000E+000  0.00000000E+000
  4.591852E-03  0.00000000E+000  0.00000000E+000  0.00000000E+000
  4.768462E-03  0.00000000E+000  0.00000000E+000  0.00000000E+000
  4.959200E-03  0.00000000E+000  0.00000000E+000  0.00000000E+000
  5.165833E-03  4.94065646E-324  4.94065646E-324  0.00000000E+000
  5.209244E-03  1.75393304E-321  1.75393304E-321  0.00000000E+000
  5.253390E-03  5.17607874E-319  5.17607874E-319  0.00000000E+000
  5.264544E-03  2.14477849E-318  2.14477849E-318  0.00000000E+000
  5.271259E-03  5.03264160E-318  5.03264160E-318  0.00000000E+000
  5.273501E-03  6.68741073E-318  6.68741073E-318  0.00000000E+000
  5.274622E-03  7.70814047E-318  7.70814047E-318  0.00000000E+000
  5.275296E-03  8.39515851E-318  8.39515851E-318  0.00000000E+000
  5.275520E-03  8.63673685E-318  8.63673685E-318  0.00000000E+000
  5.276194E-03  9.40624410E-318  9.40624410E-318  0.00000000E+000
  5.278440E-03  1.24987294E-317  1.24987294E-317  0.00000000E+000
  5.279114E-03  1.36110342E-317  1.36110342E-317  0.00000000E+000
  5.280239E-03  1.56917127E-317  1.56917127E-317  0.00000000E+000
  5.286994E-03  3.68182956E-317  3.68182956E-317  0.00000000E+000
  5.298291E-03  1.52539675E-316  1.52539675E-316  0.00000000E+000
  5.390435E-03  1.32238948E-311  1.32238948E-311  0.00000000E+000
  5.635455E-03  2.92628919E-299  2.92628919E-299  0.00000000E+000
  5.903810E-03  6.44692576E-287  6.44692576E-287  0.00000000E+000
  6.199000E-03  1.41675258E-274  1.41675258E-274  0.00000000E+000
  6.525263E-03  3.12397828E-262  3.12397828E-262  0.00000000E+000
  6.887778E-03  7.11111543E-250  7.11111543E-250  0.00000000E+000
  7.084571E-03  1.11630658E-243  1.11630658E-243  0.00000000E+000
  7.208140E-03  5.80265893E-240  5.80265893E-240  0.00000000E+000
  7.250292E-03  1.00961242E-238  1.00961242E-238  0.00000000E+000
  7.271554E-03  4.19934297E-238  4.19934297E-238  0.00000000E+000
  7.284371E-03  9.87795773E-238  9.87795773E-238  0.00000000E+000
  7.288654E-03  1.31379647E-237  1.31379647E-237  0.00000000E+000
  7.290797E-03  1.51513050E-237  1.51513050E-237  0.00000000E+000
  7.292083E-03  1.65041207E-237  1.65041207E-237  0.00000000E+000
  7.292512E-03  1.69816558E-237  1.69816558E-237  0.00000000E+000
  7.293370E-03  1.79786138E-237  1.79786138E-237  0.00000000E+000
  7.293799E-03  1.84991107E-237  1.84991107E-237  0.00000000E+000
  7.295087E-03  2.01537267E-237  2.01537267E-237  0.00000000E+000
  7.297234E-03  2.32458151E-237  2.32458151E-237  0.00000000E+000
  7.301531E-03  3.09247508E-237  3.09247508E-237  0.00000000E+000
  7.314454E-03  7.28249586E-237  7.28249586E-237  0.00000000E+000
  7.336095E-03  3.03674215E-236  3.03674215E-236  0.00000000E+000
  7.379762E-03  5.31908888E-235  5.31908888E-235  0.00000000E+000
  7.513939E-03  2.92240663E-231  2.92240663E-231  0.00000000E+000
  7.748750E-03  5.08176749E-225  5.08176749E-225  0.00000000E+000
  7.846835E-03  1.63673235E-222  1.63673235E-222  0.00000000E+000
  7.896815E-03  3.01473237E-221  3.01473237E-221  0.00000000E+000
  7.922045E-03  1.30112201E-220  1.30112201E-220  0.00000000E+000
  7.937260E-03  3.12558167E-220  3.12558167E-220  0.00000000E+000
  7.942345E-03  4.18615596E-220  4.18615596E-220  0.00000000E+000
  7.944889E-03  4.84435465E-220  4.84435465E-220  0.00000000E+000
  7.946417E-03  5.28821599E-220  5.28821599E-220  0.00000000E+000
  7.946926E-03  5.44488622E-220  5.44488622E-220  0.00000000E+000
  7.947945E-03  5.77211082E-220  5.77211082E-220  0.00000000E+000
  7.948455E-03  5.94246644E-220  5.94246644E-220  0.00000000E+000
  7.949984E-03  6.48379138E-220  6.48379138E-220  0.00000000E+000
  7.952534E-03  7.49796756E-220  7.49796756E-220  0.00000000E+000
  7.957638E-03  1.00266744E-219  1.00266744E-219  0.00000000E+000
  7.972990E-03  2.38819692E-219  2.38819692E-219  0.00000000E+000
  7.998710E-03  9.90799304E-219  9.90799304E-219  0.00000000E+000
  8.265333E-03  1.82396966E-212  1.82396966E-212  0.00000000E+000
  8.855714E-03  8.49376858E-200  8.49376858E-200  3.62084164E-305
  9.536923E-03  4.64227004E-187  4.64227004E-187  3.41868014E-285
  9.762205E-03  3.25864488E-183  3.25864488E-183  3.37009302E-279
  9.839683E-03  6.33131259E-182  6.33131259E-182  3.35025131E-277
  9.855326E-03  1.14368482E-181  1.14368482E-181  8.40475772E-277
  9.863166E-03  1.53707483E-181  1.53707483E-181  1.33119386E-276
  9.867091E-03  1.78193927E-181  1.78193927E-181  1.67535414E-276
  9.869448E-03  1.94723903E-181  1.94723903E-181  1.92326110E-276
  9.870233E-03  2.00560923E-181  2.00560923E-181  2.01368763E-276
  9.871805E-03  2.12778056E-181  2.12778056E-181  2.20770499E-276
  9.872591E-03  2.19161347E-181  2.19161347E-181  2.31158944E-276
  9.874950E-03  2.39485449E-181  2.39485449E-181  2.65354139E-276
  9.878884E-03  2.77630624E-181  2.77630624E-181  3.33948591E-276
  9.886762E-03  3.73121351E-181  3.73121351E-181  5.28932527E-276
  9.902556E-03  6.73916769E-181  6.73916769E-181  1.32690784E-275
  9.910472E-03  9.05688243E-181  9.05688243E-181  2.10164352E-275
  9.914434E-03  1.04990791E-180  1.04990791E-180  2.64483443E-275
  9.916813E-03  1.14725164E-180  1.14725164E-180  3.03604985E-275
  9.917607E-03  1.18169799E-180  1.18169799E-180  3.17905304E-275
  9.919194E-03  1.25354929E-180  1.25354929E-180  3.48530420E-275
  9.919987E-03  1.29093039E-180  1.29093039E-180  3.64917541E-275
  9.922369E-03  1.41001264E-180  1.41001264E-180  4.18902605E-275
  9.926341E-03  1.63335665E-180  1.63335665E-180  5.27184724E-275
  9.934295E-03  2.19181287E-180  2.19181287E-180  8.34972055E-275
  9.958233E-03  5.28062074E-180  5.28062074E-180  3.31717833E-274
  9.998387E-03  2.26281144E-179  2.26281144E-179  3.30534109E-273
  1.033167E-02  2.62973081E-174  2.62973081E-174  3.19847590E-265
  1.078087E-02  6.61116522E-168  6.61116522E-168  3.10670486E-255
  1.127091E-02  1.47382981E-161  1.47382981E-161  2.98349185E-245
  1.147963E-02  5.37933632E-159  5.37933632E-159  2.96265365E-241
  1.158692E-02  1.15945537E-157  1.15945537E-157  2.95164373E-239
  1.164131E-02  5.43679405E-157  5.43679405E-157  2.94468877E-238
  1.167420E-02  1.36987368E-156  1.36987368E-156  1.17113482E-237
  1.168520E-02  1.86285993E-156  1.86285993E-156  1.85514447E-237
  1.169071E-02  2.17228646E-156  2.17228646E-156  2.33508902E-237
  1.169402E-02  2.38212696E-156  2.38212696E-156  2.68093406E-237
  1.169512E-02  2.45621717E-156  2.45621717E-156  2.80680629E-237
  1.169733E-02  2.61057883E-156  2.61057883E-156  3.07776090E-237
  1.169843E-02  2.68942408E-156  2.68942408E-156  3.22218086E-237
  1.170175E-02  2.94201919E-156  2.94201919E-156  3.70027847E-237
  1.170727E-02  3.41516937E-156  3.41516937E-156  4.65648828E-237
  1.171834E-02  4.60358443E-156  4.60358443E-156  7.37846318E-237
  1.175166E-02  1.09870328E-155  1.09870328E-155  2.93361360E-236
  1.180762E-02  4.25975080E-155  4.25975080E-155  2.92776400E-235
  1.186411E-02  1.59609063E-154  1.59609063E-154  2.92138767E-234
  1.189827E-02  3.48980735E-154  3.48980735E-154  1.16180764E-233
  1.190970E-02  4.52014274E-154  4.52014274E-154  1.84067685E-233
  1.191543E-02  5.14291287E-154  5.14291287E-154  2.31748897E-233
  1.191886E-02  5.55492257E-154  5.55492257E-154  2.65984431E-233
  1.192001E-02  5.70012721E-154  5.70012721E-154  2.78555039E-233
  1.192230E-02  6.01057560E-154  6.01057560E-154  3.05375896E-233
  1.192345E-02  6.18327908E-154  6.18327908E-154  3.19799682E-233
  1.192689E-02  6.72982192E-154  6.72982192E-154  3.67122134E-233
  1.193263E-02  7.75045461E-154  7.75045461E-154  4.62101773E-233
  1.194412E-02  1.02771467E-153  1.02771467E-153  7.31944918E-233
  1.197874E-02  2.39567003E-153  2.39567003E-153  2.91072447E-232
  1.203689E-02  9.79754130E-153  9.79754130E-153  2.90585221E-231
  1.215490E-02  1.76991884E-151  1.76991884E-151  2.89725286E-229
  1.239800E-02  6.02243600E-149  6.02243600E-149  2.88681679E-225
  1.265102E-02  2.09861907E-146  2.09861907E-146  2.91744083E-221
  1.291458E-02  7.20017966E-144  7.20017966E-144  2.96708914E-217
  1.305053E-02  1.36430852E-142  1.36430852E-142  3.00290713E-215
  1.311958E-02  5.97812697E-142  5.97812697E-142  3.02908879E-214
  1.317535E-02  1.94874378E-141  1.94874378E-141  1.92560896E-213
  1.318235E-02  2.25866572E-141  2.25866572E-141  2.42617995E-213
  1.318656E-02  2.46813040E-141  2.46813040E-141  2.78759406E-213
  1.318796E-02  2.54197167E-141  2.54197167E-141  2.91927950E-213
  1.319076E-02  2.69603633E-141  2.69603633E-141  3.20151535E-213
  1.319217E-02  2.77683971E-141  2.77683971E-141  3.35376352E-213
  1.319638E-02  3.03268658E-141  3.03268658E-141  3.85258206E-213
  1.320341E-02  3.51307939E-141  3.51307939E-141  4.85540381E-213
  1.333118E-02  4.80822482E-140  4.80822482E-140  3.12202835E-211
  1.377556E-02  2.95639117E-136  2.95639117E-136  3.39935092E-205
  1.458588E-02  6.71948480E-130  6.71948480E-130  4.37986157E-195
  1.493735E-02  2.33051548E-127  2.33051548E-127  5.07530205E-191
  1.502788E-02  1.00591186E-126  1.00591186E-126  5.28260970E-190
  1.510110E-02  3.24039876E-126  3.24039876E-126  3.44485343E-189
  1.511030E-02  3.75042745E-126  3.75042745E-126  4.35467041E-189
  1.511583E-02  4.09450643E-126  4.09450643E-126  5.01279087E-189
  1.511767E-02  4.21579278E-126  4.21579278E-126  5.25300745E-189
  1.512136E-02  4.46988057E-126  4.46988057E-126  5.76980436E-189
  1.512320E-02  4.60221216E-126  4.60221216E-126  6.04609947E-189
  1.512874E-02  5.02455595E-126  5.02455595E-126  6.96001434E-189
  1.513797E-02  5.81518857E-126  5.81518857E-126  8.79770942E-189
  1.515648E-02  7.79119779E-126  7.79119779E-126  1.40631354E-188
  1.530617E-02  8.08276014E-125  8.08276014E-125  5.99993581E-187
  1.538213E-02  2.60291954E-124  2.60291954E-124  3.92350290E-186
  1.540124E-02  3.48690927E-124  3.48690927E-124  6.27519431E-186
  1.541081E-02  4.03562289E-124  4.03562289E-124  7.93562471E-186
  1.541656E-02  4.40562232E-124  4.40562232E-124  9.13650674E-186
  1.541848E-02  4.53650970E-124  4.53650970E-124  9.57647252E-186
  1.542232E-02  4.80995927E-124  4.80995927E-124  1.05206281E-185
  1.542423E-02  4.95199516E-124  4.95199516E-124  1.10241749E-185
  1.542999E-02  5.40599955E-124  5.40599955E-124  1.26925537E-185
  1.543960E-02  6.25707181E-124  6.25707181E-124  1.60532267E-185
  1.545885E-02  8.38145599E-124  8.38145599E-124  2.56767708E-185
  1.549750E-02  1.50398056E-123  1.50398056E-123  6.57072285E-185
  1.569367E-02  2.79538838E-122  2.79538838E-122  7.26337107E-183
  1.653067E-02  3.30878855E-117  3.30878855E-117  1.12193386E-174
  1.771143E-02  7.23599116E-111  7.23599116E-111  2.07976492E-164
  1.864361E-02  1.91066330E-106  1.91066330E-106  3.30102267E-157
  1.872810E-02  4.59699587E-106  4.59699587E-106  1.36694435E-156
  1.875643E-02  6.15941492E-106  6.15941492E-106  2.19491940E-156
  1.877063E-02  7.12987816E-106  7.12987816E-106  2.78145384E-156
  1.877916E-02  7.78404576E-106  7.78404576E-106  3.20612990E-156
  1.878200E-02  8.01475798E-106  8.01475798E-106  3.36135401E-156
  1.878770E-02  8.49891250E-106  8.49891250E-106  3.69578170E-156
  1.879054E-02  8.75122133E-106  8.75122133E-106  3.87454491E-156
  1.879909E-02  9.55641669E-106  9.55641669E-106  4.46624933E-156
  1.881335E-02  1.10655072E-105  1.10655072E-105  5.65926684E-156
  1.884195E-02  1.48382825E-105  1.48382825E-105  9.08866319E-156
  1.892824E-02  3.57614495E-105  3.57614495E-105  3.76233595E-155
  2.066333E-02  3.12418050E-098  3.12418050E-098  7.86355193E-144
  2.213929E-02  3.84139802E-093  3.84139802E-093  1.34565659E-135
  2.233874E-02  1.73996594E-092  1.73996594E-092  1.43979637E-134
  2.250091E-02  5.75231924E-092  5.75231924E-092  9.58544928E-134
  2.254182E-02  7.75119810E-092  7.75119810E-092  1.53959613E-133
  2.256233E-02  8.99726852E-092  8.99726852E-092  1.95117212E-133
  2.257465E-02  9.83869694E-092  9.83869694E-092  2.24909526E-133
  2.257877E-02  1.01370474E-091  1.01370474E-091  2.35846884E-133
  2.258699E-02  1.07539199E-091  1.07539199E-091  2.59269724E-133
  2.259111E-02  1.10729917E-091  1.10729917E-091  2.71863708E-133
  2.260346E-02  1.20864829E-091  1.20864829E-091  3.13367438E-133
  2.262409E-02  1.39874736E-091  1.39874736E-091  3.97166169E-133
  2.266545E-02  1.87311712E-091  1.87311712E-091  6.37874389E-133
  2.274862E-02  3.35853111E-091  3.35853111E-091  1.64513361E-132
  2.295926E-02  1.32559983E-090  1.32559983E-090  1.75698229E-131
  2.479600E-02  1.07315931E-085  1.07315931E-085  2.97757835E-123
  2.530204E-02  1.93982333E-084  1.93982333E-084  3.39586082E-121
  2.556289E-02  8.27143915E-084  8.27143915E-084  3.62208071E-120
  2.561570E-02  1.10535962E-083  1.10535962E-083  5.81419642E-120
  2.564219E-02  1.27781772E-083  1.27781772E-083  7.36651382E-120
  2.565811E-02  1.39394711E-083  1.39394711E-083  8.49028816E-120
  2.566342E-02  1.43494769E-083  1.43494769E-083  8.90167042E-120
  2.567405E-02  1.52062951E-083  1.52062951E-083  9.78548588E-120
  2.567937E-02  1.56538429E-083  1.56538429E-083  1.02599248E-119
  2.569534E-02  1.70767597E-083  1.70767597E-083  1.18254087E-119
  2.572199E-02  1.97402323E-083  1.97402323E-083  1.49815964E-119
  2.577547E-02  2.63798126E-083  2.63798126E-083  2.40482829E-119
  2.582917E-02  3.52513436E-083  3.52513436E-083  3.85997683E-119
  2.755111E-02  2.09079899E-079  2.09079899E-079  5.67800749E-113
  3.099500E-02  4.00560390E-073  4.00560390E-073  1.05328951E-102
  3.542286E-02  7.32130129E-067  7.32130129E-067  1.47988896E-092
  3.593623E-02  3.08468445E-066  3.08468445E-066  1.54523598E-091
  3.598839E-02  3.56170635E-066  3.56170635E-066  1.95370563E-091
  3.599884E-02  3.66561593E-066  3.66561593E-066  2.04753345E-091
  3.601976E-02  3.88263325E-066  3.88263325E-066  2.24893856E-091
  3.603022E-02  3.99581147E-066  3.99581147E-066  2.35685474E-091
  3.625146E-02  7.30839432E-066  7.30839432E-066  6.31052788E-091
  3.646471E-02  1.29867515E-065  1.29867515E-065  1.61194236E-090
  3.756970E-02  2.29784987E-064  2.29784987E-064  1.76589020E-088
  3.874375E-02  4.05232514E-063  4.05232514E-063  1.93111196E-086
  3.999355E-02  7.14332968E-062  7.14332968E-062  2.13606281E-084
  4.132667E-02  1.25474210E-060  1.25474210E-060  2.35447631E-082
  4.275172E-02  2.26873339E-059  2.26873339E-059  2.60173247E-080
  4.334965E-02  7.18426421E-059  7.18426421E-059  1.75320110E-079
  4.350175E-02  9.58234115E-059  9.58234115E-059  2.82318299E-079
  4.351702E-02  9.86234962E-059  9.86234962E-059  2.96091856E-079
  4.354759E-02  1.04470935E-058  1.04470935E-058  3.25683427E-079
  4.356290E-02  1.07525125E-058  1.07525125E-058  3.41578802E-079
  4.427857E-02  4.04210696E-058  4.04210696E-058  3.04772050E-078
  4.591852E-02  7.10863801E-057  7.10863801E-057  3.44893411E-076
  4.768462E-02  1.23645846E-055  1.23645846E-055  4.00453930E-074
  4.959200E-02  2.13086157E-054  2.13086157E-054  4.56814756E-072
  5.165833E-02  3.64734572E-053  3.64734572E-053  5.21739662E-070
  5.390435E-02  6.23401102E-052  6.23401102E-052  5.94779473E-068
  5.635455E-02  1.08601293E-050  1.08601293E-050  6.75457403E-066
  5.766512E-02  4.63790133E-050  4.63790133E-050  7.11019251E-065
  5.815197E-02  7.81829217E-050  7.81829217E-050  1.72973443E-064
  5.817926E-02  8.04839632E-050  8.04839632E-050  1.81772696E-064
  5.823391E-02  8.52904157E-050  8.52904157E-050  2.00726076E-064
  5.826128E-02  8.78007500E-050  8.78007500E-050  2.10929644E-064
  5.903810E-02  1.97730711E-049  1.97730711E-049  8.40914455E-064
  6.199000E-02  3.66630017E-048  3.66630017E-048  1.10181790E-061
  6.387429E-02  2.01721674E-047  2.01721674E-047  1.89045781E-060
  6.390722E-02  2.07624136E-047  2.07624136E-047  1.98343598E-060
  6.397317E-02  2.19948477E-047  2.19948477E-047  2.18326319E-060
  6.400620E-02  2.26382348E-047  2.26382348E-047  2.29059902E-060
  6.525263E-02  6.56749140E-047  6.56749140E-047  1.34746845E-059
  6.887778E-02  1.10827450E-045  1.10827450E-045  1.57807359E-057
  7.084571E-02  4.39905573E-045  4.39905573E-045  1.66574736E-056
  7.284371E-02  1.63746648E-044  1.63746648E-044  1.49284622E-055
  7.288654E-02  1.68276508E-044  1.68276508E-044  1.56115457E-055
  7.297234E-02  1.77626825E-044  1.77626825E-044  1.70706033E-055
  7.301531E-02  1.82444422E-044  1.82444422E-044  1.78492898E-055
  7.513939E-02  6.56392661E-044  6.56392661E-044  1.45675982E-054
  7.748750E-02  2.46818178E-043  2.46818178E-043  1.22600648E-053
  7.998710E-02  8.82599475E-043  8.82599475E-043  1.01934877E-052
  8.161949E-02  1.93697623E-042  1.93697622E-042  3.81175389E-052
  8.167325E-02  1.98660539E-042  1.98660539E-042  3.97784834E-052
  8.178100E-02  2.08970723E-042  2.08970723E-042  4.33221943E-052
  8.183498E-02  2.14323532E-042  2.14323532E-042  4.52111727E-052
  8.264782E-02  3.12297207E-042  3.12297207E-042  8.54686893E-052
  8.265884E-02  3.13897919E-042  3.13897919E-042  8.62033493E-052
  8.550345E-02  1.17454640E-041  1.17454640E-041  7.36101411E-051
  8.855714E-02  4.38409365E-041  4.38409365E-041  6.40806754E-050
  9.119088E-02  1.29678790E-040  1.29678790E-040  3.71526955E-049
  9.120000E-02  1.30127817E-040  1.30127817E-040  3.73731809E-049
  9.226000E-02  1.93463139E-040  1.93463138E-040  7.37742136E-049
  9.332000E-02  2.84667559E-040  2.84667558E-040  1.43468248E-048
  9.441000E-02  4.18007780E-040  4.18007777E-040  2.80007287E-048
  9.550000E-02  6.07798119E-040  6.07798114E-040  5.38353888E-048
  9.661000E-02  8.80214110E-040  8.80214100E-040  1.03183727E-047
  9.772000E-02  1.26284272E-039  1.26284270E-039  1.94896564E-047
  9.886000E-02  1.81105095E-039  1.81105092E-039  3.69019809E-047
  1.000000E-01  2.57358904E-039  2.57358897E-039  6.88635616E-047
  1.012000E-01  3.67340219E-039  3.67340206E-039  1.29103358E-046
  1.023000E-01  5.04799694E-039  5.04799671E-039  2.27485929E-046
  1.035000E-01  7.02345880E-039  7.02345838E-039  4.15613921E-046
  1.047000E-01  9.67040396E-039  9.67040321E-039  7.47771645E-046
  1.059000E-01  1.33193353E-038  1.33193340E-038  1.32569661E-045
  1.072000E-01  1.87192617E-038  1.87192593E-038  2.42604096E-045
  1.084000E-01  2.54730424E-038  2.54730383E-038  4.17827437E-045
  1.097000E-01  3.53508585E-038  3.53508511E-038  7.41884220E-045
  1.109000E-01  4.74516421E-038  4.74516297E-038  1.24385106E-044
  1.122000E-01  6.49691966E-038  6.49691752E-038  2.14805653E-044
  1.135000E-01  8.82303492E-038  8.82303126E-038  3.65876889E-044
  1.148000E-01  1.18841803E-037  1.18841742E-037  6.14967828E-044
  1.161000E-01  1.59240202E-037  1.59240099E-037  1.02064252E-043
  1.175000E-01  2.16378847E-037  2.16378673E-037  1.73726737E-043
  1.189000E-01  2.91930068E-037  2.91929777E-037  2.91706861E-043
  1.202000E-01  3.82977461E-037  3.82976995E-037  4.66513938E-043
  1.216000E-01  5.09132447E-037  5.09131682E-037  7.64199348E-043
  1.230000E-01  6.72621581E-037  6.72620344E-037  1.23692124E-042
  1.244000E-01  8.82058393E-037  8.82056414E-037  1.97907476E-042
  1.259000E-01  1.17092511E-036  1.17092188E-036  3.23483176E-042
  1.274000E-01  1.54294668E-036  1.54294146E-036  5.22383417E-042
  1.288000E-01  1.98268970E-036  1.98268162E-036  8.08596232E-042
  1.303000E-01  2.57553355E-036  2.57552094E-036  1.26087319E-041
  1.318000E-01  3.32347582E-036  3.32345600E-036  1.98183806E-041
  1.333000E-01  4.25949011E-036  4.25945925E-036  3.08639344E-041
  1.349000E-01  5.50662189E-036  5.50657286E-036  4.90277886E-041
  1.365000E-01  7.06574522E-036  7.06566809E-036  7.71365844E-041
  1.380000E-01  8.86203514E-036  8.86191815E-036  1.16993062E-040
  1.396000E-01  1.12002108E-035  1.12000299E-035  1.80893556E-040
  1.412000E-01  1.40256576E-035  1.40253803E-035  2.77355091E-040
  1.429000E-01  1.75422468E-035  1.75418139E-035  4.32941747E-040
  1.445000E-01  2.12731412E-035  2.12724880E-035  6.53139223E-040
  1.462000E-01  2.56830481E-035  2.56820452E-035  1.00287718E-039
  1.479000E-01  3.06471619E-035  3.06456341E-035  1.52772038E-039
  1.496000E-01  3.62690659E-035  3.62667563E-035  2.30958334E-039
  1.514000E-01  4.29943308E-035  4.29907815E-035  3.54924191E-039
  1.531000E-01  4.98648760E-035  4.98595886E-035  5.28740698E-039
  1.549000E-01  5.75182084E-035  5.75102034E-035  8.00495828E-039
  1.567000E-01  6.70789313E-035  6.70668988E-035  1.20325498E-038
  1.585000E-01  7.72576645E-035  7.72397024E-035  1.79621308E-038
  1.603000E-01  8.80545302E-035  8.80278931E-035  2.66371037E-038
  1.622000E-01  1.02027881E-034  1.01987780E-034  4.01010095E-038
  1.641000E-01  1.16473953E-034  1.16413989E-034  5.99637069E-038
  1.660000E-01  1.32265698E-034  1.32176609E-034  8.90894107E-038
  1.679000E-01  1.51052500E-034  1.50920947E-034  1.31553393E-037
  1.698000E-01  1.70135325E-034  1.69942209E-034  1.93116236E-037
  1.718000E-01  1.96422358E-034  1.96134974E-034  2.87383935E-037
  1.738000E-01  2.25039409E-034  2.24614583E-034  4.24825334E-037
  1.758000E-01  2.54703782E-034  2.54079681E-034  6.24101117E-037
  1.778000E-01  2.84449608E-034  2.83538048E-034  9.11559916E-037
  1.799000E-01  3.14301476E-034  3.12952408E-034  1.34906731E-036
  1.820000E-01  3.58960552E-034  3.56974708E-034  1.98584361E-036
  1.841000E-01  4.06859487E-034  4.03951048E-034  2.90843931E-036
  1.862000E-01  4.56297263E-034  4.52057606E-034  4.23965722E-036
  1.884000E-01  5.08286678E-034  5.02024356E-034  6.26232206E-036
  1.905000E-01  5.61384939E-034  5.52336872E-034  9.04806719E-036
  1.928000E-01  6.38521293E-034  6.25047031E-034  1.34742623E-035
  1.950000E-01  7.16074464E-034  6.96449004E-034  1.96254602E-035
  1.972000E-01  7.96209434E-034  7.67771587E-034  2.84378475E-035
  1.995000E-01  8.81228950E-034  8.39582236E-034  4.16467139E-035
  2.018000E-01  9.98648813E-034  9.38119621E-034  6.05291917E-035
  2.042000E-01  1.14326329E-033  1.05471804E-033  8.85452481E-035
  2.065000E-01  1.29623241E-033  1.17018197E-033  1.26050449E-034
  2.089000E-01  1.47178600E-033  1.29215375E-033  1.79632253E-034
  2.113000E-01  1.68780389E-033  1.43616943E-033  2.51634469E-034
  2.138000E-01  1.96457698E-033  1.61441778E-033  3.50159200E-034
  2.163000E-01  2.30450349E-033  1.82827062E-033  4.76232868E-034
  2.188000E-01  2.70108247E-033  2.06839768E-033  6.32684794E-034
  2.213000E-01  3.17433656E-033  2.35264255E-033  8.21694009E-034
  2.239000E-01  3.76353394E-033  2.70845600E-033  1.05507794E-033
  2.265000E-01  4.45120944E-033  3.12212405E-033  1.32908539E-033
  2.291000E-01  5.25951785E-033  3.61115476E-033  1.64836309E-033
  2.317000E-01  6.19344775E-033  4.17385884E-033  2.01958890E-033
  2.344000E-01  7.31447623E-033  4.84459848E-033  2.46987776E-033
  2.371000E-01  8.62205348E-033  5.62300665E-033  2.99904683E-033
  2.399000E-01  1.01931457E-032  6.54469433E-033  3.64845136E-033
  2.427000E-01  1.20400755E-032  7.61833686E-033  4.42173869E-033
  2.455000E-01  1.41819504E-032  8.83758549E-033  5.34436487E-033
  2.483000E-01  1.66631211E-032  1.02168529E-032  6.44626823E-033
  2.512000E-01  1.96119351E-032  1.17979709E-032  7.81396425E-033
  2.541000E-01  2.29790728E-032  1.35221637E-032  9.45690916E-033
  2.570000E-01  2.68757912E-032  1.54482176E-032  1.14275736E-032
  2.600000E-01  3.15379516E-032  1.76613872E-032  1.38765643E-032
  2.630000E-01  3.69382209E-032  2.01177261E-032  1.68204948E-032
  2.661000E-01  4.34192760E-032  2.29404038E-032  2.04788721E-032
  2.691000E-01  5.06931587E-032  2.59693627E-032  2.47237959E-032
  2.723000E-01  5.97020172E-032  2.95481298E-032  3.01538874E-032
  2.754000E-01  6.98294107E-032  3.33690467E-032  3.64603640E-032
  2.786000E-01  8.19387007E-032  3.76979691E-032  4.42407315E-032
  2.818000E-01  9.59950054E-032  4.24632983E-032  5.35317071E-032
  2.851000E-01  1.12832542E-031  4.78665359E-032  6.49660059E-032
  2.884000E-01  1.32391885E-031  5.37894512E-032  7.86024334E-032
  2.917000E-01  1.55079889E-031  6.02759679E-032  9.48039207E-032
  2.951000E-01  1.82181038E-031  6.75605714E-032  1.14620467E-031
  2.985000E-01  2.13632445E-031  7.55160713E-032  1.38116374E-031
  3.020000E-01  2.51211385E-031  8.44495939E-032  1.66761791E-031
  3.055000E-01  2.85008530E-031  9.41830385E-032  1.90825492E-031
  3.090000E-01  3.30158511E-031  1.04762885E-031  2.25395626E-031
  3.126000E-01  3.82583362E-031  1.16508612E-031  2.66074751E-031
  3.162000E-01  4.41600877E-031  1.29209334E-031  3.12391543E-031
  3.199000E-01  5.09626512E-031  1.43335056E-031  3.66291456E-031
  3.236000E-01  5.85510430E-031  1.58602939E-031  4.26907490E-031
  3.273000E-01  6.69467364E-031  1.75064753E-031  4.94402611E-031
  3.311000E-01  7.64013703E-031  1.93264208E-031  5.70749496E-031
  3.350000E-01  8.69195150E-031  2.13380274E-031  6.55814876E-031
  3.388000E-01  9.78215705E-031  2.34444467E-031  7.43771239E-031
  3.428000E-01  1.09721797E-030  2.58246918E-031  8.38971050E-031
  3.467000E-01  1.21333213E-030  2.83041372E-031  9.30290754E-031
  3.507000E-01  1.32759695E-030  3.10199000E-031  1.01739795E-030
  3.548000E-01  1.43623260E-030  3.39963215E-031  1.09626938E-030
  3.589000E-01  1.53866773E-030  3.71752514E-031  1.16691522E-030
  3.631000E-01  1.64736466E-030  4.06493898E-031  1.24087076E-030
  3.673000E-01  1.77309777E-030  4.43474841E-031  1.32962293E-030
  3.715000E-01  1.92600799E-030  4.82770284E-031  1.44323771E-030
  3.758000E-01  2.11609070E-030  5.25509265E-031  1.59058143E-030
  3.802000E-01  2.34691030E-030  5.71950858E-031  1.77495944E-030
  3.846000E-01  2.61205591E-030  6.21123354E-031  1.99093255E-030
  3.891000E-01  2.91301827E-030  6.74359908E-031  2.23865837E-030
  3.936000E-01  3.23534363E-030  7.30694902E-031  2.50464873E-030
  3.981000E-01  3.56785646E-030  7.90209405E-031  2.77764705E-030
  4.027000E-01  3.90364655E-030  8.54199962E-031  3.04944659E-030
  4.074000E-01  4.22232298E-030  9.22988770E-031  3.29933422E-030
  4.121000E-01  4.49010001E-030  9.95437929E-031  3.49466208E-030
  4.169000E-01  4.68232185E-030  1.07328561E-030  3.60903623E-030
  4.217000E-01  4.77518140E-030  1.15510788E-030  3.62007352E-030
  4.266000E-01  4.77853098E-030  1.24281111E-030  3.53571987E-030
  4.315000E-01  4.73144296E-030  1.33480777E-030  3.39663519E-030
  4.365000E-01  4.68303971E-030  1.43320641E-030  3.24983331E-030
  4.416000E-01  4.66822620E-030  1.53820260E-030  3.13002360E-030
  4.467000E-01  4.69775554E-030  1.64770028E-030  3.05005526E-030
  4.519000E-01  4.76497613E-030  1.76436122E-030  3.00061491E-030
  4.571000E-01  4.85160004E-030  1.88614623E-030  2.96545381E-030
  4.624000E-01  4.93961264E-030  2.01560224E-030  2.92401040E-030
  4.677000E-01  5.01347495E-030  2.15048950E-030  2.86298546E-030
  4.732000E-01  5.07487712E-030  2.29625882E-030  2.77861830E-030
  4.786000E-01  5.13341791E-030  2.44516042E-030  2.68825749E-030
  4.842000E-01  5.20996244E-030  2.60566850E-030  2.60429393E-030
  4.898000E-01  5.31442611E-030  2.77223721E-030  2.54218890E-030
  4.954000E-01  5.44958294E-030  2.94495864E-030  2.50462430E-030
  5.012000E-01  5.61940799E-030  3.13044023E-030  2.48896776E-030
  5.070000E-01  5.81606728E-030  3.32264384E-030  2.49342344E-030
  5.129000E-01  6.04159979E-030  3.52506647E-030  2.51653332E-030
  5.188000E-01  6.29245419E-030  3.73445447E-030  2.55799971E-030
  5.248000E-01  6.57236562E-030  3.95452882E-030  2.61783680E-030
  5.309000E-01  6.87842200E-030  4.18563555E-030  2.69278645E-030
  5.370000E-01  7.19908861E-030  4.42414613E-030  2.77494248E-030
  5.433000E-01  7.53719105E-030  4.67821799E-030  2.85897306E-030
  5.495000E-01  7.87094851E-030  4.93589871E-030  2.93504980E-030
  5.559000E-01  8.21754108E-030  5.20887128E-030  3.00866980E-030
  5.623000E-01  8.57220568E-030  5.48962298E-030  3.08258270E-030
  5.688000E-01  8.94860884E-030  5.78273919E-030  3.16586964E-030
  5.754000E-01  9.35157496E-030  6.08850958E-030  3.26306538E-030
  5.821000E-01  9.78079933E-030  6.40721450E-030  3.37358484E-030
  5.888000E-01  1.02257238E-029  6.73418187E-030  3.49154197E-030
  5.957000E-01  1.06951016E-029  7.07943042E-030  3.61567115E-030
  6.026000E-01  1.11731082E-029  7.43320011E-030  3.73990810E-030
  6.095000E-01  1.16613253E-029  7.79535787E-030  3.86596747E-030
  6.166000E-01  1.21788317E-029  8.17662231E-030  4.00220938E-030
  6.237000E-01  1.27147170E-029  8.56646225E-030  4.14825475E-030
  6.310000E-01  1.32838495E-029  8.97605194E-030  4.30779753E-030
  6.383000E-01  1.38675254E-029  9.39434888E-030  4.47317654E-030
  6.457000E-01  1.44698760E-029  9.82706803E-030  4.64280794E-030
  6.531000E-01  1.50807070E-029  1.02683362E-029  4.81237082E-030
  6.607000E-01  1.57206562E-029  1.07303530E-029  4.99030314E-030
  6.683000E-01  1.63810180E-029  1.12010607E-029  5.17995736E-030
  6.761000E-01  1.70893125E-029  1.16928420E-029  5.39647049E-030
  6.839000E-01  1.78361512E-029  1.21931693E-029  5.64298194E-030
  6.918000E-01  1.86341755E-029  1.27083570E-029  5.92581843E-030
  6.998000E-01  1.94831424E-029  1.32384513E-029  6.24469109E-030
  7.079000E-01  2.03818744E-029  1.37837775E-029  6.59809696E-030
  7.161000E-01  2.13259128E-029  1.43440832E-029  6.98182961E-030
  7.244000E-01  2.23114041E-029  1.49193475E-029  7.39205654E-030
  7.328000E-01  2.33345453E-029  1.55095397E-029  7.82500560E-030
  7.413000E-01  2.43922950E-029  1.61146091E-029  8.27768596E-030
  7.499000E-01  2.54838988E-029  1.67344850E-029  8.74941382E-030
  7.586000E-01  2.66124040E-029  1.73690767E-029  9.24332732E-030
  7.674000E-01  2.77840204E-029  1.80182733E-029  9.76574708E-030
  7.763000E-01  2.90050174E-029  1.86819442E-029  1.03230731E-029
  7.852000E-01  3.02649537E-029  1.93523692E-029  1.09125845E-029
  7.943000E-01  3.15940543E-029  2.00444467E-029  1.15496076E-029
  8.035000E-01  3.29798721E-029  2.07489668E-029  1.22309053E-029
  8.128000E-01  3.44250740E-029  2.14646484E-029  1.29604256E-029
  8.222000E-01  3.59333818E-029  2.21935432E-029  1.37398386E-029
  8.318000E-01  3.75255634E-029  2.29432297E-029  1.45823337E-029
  8.414000E-01  3.91728143E-029  2.36978119E-029  1.54750023E-029
  8.511000E-01  4.08967992E-029  2.44647806E-029  1.64320186E-029
  8.610000E-01  4.27234567E-029  2.52517971E-029  1.74716596E-029
  8.710000E-01  4.46452447E-029  2.60506406E-029  1.85946042E-029
  8.810000E-01  4.66550555E-029  2.68529199E-029  1.98021356E-029
  8.913000E-01  4.88332020E-029  2.76823839E-029  2.11508182E-029
  9.016000E-01  5.11444760E-029  2.85139206E-029  2.26305554E-029
  9.120000E-01  5.36491093E-029  2.93528526E-029  2.42962567E-029
  9.226000E-01  5.64262516E-029  3.02095609E-029  2.62166908E-029
  9.333000E-01  5.95357317E-029  3.10755501E-029  2.84601815E-029
  9.441000E-01  6.31052478E-029  3.19503713E-029  3.11548765E-029
  9.550000E-01  6.73374503E-029  3.28335658E-029  3.45038844E-029
  9.661000E-01  7.26188226E-029  3.37327643E-029  3.88860583E-029
  9.772000E-01  7.94292191E-029  3.46312854E-029  4.47979337E-029
  9.886000E-01  8.90290960E-029  3.55529042E-029  5.34761918E-029
  1.000000E+00  1.03145004E-028  3.64728801E-029  6.66721235E-029
  1.012000E+00  1.26696975E-028  3.74420346E-029  8.92549408E-029
  1.023000E+00  1.61482561E-028  3.83280516E-029  1.23154509E-028
  1.035000E+00  2.17588857E-028  3.92915699E-029  1.78297287E-028
  1.047000E+00  2.71120511E-028  4.02514568E-029  2.30869054E-028
  1.059000E+00  2.73050290E-028  4.12072681E-029  2.31843022E-028
  1.071000E+00  2.34114146E-028  4.21585816E-029  1.91955564E-028
  1.084000E+00  1.93961400E-028  4.31836312E-029  1.50777769E-028
  1.097000E+00  1.68884964E-028  4.42024500E-029  1.24682514E-028
  1.109000E+00  1.55941158E-028  4.51369746E-029  1.10804184E-028
  1.122000E+00  1.48974420E-028  4.61425580E-029  1.02831862E-028
  1.135000E+00  1.46899298E-028  4.71387897E-029  9.97605080E-029
  1.148000E+00  1.48413190E-028  4.81258446E-029  1.00287346E-028
  1.161000E+00  1.52970167E-028  4.91045639E-029  1.03865603E-028
  1.175000E+00  1.61229286E-028  5.01488724E-029  1.11080413E-028
  1.189000E+00  1.73279117E-028  5.11827547E-029  1.22096362E-028
  1.202000E+00  1.88248126E-028  5.21331466E-029  1.36114979E-028
  1.216000E+00  2.08493311E-028  5.31459582E-029  1.55347352E-028
  1.230000E+00  2.31803021E-028  5.41473979E-029  1.77655623E-028
  1.245000E+00  2.56147518E-028  5.52231975E-029  2.00924320E-028
  1.259000E+00  2.72552090E-028  5.62379388E-029  2.16314152E-028
  1.273000E+00  2.78670595E-028  5.72383934E-029  2.21432201E-028
  1.288000E+00  2.74348233E-028  5.82978334E-029  2.16050400E-028
  1.303000E+00  2.63439880E-028  5.93441258E-029  2.04095755E-028
  1.318000E+00  2.50795749E-028  6.03818022E-029  1.90413947E-028
  1.334000E+00  2.38496687E-028  6.14746952E-029  1.77021992E-028
  1.349000E+00  2.29114907E-028  6.24852476E-029  1.66629659E-028
  1.365000E+00  2.21462805E-028  6.35480233E-029  1.57914781E-028
  1.380000E+00  2.16204398E-028  6.45297181E-029  1.51674680E-028
  1.396000E+00  2.12265251E-028  6.55596266E-029  1.46705624E-028
  1.413000E+00  2.09531027E-028  6.66362958E-029  1.42894732E-028
  1.429000E+00  2.08006739E-028  6.76329703E-029  1.40373769E-028
  1.445000E+00  2.07263135E-028  6.86134252E-029  1.38649710E-028
  1.462000E+00  2.07143906E-028  6.96371207E-029  1.37506785E-028
  1.479000E+00  2.07596883E-028  7.06415152E-029  1.36955368E-028
  1.496000E+00  2.08455630E-028  7.16274790E-029  1.36828151E-028
  1.514000E+00  2.09705188E-028  7.26513719E-029  1.37053816E-028
  1.531000E+00  2.11132440E-028  7.35994675E-029  1.37532972E-028
  1.549000E+00  2.12842637E-028  7.45833704E-029  1.38259266E-028
  1.567000E+00  2.14750247E-028  7.55363792E-029  1.39213868E-028
  1.585000E+00  2.16773017E-028  7.64683498E-029  1.40304667E-028
  1.603000E+00  2.18873127E-028  7.73798980E-029  1.41493229E-028
  1.622000E+00  2.21139188E-028  7.83200994E-029  1.42819089E-028
  1.641000E+00  2.23422467E-028  7.92379101E-029  1.44184557E-028
  1.660000E+00  2.25691614E-028  8.01378912E-029  1.45553723E-028
  1.679000E+00  2.27911065E-028  8.10199846E-029  1.46891080E-028
  1.698000E+00  2.30038144E-028  8.18805140E-029  1.48157630E-028
  1.718000E+00  2.32122151E-028  8.27633075E-029  1.49358844E-028
  1.738000E+00  2.33972006E-028  8.36227778E-029  1.50349228E-028
  1.758000E+00  2.35484098E-028  8.44592354E-029  1.51024862E-028
  1.778000E+00  2.36548230E-028  8.52877364E-029  1.51260493E-028
  1.799000E+00  2.37008108E-028  8.61641170E-029  1.50843991E-028
  1.820000E+00  2.36470608E-028  8.70169303E-029  1.49453678E-028
  1.841000E+00  2.34737964E-028  8.78465335E-029  1.46891431E-028
  1.862000E+00  2.32001484E-028  8.86532919E-029  1.43348192E-028
  1.884000E+00  2.29295607E-028  8.94743696E-029  1.39821237E-028
  1.906000E+00  2.29100557E-028  9.02712158E-029  1.38829341E-028
  1.928000E+00  2.33025823E-028  9.10515092E-029  1.41974314E-028
  1.950000E+00  2.39952777E-028  9.18090387E-029  1.48143739E-028
  1.972000E+00  2.47760682E-028  9.25437357E-029  1.55216946E-028
  1.995000E+00  2.55426549E-028  9.32878924E-029  1.62138657E-028
  2.018000E+00  2.62144627E-028  9.40080779E-029  1.68136549E-028
  2.042000E+00  2.68204701E-028  9.47345632E-029  1.73470138E-028
  2.065000E+00  2.73290895E-028  9.54073287E-029  1.77883566E-028
  2.089000E+00  2.78046191E-028  9.60825854E-029  1.81963606E-028
  2.114000E+00  2.82545692E-028  9.67604216E-029  1.85785270E-028
  2.138000E+00  2.86569540E-028  9.74053652E-029  1.89164175E-028
  2.163000E+00  2.90518002E-028  9.80624604E-029  1.92455541E-028
  2.188000E+00  2.94259770E-028  9.86957425E-029  1.95564027E-028
  2.213000E+00  2.97838255E-028  9.92991076E-029  1.98539148E-028
  2.239000E+00  3.01418932E-028  9.98962264E-029  2.01522705E-028
  2.265000E+00  3.04913816E-028  1.00471070E-028  2.04442746E-028
  2.291000E+00  3.08358050E-028  1.01025035E-028  2.07333015E-028
  2.317000E+00  3.11717379E-028  1.01556416E-028  2.10160963E-028
  2.344000E+00  3.15129025E-028  1.02085009E-028  2.13044016E-028
  2.371000E+00  3.18473705E-028  1.02590621E-028  2.15883084E-028
  2.399000E+00  3.21882451E-028  1.03091415E-028  2.18791037E-028
  2.427000E+00  3.25257185E-028  1.03569822E-028  2.21687363E-028
  2.455000E+00  3.28726536E-028  1.04032695E-028  2.24693841E-028
  2.483000E+00  3.32162940E-028  1.04475936E-028  2.27687005E-028
  2.512000E+00  3.35660772E-028  1.04928813E-028  2.30731959E-028
  2.541000E+00  3.39153177E-028  1.05359873E-028  2.33793304E-028
  2.570000E+00  3.42655225E-028  1.05769834E-028  2.36885391E-028
  2.600000E+00  3.46306760E-028  1.06172476E-028  2.40134284E-028
  2.630000E+00  3.50010137E-028  1.06554046E-028  2.43456091E-028
  2.661000E+00  3.53920837E-028  1.06926978E-028  2.46993859E-028
  2.691000E+00  3.57821652E-028  1.07267948E-028  2.50553704E-028
  2.723000E+00  3.62157500E-028  1.07610833E-028  2.54546668E-028
  2.754000E+00  3.66591826E-028  1.07923266E-028  2.58668559E-028
  2.786000E+00  3.71599600E-028  1.08247591E-028  2.63352010E-028
  2.818000E+00  3.77060487E-028  1.08553643E-028  2.68506844E-028
  2.851000E+00  3.83331338E-028  1.08850029E-028  2.74481310E-028
  2.884000E+00  3.90495221E-028  1.09127660E-028  2.81367561E-028
  2.917000E+00  3.98909007E-028  1.09387292E-028  2.89521714E-028
  2.951000E+00  4.09451568E-028  1.09636740E-028  2.99814828E-028
  2.985000E+00  4.22804095E-028  1.09868630E-028  3.12935466E-028
  3.020000E+00  4.41078319E-028  1.10089787E-028  3.30988532E-028
  3.055000E+00  4.66812641E-028  1.10293914E-028  3.56518727E-028
  3.090000E+00  5.05483132E-028  1.10481770E-028  3.95001362E-028
  3.126000E+00  5.71063176E-028  1.10741510E-028  4.60321666E-028
  3.162000E+00  6.92657292E-028  1.11015186E-028  5.81642107E-028
  3.199000E+00  9.70902349E-028  1.11280298E-028  8.59622050E-028
  3.236000E+00  1.81167310E-027  1.11529748E-028  1.70014335E-027
  3.273000E+00  6.26743431E-027  1.11738896E-028  6.15569541E-027
  3.311000E+00  1.35629281E-026  1.11871447E-028  1.34510566E-026
  3.350000E+00  2.80909524E-027  1.11993265E-028  2.69710198E-027
  3.388000E+00  1.28440034E-027  1.12098824E-028  1.17230151E-027
  3.428000E+00  8.45668522E-028  1.12142823E-028  7.33525699E-028
  3.467000E+00  6.76406301E-028  1.12147172E-028  5.64259129E-028
  3.507000E+00  5.91046959E-028  1.12140309E-028  4.78906650E-028
  3.548000E+00  5.42884596E-028  1.12122110E-028  4.30762485E-028
  3.589000E+00  5.14236507E-028  1.12093332E-028  4.02143174E-028
  3.631000E+00  4.95887442E-028  1.12053609E-028  3.83833832E-028
  3.673000E+00  4.84169102E-028  1.11990149E-028  3.72178953E-028
  3.715000E+00  4.76614754E-028  1.11909616E-028  3.64705138E-028
  3.758000E+00  4.71711453E-028  1.11818814E-028  3.59892639E-028
  3.802000E+00  4.68743199E-028  1.11717840E-028  3.57025359E-028
  3.846000E+00  4.67262885E-028  1.11609380E-028  3.55653505E-028
  3.891000E+00  4.66933016E-028  1.11491414E-028  3.55441601E-028
  3.935000E+00  4.67542170E-028  1.11369893E-028  3.56172277E-028
  3.981000E+00  4.68915103E-028  1.11236917E-028  3.57678186E-028
  4.027000E+00  4.70915599E-028  1.11098491E-028  3.59817108E-028
  4.074000E+00  4.73519975E-028  1.10952039E-028  3.62567936E-028
  4.121000E+00  4.76633236E-028  1.10801108E-028  3.65832128E-028
  4.169000E+00  4.80245272E-028  1.10567110E-028  3.69678162E-028
  4.217000E+00  4.84317261E-028  1.10305853E-028  3.74011408E-028
  4.266000E+00  4.88965741E-028  1.10037219E-028  3.78928522E-028
  4.315000E+00  4.94123087E-028  1.09767155E-028  3.84355932E-028
  4.365000E+00  4.99936922E-028  1.09490623E-028  3.90446299E-028
  4.416000E+00  5.06483962E-028  1.09208075E-028  3.97275887E-028
  4.467000E+00  5.13870093E-028  1.08998240E-028  4.04871853E-028
  4.519000E+00  5.22238713E-028  1.08806811E-028  4.13431903E-028
  4.571000E+00  5.31519157E-028  1.08615444E-028  4.22903713E-028
  4.624000E+00  5.42076020E-028  1.08420912E-028  4.33655108E-028
  4.677000E+00  5.53960932E-028  1.08227331E-028  4.45733601E-028
  4.732000E+00  5.68028772E-028  1.08027884E-028  4.60000887E-028
  4.786000E+00  5.84141559E-028  1.07881716E-028  4.76259843E-028
  4.842000E+00  6.04151739E-028  1.07835994E-028  4.96315745E-028
  4.898000E+00  6.28582233E-028  1.07791650E-028  5.20790583E-028
  4.955000E+00  6.60362028E-028  1.07748331E-028  5.52613698E-028
  5.012000E+00  7.03760261E-028  1.07732298E-028  5.96027963E-028
  5.070000E+00  7.70179517E-028  1.07807504E-028  6.62372014E-028
  5.129000E+00  8.86461575E-028  1.07886101E-028  7.78575474E-028
  5.188000E+00  1.11172566E-027  1.08055465E-028  1.00367020E-027
  5.248000E+00  1.45876661E-027  1.08380285E-028  1.35038632E-027
  5.309000E+00  1.44618710E-027  1.08711967E-028  1.33747513E-027
  5.370000E+00  1.22366620E-027  1.09045518E-028  1.11462068E-027
  5.432000E+00  1.16178907E-027  1.09386855E-028  1.05240221E-027
  5.495000E+00  1.23818771E-027  1.09736498E-028  1.12845122E-027
  5.559000E+00  1.46718121E-027  1.10264186E-028  1.35691703E-027
  5.623000E+00  1.94924495E-027  1.10847948E-028  1.83839700E-027
  5.688000E+00  2.57513218E-027  1.11607563E-028  2.46352462E-027
  5.754000E+00  2.44786817E-027  1.12421446E-028  2.33544673E-027
  5.821000E+00  2.16129350E-027  1.13250549E-028  2.04804295E-027
  5.888000E+00  2.24925033E-027  1.14083068E-028  2.13516726E-027
  5.957000E+00  2.73417218E-027  1.15083409E-028  2.61908877E-027
  6.026000E+00  3.84626937E-027  1.16130004E-028  3.73013936E-027
  6.095000E+00  6.40836855E-027  1.17181428E-028  6.29118712E-027
  6.166000E+00  1.23920755E-026  1.18268934E-028  1.22738065E-026
  6.237000E+00  1.60051484E-026  1.19251771E-028  1.58858966E-026
  6.310000E+00  9.65260985E-027  1.20170946E-028  9.53243890E-027
  6.383000E+00  5.88736821E-027  1.21020362E-028  5.76634785E-027
  6.457000E+00  4.55781170E-027  1.21736427E-028  4.43607527E-027
  6.531000E+00  4.26606732E-027  1.22453188E-028  4.14361413E-027
  6.607000E+00  4.42983518E-027  1.23052583E-028  4.30678259E-027
  6.683000E+00  4.64837512E-027  1.23666547E-028  4.52470858E-027
  6.761000E+00  4.65340580E-027  1.24240929E-028  4.52916487E-027
  6.839000E+00  4.55301416E-027  1.24808129E-028  4.42820604E-027
  6.918000E+00  4.58820149E-027  1.25456493E-028  4.46274500E-027
  6.998000E+00  4.86951555E-027  1.26738963E-028  4.74277658E-027
  7.080000E+00  5.43345751E-027  1.28072412E-028  5.30538510E-027
  7.161000E+00  6.27849347E-027  1.31807743E-028  6.14668573E-027
  7.244000E+00  7.48022420E-027  1.35834648E-028  7.34438955E-027
  7.328000E+00  9.17740541E-027  1.43198292E-028  9.03420712E-027
  7.413000E+00  1.17518569E-026  1.55437068E-028  1.15964198E-026
  7.499000E+00  1.57593317E-026  1.68021535E-028  1.55913102E-026
  7.586000E+00  1.98490890E-026  1.96567730E-028  1.96525212E-026
  7.674000E+00  2.02327325E-026  2.29419744E-028  2.00033128E-026
  7.762000E+00  1.97310737E-026  2.66805662E-028  1.94642681E-026
  7.852000E+00  1.91801348E-026  3.28898848E-028  1.88512360E-026
  7.943000E+00  1.60018350E-026  3.93065652E-028  1.56087694E-026
  8.035000E+00  1.21651080E-026  4.70546797E-028  1.16945613E-026
  8.128000E+00  9.63031246E-027  5.67923836E-028  9.06238863E-027
  8.222000E+00  8.39405643E-027  6.68043112E-028  7.72601332E-027
  8.318000E+00  8.01086826E-027  7.67920460E-028  7.24294780E-027
  8.414000E+00  8.21648811E-027  8.60366426E-028  7.35612169E-027
  8.511000E+00  9.39722551E-027  9.45960012E-028  8.45126550E-027
  8.610000E+00  1.04777333E-026  1.03223551E-027  9.44549776E-027
  8.710000E+00  8.64305695E-027  1.13327451E-027  7.50978244E-027
  8.811000E+00  6.51573814E-027  1.25282222E-027  5.26291591E-027
  8.913000E+00  5.36404727E-027  1.38850520E-027  3.97554208E-027
  9.016000E+00  4.79753200E-027  1.53440420E-027  3.26312780E-027
  9.120000E+00  4.51863085E-027  1.68118157E-027  2.83744928E-027
  9.226000E+00  4.36986547E-027  1.80735413E-027  2.56251135E-027
  9.333000E+00  4.27732474E-027  1.89858215E-027  2.37874259E-027
  9.441000E+00  4.20505338E-027  1.95164196E-027  2.25341142E-027
  9.550000E+00  4.13697884E-027  1.96823428E-027  2.16874456E-027
  9.660000E+00  4.06550869E-027  1.95090689E-027  2.11460180E-027
  9.772000E+00  4.00262653E-027  1.91755856E-027  2.08506797E-027
  9.885000E+00  3.96118553E-027  1.88361844E-027  2.07756709E-027
  1.000000E+01  3.94322156E-027  1.85187744E-027  2.09134412E-027
  1.012000E+01  3.95506678E-027  1.82569148E-027  2.12937530E-027
  1.023000E+01  3.98537984E-027  1.79697410E-027  2.18840574E-027
  1.035000E+01  4.04411426E-027  1.75752657E-027  2.28658769E-027
  1.047000E+01  4.13052059E-027  1.69381424E-027  2.43670635E-027
  1.059000E+01  4.30007597E-027  1.61897556E-027  2.68110042E-027
  1.072000E+01  4.61138708E-027  1.53820729E-027  3.07317980E-027
  1.084000E+01  5.08139387E-027  1.47263916E-027  3.60875471E-027
  1.097000E+01  6.28651460E-027  1.41234276E-027  4.87417184E-027
  1.109000E+01  9.29663150E-027  1.36126413E-027  7.93536737E-027
  1.122000E+01  2.13663179E-026  1.30587936E-027  2.00604385E-026
  1.135000E+01  1.69497546E-026  1.25542952E-027  1.56943251E-026
  1.148000E+01  1.14173881E-026  1.20849447E-027  1.02088936E-026
  1.161000E+01  8.38331530E-027  1.16762063E-027  7.21569467E-027
  1.175000E+01  7.74268980E-027  1.12238462E-027  6.62030517E-027
  1.189000E+01  8.45439931E-027  1.07431390E-027  7.38008541E-027
  1.202000E+01  8.84629539E-027  1.03083595E-027  7.81545943E-027
  1.216000E+01  8.19228862E-027  9.85146860E-028  7.20714176E-027
  1.230000E+01  8.05709589E-027  9.47670804E-028  7.10942509E-027
  1.244000E+01  9.25357683E-027  9.12368088E-028  8.34120874E-027
  1.259000E+01  1.11673440E-026  8.74055088E-028  1.02932889E-026
  1.273000E+01  1.05219518E-026  8.39560867E-028  9.68239088E-027
  1.288000E+01  7.73830352E-027  8.03145285E-028  6.93515824E-027
  1.303000E+01  6.34757778E-027  7.73620006E-028  5.57395778E-027
  1.318000E+01  5.87953530E-027  7.45462225E-028  5.13407307E-027
  1.334000E+01  6.06832166E-027  7.19027102E-028  5.34929456E-027
  1.349000E+01  6.24660801E-027  6.94184014E-028  5.55242400E-027
  1.365000E+01  5.61826013E-027  6.75124269E-028  4.94313586E-027
  1.380000E+01  5.03782067E-027  6.58662026E-028  4.37915865E-027
  1.396000E+01  4.81707990E-027  6.56353230E-028  4.16072667E-027
  1.412000E+01  4.99102897E-027  6.56945871E-028  4.33408309E-027
  1.429000E+01  4.85516278E-027  6.74556044E-028  4.18060674E-027
  1.445000E+01  4.53241451E-027  6.94255887E-028  3.83815862E-027
  1.462000E+01  4.43622521E-027  7.27034343E-028  3.70919087E-027
  1.479000E+01  4.43724551E-027  7.61794189E-028  3.67545132E-027
  1.496000E+01  4.48125715E-027  8.00276025E-028  3.68098113E-027
  1.514000E+01  4.55398343E-027  8.43306039E-028  3.71067739E-027
  1.531000E+01  4.64434697E-027  8.88094534E-028  3.75625244E-027
  1.549000E+01  4.76258622E-027  9.37404759E-028  3.82518146E-027
  1.567000E+01  4.92073935E-027  9.90475357E-028  3.93026399E-027
  1.585000E+01  5.15874426E-027  1.04548231E-027  4.11326195E-027
  1.603000E+01  5.38066664E-027  1.10313509E-027  4.27753155E-027
  1.622000E+01  5.85277600E-027  1.16616530E-027  4.68661071E-027
  1.641000E+01  7.59427073E-027  1.23080552E-027  6.36346522E-027
  1.660000E+01  7.03107357E-027  1.29661222E-027  5.73446135E-027
  1.679000E+01  7.06063328E-027  1.36282415E-027  5.69780913E-027
  1.698000E+01  7.41528233E-027  1.42588492E-027  5.98939741E-027
  1.718000E+01  7.49435016E-027  1.49312088E-027  6.00122927E-027
  1.738000E+01  7.61837165E-027  1.55697120E-027  6.06140045E-027
  1.758000E+01  6.80550381E-027  1.61972521E-027  5.18577859E-027
  1.778000E+01  6.61858713E-027  1.67807366E-027  4.94051347E-027
  1.799000E+01  6.40317025E-027  1.73018239E-027  4.67298786E-027
  1.820000E+01  6.18628866E-027  1.78144274E-027  4.40484591E-027
  1.841000E+01  6.11399155E-027  1.82090335E-027  4.29308820E-027
  1.862000E+01  6.08949327E-027  1.85691510E-027  4.23257818E-027
  1.884000E+01  6.07984763E-027  1.88866209E-027  4.19118554E-027
  1.906000E+01  6.06178256E-027  1.90584423E-027  4.15593833E-027
  1.927000E+01  6.04398260E-027  1.92134393E-027  4.12263867E-027
  1.950000E+01  6.01707254E-027  1.92852527E-027  4.08854727E-027
  1.972000E+01  5.98938229E-027  1.92810277E-027  4.06127952E-027
  1.995000E+01  5.96682900E-027  1.92728371E-027  4.03954529E-027
  2.018000E+01  5.94494829E-027  1.92041328E-027  4.02453501E-027
  2.042000E+01  5.93091589E-027  1.91587837E-027  4.01503752E-027
  2.065000E+01  5.92861793E-027  1.91773244E-027  4.01088549E-027
  2.089000E+01  5.92945871E-027  1.91856137E-027  4.01089734E-027
  2.114000E+01  5.93358470E-027  1.91865507E-027  4.01492963E-027
  2.138000E+01  5.94037188E-027  1.91818460E-027  4.02218728E-027
  2.163000E+01  5.95576822E-027  1.92267339E-027  4.03309483E-027
  2.188000E+01  5.97410498E-027  1.92703758E-027  4.04706740E-027
  2.213000E+01  5.99519849E-027  1.93126229E-027  4.06393620E-027
  2.239000E+01  6.01290421E-027  1.92847960E-027  4.08442461E-027
  2.265000E+01  6.03530629E-027  1.92756085E-027  4.10774544E-027
  2.291000E+01  6.06349478E-027  1.92959964E-027  4.13389514E-027
  2.317000E+01  6.09933973E-027  1.93640803E-027  4.16293170E-027
  2.344000E+01  6.13997618E-027  1.94403775E-027  4.19593844E-027
  2.371000E+01  6.18061207E-027  1.94863005E-027  4.23198203E-027
  2.399000E+01  6.22742235E-027  1.95498997E-027  4.27243238E-027
  2.427000E+01  6.27878037E-027  1.96278461E-027  4.31599576E-027
  2.455000E+01  6.33424824E-027  1.97165498E-027  4.36259326E-027
  2.483000E+01  6.39233260E-027  1.98015558E-027  4.41217701E-027
  2.512000E+01  6.45273552E-027  1.98617581E-027  4.46655971E-027
  2.541000E+01  6.51808090E-027  1.99417752E-027  4.52390338E-027
  2.570000E+01  6.58646461E-027  2.00213437E-027  4.58433024E-027
  2.600000E+01  6.66039263E-027  2.01031373E-027  4.65007889E-027
  2.630000E+01  6.73754944E-027  2.01843609E-027  4.71911335E-027
  2.661000E+01  6.82065673E-027  2.02676524E-027  4.79389149E-027
  2.692000E+01  6.90718193E-027  2.03502572E-027  4.87215621E-027
  2.723000E+01  6.99710543E-027  2.04321435E-027  4.95389108E-027
  2.754000E+01  7.09040306E-027  2.05132842E-027  5.03907464E-027
  2.786000E+01  7.18886844E-027  2.06275483E-027  5.12611361E-027
  2.818000E+01  7.28997960E-027  2.07423116E-027  5.21574844E-027
  2.851000E+01  7.39691778E-027  2.08598880E-027  5.31092898E-027
  2.884000E+01  7.50640146E-027  2.09766634E-027  5.40873512E-027
  2.917000E+01  7.61824894E-027  2.10926266E-027  5.50898628E-027
  2.951000E+01  7.73574657E-027  2.12112481E-027  5.61462176E-027
  2.985000E+01  7.85530083E-027  2.13290002E-027  5.72240080E-027
  3.020000E+01  7.97470948E-027  2.14664838E-027  5.82806110E-027
  3.055000E+01  8.09061796E-027  2.16156140E-027  5.92905656E-027
  3.090000E+01  8.20649564E-027  2.17637056E-027  6.03012508E-027
  3.126000E+01  8.32528378E-027  2.19149568E-027  6.13378809E-027
  3.162000E+01  8.44328156E-027  2.20651402E-027  6.23676755E-027
  3.199000E+01  8.56332056E-027  2.22184099E-027  6.34147957E-027
  3.236000E+01  8.68168216E-027  2.23706151E-027  6.44462066E-027
  3.273000E+01  8.79794091E-027  2.25217995E-027  6.54576096E-027
  3.311000E+01  8.91471300E-027  2.26760622E-027  6.64710677E-027
  3.350000E+01  9.03132881E-027  2.28333903E-027  6.74798977E-027
  3.388000E+01  9.13088874E-027  2.30504112E-027  6.82584762E-027
  3.428000E+01  9.23122866E-027  2.32805789E-027  6.90317078E-027
  3.467000E+01  9.32470403E-027  2.35051365E-027  6.97419038E-027
  3.508000E+01  9.41813195E-027  2.37414802E-027  7.04398393E-027
  3.548000E+01  9.50433688E-027  2.39724557E-027  7.10709132E-027
  3.589000E+01  9.58750113E-027  2.42097609E-027  7.16652505E-027
  3.631000E+01  9.66714844E-027  2.44536110E-027  7.22178735E-027
  3.673000E+01  9.74113427E-027  2.46984234E-027  7.27129193E-027
  3.715000E+01  9.80945285E-027  2.49444136E-027  7.31501150E-027
  3.758000E+01  9.87337946E-027  2.51977706E-027  7.35360239E-027
  3.802000E+01  9.92455393E-027  2.54610474E-027  7.37844919E-027
  3.846000E+01  9.97093265E-027  2.57265622E-027  7.39827643E-027
  3.890000E+01  1.00127162E-026  2.59946523E-027  7.41325098E-027
  3.935000E+01  1.00509272E-026  2.62718743E-027  7.42373972E-027
  3.981000E+01  1.00855253E-026  2.65588572E-027  7.42963954E-027
  4.027000E+01  1.01159010E-026  2.68499411E-027  7.43090690E-027
  4.074000E+01  1.01428934E-026  2.71521002E-027  7.42768335E-027
  4.121000E+01  1.01661333E-026  2.74596061E-027  7.42017270E-027
  4.169000E+01  1.01873964E-026  2.77936813E-027  7.40802826E-027
  4.217000E+01  1.02064871E-026  2.81390076E-027  7.39258634E-027
  4.266000E+01  1.02238311E-026  2.84991357E-027  7.37391750E-027
  4.315000E+01  1.02393606E-026  2.88676833E-027  7.35259230E-027
  4.365000E+01  1.02537027E-026  2.92532265E-027  7.32838001E-027
  4.416000E+01  1.02671479E-026  2.96572064E-027  7.30142731E-027
  4.467000E+01  1.02797834E-026  3.00729316E-027  7.27249021E-027
  4.519000E+01  1.02937695E-026  3.05175173E-027  7.24201778E-027
  4.571000E+01  1.03140911E-026  3.10070567E-027  7.21338548E-027
  4.624000E+01  1.03356140E-026  3.15226259E-027  7.18335138E-027
  4.677000E+01  1.03583162E-026  3.20561205E-027  7.15270411E-027
  4.731000E+01  1.03830262E-026  3.26193286E-027  7.12109336E-027
  4.786000E+01  1.04102066E-026  3.32146315E-027  7.08874343E-027
  4.842000E+01  1.04403499E-026  3.38445728E-027  7.05589258E-027
  4.898000E+01  1.04733597E-026  3.44999149E-027  7.02336826E-027
  4.954000E+01  1.05095987E-026  3.51820207E-027  6.99139667E-027
  5.012000E+01  1.05527273E-026  3.59268656E-027  6.96004070E-027
  5.070000E+01  1.06066895E-026  3.67356242E-027  6.93312706E-027
  5.129000E+01  1.06664023E-026  3.75939168E-027  6.90701065E-027
  5.188000E+01  1.07331418E-026  3.84987299E-027  6.88326879E-027
  5.248000E+01  1.08098612E-026  3.94751292E-027  6.86234832E-027
  5.309000E+01  1.08940873E-026  4.05117385E-027  6.84291348E-027
  5.370000E+01  1.09848738E-026  4.15941225E-027  6.82546156E-027
  5.433000E+01  1.10895785E-026  4.27793083E-027  6.81164764E-027
  5.495000E+01  1.12018545E-026  4.40058764E-027  6.80126690E-027
  5.559000E+01  1.13257131E-026  4.53273452E-027  6.79297859E-027
  5.623000E+01  1.14578485E-026  4.67061968E-027  6.78722881E-027
  5.688000E+01  1.16066070E-026  4.82015550E-027  6.78645152E-027
  5.754000E+01  1.17683241E-026  4.97937328E-027  6.78895086E-027
  5.821000E+01  1.19421124E-026  5.14783300E-027  6.79427935E-027
  5.888000E+01  1.21256514E-026  5.32323048E-027  6.80242089E-027
  5.957000E+01  1.23319385E-026  5.51576320E-027  6.81617533E-027
  6.026000E+01  1.25510089E-026  5.71748177E-027  6.83352715E-027
  6.095000E+01  1.27807079E-026  5.92703603E-027  6.85367191E-027
  6.166000E+01  1.30280399E-026  6.15079994E-027  6.87723994E-027
  6.237000E+01  1.32897253E-026  6.38495364E-027  6.90477163E-027
  6.310000E+01  1.35732460E-026  6.63638633E-027  6.93685964E-027
  6.383000E+01  1.38705003E-026  6.89841057E-027  6.97208976E-027
  6.457000E+01  1.41880524E-026  7.17671134E-027  7.01134106E-027
  6.531000E+01  1.45173117E-026  7.46429458E-027  7.05301714E-027
  6.607000E+01  1.48718765E-026  7.77234022E-027  7.09953623E-027
  6.683000E+01  1.52376857E-026  8.08962835E-027  7.14805732E-027
  6.761000E+01  1.56288393E-026  8.42780289E-027  7.20103639E-027
  6.839000E+01  1.60323598E-026  8.77629062E-027  7.25606922E-027
  6.918000E+01  1.64554401E-026  9.14166599E-027  7.31377411E-027
  6.998000E+01  1.69008665E-026  9.52655564E-027  7.37431088E-027
  7.079000E+01  1.73589914E-026  9.92157007E-027  7.43742130E-027
  7.161000E+01  1.78434712E-026  1.03403744E-026  7.50309683E-027
  7.244000E+01  1.83439663E-026  1.07739016E-026  7.57006470E-027
  7.328000E+01  1.88624539E-026  1.12237251E-026  7.63872880E-027
  7.413000E+01  1.94001348E-026  1.16909999E-026  7.70913485E-027
  7.499000E+01  1.99511810E-026  1.21712700E-026  7.77991097E-027
  7.586000E+01  2.05228950E-026  1.26705189E-026  7.85237612E-027
  7.674000E+01  2.11083699E-026  1.31834097E-026  7.92496022E-027
  7.762000E+01  2.17000487E-026  1.37036927E-026  7.99635606E-027
  7.852000E+01  2.23210305E-026  1.42524023E-026  8.06862813E-027
  7.943000E+01  2.29514359E-026  1.48117900E-026  8.13964597E-027
  8.035000E+01  2.35949443E-026  1.53850911E-026  8.20985318E-027
  8.128000E+01  2.42537822E-026  1.59743478E-026  8.27943449E-027
  8.222000E+01  2.49185948E-026  1.65717169E-026  8.34687791E-027
  8.318000E+01  2.56052654E-026  1.71911322E-026  8.41413323E-027
  8.414000E+01  2.62972970E-026  1.78179385E-026  8.47935850E-027
  8.511000E+01  2.69916168E-026  1.84499376E-026  8.54167919E-027
  8.610000E+01  2.77054776E-026  1.91016019E-026  8.60387568E-027
  8.710000E+01  2.84271626E-026  1.97627468E-026  8.66441575E-027
  8.811000E+01  2.91468416E-026  2.04254228E-026  8.72141875E-027
  8.912000E+01  2.98716715E-026  2.10939447E-026  8.77772675E-027
  9.016000E+01  3.06196647E-026  2.17854122E-026  8.83425255E-027
  9.120000E+01  3.13543052E-026  2.24680813E-026  8.88622389E-027
  9.226000E+01  3.20968082E-026  2.31607483E-026  8.93605996E-027
  9.332000E+01  3.28371514E-026  2.38535663E-026  8.98358515E-027
  9.441000E+01  3.35800497E-026  2.45526347E-026  9.02741505E-027
  9.550000E+01  3.43063577E-026  2.52398930E-026  9.06646463E-027
  9.661000E+01  3.50541096E-026  2.59503075E-026  9.10380213E-027
  9.772000E+01  3.57795520E-026  2.66436836E-026  9.13586835E-027
  9.886000E+01  3.64996917E-026  2.73363642E-026  9.16332741E-027
  1.000000E+02  3.71933668E-026  2.80080548E-026  9.18531196E-027
  1.012000E+02  3.79302545E-026  2.87236224E-026  9.20663214E-027
  1.023000E+02  3.85790975E-026  2.93578140E-026  9.22128347E-027
  1.035000E+02  3.92654121E-026  3.00314230E-026  9.23398914E-027
  1.047000E+02  3.99716436E-026  3.07185827E-026  9.25306090E-027
  1.059000E+02  4.06475450E-026  3.13796701E-026  9.26787490E-027
  1.072000E+02  4.13442783E-026  3.20649502E-026  9.27932811E-027
  1.084000E+02  4.19536225E-026  3.26677582E-026  9.28586433E-027
  1.097000E+02  4.25761422E-026  3.32873280E-026  9.28881422E-027
  1.109000E+02  4.31153088E-026  3.38273583E-026  9.28795043E-027
  1.122000E+02  4.36602895E-026  3.43768995E-026  9.28339004E-027
  1.135000E+02  4.42153519E-026  3.49235807E-026  9.29177122E-027
  1.148000E+02  4.47662572E-026  3.54569481E-026  9.30930909E-027
  1.161000E+02  4.52805020E-026  3.59542158E-026  9.32628620E-027
  1.175000E+02  4.57934675E-026  3.64487498E-026  9.34471767E-027
  1.188000E+02  4.62709192E-026  3.68959205E-026  9.37499870E-027
  1.202000E+02  4.67823278E-026  3.73604028E-026  9.42192509E-027
  1.216000E+02  4.72581882E-026  3.77835800E-026  9.47460825E-027
  1.230000E+02  4.77000135E-026  3.81652839E-026  9.53472964E-027
  1.244000E+02  4.81424609E-026  3.85236320E-026  9.61882887E-027
  1.259000E+02  4.86676836E-026  3.89094217E-026  9.75826188E-027
  1.273000E+02  4.91294114E-026  3.92292691E-026  9.90014227E-027
  1.288000E+02  4.95932128E-026  3.95291089E-026  1.00641039E-026
  1.303000E+02  5.00233876E-026  3.97849915E-026  1.02383961E-026
  1.318000E+02  5.04165020E-026  3.99974158E-026  1.04190862E-026
  1.334000E+02  5.07885096E-026  4.01767877E-026  1.06117219E-026
  1.349000E+02  5.10839466E-026  4.03014352E-026  1.07825114E-026
  1.365000E+02  5.12450899E-026  4.04864038E-026  1.07586861E-026
  1.380000E+02  5.12820174E-026  4.06266749E-026  1.06553425E-026
  1.396000E+02  5.12121860E-026  4.07354151E-026  1.04767709E-026
  1.412000E+02  5.10422277E-026  4.08029311E-026  1.02392966E-026
  1.429000E+02  5.07688116E-026  4.08306924E-026  9.93811915E-027
  1.445000E+02  5.04403946E-026  4.08166232E-026  9.62377140E-027
  1.462000E+02  5.00323107E-026  4.07603163E-026  9.27199433E-027
  1.479000E+02  4.95777006E-026  4.06628439E-026  8.91485669E-027
  1.496000E+02  4.90882428E-026  4.05257245E-026  8.56251828E-027
  1.514000E+02  4.87293195E-026  4.04447843E-026  8.28453517E-027
  1.531000E+02  4.84189150E-026  4.03604234E-026  8.05849160E-027
  1.549000E+02  4.80682273E-026  4.02349728E-026  7.83325443E-027
  1.567000E+02  4.76947728E-026  4.00739346E-026  7.62083824E-027
  1.585000E+02  4.72986470E-026  3.98789213E-026  7.41972570E-027
  1.603000E+02  4.68801413E-026  3.96515496E-026  7.22859168E-027
  1.622000E+02  4.64146219E-026  3.93782241E-026  7.03639785E-027
  1.641000E+02  4.59254125E-026  3.90725285E-026  6.85288406E-027
  1.660000E+02  4.54133927E-026  3.87363295E-026  6.67706314E-027
  1.679000E+02  4.48795659E-026  3.83714682E-026  6.50809765E-027
  1.698000E+02  4.43250328E-026  3.79797540E-026  6.34527877E-027
  1.718000E+02  4.37202353E-026  3.75403616E-026  6.17987369E-027
  1.738000E+02  4.30952275E-026  3.70751988E-026  6.02002864E-027
  1.758000E+02  4.25130270E-026  3.66382625E-026  5.87476444E-027
  1.778000E+02  4.20031455E-026  3.62565888E-026  5.74655669E-027
  1.799000E+02  4.14481561E-026  3.58339485E-026  5.61420759E-027
  1.820000E+02  4.08748459E-026  3.53906773E-026  5.48416865E-027
  1.841000E+02  4.02849580E-026  3.49285272E-026  5.35643077E-027
  1.862000E+02  3.96801739E-026  3.44491854E-026  5.23098849E-027
  1.884000E+02  3.90323749E-026  3.39303436E-026  5.10203129E-027
  1.906000E+02  3.83717833E-026  3.33961963E-026  4.97558706E-027
  1.928000E+02  3.77000997E-026  3.28484467E-026  4.85165299E-027
  1.950000E+02  3.70189422E-026  3.22887168E-026  4.73022541E-027
  1.972000E+02  3.63298474E-026  3.17185483E-026  4.61129915E-027
  1.995000E+02  3.56025216E-026  3.11128877E-026  4.48963385E-027
  2.018000E+02  3.49494227E-026  3.05715992E-026  4.37782343E-027
  2.042000E+02  3.42852453E-026  3.00197771E-026  4.26546821E-027
  2.065000E+02  3.36439801E-026  2.94841099E-026  4.15987026E-027
  2.089000E+02  3.29712267E-026  2.89193496E-026  4.05187712E-027
  2.114000E+02  3.22679226E-026  2.83261295E-026  3.94179312E-027
  2.138000E+02  3.15915979E-026  2.77531576E-026  3.83844033E-027
  2.163000E+02  3.08871307E-026  2.71539163E-026  3.73321440E-027
  2.188000E+02  3.01838689E-026  2.65533963E-026  3.63047255E-027
  2.213000E+02  2.94829017E-026  2.59526923E-026  3.53020935E-027
  2.239000E+02  2.87574035E-026  2.53288509E-026  3.42855256E-027
  2.265000E+02  2.80704208E-026  2.47408757E-026  3.32954511E-027
  2.291000E+02  2.74133637E-026  2.41802014E-026  3.23316234E-027
  2.317000E+02  2.67612171E-026  2.36218424E-026  3.13937472E-027
  2.344000E+02  2.60899745E-026  2.30452841E-026  3.04469040E-027
  2.371000E+02  2.54255643E-026  2.24728381E-026  2.95272615E-027
  2.399000E+02  2.47444726E-026  2.18842926E-026  2.86017998E-027
  2.427000E+02  2.40732903E-026  2.13028349E-026  2.77045546E-027
  2.455000E+02  2.34115981E-026  2.07281029E-026  2.68349521E-027
  2.483000E+02  2.27588197E-026  2.01595803E-026  2.59923944E-027
  2.512000E+02  2.20797013E-026  1.95631227E-026  2.51657855E-027
  2.541000E+02  2.14036801E-026  1.89646022E-026  2.43907785E-027
  2.570000E+02  2.07399034E-026  1.83759678E-026  2.36393559E-027
  2.600000E+02  2.00666686E-026  1.77780383E-026  2.28863031E-027
  2.630000E+02  1.94377123E-026  1.72219751E-026  2.21573720E-027
  2.661000E+02  1.88011580E-026  1.66582724E-026  2.14288560E-027
  2.691000E+02  1.81982517E-026  1.61235379E-026  2.07471372E-027
  2.723000E+02  1.75695094E-026  1.55650559E-026  2.00445352E-027
  2.754000E+02  1.69813810E-026  1.50426425E-026  1.93873845E-027
  2.786000E+02  1.64311238E-026  1.45578673E-026  1.87325652E-027
  2.818000E+02  1.58938740E-026  1.40837823E-026  1.81009175E-027
  2.851000E+02  1.53534539E-026  1.36061516E-026  1.74730235E-027
  2.884000E+02  1.48268196E-026  1.31400000E-026  1.68681964E-027
  2.917000E+02  1.43138944E-026  1.26853291E-026  1.62856524E-027
  2.951000E+02  1.37996511E-026  1.22288563E-026  1.57079485E-027
  2.985000E+02  1.32997002E-026  1.17844746E-026  1.51522561E-027
  3.020000E+02  1.28331849E-026  1.13717891E-026  1.46139583E-027
  3.055000E+02  1.24040212E-026  1.09935754E-026  1.41044589E-027
  3.090000E+02  1.19868712E-026  1.06254603E-026  1.36141095E-027
  3.126000E+02  1.15701497E-026  1.02572500E-026  1.31289971E-027
  3.162000E+02  1.11657418E-026  9.89947451E-027  1.26626725E-027
  3.199000E+02  1.07626964E-026  9.54247459E-027  1.22022186E-027
  3.236000E+02  1.03721665E-026  9.19615670E-027  1.17600978E-027
  3.273000E+02  9.99388559E-027  8.86032780E-027  1.13355779E-027
  3.311000E+02  9.61784262E-027  8.52612643E-027  1.09171619E-027
  3.350000E+02  9.24471790E-027  8.19416933E-027  1.05054857E-027
  3.388000E+02  8.89332977E-027  7.88123667E-027  1.01209310E-027
  3.428000E+02  8.53607701E-027  7.56277311E-027  9.73303897E-028
  3.467000E+02  8.19988306E-027  7.26280186E-027  9.37081202E-028
  3.508000E+02  7.87779782E-027  6.97717276E-027  9.00625068E-028
  3.548000E+02  7.59468973E-027  6.72795574E-027  8.66733993E-028
  3.589000E+02  7.31535551E-027  6.48101277E-027  8.34342742E-028
  3.631000E+02  7.03929417E-027  6.23672535E-027  8.02568814E-028
  3.673000E+02  6.77312114E-027  6.00096574E-027  7.72155393E-028
  3.715000E+02  6.51651876E-027  5.77347785E-027  7.43040907E-028
  3.758000E+02  6.26339532E-027  5.54887788E-027  7.14517432E-028
  3.802000E+02  6.01408639E-027  5.32747324E-027  6.86613148E-028
  3.846000E+02  5.77424668E-027  5.11430177E-027  6.59944909E-028
  3.890000E+02  5.54353798E-027  4.90908406E-027  6.34453916E-028
  3.935000E+02  5.31668677E-027  4.70714386E-027  6.09542916E-028
  3.981000E+02  5.09395161E-027  4.50872043E-027  5.85231181E-028
  4.027000E+02  4.89707582E-027  4.33504829E-027  5.62027535E-028
  4.074000E+02  4.70612897E-027  4.16672214E-027  5.39406825E-028
  4.121000E+02  4.52269036E-027  4.00486035E-027  5.17830008E-028
  4.169000E+02  4.34326408E-027  3.84597603E-027  4.97288049E-028
  4.217000E+02  4.17116064E-027  3.69333294E-027  4.77827702E-028
  4.266000E+02  4.00256034E-027  3.54369637E-027  4.58863977E-028
  4.315000E+02  3.84082924E-027  3.40006310E-027  4.40766145E-028
  4.365000E+02  3.68258401E-027  3.25943748E-027  4.23146531E-028
  4.416000E+02  3.52793730E-027  3.12192576E-027  4.06011544E-028
  4.467000E+02  3.37982738E-027  2.99014906E-027  3.89678325E-028
  4.519000E+02  3.24171391E-027  2.86790650E-027  3.73807411E-028
  4.571000E+02  3.11294014E-027  2.75425472E-027  3.58685428E-028
  4.624000E+02  2.98720539E-027  2.64320266E-027  3.44002728E-028
  4.677000E+02  2.86679253E-027  2.53677437E-027  3.30018160E-028
  4.731000E+02  2.74933608E-027  2.43288656E-027  3.16449519E-028
  4.786000E+02  2.63488323E-027  2.33158616E-027  3.03297070E-028
  4.842000E+02  2.52347111E-027  2.23291121E-027  2.90559903E-028
  4.898000E+02  2.41698541E-027  2.13853855E-027  2.78446859E-028
  4.955000E+02  2.31341838E-027  2.04669530E-027  2.66723079E-028
  5.012000E+02  2.21577823E-027  1.96010243E-027  2.55675802E-028
  5.070000E+02  2.12533254E-027  1.88001216E-027  2.45320381E-028
  5.129000E+02  2.03739798E-027  1.80210956E-027  2.35288413E-028
  5.188000E+02  1.95337252E-027  1.72763686E-027  2.25735662E-028
  5.248000E+02  1.87173858E-027  1.65525256E-027  2.16486018E-028
  5.309000E+02  1.79249658E-027  1.58495968E-027  2.07536897E-028
  5.370000E+02  1.71685240E-027  1.51783116E-027  1.99021245E-028
  5.432000E+02  1.64347250E-027  1.45268666E-027  1.90785842E-028
  5.495000E+02  1.57304964E-027  1.39022235E-027  1.82827291E-028
  5.559000E+02  1.50728147E-027  1.33213975E-027  1.75141727E-028
  5.623000E+02  1.44452794E-027  1.27669182E-027  1.67836118E-028
  5.688000E+02  1.38372345E-027  1.22294003E-027  1.60783422E-028
  5.754000E+02  1.32485048E-027  1.17087111E-027  1.53979363E-028
  5.821000E+02  1.26788824E-027  1.12046889E-027  1.47419352E-028
  5.888000E+02  1.21360363E-027  1.07241452E-027  1.41189109E-028
  5.957000E+02  1.16035090E-027  1.02525318E-027  1.35097717E-028
  6.026000E+02  1.11054409E-027  9.81227203E-028  1.29316883E-028
  6.095000E+02  1.06355081E-027  9.39722203E-028  1.23828603E-028
  6.166000E+02  1.01749154E-027  8.99022654E-028  1.18468888E-028
  6.237000E+02  9.73968679E-028  8.60584756E-028  1.13383923E-028
  6.310000E+02  9.31660334E-028  8.23235034E-028  1.08425300E-028
  6.383000E+02  8.91434784E-028  7.87710932E-028  1.03723851E-028
  6.457000E+02  8.53114678E-028  7.53909803E-028  9.92048748E-029
  6.531000E+02  8.16637617E-028  7.21717906E-028  9.49197110E-029
  6.607000E+02  7.81135041E-028  6.90387452E-028  9.07475891E-029
  6.683000E+02  7.47581295E-028  6.60787775E-028  8.67935201E-029
  6.761000E+02  7.14826298E-028  6.31877845E-028  8.29484535E-029
  6.839000E+02  6.83980667E-028  6.04674490E-028  7.93061771E-029
  6.918000E+02  6.54354192E-028  5.78542827E-028  7.58113653E-029
  6.998000E+02  6.25826871E-028  5.53367526E-028  7.24593450E-029
  7.080000E+02  5.98649531E-028  5.29331938E-028  6.93175935E-029
  7.161000E+02  5.73139552E-028  5.06763103E-028  6.63764495E-029
  7.244000E+02  5.48278864E-028  4.84762637E-028  6.35162268E-029
  7.328000E+02  5.24363479E-028  4.63592987E-028  6.07704925E-029
  7.413000E+02  5.01366467E-028  4.43230896E-028  5.81355705E-029
  7.499000E+02  4.79260963E-028  4.23653140E-028  5.56078232E-029
  7.586000E+02  4.58401524E-028  4.05217866E-028  5.31836583E-029
  7.674000E+02  4.38362917E-028  3.87503382E-028  5.08595356E-029
  7.762000E+02  4.19323559E-028  3.70667216E-028  4.86563423E-029
  7.852000E+02  4.00826158E-028  3.54305520E-028  4.65206387E-029
  7.943000E+02  3.83068014E-028  3.38593228E-028  4.44747861E-029
  8.035000E+02  3.66231649E-028  3.23716150E-028  4.25154992E-029
  8.128000E+02  3.50171666E-028  3.09532099E-028  4.06395668E-029
  8.222000E+02  3.34760184E-028  2.95916330E-028  3.88438541E-029
  8.318000E+02  3.19823397E-028  2.82715688E-028  3.71077084E-029
  8.414000E+02  3.05650389E-028  2.70186106E-028  3.54642830E-029
  8.511000E+02  2.92060168E-028  2.58168066E-028  3.38921027E-029
  8.610000E+02  2.78902459E-028  2.46529025E-028  3.23734336E-029
  8.710000E+02  2.66299723E-028  2.35377649E-028  3.09220745E-029
  8.810000E+02  2.54347505E-028  2.24798893E-028  2.95486125E-029
  8.912000E+02  2.42786759E-028  2.14563827E-028  2.82229312E-029
  9.016000E+02  2.31658719E-028  2.04714114E-028  2.69446053E-029
  9.120000E+02  2.21301549E-028  1.95565863E-028  2.57356867E-029
  9.226000E+02  2.11293715E-028  1.86723279E-028  2.45704363E-029
  9.333000E+02  2.01719500E-028  1.78261119E-028  2.34583811E-029
  9.441000E+02  1.92561490E-028  1.70164304E-028  2.23971863E-029
  9.550000E+02  1.83802851E-028  1.62418245E-028  2.13846068E-029
  9.660000E+02  1.75427320E-028  1.55008834E-028  2.04184856E-029
  9.772000E+02  1.67348988E-028  1.47860309E-028  1.94886790E-029
  9.885000E+02  1.59630315E-028  1.41028161E-028  1.86021538E-029
  1.000000E+03  1.52195740E-028  1.34445930E-028  1.77498101E-029
  1.012000E+03  1.45085076E-028  1.28167232E-028  1.69178443E-029
  1.023000E+03  1.38905714E-028  1.22709444E-028  1.61962702E-029
  1.035000E+03  1.32511789E-028  1.17060720E-028  1.54510697E-029
  1.047000E+03  1.26458442E-028  1.11711511E-028  1.47469304E-029
  1.059000E+03  1.20724856E-028  1.06643618E-028  1.40812385E-029
  1.072000E+03  1.14851871E-028  1.01451221E-028  1.34006492E-029
  1.084000E+03  1.09723749E-028  9.69162855E-029  1.28074631E-029
  1.096000E+03  1.04859777E-028  9.26139946E-029  1.22457820E-029
  1.109000E+03  9.98704849E-029  8.81998808E-029  1.16706040E-029
  1.122000E+03  9.51544375E-029  8.40265916E-029  1.11278459E-029
  1.135000E+03  9.06944865E-029  8.00790937E-029  1.06153928E-029
  1.148000E+03  8.64746987E-029  7.63434131E-029  1.01312856E-029
  1.161000E+03  8.24802595E-029  7.28065514E-029  9.67370819E-030
  1.175000E+03  7.84147852E-029  6.92061127E-029  9.20867251E-030
  1.188000E+03  7.48454283E-029  6.60444769E-029  8.80095138E-030
  1.202000E+03  7.12176252E-029  6.28320175E-029  8.38560779E-030
  1.216000E+03  6.78477585E-029  5.98573176E-029  7.99044093E-030
  1.230000E+03  6.46618303E-029  5.70442420E-029  7.61758826E-030
  1.244000E+03  6.16698525E-029  5.44036125E-029  7.26624005E-030
  1.259000E+03  5.86936069E-029  5.17807349E-029  6.91287195E-030
  1.274000E+03  5.58844573E-029  4.93043534E-029  6.58010392E-030
  1.288000E+03  5.34037994E-029  4.71169212E-029  6.28687817E-030
  1.303000E+03  5.08877658E-029  4.48976775E-029  5.99008831E-030
  1.318000E+03  4.85093230E-029  4.27992099E-029  5.71011306E-030
  1.334000E+03  4.61142257E-029  4.06854617E-029  5.42876399E-030
  1.349000E+03  4.39933850E-029  3.88132520E-029  5.18013297E-030
  1.365000E+03  4.18554577E-029  3.69254729E-029  4.92998480E-030
  1.380000E+03  3.99603943E-029  3.52517264E-029  4.70866787E-030
  1.396000E+03  3.80481429E-029  3.35623977E-029  4.48574521E-030
  1.412000E+03  3.62414960E-029  3.19659867E-029  4.27550932E-030
  1.429000E+03  3.44301575E-029  3.03650588E-029  4.06509869E-030
  1.445000E+03  3.28206931E-029  2.89422396E-029  3.87845351E-030
  1.462000E+03  3.12053561E-029  2.75139282E-029  3.69142791E-030
  1.479000E+03  2.96813438E-029  2.61660901E-029  3.51525366E-030
  1.496000E+03  2.82427330E-029  2.48935332E-029  3.34919979E-030
  1.514000E+03  2.68553077E-029  2.36738174E-029  3.18149034E-030
  1.531000E+03  2.56303493E-029  2.25985363E-029  3.03181305E-030
  1.549000E+03  2.44045823E-029  2.15220614E-029  2.88252085E-030
  1.567000E+03  2.32474013E-029  2.05053617E-029  2.74203962E-030
  1.585000E+03  2.21543706E-029  1.95446041E-029  2.60976652E-030
  1.603000E+03  2.11213804E-029  1.86362350E-029  2.48514542E-030
  1.622000E+03  2.00919320E-029  1.77305963E-029  2.36133568E-030
  1.641000E+03  1.91209872E-029  1.68760638E-029  2.24492339E-030
  1.660000E+03  1.82047078E-029  1.60693118E-029  2.13539596E-030
  1.679000E+03  1.73395416E-029  1.53072606E-029  2.03228106E-030
  1.698000E+03  1.65221985E-029  1.45870554E-029  1.93514307E-030
  1.718000E+03  1.57101530E-029  1.38712448E-029  1.83890811E-030
  1.738000E+03  1.49444268E-029  1.31960085E-029  1.74841828E-030
  1.758000E+03  1.42219748E-029  1.25586993E-029  1.66327558E-030
  1.778000E+03  1.35399792E-029  1.19568660E-029  1.58311327E-030
  1.799000E+03  1.28645721E-029  1.13606388E-029  1.50393327E-030
  1.820000E+03  1.22280977E-029  1.07985869E-029  1.42951082E-030
  1.841000E+03  1.16279735E-029  1.02684595E-029  1.35951406E-030
  1.862000E+03  1.10618113E-029  9.76817396E-030  1.29363737E-030
  1.884000E+03  1.05027091E-029  9.27397300E-030  1.22873612E-030
  1.906000E+03  9.97610618E-030  8.80835664E-030  1.16774954E-030
  1.928000E+03  9.47983236E-030  8.36942897E-030  1.11040339E-030
  1.950000E+03  9.01188171E-030  7.95543649E-030  1.05644522E-030
  1.972000E+03  8.57039861E-030  7.56475617E-030  1.00564244E-030
  1.995000E+03  8.13528459E-030  7.17961295E-030  9.55671645E-031
  2.018000E+03  7.73843722E-030  6.83255229E-030  9.05884933E-031
  2.042000E+03  7.35204963E-030  6.49558289E-030  8.56466738E-031
  2.065000E+03  7.00297955E-030  6.19084612E-030  8.12133429E-031
  2.089000E+03  6.65939330E-030  5.89059900E-030  7.68794300E-031
  2.114000E+03  6.32242450E-030  5.59583940E-030  7.26585109E-031
  2.138000E+03  6.01767864E-030  5.32900735E-030  6.88671296E-031
  2.163000E+03  5.71844265E-030  5.06675328E-030  6.51689372E-031
  2.188000E+03  5.43654503E-030  4.81946505E-030  6.17079983E-031
  2.213000E+03  5.17082413E-030  4.58615760E-030  5.84666525E-031
  2.239000E+03  4.91048204E-030  4.35736971E-030  5.53112328E-031
  2.265000E+03  4.66536240E-030  4.14177030E-030  5.23592097E-031
  2.291000E+03  4.43443739E-030  3.93848366E-030  4.95953733E-031
  2.317000E+03  4.21675816E-030  3.74670011E-030  4.70058051E-031
  2.344000E+03  4.00378726E-030  3.55891293E-030  4.44874328E-031
  2.371000E+03  3.80324901E-030  3.38194722E-030  4.21301792E-031
  2.399000E+03  3.60752142E-030  3.20909117E-030  3.98430246E-031
  2.427000E+03  3.42340475E-030  3.04636377E-030  3.77040985E-031
  2.455000E+03  3.25010599E-030  2.89308339E-030  3.57022597E-031
  2.483000E+03  3.08761804E-030  2.74934486E-030  3.38273179E-031
  2.512000E+03  2.93451328E-030  2.61442084E-030  3.20092439E-031
  2.541000E+03  2.79029626E-030  2.48721823E-030  3.03078023E-031
  2.570000E+03  2.65436937E-030  2.36722620E-030  2.87143162E-031
  2.600000E+03  2.52189221E-030  2.25018185E-030  2.71710366E-031
  2.630000E+03  2.39713264E-030  2.13986523E-030  2.57267411E-031
  2.661000E+03  2.27577000E-030  2.03246523E-030  2.43304769E-031
  2.692000E+03  2.16156367E-030  1.93131743E-030  2.30246231E-031
  2.723000E+03  2.05402589E-030  1.83600196E-030  2.18023933E-031
  2.754000E+03  1.95270676E-030  1.74613097E-030  2.06575793E-031
  2.786000E+03  1.85420197E-030  1.65869183E-030  1.95510147E-031
  2.818000E+03  1.76145944E-030  1.57630782E-030  1.85151617E-031
  2.851000E+03  1.67144251E-030  1.49628791E-030  1.75154597E-031
  2.884000E+03  1.58674675E-030  1.42094539E-030  1.65801357E-031
  2.917000E+03  1.50700958E-030  1.34996574E-030  1.57043849E-031
  2.951000E+03  1.42968920E-030  1.28109158E-030  1.48597616E-031
  2.985000E+03  1.35694009E-030  1.21624700E-030  1.40693094E-031
  3.020000E+03  1.28828228E-030  1.15520279E-030  1.33079491E-031
  3.055000E+03  1.22492926E-030  1.09897213E-030  1.25957122E-031
  3.090000E+03  1.16523874E-030  1.04594948E-030  1.19289267E-031
  3.126000E+03  1.10740517E-030  9.94535459E-031  1.12869709E-031
  3.162000E+03  1.05293995E-030  9.46077939E-031  1.06862006E-031
  3.199000E+03  1.00023272E-030  8.99148299E-031  1.01084424E-031
  3.236000E+03  9.50615724E-031  8.54936543E-031  9.56791808E-032
  3.273000E+03  9.03879057E-031  8.13260575E-031  9.06184827E-032
  3.311000E+03  8.58674115E-031  7.72921171E-031  8.57529447E-032
  3.350000E+03  8.15023483E-031  7.33940557E-031  8.10829263E-032
  3.388000E+03  7.74983443E-031  6.98159087E-031  7.68243551E-032
  3.428000E+03  7.35310377E-031  6.62681056E-031  7.26293211E-032
  3.467000E+03  6.98906695E-031  6.30104567E-031  6.88021272E-032
  3.508000E+03  6.62893876E-031  5.97856347E-031  6.50375294E-032
  3.548000E+03  6.29837616E-031  5.68236209E-031  6.16014069E-032
  3.589000E+03  5.97939066E-031  5.39635278E-031  5.83037884E-032
  3.631000E+03  5.67202792E-031  5.12059074E-031  5.51437179E-032
  3.673000E+03  5.38295170E-031  4.86107460E-031  5.21877097E-032
  3.715000E+03  5.11090762E-031  4.61670252E-031  4.94205103E-032
  3.758000E+03  4.84882440E-031  4.38113980E-031  4.67684597E-032
  3.802000E+03  4.59667890E-031  4.15437733E-031  4.42301570E-032
  3.846000E+03  4.35963015E-031  3.94107044E-031  4.18559706E-032
  3.890000E+03  4.13663811E-031  3.74030191E-031  3.96336200E-032
  3.936000E+03  3.91750004E-031  3.54289593E-031  3.74604113E-032
  3.981000E+03  3.71600921E-031  3.36129058E-031  3.54718629E-032
  4.027000E+03  3.52795312E-031  3.19226260E-031  3.35690522E-032
  4.074000E+03  3.35092914E-031  3.03342507E-031  3.17504068E-032
  4.121000E+03  3.18432074E-031  2.88382944E-031  3.00491303E-032
  4.169000E+03  3.02417993E-031  2.73994301E-031  2.84236918E-032
  4.217000E+03  2.87346494E-031  2.60443501E-031  2.69029931E-032
  4.266000E+03  2.72866545E-031  2.47416003E-031  2.54505419E-032
  4.315000E+03  2.59238937E-031  2.35147431E-031  2.40915060E-032
  4.365000E+03  2.46151595E-031  2.23357777E-031  2.27938183E-032
  4.416000E+03  2.33595594E-031  2.12039672E-031  2.15559228E-032
  4.467000E+03  2.21785349E-031  2.01387236E-031  2.03981128E-032
  4.519000E+03  2.10458336E-031  1.91164488E-031  1.92938483E-032
  4.571000E+03  1.99803427E-031  1.81542625E-031  1.82608019E-032
  4.624000E+03  1.89587562E-031  1.72311887E-031  1.72756748E-032
  4.677000E+03  1.79977152E-031  1.63623285E-031  1.63538672E-032
  4.732000E+03  1.70599956E-031  1.55140769E-031  1.54591868E-032
  4.786000E+03  1.61943030E-031  1.47305500E-031  1.46375299E-032
  4.842000E+03  1.53500908E-031  1.39660545E-031  1.38403628E-032
  4.898000E+03  1.45566282E-031  1.32471359E-031  1.30949228E-032
  4.954000E+03  1.38104029E-031  1.25706701E-031  1.23973278E-032
  5.012000E+03  1.30903978E-031  1.19182507E-031  1.17214711E-032
  5.070000E+03  1.24360750E-031  1.13271230E-031  1.10895202E-032
  5.129000E+03  1.18098202E-031  1.07609883E-031  1.04883188E-032
  5.188000E+03  1.12205247E-031  1.02279284E-031  9.92596306E-033
  5.248000E+03  1.06565398E-031  9.71744762E-032  9.39092170E-033
  5.309000E+03  1.01171363E-031  9.22891712E-032  8.88219166E-033
  5.370000E+03  9.60963793E-032  8.76900654E-032  8.40631392E-033
  5.432000E+03  9.12426450E-032  8.32888728E-032  7.95377217E-033
  5.495000E+03  8.66033806E-032  7.90797078E-032  7.52367279E-033
  5.559000E+03  8.21717429E-032  7.50566132E-032  7.11512975E-033
  5.623000E+03  7.80039838E-032  7.12709449E-032  6.73303888E-033
  5.688000E+03  7.40225275E-032  6.76525119E-032  6.37001566E-033
  5.754000E+03  7.02211551E-032  6.41958712E-032  6.02528388E-033
  5.821000E+03  6.65936574E-032  6.08955772E-032  5.69808019E-033
  5.888000E+03  6.31831941E-032  5.77911230E-032  5.39207110E-033
  5.957000E+03  5.98819769E-032  5.47845717E-032  5.09740517E-033
  6.026000E+03  5.67800130E-032  5.19580639E-032  4.82194911E-033
  6.095000E+03  5.38634478E-032  4.92991934E-032  4.56425437E-033
  6.166000E+03  5.10424403E-032  4.67262047E-032  4.31623564E-033
  6.237000E+03  4.84372519E-032  4.43529514E-032  4.08430057E-033
  6.310000E+03  4.59588969E-032  4.20975643E-032  3.86133261E-033
  6.383000E+03  4.36286377E-032  3.99757442E-032  3.65289345E-033
  6.456000E+03  4.14362357E-032  3.79783479E-032  3.45788783E-033
  6.531000E+03  3.93174341E-032  3.60469561E-032  3.27047801E-033
  6.607000E+03  3.72990142E-032  3.42060761E-032  3.09293802E-033
  6.683000E+03  3.54010958E-032  3.24741874E-032  2.92690834E-033
  6.761000E+03  3.35698204E-032  3.08022476E-032  2.76757284E-033
  6.839000E+03  3.18484526E-032  2.92298537E-032  2.61859890E-033
  6.918000E+03  3.02092560E-032  2.77317773E-032  2.47747871E-033
  6.998000E+03  2.86487969E-032  2.63049659E-032  2.34383097E-033
  7.080000E+03  2.71950956E-032  2.49793165E-032  2.21577912E-033
  7.161000E+03  2.58458452E-032  2.37483445E-032  2.09750072E-033
  7.244000E+03  2.45447944E-032  2.25606662E-032  1.98412822E-033
  7.328000E+03  2.33062865E-032  2.14294388E-032  1.87684773E-033
  7.413000E+03  2.21275853E-032  2.03522360E-032  1.77534929E-033
  7.499000E+03  2.10060478E-032  1.93267114E-032  1.67933639E-033
  7.586000E+03  1.99391236E-032  1.83505978E-032  1.58852572E-033
  7.674000E+03  1.89243538E-032  1.74217070E-032  1.50264677E-033
  7.762000E+03  1.79698864E-032  1.65475625E-032  1.42232390E-033
  7.852000E+03  1.70517816E-032  1.57062928E-032  1.34548878E-033
  7.943000E+03  1.61790305E-032  1.49061799E-032  1.27285061E-033
  8.035000E+03  1.53495260E-032  1.41453400E-032  1.20418604E-033
  8.128000E+03  1.45612453E-032  1.34219627E-032  1.13928256E-033
  8.222000E+03  1.38122478E-032  1.27343097E-032  1.07793813E-033
  8.318000E+03  1.30934141E-032  1.20740432E-032  1.01937084E-033
  8.414000E+03  1.24179152E-032  1.14532988E-032  9.64616359E-034
  8.511000E+03  1.17763241E-032  1.08634531E-032  9.12870983E-034
  8.610000E+03  1.11609835E-032  1.02974952E-032  8.63488276E-034
  8.710000E+03  1.05770851E-032  9.76022753E-033  8.16857554E-034
  8.810000E+03  1.00283888E-032  9.25514202E-033  7.73246750E-034
  8.912000E+03  9.50245132E-033  8.77081153E-033  7.31639788E-034
  9.016000E+03  9.00147243E-033  8.30949120E-033  6.91981230E-034
  9.120000E+03  8.54250636E-033  7.88760416E-033  6.54902199E-034
  9.226000E+03  8.10274394E-033  7.48318085E-033  6.19563087E-034
  9.332000E+03  7.68931302E-033  7.10279971E-033  5.86513312E-034
  9.441000E+03  7.28972493E-033  6.73499033E-033  5.54734604E-034
  9.550000E+03  6.91423219E-033  6.38920833E-033  5.25023858E-034
  9.660000E+03  6.55801764E-033  6.06103935E-033  4.96978290E-034
  9.772000E+03  6.21714557E-033  5.74687384E-033  4.70271734E-034
  9.886000E+03  5.89121377E-033  5.44635484E-033  4.44858933E-034
  1.000000E+04  5.58488999E-033  5.16379297E-033  4.21097018E-034
  1.012000E+04  5.27176179E-033  4.87403052E-033  3.97731267E-034
  1.023000E+04  5.00217593E-033  4.62449082E-033  3.77685110E-034
  1.035000E+04  4.72577652E-033  4.36857565E-033  3.57200870E-034
  1.047000E+04  4.46655429E-033  4.12850086E-033  3.38053428E-034
  1.059000E+04  4.22329109E-033  3.90314964E-033  3.20141449E-034
  1.072000E+04  3.97646795E-033  3.67444419E-033  3.02023763E-034
  1.084000E+04  3.76295701E-033  3.47655971E-033  2.86397308E-034
  1.096000E+04  3.56222689E-033  3.29048171E-033  2.71745174E-034
  1.109000E+04  3.36245716E-033  3.10556742E-033  2.56889734E-034
  1.122000E+04  3.17716233E-033  2.93414951E-033  2.43012818E-034
  1.135000E+04  3.00337479E-033  2.77333529E-033  2.30039498E-034
  1.148000E+04  2.84027861E-033  2.62237725E-033  2.17901358E-034
  1.161000E+04  2.68712328E-033  2.48058742E-033  2.06535861E-034
  1.175000E+04  2.53251279E-033  2.33741814E-033  1.95094648E-034
  1.188000E+04  2.39785835E-033  2.21270181E-033  1.85156541E-034
  1.202000E+04  2.26175784E-033  2.08662136E-033  1.75136477E-034
  1.216000E+04  2.13424566E-033  1.96847461E-033  1.65771053E-034
  1.230000E+04  2.01470596E-033  1.85769547E-033  1.57010490E-034
  1.244000E+04  1.90414106E-033  1.75553369E-033  1.48607377E-034
  1.259000E+04  1.79696166E-033  1.65723633E-033  1.39725328E-034
  1.274000E+04  1.69662925E-033  1.56515316E-033  1.31476091E-034
  1.288000E+04  1.60872062E-033  1.48441897E-033  1.24301649E-034
  1.303000E+04  1.52024192E-033  1.40310969E-033  1.17132233E-034
  1.318000E+04  1.43725507E-033  1.32679910E-033  1.10455967E-034
  1.334000E+04  1.35435053E-033  1.25051653E-033  1.03834001E-034
  1.349000E+04  1.28151383E-033  1.18345737E-033  9.80564565E-035
  1.365000E+04  1.20865568E-033  1.11633992E-033  9.23157590E-035
  1.380000E+04  1.14456492E-033  1.05726649E-033  8.72984370E-035
  1.396000E+04  1.08037693E-033  9.98072223E-034  8.23047052E-035
  1.412000E+04  1.02019621E-033  9.42544543E-034  7.76516681E-035
  1.429000E+04  9.60327011E-034  8.87275958E-034  7.30510532E-035
  1.445000E+04  9.07537860E-034  8.38519477E-034  6.90183835E-035
  1.462000E+04  8.54956439E-034  7.89932214E-034  6.50242242E-035
  1.479000E+04  8.05729518E-034  7.44423830E-034  6.13056879E-035
  1.496000E+04  7.59614536E-034  7.01773785E-034  5.78407511E-035
  1.514000E+04  7.16851347E-034  6.62425168E-034  5.44261793E-035
  1.531000E+04  6.79708797E-034  6.28286518E-034  5.14222796E-035
  1.549000E+04  6.42778240E-034  5.94321317E-034  4.84569230E-035
  1.567000E+04  6.08138837E-034  5.62443386E-034  4.56954505E-035
  1.585000E+04  5.75627417E-034  5.32505788E-034  4.31216287E-035
  1.603000E+04  5.45093996E-034  5.04373306E-034  4.07206892E-035
  1.622000E+04  5.14857847E-034  4.76498772E-034  3.83590754E-035
  1.641000E+04  4.86522809E-034  4.50362087E-034  3.61607224E-035
  1.660000E+04  4.59952044E-034  4.25839483E-034  3.41125611E-035
  1.679000E+04  4.35019871E-034  4.02817162E-034  3.22027084E-035
  1.698000E+04  4.11610751E-034  3.81190404E-034  3.04203465E-035
  1.718000E+04  3.88498230E-034  3.59827146E-034  2.86710843E-035
  1.738000E+04  3.66841622E-034  3.39799917E-034  2.70417052E-035
  1.758000E+04  3.46536322E-034  3.21013627E-034  2.55226950E-035
  1.778000E+04  3.27486224E-034  3.03380828E-034  2.41053957E-035
  1.799000E+04  3.08737929E-034  2.86019853E-034  2.27180765E-035
  1.820000E+04  2.91182145E-034  2.69756252E-034  2.14258928E-035
  1.841000E+04  2.74732646E-034  2.54511355E-034  2.02212909E-035
  1.862000E+04  2.59310247E-034  2.40212850E-034  1.90973968E-035
  1.884000E+04  2.44175846E-034  2.26176114E-034  1.79997320E-035
  1.906000E+04  2.30012010E-034  2.13034787E-034  1.69772231E-035
  1.928000E+04  2.16748247E-034  2.00724334E-034  1.60239125E-035
  1.950000E+04  2.04319835E-034  1.89185457E-034  1.51343780E-035
  1.972000E+04  1.92667299E-034  1.78363620E-034  1.43036790E-035
  1.995000E+04  1.81255354E-034  1.67762112E-034  1.34932420E-035
  2.018000E+04  1.71329242E-034  1.58591746E-034  1.27374953E-035
  2.042000E+04  1.61835134E-034  1.49832552E-034  1.20025818E-035
  2.065000E+04  1.53298182E-034  1.41952466E-034  1.13457157E-035
  2.089000E+04  1.44934327E-034  1.34228432E-034  1.07058950E-035
  2.114000E+04  1.36770867E-034  1.26685816E-034  1.00850508E-035
  2.138000E+04  1.29423139E-034  1.19893739E-034  9.52940047E-036
  2.163000E+04  1.22242235E-034  1.13252911E-034  8.98932424E-036
  2.188000E+04  1.15509664E-034  1.07023980E-034  8.48568445E-036
  2.213000E+04  1.09193470E-034  1.01177834E-034  8.01563612E-036
  2.239000E+04  1.03034765E-034  9.54751300E-035  7.55963465E-036
  2.265000E+04  9.72642892E-035  9.01297838E-035  7.13450545E-036
  2.291000E+04  9.18541708E-035  8.51163407E-035  6.73783002E-036
  2.317000E+04  8.67787976E-035  8.04113930E-035  6.36740459E-036
  2.344000E+04  8.18372915E-035  7.58289289E-035  6.00836264E-036
  2.371000E+04  7.72071412E-035  7.15337316E-035  5.67340956E-036
  2.399000E+04  7.27105773E-035  6.73610806E-035  5.34949671E-036
  2.427000E+04  6.85021255E-035  6.34545441E-035  5.04758139E-036
  2.455000E+04  6.45608729E-035  5.97949373E-035  4.76593563E-036
  2.483000E+04  6.08986962E-035  5.63957110E-035  4.50298529E-036
  2.512000E+04  5.75739919E-035  5.33251694E-035  4.24882249E-036
  2.541000E+04  5.44553464E-035  5.04436253E-035  4.01172117E-036
  2.570000E+04  5.15281363E-035  4.77377796E-035  3.79035672E-036
  2.600000E+04  4.86871348E-035  4.51105005E-035  3.57663428E-036
  2.630000E+04  4.60229296E-035  4.26456883E-035  3.37724127E-036
  2.661000E+04  4.34423071E-035  4.02572307E-035  3.18507645E-036
  2.692000E+04  4.10243082E-035  3.80183982E-035  3.00591005E-036
  2.723000E+04  3.87572415E-035  3.59185160E-035  2.83872558E-036
  2.754000E+04  3.66303662E-035  3.39477696E-035  2.68259659E-036
  2.786000E+04  3.45714652E-035  3.20393335E-035  2.53213179E-036
  2.818000E+04  3.26414404E-035  3.02497415E-035  2.39169887E-036
  2.851000E+04  3.07763791E-035  2.85198124E-035  2.25656673E-036
  2.884000E+04  2.90293797E-035  2.68988713E-035  2.13050843E-036
  2.917000E+04  2.73919577E-035  2.53791379E-035  2.01281977E-036
  2.951000E+04  2.58112936E-035  2.39116530E-035  1.89964057E-036
  2.985000E+04  2.43308425E-035  2.25368187E-035  1.79402381E-036
  3.020000E+04  2.29919729E-035  2.12993885E-035  1.69258447E-036
  3.055000E+04  2.17985528E-035  2.02005929E-035  1.59795984E-036
  3.090000E+04  2.06771244E-035  1.91675035E-035  1.50962094E-036
  3.126000E+04  1.95934815E-035  1.81686735E-035  1.42480793E-036
  3.162000E+04  1.85756770E-035  1.72300211E-035  1.34565592E-036
  3.199000E+04  1.75933553E-035  1.63236098E-035  1.26974547E-036
  3.236000E+04  1.66710994E-035  1.54721775E-035  1.19892189E-036
  3.273000E+04  1.58046752E-035  1.46718838E-035  1.13279141E-036
  3.311000E+04  1.49688613E-035  1.38994797E-035  1.06938160E-036
  3.350000E+04  1.41639492E-035  1.31552648E-035  1.00868434E-036
  3.388000E+04  1.34275731E-035  1.24740914E-035  9.53481748E-037
  3.428000E+04  1.26998816E-035  1.18006353E-035  8.99246295E-037
  3.467000E+04  1.20339336E-035  1.11840371E-035  8.49896497E-037
  3.508000E+04  1.13768895E-035  1.05754089E-035  8.01480612E-037
  3.548000E+04  1.07753971E-035  1.00179930E-035  7.57404064E-037
  3.589000E+04  1.01965037E-035  9.48129159E-036  7.15212106E-037
  3.631000E+04  9.64019850E-036  8.96531462E-036  6.74883879E-037
  3.673000E+04  9.11839720E-036  8.48114100E-036  6.37256203E-037
  3.715000E+04  8.62864839E-036  8.02652810E-036  6.02120288E-037
  3.758000E+04  8.15809255E-036  7.58956214E-036  5.68530413E-037
  3.802000E+04  7.70660747E-036  7.17014564E-036  5.36461824E-037
  3.846000E+04  7.28331009E-036  6.77676869E-036  5.06541396E-037
  3.890000E+04  6.88619006E-036  6.40758704E-036  4.78603014E-037
  3.936000E+04  6.49700417E-036  6.04565459E-036  4.51349573E-037
  3.981000E+04  6.14014633E-036  5.71367351E-036  4.26472820E-037
