# DL07 model SED (this work), mw31_60, Mathis ISRF U =  1.00
# silicate (D03) + carbonaceous (DL07 PAH Nc=470 + D03 graphite blend)
# PAH ionization computed via WD01b grain charging (pah_ionfrac)
# columns: lambda[um]  lamI_total/NH  lamI_sil/NH  lamI_carb/NH
#          [erg s^-1 cm^-2 sr^-1 H^-1]
  6.205399E-05  0.00000000E+000  0.00000000E+000  0.00000000E+000
  6.254131E-05  0.00000000E+000  0.00000000E+000  0.00000000E+000
  6.303245E-05  0.00000000E+000  0.00000000E+000  0.00000000E+000
  6.352744E-05  0.00000000E+000  0.00000000E+000  0.00000000E+000
  6.402633E-05  0.00000000E+000  0.00000000E+000  0.00000000E+000
  6.452913E-05  0.00000000E+000  0.00000000E+000  0.00000000E+000
  6.503588E-05  0.00000000E+000  0.00000000E+000  0.00000000E+000
  6.554661E-05  0.00000000E+000  0.00000000E+000  0.00000000E+000
  6.606135E-05  0.00000000E+000  0.00000000E+000  0.00000000E+000
  6.658014E-05  0.00000000E+000  0.00000000E+000  0.00000000E+000
  6.710299E-05  0.00000000E+000  0.00000000E+000  0.00000000E+000
  6.762996E-05  0.00000000E+000  0.00000000E+000  0.00000000E+000
  6.816106E-05  0.00000000E+000  0.00000000E+000  0.00000000E+000
  6.869633E-05  0.00000000E+000  0.00000000E+000  0.00000000E+000
  6.923581E-05  0.00000000E+000  0.00000000E+000  0.00000000E+000
  6.977952E-05  0.00000000E+000  0.00000000E+000  0.00000000E+000
  7.032750E-05  0.00000000E+000  0.00000000E+000  0.00000000E+000
  7.087979E-05  0.00000000E+000  0.00000000E+000  0.00000000E+000
  7.143641E-05  0.00000000E+000  0.00000000E+000  0.00000000E+000
  7.199741E-05  0.00000000E+000  0.00000000E+000  0.00000000E+000
  7.256281E-05  0.00000000E+000  0.00000000E+000  0.00000000E+000
  7.313265E-05  0.00000000E+000  0.00000000E+000  0.00000000E+000
  7.370696E-05  0.00000000E+000  0.00000000E+000  0.00000000E+000
  7.428579E-05  0.00000000E+000  0.00000000E+000  0.00000000E+000
  7.486916E-05  0.00000000E+000  0.00000000E+000  0.00000000E+000
  7.545711E-05  0.00000000E+000  0.00000000E+000  0.00000000E+000
  7.604968E-05  0.00000000E+000  0.00000000E+000  0.00000000E+000
  7.664690E-05  0.00000000E+000  0.00000000E+000  0.00000000E+000
  7.724881E-05  0.00000000E+000  0.00000000E+000  0.00000000E+000
  7.785545E-05  0.00000000E+000  0.00000000E+000  0.00000000E+000
  7.846686E-05  0.00000000E+000  0.00000000E+000  0.00000000E+000
  7.908306E-05  0.00000000E+000  0.00000000E+000  0.00000000E+000
  7.970410E-05  0.00000000E+000  0.00000000E+000  0.00000000E+000
  8.033003E-05  0.00000000E+000  0.00000000E+000  0.00000000E+000
  8.096086E-05  0.00000000E+000  0.00000000E+000  0.00000000E+000
  8.159665E-05  0.00000000E+000  0.00000000E+000  0.00000000E+000
  8.223744E-05  0.00000000E+000  0.00000000E+000  0.00000000E+000
  8.288325E-05  0.00000000E+000  0.00000000E+000  0.00000000E+000
  8.353414E-05  0.00000000E+000  0.00000000E+000  0.00000000E+000
  8.419014E-05  0.00000000E+000  0.00000000E+000  0.00000000E+000
  8.485129E-05  0.00000000E+000  0.00000000E+000  0.00000000E+000
  8.551763E-05  0.00000000E+000  0.00000000E+000  0.00000000E+000
  8.618920E-05  0.00000000E+000  0.00000000E+000  0.00000000E+000
  8.686605E-05  0.00000000E+000  0.00000000E+000  0.00000000E+000
  8.754822E-05  0.00000000E+000  0.00000000E+000  0.00000000E+000
  8.823574E-05  0.00000000E+000  0.00000000E+000  0.00000000E+000
  8.892866E-05  0.00000000E+000  0.00000000E+000  0.00000000E+000
  8.962702E-05  0.00000000E+000  0.00000000E+000  0.00000000E+000
  9.033087E-05  0.00000000E+000  0.00000000E+000  0.00000000E+000
  9.104024E-05  0.00000000E+000  0.00000000E+000  0.00000000E+000
  9.175518E-05  0.00000000E+000  0.00000000E+000  0.00000000E+000
  9.247574E-05  0.00000000E+000  0.00000000E+000  0.00000000E+000
  9.320196E-05  0.00000000E+000  0.00000000E+000  0.00000000E+000
  9.393388E-05  0.00000000E+000  0.00000000E+000  0.00000000E+000
  9.467155E-05  0.00000000E+000  0.00000000E+000  0.00000000E+000
  9.541501E-05  0.00000000E+000  0.00000000E+000  0.00000000E+000
  9.616431E-05  0.00000000E+000  0.00000000E+000  0.00000000E+000
  9.691949E-05  0.00000000E+000  0.00000000E+000  0.00000000E+000
  9.768061E-05  0.00000000E+000  0.00000000E+000  0.00000000E+000
  9.844770E-05  0.00000000E+000  0.00000000E+000  0.00000000E+000
  9.922081E-05  0.00000000E+000  0.00000000E+000  0.00000000E+000
  1.000000E-04  0.00000000E+000  0.00000000E+000  0.00000000E+000
  1.007967E-04  0.00000000E+000  0.00000000E+000  0.00000000E+000
  1.016230E-04  0.00000000E+000  0.00000000E+000  0.00000000E+000
  1.033167E-04  0.00000000E+000  0.00000000E+000  0.00000000E+000
  1.078087E-04  0.00000000E+000  0.00000000E+000  0.00000000E+000
  1.127091E-04  0.00000000E+000  0.00000000E+000  0.00000000E+000
  1.180762E-04  0.00000000E+000  0.00000000E+000  0.00000000E+000
  1.239800E-04  0.00000000E+000  0.00000000E+000  0.00000000E+000
  1.271590E-04  0.00000000E+000  0.00000000E+000  0.00000000E+000
  1.305053E-04  0.00000000E+000  0.00000000E+000  0.00000000E+000
  1.340324E-04  0.00000000E+000  0.00000000E+000  0.00000000E+000
  1.377556E-04  0.00000000E+000  0.00000000E+000  0.00000000E+000
  1.416914E-04  0.00000000E+000  0.00000000E+000  0.00000000E+000
  1.458588E-04  0.00000000E+000  0.00000000E+000  0.00000000E+000
  1.475952E-04  0.00000000E+000  0.00000000E+000  0.00000000E+000
  1.484790E-04  0.00000000E+000  0.00000000E+000  0.00000000E+000
  1.484968E-04  0.00000000E+000  0.00000000E+000  0.00000000E+000
  1.485057E-04  0.00000000E+000  0.00000000E+000  0.00000000E+000
  1.485111E-04  0.00000000E+000  0.00000000E+000  0.00000000E+000
  1.485128E-04  0.00000000E+000  0.00000000E+000  0.00000000E+000
  1.485137E-04  0.00000000E+000  0.00000000E+000  0.00000000E+000
  1.485143E-04  0.00000000E+000  0.00000000E+000  0.00000000E+000
  1.485144E-04  0.00000000E+000  0.00000000E+000  0.00000000E+000
  1.485148E-04  0.00000000E+000  0.00000000E+000  0.00000000E+000
  1.485150E-04  0.00000000E+000  0.00000000E+000  0.00000000E+000
  1.485155E-04  0.00000000E+000  0.00000000E+000  0.00000000E+000
  1.485164E-04  0.00000000E+000  0.00000000E+000  0.00000000E+000
  1.485182E-04  0.00000000E+000  0.00000000E+000  0.00000000E+000
  1.485235E-04  0.00000000E+000  0.00000000E+000  0.00000000E+000
  1.485680E-04  0.00000000E+000  0.00000000E+000  0.00000000E+000
  1.486571E-04  0.00000000E+000  0.00000000E+000  0.00000000E+000
  1.493735E-04  0.00000000E+000  0.00000000E+000  0.00000000E+000
  1.549750E-04  0.00000000E+000  0.00000000E+000  0.00000000E+000
  1.599742E-04  0.00000000E+000  0.00000000E+000  0.00000000E+000
  1.653067E-04  0.00000000E+000  0.00000000E+000  0.00000000E+000
  1.710069E-04  0.00000000E+000  0.00000000E+000  0.00000000E+000
  1.733986E-04  0.00000000E+000  0.00000000E+000  0.00000000E+000
  1.738850E-04  0.00000000E+000  0.00000000E+000  0.00000000E+000
  1.740070E-04  0.00000000E+000  0.00000000E+000  0.00000000E+000
  1.740192E-04  0.00000000E+000  0.00000000E+000  0.00000000E+000
  1.740266E-04  0.00000000E+000  0.00000000E+000  0.00000000E+000
  1.740290E-04  0.00000000E+000  0.00000000E+000  0.00000000E+000
  1.740302E-04  0.00000000E+000  0.00000000E+000  0.00000000E+000
  1.740310E-04  0.00000000E+000  0.00000000E+000  0.00000000E+000
  1.740312E-04  0.00000000E+000  0.00000000E+000  0.00000000E+000
  1.740317E-04  0.00000000E+000  0.00000000E+000  0.00000000E+000
  1.740319E-04  0.00000000E+000  0.00000000E+000  0.00000000E+000
  1.740327E-04  0.00000000E+000  0.00000000E+000  0.00000000E+000
  1.740339E-04  0.00000000E+000  0.00000000E+000  0.00000000E+000
  1.740363E-04  0.00000000E+000  0.00000000E+000  0.00000000E+000
  1.740437E-04  0.00000000E+000  0.00000000E+000  0.00000000E+000
  1.740559E-04  0.00000000E+000  0.00000000E+000  0.00000000E+000
  1.741292E-04  0.00000000E+000  0.00000000E+000  0.00000000E+000
  1.743741E-04  0.00000000E+000  0.00000000E+000  0.00000000E+000
  1.746197E-04  0.00000000E+000  0.00000000E+000  0.00000000E+000
  1.771143E-04  0.00000000E+000  0.00000000E+000  0.00000000E+000
  1.836741E-04  0.00000000E+000  0.00000000E+000  0.00000000E+000
  1.907385E-04  0.00000000E+000  0.00000000E+000  0.00000000E+000
  1.983680E-04  0.00000000E+000  0.00000000E+000  0.00000000E+000
  2.066333E-04  0.00000000E+000  0.00000000E+000  0.00000000E+000
  2.137586E-04  0.00000000E+000  0.00000000E+000  0.00000000E+000
  2.213929E-04  0.00000000E+000  0.00000000E+000  0.00000000E+000
  2.295926E-04  0.00000000E+000  0.00000000E+000  0.00000000E+000
  2.384231E-04  0.00000000E+000  0.00000000E+000  0.00000000E+000
  2.479600E-04  0.00000000E+000  0.00000000E+000  0.00000000E+000
  2.582917E-04  0.00000000E+000  0.00000000E+000  0.00000000E+000
  2.695217E-04  0.00000000E+000  0.00000000E+000  0.00000000E+000
  2.817727E-04  0.00000000E+000  0.00000000E+000  0.00000000E+000
  2.951905E-04  0.00000000E+000  0.00000000E+000  0.00000000E+000
  3.023902E-04  0.00000000E+000  0.00000000E+000  0.00000000E+000
  3.061235E-04  0.00000000E+000  0.00000000E+000  0.00000000E+000
  3.065776E-04  0.00000000E+000  0.00000000E+000  0.00000000E+000
  3.066156E-04  0.00000000E+000  0.00000000E+000  0.00000000E+000
  3.066383E-04  0.00000000E+000  0.00000000E+000  0.00000000E+000
  3.066459E-04  0.00000000E+000  0.00000000E+000  0.00000000E+000
  3.066497E-04  0.00000000E+000  0.00000000E+000  0.00000000E+000
  3.066520E-04  0.00000000E+000  0.00000000E+000  0.00000000E+000
  3.066527E-04  0.00000000E+000  0.00000000E+000  0.00000000E+000
  3.066542E-04  0.00000000E+000  0.00000000E+000  0.00000000E+000
  3.066550E-04  0.00000000E+000  0.00000000E+000  0.00000000E+000
  3.066573E-04  0.00000000E+000  0.00000000E+000  0.00000000E+000
  3.066611E-04  0.00000000E+000  0.00000000E+000  0.00000000E+000
  3.066686E-04  0.00000000E+000  0.00000000E+000  0.00000000E+000
  3.066914E-04  0.00000000E+000  0.00000000E+000  0.00000000E+000
  3.067293E-04  0.00000000E+000  0.00000000E+000  0.00000000E+000
  3.099500E-04  0.00000000E+000  0.00000000E+000  0.00000000E+000
  3.178974E-04  0.00000000E+000  0.00000000E+000  0.00000000E+000
  3.262632E-04  0.00000000E+000  0.00000000E+000  0.00000000E+000
  3.350811E-04  0.00000000E+000  0.00000000E+000  0.00000000E+000
  3.443889E-04  0.00000000E+000  0.00000000E+000  0.00000000E+000
  3.542286E-04  0.00000000E+000  0.00000000E+000  0.00000000E+000
  3.646471E-04  0.00000000E+000  0.00000000E+000  0.00000000E+000
  3.756970E-04  0.00000000E+000  0.00000000E+000  0.00000000E+000
  3.874375E-04  0.00000000E+000  0.00000000E+000  0.00000000E+000
  3.999355E-04  0.00000000E+000  0.00000000E+000  0.00000000E+000
  4.132667E-04  0.00000000E+000  0.00000000E+000  0.00000000E+000
  4.275172E-04  0.00000000E+000  0.00000000E+000  0.00000000E+000
  4.427857E-04  0.00000000E+000  0.00000000E+000  0.00000000E+000
  4.508364E-04  0.00000000E+000  0.00000000E+000  0.00000000E+000
  4.591852E-04  0.00000000E+000  0.00000000E+000  0.00000000E+000
  4.678491E-04  0.00000000E+000  0.00000000E+000  0.00000000E+000
  4.768462E-04  0.00000000E+000  0.00000000E+000  0.00000000E+000
  4.861961E-04  0.00000000E+000  0.00000000E+000  0.00000000E+000
  4.959200E-04  0.00000000E+000  0.00000000E+000  0.00000000E+000
  4.999194E-04  0.00000000E+000  0.00000000E+000  0.00000000E+000
  5.003228E-04  0.00000000E+000  0.00000000E+000  0.00000000E+000
  5.004238E-04  0.00000000E+000  0.00000000E+000  0.00000000E+000
  5.004844E-04  0.00000000E+000  0.00000000E+000  0.00000000E+000
  5.005046E-04  0.00000000E+000  0.00000000E+000  0.00000000E+000
  5.005147E-04  0.00000000E+000  0.00000000E+000  0.00000000E+000
  5.005208E-04  0.00000000E+000  0.00000000E+000  0.00000000E+000
  5.005228E-04  0.00000000E+000  0.00000000E+000  0.00000000E+000
  5.005268E-04  0.00000000E+000  0.00000000E+000  0.00000000E+000
  5.005289E-04  0.00000000E+000  0.00000000E+000  0.00000000E+000
  5.005349E-04  0.00000000E+000  0.00000000E+000  0.00000000E+000
  5.005450E-04  0.00000000E+000  0.00000000E+000  0.00000000E+000
  5.005652E-04  0.00000000E+000  0.00000000E+000  0.00000000E+000
  5.006259E-04  0.00000000E+000  0.00000000E+000  0.00000000E+000
  5.007270E-04  0.00000000E+000  0.00000000E+000  0.00000000E+000
  5.019433E-04  0.00000000E+000  0.00000000E+000  0.00000000E+000
  5.060408E-04  0.00000000E+000  0.00000000E+000  0.00000000E+000
  5.165833E-04  0.00000000E+000  0.00000000E+000  0.00000000E+000
  5.275745E-04  0.00000000E+000  0.00000000E+000  0.00000000E+000
  5.390435E-04  0.00000000E+000  0.00000000E+000  0.00000000E+000
  5.510222E-04  0.00000000E+000  0.00000000E+000  0.00000000E+000
  5.635455E-04  0.00000000E+000  0.00000000E+000  0.00000000E+000
  6.047805E-04  0.00000000E+000  0.00000000E+000  0.00000000E+000
  6.199000E-04  0.00000000E+000  0.00000000E+000  0.00000000E+000
  6.525263E-04  0.00000000E+000  0.00000000E+000  0.00000000E+000
  6.594681E-04  0.00000000E+000  0.00000000E+000  0.00000000E+000
  6.665591E-04  0.00000000E+000  0.00000000E+000  0.00000000E+000
  6.701622E-04  0.00000000E+000  0.00000000E+000  0.00000000E+000
  6.708874E-04  0.00000000E+000  0.00000000E+000  0.00000000E+000
  6.712507E-04  0.00000000E+000  0.00000000E+000  0.00000000E+000
  6.714324E-04  0.00000000E+000  0.00000000E+000  0.00000000E+000
  6.715415E-04  0.00000000E+000  0.00000000E+000  0.00000000E+000
  6.715779E-04  0.00000000E+000  0.00000000E+000  0.00000000E+000
  6.715961E-04  0.00000000E+000  0.00000000E+000  0.00000000E+000
  6.716070E-04  0.00000000E+000  0.00000000E+000  0.00000000E+000
  6.716107E-04  0.00000000E+000  0.00000000E+000  0.00000000E+000
  6.716179E-04  0.00000000E+000  0.00000000E+000  0.00000000E+000
  6.716216E-04  0.00000000E+000  0.00000000E+000  0.00000000E+000
  6.716325E-04  0.00000000E+000  0.00000000E+000  0.00000000E+000
  6.716507E-04  0.00000000E+000  0.00000000E+000  0.00000000E+000
  6.716871E-04  0.00000000E+000  0.00000000E+000  0.00000000E+000
  6.717963E-04  0.00000000E+000  0.00000000E+000  0.00000000E+000
  6.719783E-04  0.00000000E+000  0.00000000E+000  0.00000000E+000
  6.723427E-04  0.00000000E+000  0.00000000E+000  0.00000000E+000
  6.738043E-04  0.00000000E+000  0.00000000E+000  0.00000000E+000
  6.887778E-04  0.00000000E+000  0.00000000E+000  0.00000000E+000
  7.084571E-04  0.00000000E+000  0.00000000E+000  0.00000000E+000
  7.292941E-04  0.00000000E+000  0.00000000E+000  0.00000000E+000
  7.513939E-04  0.00000000E+000  0.00000000E+000  0.00000000E+000
  7.748750E-04  0.00000000E+000  0.00000000E+000  0.00000000E+000
  7.896815E-04  0.00000000E+000  0.00000000E+000  0.00000000E+000
  7.906888E-04  0.00000000E+000  0.00000000E+000  0.00000000E+000
  7.909410E-04  0.00000000E+000  0.00000000E+000  0.00000000E+000
  7.910419E-04  0.00000000E+000  0.00000000E+000  0.00000000E+000
  7.910924E-04  0.00000000E+000  0.00000000E+000  0.00000000E+000
  7.911176E-04  0.00000000E+000  0.00000000E+000  0.00000000E+000
  7.911328E-04  0.00000000E+000  0.00000000E+000  0.00000000E+000
  7.911378E-04  0.00000000E+000  0.00000000E+000  0.00000000E+000
  7.911984E-04  0.00000000E+000  0.00000000E+000  0.00000000E+000
  7.912035E-04  0.00000000E+000  0.00000000E+000  0.00000000E+000
  7.912186E-04  0.00000000E+000  0.00000000E+000  0.00000000E+000
  7.912439E-04  0.00000000E+000  0.00000000E+000  0.00000000E+000
  7.912944E-04  0.00000000E+000  0.00000000E+000  0.00000000E+000
  7.914459E-04  0.00000000E+000  0.00000000E+000  0.00000000E+000
  7.916986E-04  0.00000000E+000  0.00000000E+000  0.00000000E+000
  7.922045E-04  0.00000000E+000  0.00000000E+000  0.00000000E+000
  7.998710E-04  0.00000000E+000  0.00000000E+000  0.00000000E+000
  8.265333E-04  0.00000000E+000  0.00000000E+000  0.00000000E+000
  8.550345E-04  0.00000000E+000  0.00000000E+000  0.00000000E+000
  8.855714E-04  0.00000000E+000  0.00000000E+000  0.00000000E+000
  9.183704E-04  0.00000000E+000  0.00000000E+000  0.00000000E+000
  9.321805E-04  0.00000000E+000  0.00000000E+000  0.00000000E+000
  9.356981E-04  0.00000000E+000  0.00000000E+000  0.00000000E+000
  9.385314E-04  0.00000000E+000  0.00000000E+000  0.00000000E+000
  9.428137E-04  0.00000000E+000  0.00000000E+000  0.00000000E+000
  9.449695E-04  0.00000000E+000  0.00000000E+000  0.00000000E+000
  9.453298E-04  0.00000000E+000  0.00000000E+000  0.00000000E+000
  9.455461E-04  0.00000000E+000  0.00000000E+000  0.00000000E+000
  9.456182E-04  0.00000000E+000  0.00000000E+000  0.00000000E+000
  9.456542E-04  0.00000000E+000  0.00000000E+000  0.00000000E+000
  9.456759E-04  0.00000000E+000  0.00000000E+000  0.00000000E+000
  9.456831E-04  0.00000000E+000  0.00000000E+000  0.00000000E+000
  9.456975E-04  0.00000000E+000  0.00000000E+000  0.00000000E+000
  9.457047E-04  0.00000000E+000  0.00000000E+000  0.00000000E+000
  9.457264E-04  0.00000000E+000  0.00000000E+000  0.00000000E+000
  9.457625E-04  0.00000000E+000  0.00000000E+000  0.00000000E+000
  9.458346E-04  0.00000000E+000  0.00000000E+000  0.00000000E+000
  9.460511E-04  0.00000000E+000  0.00000000E+000  0.00000000E+000
  9.464122E-04  0.00000000E+000  0.00000000E+000  0.00000000E+000
  9.500383E-04  0.00000000E+000  0.00000000E+000  0.00000000E+000
  9.536923E-04  0.00000000E+000  0.00000000E+000  0.00000000E+000
  9.918400E-04  0.00000000E+000  0.00000000E+000  0.00000000E+000
  1.033167E-03  0.00000000E+000  0.00000000E+000  0.00000000E+000
  1.078087E-03  0.00000000E+000  0.00000000E+000  0.00000000E+000
  1.127091E-03  0.00000000E+000  0.00000000E+000  0.00000000E+000
  1.147963E-03  0.00000000E+000  0.00000000E+000  0.00000000E+000
  1.169623E-03  0.00000000E+000  0.00000000E+000  0.00000000E+000
  1.192115E-03  0.00000000E+000  0.00000000E+000  0.00000000E+000
  1.203689E-03  0.00000000E+000  0.00000000E+000  0.00000000E+000
  1.209561E-03  0.00000000E+000  0.00000000E+000  0.00000000E+000
  1.210151E-03  0.00000000E+000  0.00000000E+000  0.00000000E+000
  1.210506E-03  0.00000000E+000  0.00000000E+000  0.00000000E+000
  1.210624E-03  0.00000000E+000  0.00000000E+000  0.00000000E+000
  1.210683E-03  0.00000000E+000  0.00000000E+000  0.00000000E+000
  1.210719E-03  0.00000000E+000  0.00000000E+000  0.00000000E+000
  1.210730E-03  0.00000000E+000  0.00000000E+000  0.00000000E+000
  1.210754E-03  0.00000000E+000  0.00000000E+000  0.00000000E+000
  1.210766E-03  0.00000000E+000  0.00000000E+000  0.00000000E+000
  1.210801E-03  0.00000000E+000  0.00000000E+000  0.00000000E+000
  1.210860E-03  0.00000000E+000  0.00000000E+000  0.00000000E+000
  1.210979E-03  0.00000000E+000  0.00000000E+000  0.00000000E+000
  1.211334E-03  0.00000000E+000  0.00000000E+000  0.00000000E+000
  1.211926E-03  0.00000000E+000  0.00000000E+000  0.00000000E+000
  1.215490E-03  0.00000000E+000  0.00000000E+000  0.00000000E+000
  1.239800E-03  0.00000000E+000  0.00000000E+000  0.00000000E+000
  1.265102E-03  0.00000000E+000  0.00000000E+000  0.00000000E+000
  1.291458E-03  0.00000000E+000  0.00000000E+000  0.00000000E+000
  1.318936E-03  0.00000000E+000  0.00000000E+000  0.00000000E+000
  1.347609E-03  0.00000000E+000  0.00000000E+000  0.00000000E+000
  1.377556E-03  0.00000000E+000  0.00000000E+000  0.00000000E+000
  1.408864E-03  0.00000000E+000  0.00000000E+000  0.00000000E+000
  1.413683E-03  0.00000000E+000  0.00000000E+000  0.00000000E+000
  1.414489E-03  0.00000000E+000  0.00000000E+000  0.00000000E+000
  1.414974E-03  0.00000000E+000  0.00000000E+000  0.00000000E+000
  1.415135E-03  0.00000000E+000  0.00000000E+000  0.00000000E+000
  1.415216E-03  0.00000000E+000  0.00000000E+000  0.00000000E+000
  1.415264E-03  0.00000000E+000  0.00000000E+000  0.00000000E+000
  1.415281E-03  0.00000000E+000  0.00000000E+000  0.00000000E+000
  1.415313E-03  0.00000000E+000  0.00000000E+000  0.00000000E+000
  1.415329E-03  0.00000000E+000  0.00000000E+000  0.00000000E+000
  1.415378E-03  0.00000000E+000  0.00000000E+000  0.00000000E+000
  1.415458E-03  0.00000000E+000  0.00000000E+000  0.00000000E+000
  1.415620E-03  0.00000000E+000  0.00000000E+000  0.00000000E+000
  1.416105E-03  0.00000000E+000  0.00000000E+000  0.00000000E+000
  1.416914E-03  0.00000000E+000  0.00000000E+000  0.00000000E+000
  1.425057E-03  0.00000000E+000  0.00000000E+000  0.00000000E+000
  1.441628E-03  0.00000000E+000  0.00000000E+000  0.00000000E+000
  1.444988E-03  0.00000000E+000  0.00000000E+000  0.00000000E+000
  1.445831E-03  0.00000000E+000  0.00000000E+000  0.00000000E+000
  1.446337E-03  0.00000000E+000  0.00000000E+000  0.00000000E+000
  1.446506E-03  0.00000000E+000  0.00000000E+000  0.00000000E+000
  1.446590E-03  0.00000000E+000  0.00000000E+000  0.00000000E+000
  1.446641E-03  0.00000000E+000  0.00000000E+000  0.00000000E+000
  1.446658E-03  0.00000000E+000  0.00000000E+000  0.00000000E+000
  1.446691E-03  0.00000000E+000  0.00000000E+000  0.00000000E+000
  1.446708E-03  0.00000000E+000  0.00000000E+000  0.00000000E+000
  1.446759E-03  0.00000000E+000  0.00000000E+000  0.00000000E+000
  1.446843E-03  0.00000000E+000  0.00000000E+000  0.00000000E+000
  1.447012E-03  0.00000000E+000  0.00000000E+000  0.00000000E+000
  1.447519E-03  0.00000000E+000  0.00000000E+000  0.00000000E+000
  1.448364E-03  0.00000000E+000  0.00000000E+000  0.00000000E+000
  1.458588E-03  0.00000000E+000  0.00000000E+000  0.00000000E+000
  1.475952E-03  0.00000000E+000  0.00000000E+000  0.00000000E+000
  1.511951E-03  0.00000000E+000  0.00000000E+000  0.00000000E+000
  1.549750E-03  0.00000000E+000  0.00000000E+000  0.00000000E+000
  1.589487E-03  0.00000000E+000  0.00000000E+000  0.00000000E+000
  1.631316E-03  0.00000000E+000  0.00000000E+000  0.00000000E+000
  1.653067E-03  0.00000000E+000  0.00000000E+000  0.00000000E+000
  1.675405E-03  0.00000000E+000  0.00000000E+000  0.00000000E+000
  1.686803E-03  0.00000000E+000  0.00000000E+000  0.00000000E+000
  1.698356E-03  0.00000000E+000  0.00000000E+000  0.00000000E+000
  1.703022E-03  0.00000000E+000  0.00000000E+000  0.00000000E+000
  1.707713E-03  0.00000000E+000  0.00000000E+000  0.00000000E+000
  1.710069E-03  0.00000000E+000  0.00000000E+000  0.00000000E+000
  1.711249E-03  0.00000000E+000  0.00000000E+000  0.00000000E+000
  1.711958E-03  0.00000000E+000  0.00000000E+000  0.00000000E+000
  1.712194E-03  0.00000000E+000  0.00000000E+000  0.00000000E+000
  1.712313E-03  0.00000000E+000  0.00000000E+000  0.00000000E+000
  1.712384E-03  0.00000000E+000  0.00000000E+000  0.00000000E+000
  1.712407E-03  0.00000000E+000  0.00000000E+000  0.00000000E+000
  1.712455E-03  0.00000000E+000  0.00000000E+000  0.00000000E+000
  1.712478E-03  0.00000000E+000  0.00000000E+000  0.00000000E+000
  1.712549E-03  0.00000000E+000  0.00000000E+000  0.00000000E+000
  1.712667E-03  0.00000000E+000  0.00000000E+000  0.00000000E+000
  1.712904E-03  0.00000000E+000  0.00000000E+000  0.00000000E+000
  1.713614E-03  0.00000000E+000  0.00000000E+000  0.00000000E+000
  1.714799E-03  0.00000000E+000  0.00000000E+000  0.00000000E+000
  1.717175E-03  0.00000000E+000  0.00000000E+000  0.00000000E+000
  1.721944E-03  0.00000000E+000  0.00000000E+000  0.00000000E+000
  1.746197E-03  0.00000000E+000  0.00000000E+000  0.00000000E+000
  1.771143E-03  0.00000000E+000  0.00000000E+000  0.00000000E+000
  1.823235E-03  0.00000000E+000  0.00000000E+000  0.00000000E+000
  1.878485E-03  0.00000000E+000  0.00000000E+000  0.00000000E+000
  1.937188E-03  0.00000000E+000  0.00000000E+000  0.00000000E+000
  1.999677E-03  0.00000000E+000  0.00000000E+000  0.00000000E+000
  2.066333E-03  0.00000000E+000  0.00000000E+000  0.00000000E+000
  2.137586E-03  0.00000000E+000  0.00000000E+000  0.00000000E+000
  2.213929E-03  0.00000000E+000  0.00000000E+000  0.00000000E+000
  2.254182E-03  0.00000000E+000  0.00000000E+000  0.00000000E+000
  2.274862E-03  0.00000000E+000  0.00000000E+000  0.00000000E+000
  2.287454E-03  0.00000000E+000  0.00000000E+000  0.00000000E+000
  2.295926E-03  0.00000000E+000  0.00000000E+000  0.00000000E+000
  2.300186E-03  0.00000000E+000  0.00000000E+000  0.00000000E+000
  2.302321E-03  0.00000000E+000  0.00000000E+000  0.00000000E+000
  2.303605E-03  0.00000000E+000  0.00000000E+000  0.00000000E+000
  2.304033E-03  0.00000000E+000  0.00000000E+000  0.00000000E+000
  2.304247E-03  0.00000000E+000  0.00000000E+000  0.00000000E+000
  2.304375E-03  0.00000000E+000  0.00000000E+000  0.00000000E+000
  2.304418E-03  0.00000000E+000  0.00000000E+000  0.00000000E+000
  2.304504E-03  0.00000000E+000  0.00000000E+000  0.00000000E+000
  2.304547E-03  0.00000000E+000  0.00000000E+000  0.00000000E+000
  2.304675E-03  0.00000000E+000  0.00000000E+000  0.00000000E+000
  2.304889E-03  0.00000000E+000  0.00000000E+000  0.00000000E+000
  2.305318E-03  0.00000000E+000  0.00000000E+000  0.00000000E+000
  2.306605E-03  0.00000000E+000  0.00000000E+000  0.00000000E+000
  2.308752E-03  0.00000000E+000  0.00000000E+000  0.00000000E+000
  2.313060E-03  0.00000000E+000  0.00000000E+000  0.00000000E+000
  2.317383E-03  0.00000000E+000  0.00000000E+000  0.00000000E+000
  2.339245E-03  0.00000000E+000  0.00000000E+000  0.00000000E+000
  2.361524E-03  0.00000000E+000  0.00000000E+000  0.00000000E+000
  2.384231E-03  0.00000000E+000  0.00000000E+000  0.00000000E+000
  2.479600E-03  0.00000000E+000  0.00000000E+000  0.00000000E+000
  2.582917E-03  0.00000000E+000  0.00000000E+000  0.00000000E+000
  2.695217E-03  0.00000000E+000  0.00000000E+000  0.00000000E+000
  2.755111E-03  0.00000000E+000  0.00000000E+000  0.00000000E+000
  2.786067E-03  0.00000000E+000  0.00000000E+000  0.00000000E+000
  2.798646E-03  0.00000000E+000  0.00000000E+000  0.00000000E+000
  2.800542E-03  0.00000000E+000  0.00000000E+000  0.00000000E+000
  2.801175E-03  0.00000000E+000  0.00000000E+000  0.00000000E+000
  2.801491E-03  0.00000000E+000  0.00000000E+000  0.00000000E+000
  2.801681E-03  0.00000000E+000  0.00000000E+000  0.00000000E+000
  2.801745E-03  0.00000000E+000  0.00000000E+000  0.00000000E+000
  2.801871E-03  0.00000000E+000  0.00000000E+000  0.00000000E+000
  2.801935E-03  0.00000000E+000  0.00000000E+000  0.00000000E+000
  2.802125E-03  0.00000000E+000  0.00000000E+000  0.00000000E+000
  2.802441E-03  0.00000000E+000  0.00000000E+000  0.00000000E+000
  2.803075E-03  0.00000000E+000  0.00000000E+000  0.00000000E+000
  2.804977E-03  0.00000000E+000  0.00000000E+000  0.00000000E+000
  2.817727E-03  0.00000000E+000  0.00000000E+000  0.00000000E+000
  2.951905E-03  0.00000000E+000  0.00000000E+000  0.00000000E+000
  3.099500E-03  0.00000000E+000  0.00000000E+000  0.00000000E+000
  3.178974E-03  0.00000000E+000  0.00000000E+000  0.00000000E+000
  3.262632E-03  0.00000000E+000  0.00000000E+000  0.00000000E+000
  3.350811E-03  0.00000000E+000  0.00000000E+000  0.00000000E+000
  3.443889E-03  0.00000000E+000  0.00000000E+000  0.00000000E+000
  3.492394E-03  0.00000000E+000  0.00000000E+000  0.00000000E+000
  3.502260E-03  0.00000000E+000  0.00000000E+000  0.00000000E+000
  3.512181E-03  0.00000000E+000  0.00000000E+000  0.00000000E+000
  3.517163E-03  0.00000000E+000  0.00000000E+000  0.00000000E+000
  3.518161E-03  0.00000000E+000  0.00000000E+000  0.00000000E+000
  3.518660E-03  0.00000000E+000  0.00000000E+000  0.00000000E+000
  3.518960E-03  0.00000000E+000  0.00000000E+000  0.00000000E+000
  3.519060E-03  0.00000000E+000  0.00000000E+000  0.00000000E+000
  3.519260E-03  0.00000000E+000  0.00000000E+000  0.00000000E+000
  3.519360E-03  0.00000000E+000  0.00000000E+000  0.00000000E+000
  3.519659E-03  0.00000000E+000  0.00000000E+000  0.00000000E+000
  3.520159E-03  0.00000000E+000  0.00000000E+000  0.00000000E+000
  3.521159E-03  0.00000000E+000  0.00000000E+000  0.00000000E+000
  3.522159E-03  0.00000000E+000  0.00000000E+000  0.00000000E+000
  3.532194E-03  0.00000000E+000  0.00000000E+000  0.00000000E+000
  3.542286E-03  0.00000000E+000  0.00000000E+000  0.00000000E+000
  3.593623E-03  0.00000000E+000  0.00000000E+000  0.00000000E+000
  3.646471E-03  0.00000000E+000  0.00000000E+000  0.00000000E+000
  3.874375E-03  0.00000000E+000  0.00000000E+000  0.00000000E+000
  4.132667E-03  0.00000000E+000  0.00000000E+000  0.00000000E+000
  4.202712E-03  0.00000000E+000  0.00000000E+000  0.00000000E+000
  4.231399E-03  0.00000000E+000  0.00000000E+000  0.00000000E+000
  4.245890E-03  0.00000000E+000  0.00000000E+000  0.00000000E+000
  4.253173E-03  0.00000000E+000  0.00000000E+000  0.00000000E+000
  4.257555E-03  0.00000000E+000  0.00000000E+000  0.00000000E+000
  4.259018E-03  0.00000000E+000  0.00000000E+000  0.00000000E+000
  4.259749E-03  0.00000000E+000  0.00000000E+000  0.00000000E+000
  4.260188E-03  0.00000000E+000  0.00000000E+000  0.00000000E+000
  4.260335E-03  0.00000000E+000  0.00000000E+000  0.00000000E+000
  4.260628E-03  0.00000000E+000  0.00000000E+000  0.00000000E+000
  4.260774E-03  0.00000000E+000  0.00000000E+000  0.00000000E+000
  4.261213E-03  0.00000000E+000  0.00000000E+000  0.00000000E+000
  4.261946E-03  0.00000000E+000  0.00000000E+000  0.00000000E+000
  4.263411E-03  0.00000000E+000  0.00000000E+000  0.00000000E+000
  4.267814E-03  0.00000000E+000  0.00000000E+000  0.00000000E+000
  4.275172E-03  0.00000000E+000  0.00000000E+000  0.00000000E+000
  4.289965E-03  0.00000000E+000  0.00000000E+000  0.00000000E+000
  4.427857E-03  0.00000000E+000  0.00000000E+000  0.00000000E+000
  4.591852E-03  0.00000000E+000  0.00000000E+000  0.00000000E+000
  4.768462E-03  0.00000000E+000  0.00000000E+000  0.00000000E+000
  4.959200E-03  0.00000000E+000  0.00000000E+000  0.00000000E+000
  5.165833E-03  4.94065646E-324  4.94065646E-324  0.00000000E+000
  5.209244E-03  1.27468937E-321  1.27468937E-321  0.00000000E+000
  5.253390E-03  3.75549179E-319  3.75549179E-319  0.00000000E+000
  5.264544E-03  1.55614868E-318  1.55614868E-318  0.00000000E+000
  5.271259E-03  3.65144156E-318  3.65144156E-318  0.00000000E+000
  5.273501E-03  4.85206555E-318  4.85206555E-318  0.00000000E+000
  5.274622E-03  5.59265513E-318  5.59265513E-318  0.00000000E+000
  5.275296E-03  6.09111796E-318  6.09111796E-318  0.00000000E+000
  5.275520E-03  6.26639763E-318  6.26639763E-318  0.00000000E+000
  5.276194E-03  6.82471651E-318  6.82471651E-318  0.00000000E+000
  5.278440E-03  9.06847612E-318  9.06847612E-318  0.00000000E+000
  5.279114E-03  9.87550765E-318  9.87550765E-318  0.00000000E+000
  5.280239E-03  1.13851450E-317  1.13851450E-317  0.00000000E+000
  5.286994E-03  2.67135761E-317  2.67135761E-317  0.00000000E+000
  5.298291E-03  1.10675408E-316  1.10675408E-316  0.00000000E+000
  5.390435E-03  9.59461809E-312  9.59461809E-312  0.00000000E+000
  5.635455E-03  2.12317386E-299  2.12317386E-299  0.00000000E+000
  5.903810E-03  4.67757737E-287  4.67757737E-287  0.00000000E+000
  6.199000E-03  1.02792711E-274  1.02792711E-274  0.00000000E+000
  6.525263E-03  2.26660755E-262  2.26660755E-262  0.00000000E+000
  6.887778E-03  5.15948130E-250  5.15948130E-250  0.00000000E+000
  7.084571E-03  8.09938047E-244  8.09938047E-244  0.00000000E+000
  7.208140E-03  4.21012873E-240  4.21012873E-240  0.00000000E+000
  7.250292E-03  7.32525915E-239  7.32525915E-239  0.00000000E+000
  7.271554E-03  3.04684012E-238  3.04684012E-238  0.00000000E+000
  7.284371E-03  7.16696879E-238  7.16696879E-238  0.00000000E+000
  7.288654E-03  9.53227128E-238  9.53227128E-238  0.00000000E+000
  7.290797E-03  1.09930544E-237  1.09930544E-237  0.00000000E+000
  7.292083E-03  1.19745922E-237  1.19745922E-237  0.00000000E+000
  7.292512E-03  1.23210684E-237  1.23210684E-237  0.00000000E+000
  7.293370E-03  1.30444126E-237  1.30444126E-237  0.00000000E+000
  7.293799E-03  1.34220606E-237  1.34220606E-237  0.00000000E+000
  7.295087E-03  1.46225689E-237  1.46225689E-237  0.00000000E+000
  7.297234E-03  1.68660394E-237  1.68660394E-237  0.00000000E+000
  7.301531E-03  2.24375024E-237  2.24375024E-237  0.00000000E+000
  7.314454E-03  5.28382651E-237  5.28382651E-237  0.00000000E+000
  7.336095E-03  2.20331335E-236  2.20331335E-236  0.00000000E+000
  7.379762E-03  3.85927348E-235  3.85927348E-235  0.00000000E+000
  7.513939E-03  2.12035683E-231  2.12035683E-231  0.00000000E+000
  7.748750E-03  3.68708483E-225  3.68708483E-225  0.00000000E+000
  7.846835E-03  1.18753381E-222  1.18753381E-222  0.00000000E+000
  7.896815E-03  2.18734397E-221  2.18734397E-221  0.00000000E+000
  7.922045E-03  9.44031233E-221  9.44031233E-221  0.00000000E+000
  7.937260E-03  2.26777099E-220  2.26777099E-220  0.00000000E+000
  7.942345E-03  3.03727234E-220  3.03727234E-220  0.00000000E+000
  7.944889E-03  3.51482941E-220  3.51482941E-220  0.00000000E+000
  7.946417E-03  3.83687388E-220  3.83687388E-220  0.00000000E+000
  7.946926E-03  3.95054621E-220  3.95054621E-220  0.00000000E+000
  7.947945E-03  4.18796452E-220  4.18796452E-220  0.00000000E+000
  7.948455E-03  4.31156642E-220  4.31156642E-220  0.00000000E+000
  7.949984E-03  4.70432551E-220  4.70432551E-220  0.00000000E+000
  7.952534E-03  5.44016286E-220  5.44016286E-220  0.00000000E+000
  7.957638E-03  7.27487028E-220  7.27487028E-220  0.00000000E+000
  7.972990E-03  1.73276011E-219  1.73276011E-219  0.00000000E+000
  7.998710E-03  7.18876054E-219  7.18876054E-219  0.00000000E+000
  8.265333E-03  1.32338414E-212  1.32338414E-212  4.94065646E-324
  8.855714E-03  6.16266774E-200  6.16266774E-200  3.03823476E-304
  9.536923E-03  3.36820673E-187  3.36820673E-187  2.86860181E-284
  9.762205E-03  2.36431518E-183  2.36431518E-183  2.82783250E-278
  9.839683E-03  4.59369422E-182  4.59369422E-182  2.81118343E-276
  9.855326E-03  8.29802397E-182  8.29802397E-182  7.05240088E-276
  9.863166E-03  1.11522716E-181  1.11522716E-181  1.11699979E-275
  9.867091E-03  1.29288898E-181  1.29288898E-181  1.40578345E-275
  9.869448E-03  1.41282244E-181  1.41282244E-181  1.61380119E-275
  9.870233E-03  1.45517306E-181  1.45517306E-181  1.68967772E-275
  9.871805E-03  1.54381470E-181  1.54381470E-181  1.85247704E-275
  9.872591E-03  1.59012871E-181  1.59012871E-181  1.93964602E-275
  9.874950E-03  1.73759062E-181  1.73759062E-181  2.22657669E-275
  9.878884E-03  2.01435351E-181  2.01435351E-181  2.80215023E-275
  9.886762E-03  2.70718806E-181  2.70718806E-181  4.43825315E-275
  9.902556E-03  4.88961410E-181  4.88961410E-181  1.11340339E-274
  9.910472E-03  6.57123588E-181  6.57123588E-181  1.76348118E-274
  9.914434E-03  7.61762417E-181  7.61762417E-181  2.21927073E-274
  9.916813E-03  8.32390289E-181  8.32390289E-181  2.54753803E-274
  9.917607E-03  8.57382944E-181  8.57382944E-181  2.66753149E-274
  9.919194E-03  9.09514757E-181  9.09514757E-181  2.92450572E-274
  9.919987E-03  9.36636676E-181  9.36636676E-181  3.06200944E-274
  9.922369E-03  1.02303700E-180  1.02303700E-180  3.51499609E-274
  9.926341E-03  1.18508460E-180  1.18508460E-180  4.42358744E-274
  9.934295E-03  1.59027339E-180  1.59027339E-180  7.00621938E-274
  9.958233E-03  3.83136296E-180  3.83136296E-180  2.78343191E-273
  9.998387E-03  1.64178650E-179  1.64178650E-179  2.77349944E-272
  1.033167E-02  1.90800544E-174  1.90800544E-174  2.68382904E-264
  1.078087E-02  4.79674190E-168  4.79674190E-168  2.60682456E-254
  1.127091E-02  1.06933959E-161  1.06933959E-161  2.50343690E-244
  1.147963E-02  3.90298613E-159  3.90298613E-159  2.48595160E-240
  1.158692E-02  8.41244766E-158  8.41244766E-158  2.47671327E-238
  1.164131E-02  3.94467488E-157  3.94467488E-157  2.47087739E-237
  1.167420E-02  9.93914136E-157  9.93914136E-157  9.82694839E-237
  1.168520E-02  1.35160110E-156  1.35160110E-156  1.55664474E-236
  1.169071E-02  1.57610599E-156  1.57610599E-156  1.95936451E-236
  1.169402E-02  1.72835610E-156  1.72835610E-156  2.24956182E-236
  1.169512E-02  1.78211244E-156  1.78211244E-156  2.35518064E-236
  1.169733E-02  1.89410978E-156  1.89410978E-156  2.58253778E-236
  1.169843E-02  1.95131608E-156  1.95131608E-156  2.70372000E-236
  1.170175E-02  2.13458691E-156  2.13458691E-156  3.10488983E-236
  1.170727E-02  2.47788177E-156  2.47788177E-156  3.90724193E-236
  1.171834E-02  3.34013828E-156  3.34013828E-156  6.19124095E-236
  1.175166E-02  7.97165994E-156  7.97165994E-156  2.46158432E-235
  1.180762E-02  3.09066919E-155  3.09066919E-155  2.45667576E-234
  1.186411E-02  1.15804621E-154  1.15804621E-154  2.45132557E-233
  1.189827E-02  2.53203556E-154  2.53203556E-154  9.74868420E-233
  1.190970E-02  3.27959684E-154  3.27959684E-154  1.54450512E-232
  1.191543E-02  3.73144876E-154  3.73144876E-154  1.94459636E-232
  1.191886E-02  4.03038324E-154  4.03038324E-154  2.23186536E-232
  1.192001E-02  4.13573657E-154  4.13573657E-154  2.33734487E-232
  1.192230E-02  4.36098293E-154  4.36098293E-154  2.56239778E-232
  1.192345E-02  4.48628821E-154  4.48628821E-154  2.68342709E-232
  1.192689E-02  4.88283333E-154  4.88283333E-154  3.08050800E-232
  1.193263E-02  5.62335496E-154  5.62335496E-154  3.87747879E-232
  1.194412E-02  7.45660049E-154  7.45660049E-154  6.14172223E-232
  1.197874E-02  1.73818231E-153  1.73818231E-153  2.44237795E-231
  1.203689E-02  7.10862194E-153  7.10862194E-153  2.43828974E-230
  1.215490E-02  1.28416752E-151  1.28416752E-151  2.43107397E-228
  1.239800E-02  4.36958841E-149  4.36958841E-149  2.42231716E-224
  1.265102E-02  1.52265651E-146  1.52265651E-146  2.44801365E-220
  1.291458E-02  5.22410221E-144  5.22410221E-144  2.48967351E-216
  1.305053E-02  9.89876299E-143  9.89876299E-143  2.51972814E-214
  1.311958E-02  4.33743974E-142  4.33743974E-142  2.54169703E-213
  1.317535E-02  1.41391422E-141  1.41391422E-141  1.61577130E-212
  1.318235E-02  1.63877866E-141  1.63877866E-141  2.03579857E-212
  1.318656E-02  1.79075605E-141  1.79075605E-141  2.33905973E-212
  1.318796E-02  1.84433172E-141  1.84433172E-141  2.44955647E-212
  1.319076E-02  1.95611360E-141  1.95611360E-141  2.68637968E-212
  1.319217E-02  2.01474062E-141  2.01474062E-141  2.81413047E-212
  1.319638E-02  2.20037075E-141  2.20037075E-141  3.23268728E-212
  1.320341E-02  2.54892046E-141  2.54892046E-141  4.07415129E-212
  1.333118E-02  3.48861542E-140  3.48861542E-140  2.61968240E-210
  1.377556E-02  2.14501443E-136  2.14501443E-136  2.85238270E-204
  1.458588E-02  4.87533326E-130  4.87533326E-130  3.67512549E-194
  1.493735E-02  1.69090931E-127  1.69090931E-127  4.25866709E-190
  1.502788E-02  7.29840996E-127  7.29840996E-127  4.43261823E-189
  1.510110E-02  2.35107657E-126  2.35107657E-126  2.89056363E-188
  1.511030E-02  2.72112889E-126  2.72112889E-126  3.65398771E-188
  1.511583E-02  2.97077580E-126  2.97077580E-126  4.20621440E-188
  1.511767E-02  3.05877537E-126  3.05877537E-126  4.40777928E-188
  1.512136E-02  3.24312899E-126  3.24312899E-126  4.84142167E-188
  1.512320E-02  3.33914272E-126  3.33914272E-126  5.07325983E-188
  1.512874E-02  3.64557486E-126  3.64557486E-126  5.84012208E-188
  1.513797E-02  4.21921956E-126  4.21921956E-126  7.38212501E-188
  1.515648E-02  5.65291615E-126  5.65291615E-126  1.18003250E-187
  1.530617E-02  5.86445989E-125  5.86445989E-125  5.03452372E-186
  1.538213E-02  1.88855245E-124  1.88855245E-124  3.29219688E-185
  1.540124E-02  2.52993261E-124  2.52993261E-124  5.26549218E-185
  1.541081E-02  2.92805283E-124  2.92805283E-124  6.65875358E-185
  1.541656E-02  3.19650665E-124  3.19650665E-124  7.66640889E-185
  1.541848E-02  3.29147199E-124  3.29147199E-124  8.03558222E-185
  1.542232E-02  3.48987368E-124  3.48987368E-124  8.82781967E-185
  1.542423E-02  3.59292826E-124  3.59292826E-124  9.25034463E-185
  1.542999E-02  3.92233194E-124  3.92233194E-124  1.06502752E-184
  1.543960E-02  4.53982863E-124  4.53982863E-124  1.34702028E-184
  1.545885E-02  6.08117939E-124  6.08117939E-124  2.15452831E-184
  1.549750E-02  1.09121553E-123  1.09121553E-123  5.51346933E-184
  1.569367E-02  2.02819855E-122  2.02819855E-122  6.09466779E-182
  1.653067E-02  2.40069694E-117  2.40069694E-117  9.41410551E-174
  1.771143E-02  5.25008530E-111  5.25008530E-111  1.74512308E-163
  1.864361E-02  1.38628489E-106  1.38628489E-106  2.76987588E-156
  1.872810E-02  3.33535775E-106  3.33535775E-106  1.14699798E-155
  1.875643E-02  4.46897343E-106  4.46897343E-106  1.84174882E-155
  1.877063E-02  5.17309462E-106  5.17309462E-106  2.33390759E-155
  1.877916E-02  5.64772730E-106  5.64772730E-106  2.69025172E-155
  1.878200E-02  5.81512094E-106  5.81512094E-106  2.82049966E-155
  1.878770E-02  6.16640012E-106  6.16640012E-106  3.10111670E-155
  1.879054E-02  6.34946288E-106  6.34946288E-106  3.25111624E-155
  1.879909E-02  6.93367400E-106  6.93367400E-106  3.74761340E-155
  1.881335E-02  8.02859663E-106  8.02859663E-106  4.74866994E-155
  1.884195E-02  1.07659399E-105  1.07659399E-105  7.62626379E-155
  1.892824E-02  2.59467775E-105  2.59467775E-105  3.15696227E-154
  2.066333E-02  2.26675430E-098  2.26675430E-098  6.59827722E-143
  2.213929E-02  2.78713271E-093  2.78713271E-093  1.12913552E-134
  2.233874E-02  1.26243516E-092  1.26243516E-092  1.20812783E-133
  2.250091E-02  4.17360477E-092  4.17360477E-092  8.04311508E-133
  2.254182E-02  5.62389450E-092  5.62389450E-092  1.29186946E-132
  2.256233E-02  6.52798299E-092  6.52798299E-092  1.63722137E-132
  2.257465E-02  7.13848287E-092  7.13848287E-092  1.88720745E-132
  2.257877E-02  7.35495138E-092  7.35495138E-092  1.97898255E-132
  2.258699E-02  7.80252400E-092  7.80252400E-092  2.17552267E-132
  2.259111E-02  8.03402743E-092  8.03402743E-092  2.28119825E-132
  2.260346E-02  8.76936734E-092  8.76936734E-092  2.62945460E-132
  2.262409E-02  1.01486345E-091  1.01486345E-091  3.33260658E-132
  2.266545E-02  1.35904321E-091  1.35904321E-091  5.35238033E-132
  2.274862E-02  2.43678779E-091  2.43678779E-091  1.38042552E-131
  2.295926E-02  9.61791142E-091  9.61791142E-091  1.47427740E-130
  2.479600E-02  7.78632516E-086  7.78632516E-086  2.49847492E-122
  2.530204E-02  1.40744197E-084  1.40744197E-084  2.84945430E-120
  2.556289E-02  6.00135640E-084  6.00135640E-084  3.03927454E-119
  2.561570E-02  8.01995482E-084  8.01995482E-084  4.87867085E-119
  2.564219E-02  9.27122751E-084  9.27122751E-084  6.18121475E-119
  2.565811E-02  1.01138059E-083  1.01138059E-083  7.12416935E-119
  2.566342E-02  1.04112864E-083  1.04112864E-083  7.46935862E-119
  2.567405E-02  1.10329525E-083  1.10329525E-083  8.21096504E-119
  2.567937E-02  1.13576717E-083  1.13576717E-083  8.60906519E-119
  2.569534E-02  1.23900706E-083  1.23900706E-083  9.92265673E-119
  2.572199E-02  1.43225574E-083  1.43225574E-083  1.25710021E-118
  2.577547E-02  1.91399162E-083  1.91399162E-083  2.01788249E-118
  2.582917E-02  2.55766705E-083  2.55766705E-083  3.23889228E-118
  2.755111E-02  1.51698260E-079  1.51698260E-079  4.76439516E-112
  3.099500E-02  2.90627246E-073  2.90627246E-073  8.83811312E-102
  3.542286E-02  5.31198189E-067  5.31198189E-067  1.24176939E-091
  3.593623E-02  2.23809790E-066  2.23809790E-066  1.29660179E-090
  3.598839E-02  2.58420202E-066  2.58420202E-066  1.63934724E-090
  3.599884E-02  2.65959372E-066  2.65959372E-066  1.71807780E-090
  3.601976E-02  2.81705078E-066  2.81705078E-066  1.88707608E-090
  3.603022E-02  2.89916741E-066  2.89916741E-066  1.97762811E-090
  3.625146E-02  5.30261744E-066  5.30261744E-066  5.29514072E-090
  3.646471E-02  9.42255894E-066  9.42255894E-066  1.35257487E-089
  3.756970E-02  1.66720866E-064  1.66720866E-064  1.48175199E-087
  3.874375E-02  2.94017117E-063  2.94017117E-063  1.62038890E-085
  3.999355E-02  5.18285447E-062  5.18285447E-062  1.79236244E-083
  4.132667E-02  9.10380159E-061  9.10380159E-061  1.97563237E-081
  4.275172E-02  1.64608316E-059  1.64608316E-059  2.18310409E-079
  4.334965E-02  5.21255473E-059  5.21255473E-059  1.47110460E-078
  4.350175E-02  6.95248301E-059  6.95248301E-059  2.36892239E-078
  4.351702E-02  7.15564376E-059  7.15564376E-059  2.48449580E-078
  4.354759E-02  7.57990608E-059  7.57990608E-059  2.73279766E-078
  4.356290E-02  7.80150319E-059  7.80150319E-059  2.86617495E-078
  4.427857E-02  2.93275723E-058  2.93275723E-058  2.55733097E-077
  4.591852E-02  5.15768404E-057  5.15768404E-057  2.89398787E-075
  4.768462E-02  8.97114485E-056  8.97114485E-056  3.36019406E-073
  4.959200E-02  1.54605006E-054  1.54605006E-054  3.83311588E-071
  5.165833E-02  2.64633757E-053  2.64633757E-053  4.37789815E-069
  5.390435E-02  4.52309686E-052  4.52309686E-052  4.99077266E-067
  5.635455E-02  7.87958463E-051  7.87958463E-051  5.66773787E-065
  5.766512E-02  3.36503690E-050  3.36503690E-050  5.96613656E-064
  5.815197E-02  5.67257453E-050  5.67257453E-050  1.45141374E-063
  5.817926E-02  5.83952707E-050  5.83952707E-050  1.52524802E-063
  5.823391E-02  6.18826016E-050  6.18826016E-050  1.68428504E-063
  5.826128E-02  6.37039760E-050  6.37039760E-050  1.76990290E-063
  5.903810E-02  1.43463840E-049  1.43463840E-049  7.05608228E-063
  6.199000E-02  2.66008995E-048  2.66008995E-048  9.24531331E-061
  6.387429E-02  1.46359498E-047  1.46359498E-047  1.58627624E-059
  6.390722E-02  1.50642040E-047  1.50642040E-047  1.66429377E-059
  6.397317E-02  1.59583972E-047  1.59583972E-047  1.83196805E-059
  6.400620E-02  1.64252087E-047  1.64252087E-047  1.92203318E-059
  6.525263E-02  4.76505428E-047  4.76505428E-047  1.13065580E-058
  6.887778E-02  8.04110344E-046  8.04110344E-046  1.32415576E-056
  7.084571E-02  3.19174207E-045  3.19174207E-045  1.39772249E-055
  7.284371E-02  1.18806653E-044  1.18806653E-044  1.25264177E-054
  7.288654E-02  1.22093298E-044  1.22093298E-044  1.30995907E-054
  7.297234E-02  1.28877436E-044  1.28877436E-044  1.43238804E-054
  7.301531E-02  1.32372848E-044  1.32372848E-044  1.49772729E-054
  7.513939E-02  4.76246790E-044  4.76246790E-044  1.22236180E-053
  7.748750E-02  1.79079325E-043  1.79079325E-043  1.02873747E-052
  7.998710E-02  6.40371514E-043  6.40371513E-043  8.55331805E-052
  8.161949E-02  1.40537626E-042  1.40537626E-042  3.19842852E-051
  8.167325E-02  1.44138481E-042  1.44138481E-042  3.33779780E-051
  8.178100E-02  1.51619053E-042  1.51619053E-042  3.63514942E-051
  8.183498E-02  1.55502795E-042  1.55502794E-042  3.79365283E-051
  8.264782E-02  2.26587757E-042  2.26587756E-042  7.17164626E-051
  8.265884E-02  2.27749156E-042  2.27749155E-042  7.23329140E-051
  8.550345E-02  8.52194099E-042  8.52194093E-042  6.17659980E-050
  8.855714E-02  3.18088630E-041  3.18088625E-041  5.37698563E-049
  9.119088E-02  9.40886596E-041  9.40886565E-041  3.11746909E-048
  9.120000E-02  9.44144542E-041  9.44144510E-041  3.13596972E-048
  9.226000E-02  1.40367501E-040  1.40367495E-040  6.19036697E-048
  9.332000E-02  2.06541023E-040  2.06541011E-040  1.20383673E-047
  9.441000E-02  3.03286254E-040  3.03286231E-040  2.34953088E-047
  9.550000E-02  4.40988975E-040  4.40988930E-040  4.51730778E-047
  9.661000E-02  6.38640858E-040  6.38640772E-040  8.65810811E-047
  9.772000E-02  9.16257786E-040  9.16257622E-040  1.63536993E-046
  9.886000E-02  1.31401125E-039  1.31401094E-039  3.09643161E-046
  1.000000E-01  1.86727244E-039  1.86727186E-039  5.77831581E-046
  1.012000E-01  2.66524423E-039  2.66524314E-039  1.08330146E-045
  1.023000E-01  3.66258452E-039  3.66258261E-039  1.90882606E-045
  1.035000E-01  5.09588543E-039  5.09588194E-039  3.48740092E-045
  1.047000E-01  7.01638364E-039  7.01637737E-039  6.27452414E-045
  1.059000E-01  9.66387677E-039  9.66386564E-039  1.11238713E-044
  1.072000E-01  1.35818106E-038  1.35817903E-038  2.03568196E-044
  1.084000E-01  1.84820427E-038  1.84820076E-038  3.50597468E-044
  1.097000E-01  2.56489333E-038  2.56488711E-038  6.22512301E-044
  1.109000E-01  3.44287188E-038  3.44286144E-038  1.04371081E-043
  1.122000E-01  4.71386815E-038  4.71385013E-038  1.80242621E-043
  1.135000E-01  6.40159709E-038  6.40156639E-038  3.07005938E-043
  1.148000E-01  8.62263578E-038  8.62258418E-038  5.16017210E-043
  1.161000E-01  1.15537807E-037  1.15536951E-037  8.56417376E-043
  1.175000E-01  1.56995418E-037  1.56993960E-037  1.45773457E-042
  1.189000E-01  2.11812680E-037  2.11810232E-037  2.44770144E-042
  1.202000E-01  2.77873638E-037  2.77869724E-037  3.91450113E-042
  1.216000E-01  3.69407967E-037  3.69401554E-037  6.41236870E-042
  1.230000E-01  4.88031495E-037  4.88021116E-037  1.03789597E-041
  1.244000E-01  6.39994587E-037  6.39977980E-037  1.66063423E-041
  1.259000E-01  8.49592204E-037  8.49565061E-037  2.71433533E-041
  1.274000E-01  1.11952871E-036  1.11948487E-036  4.38329996E-041
  1.288000E-01  1.43860746E-036  1.43853961E-036  6.78490075E-041
  1.303000E-01  1.86878178E-036  1.86867598E-036  1.05799403E-040
  1.318000E-01  2.41150894E-036  2.41134264E-036  1.66295299E-040
  1.333000E-01  3.09072206E-036  3.09046308E-036  2.58978127E-040
  1.349000E-01  3.99572236E-036  3.99531097E-036  4.11390345E-040
  1.365000E-01  5.12716613E-036  5.12651888E-036  6.47250229E-040
  1.380000E-01  6.43077774E-036  6.42979606E-036  9.81684408E-040
  1.396000E-01  8.12774196E-036  8.12622409E-036  1.51787113E-039
  1.412000E-01  1.01784990E-035  1.01761718E-035  2.32727620E-039
  1.429000E-01  1.27311732E-035  1.27275404E-035  3.63279811E-039
  1.445000E-01  1.54398350E-035  1.54343545E-035  5.48046663E-039
  1.462000E-01  1.86421542E-035  1.86337391E-035  8.41510485E-039
  1.479000E-01  2.22479295E-035  2.22351105E-035  1.28190442E-038
  1.496000E-01  2.63329439E-035  2.63135642E-035  1.93796264E-038
  1.514000E-01  3.12220270E-035  3.11922455E-035  2.97815556E-038
  1.531000E-01  3.62203500E-035  3.61759836E-035  4.43664332E-038
  1.549000E-01  4.17941491E-035  4.17269798E-035  6.71693003E-038
  1.567000E-01  4.87619323E-035  4.86609676E-035  1.00964665E-037
  1.585000E-01  5.61927144E-035  5.60419948E-035  1.50719551E-037
  1.603000E-01  6.40930527E-035  6.38695418E-035  2.23510913E-037
  1.622000E-01  7.43348751E-035  7.39983891E-035  3.36486030E-037
  1.641000E-01  8.49687650E-035  8.44656119E-035  5.03153137E-037
  1.660000E-01  9.66500805E-035  9.59025346E-035  7.47545824E-037
  1.679000E-01  1.10606797E-034  1.09502938E-034  1.10385941E-036
  1.698000E-01  1.24924766E-034  1.23304335E-034  1.62043080E-036
  1.718000E-01  1.44720663E-034  1.42309236E-034  2.41142730E-036
  1.738000E-01  1.66538213E-034  1.62973520E-034  3.56469248E-036
  1.758000E-01  1.89589764E-034  1.84352957E-034  5.23680780E-036
  1.778000E-01  2.13376543E-034  2.05727680E-034  7.64886299E-036
  1.799000E-01  2.38390638E-034  2.27070669E-034  1.13199695E-035
  1.820000E-01  2.75676195E-034  2.59013062E-034  1.66631328E-035
  1.841000E-01  3.17503710E-034  2.93099115E-034  2.44045953E-035
  1.862000E-01  3.63580382E-034  3.28005593E-034  3.55747886E-035
  1.884000E-01  4.16809094E-034  3.64262212E-034  5.25468816E-035
  1.905000E-01  4.76692050E-034  4.00770103E-034  7.59219463E-035
  1.928000E-01  5.66592166E-034  4.53530209E-034  1.13061958E-034
  1.950000E-01  6.70018100E-034  5.05341723E-034  1.64676377E-034
  1.972000E-01  7.95717103E-034  5.57096390E-034  2.38620712E-034
  1.995000E-01  9.58661844E-034  6.09206143E-034  3.49455701E-034
  2.018000E-01  1.18860778E-033  6.80710099E-034  5.07897678E-034
  2.042000E-01  1.50830000E-033  7.65320938E-034  7.42979061E-034
  2.065000E-01  1.90679323E-033  8.49109909E-034  1.05768332E-033
  2.089000E-01  2.44490881E-033  9.37623280E-034  1.50728553E-033
  2.113000E-01  3.15358669E-033  1.04213438E-033  2.11145231E-033
  2.138000E-01  4.10965740E-033  1.17148925E-033  2.93816815E-033
  2.163000E-01  5.32272882E-033  1.32668365E-033  3.99604517E-033
  2.188000E-01  6.80977261E-033  1.50094835E-033  5.30882425E-033
  2.213000E-01  8.60202237E-033  1.70723270E-033  6.89478966E-033
  2.239000E-01  1.08185592E-032  1.96545954E-033  8.85309965E-033
  2.265000E-01  1.34179572E-032  2.26567887E-033  1.11522784E-032
  2.291000E-01  1.64519152E-032  2.62059858E-033  1.38313167E-032
  2.317000E-01  1.99752419E-032  3.02899567E-033  1.69462462E-032
  2.344000E-01  2.42404006E-032  3.51581307E-033  2.07245875E-032
  2.371000E-01  2.92455943E-032  4.08078808E-033  2.51648062E-032
  2.399000E-01  3.53636828E-032  4.74977379E-033  3.06139090E-032
  2.427000E-01  4.26315720E-032  5.52907210E-033  3.71024999E-032
  2.455000E-01  5.12582589E-032  6.41408377E-033  4.48441751E-032
  2.483000E-01  6.15054290E-032  7.41527869E-033  5.40901503E-032
  2.512000E-01  7.41293975E-032  8.56303624E-033  6.55663613E-032
  2.541000E-01  8.91668573E-032  9.81470352E-033  7.93521538E-032
  2.570000E-01  1.07100764E-031  1.12129636E-032  9.58878006E-032
  2.600000E-01  1.29256754E-031  1.28197258E-032  1.16437029E-031
  2.630000E-01  1.55742328E-031  1.46031043E-032  1.41139223E-031
  2.661000E-01  1.88488806E-031  1.66525484E-032  1.71836258E-031
  2.691000E-01  2.26306761E-031  1.88518657E-032  2.07454895E-031
  2.723000E-01  2.74468643E-031  2.14505254E-032  2.53018118E-031
  2.754000E-01  3.30160106E-031  2.42251632E-032  3.05934943E-031
  2.786000E-01  3.98587830E-031  2.73688716E-032  3.71218959E-031
  2.818000E-01  4.80007898E-031  3.08296997E-032  4.49178198E-031
  2.851000E-01  5.79875741E-031  3.47540424E-032  5.45121699E-031
  2.884000E-01  6.98598917E-031  3.90560955E-032  6.59542821E-031
  2.917000E-01  8.39254694E-031  4.37678228E-032  7.95486871E-031
  2.951000E-01  1.01082368E-030  4.90596344E-032  9.61764048E-031
  2.985000E-01  1.21375319E-030  5.48392208E-032  1.15891396E-030
  3.020000E-01  1.46060206E-030  6.13298188E-032  1.39927225E-030
  3.055000E-01  1.66958760E-030  6.84021497E-032  1.60118545E-030
  3.090000E-01  1.96734598E-030  7.60900919E-032  1.89125589E-030
  3.126000E-01  2.31721115E-030  8.46259712E-032  2.23258518E-030
  3.162000E-01  2.71507497E-030  9.38566942E-032  2.62121827E-030
  3.199000E-01  3.17760282E-030  1.04124028E-031  3.07347879E-030
  3.236000E-01  3.69731413E-030  1.15222606E-031  3.58209153E-030
  3.273000E-01  4.27561377E-030  1.27190262E-031  4.14842351E-030
  3.311000E-01  4.92944912E-030  1.40422520E-031  4.78902660E-030
  3.350000E-01  5.65783113E-030  1.55049862E-031  5.50278127E-030
  3.388000E-01  6.41115837E-030  1.70368309E-031  6.24079006E-030
  3.428000E-01  7.22725113E-030  1.87680054E-031  7.03957107E-030
  3.467000E-01  8.01150443E-030  2.05715487E-031  7.80578894E-030
  3.507000E-01  8.76212382E-030  2.25472295E-031  8.53665153E-030
  3.548000E-01  9.44552639E-030  2.47128094E-031  9.19839830E-030
  3.589000E-01  1.00613749E-029  2.70260336E-031  9.79111453E-030
  3.631000E-01  1.07071345E-029  2.95544147E-031  1.04115903E-029
  3.673000E-01  1.14786750E-029  3.22461603E-031  1.11562134E-029
  3.715000E-01  1.24605146E-029  3.51067844E-031  1.21094468E-029
  3.758000E-01  1.37278721E-029  3.82185424E-031  1.33456867E-029
  3.802000E-01  1.53086732E-029  4.16003987E-031  1.48926693E-029
  3.846000E-01  1.71565808E-029  4.51816835E-031  1.67047640E-029
  3.891000E-01  1.92738907E-029  4.90595908E-031  1.87832948E-029
  3.936000E-01  2.15467313E-029  5.31638726E-031  2.10150925E-029
  3.981000E-01  2.38807018E-029  5.75005258E-031  2.33056965E-029
  4.027000E-01  2.62078716E-029  6.21641632E-031  2.55862300E-029
  4.074000E-01  2.83546579E-029  6.71784059E-031  2.76828739E-029
  4.121000E-01  3.00462699E-029  7.24604338E-031  2.93216656E-029
  4.169000E-01  3.10624943E-029  7.81371093E-031  3.02811232E-029
  4.217000E-01  3.12144759E-029  8.41047542E-031  3.03734284E-029
  4.266000E-01  3.05702704E-029  9.05025739E-031  2.96652446E-029
  4.315000E-01  2.94699078E-029  9.72149366E-031  2.84977584E-029
  4.365000E-01  2.83094199E-029  1.04395871E-030  2.72654612E-029
  4.416000E-01  2.73802130E-029  1.12059905E-030  2.62596140E-029
  4.467000E-01  2.67886158E-029  1.20054288E-030  2.55880729E-029
  4.519000E-01  2.64584580E-029  1.28573509E-030  2.51727229E-029
  4.571000E-01  2.62519778E-029  1.37468911E-030  2.48772887E-029
  4.624000E-01  2.59985571E-029  1.46926760E-030  2.45292895E-029
  4.677000E-01  2.55850068E-029  1.56783668E-030  2.40171702E-029
  4.732000E-01  2.49837403E-029  1.67438305E-030  2.33093573E-029
  4.786000E-01  2.43345876E-029  1.78324510E-030  2.25513425E-029
  4.842000E-01  2.37476383E-029  1.90062129E-030  2.18470170E-029
  4.898000E-01  2.33485030E-029  2.02246025E-030  2.13260427E-029
  4.954000E-01  2.31597266E-029  2.14883162E-030  2.10108949E-029
  5.012000E-01  2.31640544E-029  2.28457381E-030  2.08794806E-029
  5.070000E-01  2.33420088E-029  2.42527258E-030  2.09167362E-029
  5.129000E-01  2.36839289E-029  2.57349131E-030  2.11104376E-029
  5.188000E-01  2.41849612E-029  2.72685189E-030  2.14581093E-029
  5.248000E-01  2.48479733E-029  2.88808326E-030  2.19598900E-029
  5.309000E-01  2.56459142E-029  3.05744438E-030  2.25884699E-029
  5.370000E-01  2.65098347E-029  3.23228067E-030  2.32775540E-029
  5.433000E-01  2.74010115E-029  3.41857740E-030  2.39824341E-029
  5.495000E-01  2.82282474E-029  3.60757516E-030  2.46206723E-029
  5.559000E-01  2.90462253E-029  3.80785031E-030  2.52383750E-029
  5.623000E-01  2.98724628E-029  4.01389483E-030  2.58585680E-029
  5.688000E-01  3.07864709E-029  4.22907871E-030  2.65573922E-029
  5.754000E-01  3.18264782E-029  4.45362152E-030  2.73728566E-029
  5.821000E-01  3.29877729E-029  4.68773606E-030  2.83000368E-029
  5.888000E-01  3.42175425E-029  4.92799606E-030  2.92895464E-029
  5.957000E-01  3.55125377E-029  5.18177064E-030  3.03307670E-029
  6.026000E-01  3.68147267E-029  5.44189351E-030  3.13728332E-029
  6.095000E-01  3.81384177E-029  5.70827126E-030  3.24301464E-029
  6.166000E-01  3.95616558E-029  5.98879519E-030  3.35728607E-029
  6.237000E-01  4.10735536E-029  6.27572541E-030  3.47978282E-029
  6.310000E-01  4.27133513E-029  6.57729482E-030  3.61360565E-029
  6.383000E-01  4.44086724E-029  6.88538186E-030  3.75232905E-029
  6.457000E-01  4.61504428E-029  7.20420240E-030  3.89462404E-029
  6.531000E-01  4.78980909E-029  7.52943582E-030  4.03686551E-029
  6.607000E-01  4.97313864E-029  7.87008246E-030  4.18613039E-029
  6.683000E-01  5.16695507E-029  8.21726202E-030  4.34522887E-029
  6.761000E-01  5.38486815E-029  8.58011714E-030  4.52685644E-029
  6.839000E-01  5.62858623E-029  8.94941439E-030  4.73364479E-029
  6.918000E-01  5.90388254E-029  9.32982240E-030  4.97090030E-029
  6.998000E-01  6.21051901E-029  9.72138484E-030  5.23838053E-029
  7.079000E-01  6.54726100E-029  1.01243506E-029  5.53482594E-029
  7.161000E-01  6.91056302E-029  1.05385457E-029  5.85670845E-029
  7.244000E-01  7.29721090E-029  1.09639644E-029  6.20081445E-029
  7.328000E-01  7.70404057E-029  1.14005964E-029  6.56398093E-029
  7.413000E-01  8.12854133E-029  1.18484132E-029  6.94370001E-029
  7.499000E-01  8.57013602E-029  1.23073741E-029  7.33939861E-029
  7.586000E-01  9.03144998E-029  1.27774236E-029  7.75370762E-029
  7.674000E-01  9.51777584E-029  1.32584896E-029  8.19192688E-029
  7.763000E-01  1.00344717E-028  1.37504889E-029  8.65942283E-029
  7.852000E-01  1.05786825E-028  1.42477032E-029  9.15391219E-029
  7.943000E-01  1.11643694E-028  1.47611953E-029  9.68824990E-029
  8.035000E-01  1.17881356E-028  1.52841547E-029  1.02597201E-028
  8.128000E-01  1.24531992E-028  1.58156457E-029  1.08716346E-028
  8.222000E-01  1.31611119E-028  1.63571907E-029  1.15253929E-028
  8.318000E-01  1.39235008E-028  1.69144350E-029  1.22320573E-028
  8.414000E-01  1.47283569E-028  1.74755752E-029  1.29807993E-028
  8.511000E-01  1.55881270E-028  1.80461884E-029  1.37835082E-028
  8.610000E-01  1.65187115E-028  1.86319914E-029  1.46555123E-028
  8.710000E-01  1.75200683E-028  1.92268787E-029  1.55973805E-028
  8.810000E-01  1.85926492E-028  1.98246105E-029  1.66101882E-028
  8.913000E-01  1.97856672E-028  2.04428971E-029  1.77413775E-028
  9.016000E-01  2.10887814E-028  2.10630373E-029  1.89824776E-028
  9.120000E-01  2.25484442E-028  2.16890251E-029  2.03795417E-028
  9.226000E-01  2.42231056E-028  2.23286016E-029  2.19902454E-028
  9.333000E-01  2.61694330E-028  2.29754370E-029  2.38718893E-028
  9.441000E-01  2.84948698E-028  2.36292121E-029  2.61319486E-028
  9.550000E-01  3.13697255E-028  2.42895899E-029  2.89407665E-028
  9.661000E-01  3.51123094E-028  2.49622939E-029  3.26160801E-028
  9.772000E-01  4.01378074E-028  2.56348552E-029  3.75743219E-028
  9.886000E-01  4.74851794E-028  2.63250845E-029  4.48526710E-028
  1.000000E+00  5.86213361E-028  2.70144682E-029  5.59198893E-028
  1.012000E+00  7.76337803E-028  2.77410937E-029  7.48596709E-028
  1.023000E+00  1.06131066E-027  2.84057612E-029  1.03290490E-027
  1.035000E+00  1.52450225E-027  2.91289805E-029  1.49537327E-027
  1.047000E+00  1.96612585E-027  2.98499000E-029  1.93627595E-027
  1.059000E+00  1.97500691E-027  3.05681878E-029  1.94443872E-027
  1.071000E+00  1.64119252E-027  3.12835230E-029  1.60990900E-027
  1.084000E+00  1.29661450E-027  3.20547852E-029  1.26455971E-027
  1.097000E+00  1.07852683E-027  3.28218621E-029  1.04570496E-027
  1.109000E+00  9.62836525E-028  3.35259166E-029  9.29310608E-028
  1.122000E+00  8.96732218E-028  3.42839871E-029  8.62448231E-028
  1.135000E+00  8.71724158E-028  3.50355285E-029  8.36688629E-028
  1.148000E+00  8.76886303E-028  3.57806580E-029  8.41105645E-028
  1.161000E+00  9.07633449E-028  3.65199944E-029  8.71113455E-028
  1.175000E+00  9.68928367E-028  3.73094337E-029  9.31618933E-028
  1.189000E+00  1.06209373E-027  3.80915648E-029  1.02400216E-027
  1.202000E+00  1.18037776E-027  3.88110510E-029  1.14156670E-027
  1.216000E+00  1.34243349E-027  3.95783422E-029  1.30285515E-027
  1.230000E+00  1.53027603E-027  4.03375891E-029  1.48993844E-027
  1.245000E+00  1.72622862E-027  4.11536395E-029  1.68507498E-027
  1.259000E+00  1.85605965E-027  4.19236663E-029  1.81413598E-027
  1.273000E+00  1.89973751E-027  4.26834568E-029  1.85705405E-027
  1.288000E+00  1.85540563E-027  4.34886662E-029  1.81191696E-027
  1.303000E+00  1.75594318E-027  4.42845217E-029  1.71165865E-027
  1.318000E+00  1.64199095E-027  4.50743934E-029  1.59691655E-027
  1.334000E+00  1.53051269E-027  4.59069842E-029  1.48460571E-027
  1.349000E+00  1.44412865E-027  4.66774994E-029  1.39745115E-027
  1.365000E+00  1.37185291E-027  4.74885282E-029  1.32436439E-027
  1.380000E+00  1.32027035E-027  4.82383331E-029  1.27203202E-027
  1.396000E+00  1.27938475E-027  4.90256820E-029  1.23035907E-027
  1.413000E+00  1.24824830E-027  4.98495525E-029  1.19839874E-027
  1.429000E+00  1.22786914E-027  5.06129368E-029  1.17725620E-027
  1.445000E+00  1.21416132E-027  5.13645993E-029  1.16279672E-027
  1.462000E+00  1.20536086E-027  5.21501808E-029  1.15321068E-027
  1.479000E+00  1.20150692E-027  5.29217495E-029  1.14858517E-027
  1.496000E+00  1.20119704E-027  5.36799417E-029  1.14751710E-027
  1.514000E+00  1.20387639E-027  5.44681475E-029  1.14940824E-027
  1.531000E+00  1.20862409E-027  5.51988003E-029  1.15342529E-027
  1.549000E+00  1.21547266E-027  5.59578877E-029  1.15951477E-027
  1.567000E+00  1.22421311E-027  5.66942174E-029  1.16751889E-027
  1.585000E+00  1.23408033E-027  5.74151615E-029  1.17666516E-027
  1.603000E+00  1.24475243E-027  5.81211639E-029  1.18663126E-027
  1.622000E+00  1.25659893E-027  5.88502804E-029  1.19774865E-027
  1.641000E+00  1.26876122E-027  5.95629784E-029  1.20919824E-027
  1.660000E+00  1.28094148E-027  6.02626666E-029  1.22067881E-027
  1.679000E+00  1.29284189E-027  6.09492790E-029  1.23189261E-027
  1.698000E+00  1.30413268E-027  6.16200397E-029  1.24251264E-027
  1.718000E+00  1.31489389E-027  6.23091528E-029  1.25258474E-027
  1.738000E+00  1.32386990E-027  6.29810806E-029  1.26088882E-027
  1.758000E+00  1.33018953E-027  6.36360364E-029  1.26655349E-027
  1.778000E+00  1.33281374E-027  6.42853455E-029  1.26852839E-027
  1.799000E+00  1.33000694E-027  6.49723567E-029  1.26503459E-027
  1.820000E+00  1.31901661E-027  6.56419740E-029  1.25337464E-027
  1.841000E+00  1.29818151E-027  6.62944425E-029  1.23188707E-027
  1.862000E+00  1.26910323E-027  6.69300147E-029  1.20217321E-027
  1.884000E+00  1.24017391E-027  6.75780140E-029  1.17259590E-027
  1.906000E+00  1.23248521E-027  6.82080590E-029  1.16427715E-027
  1.928000E+00  1.25947539E-027  6.88259273E-029  1.19064946E-027
  1.950000E+00  1.31181113E-027  6.94269081E-029  1.24238422E-027
  1.972000E+00  1.37170882E-027  7.00109311E-029  1.30169789E-027
  1.995000E+00  1.43034478E-027  7.06037001E-029  1.35974108E-027
  2.018000E+00  1.48121597E-027  7.11786308E-029  1.41003734E-027
  2.042000E+00  1.52652283E-027  7.17599224E-029  1.45476291E-027
  2.065000E+00  1.56407177E-027  7.22995111E-029  1.49177226E-027
  2.089000E+00  1.59882850E-027  7.28425564E-029  1.52598594E-027
  2.114000E+00  1.63142213E-027  7.33891286E-029  1.55803300E-027
  2.138000E+00  1.66027698E-027  7.39097210E-029  1.58636726E-027
  2.163000E+00  1.68840860E-027  7.44410925E-029  1.61396750E-027
  2.188000E+00  1.71498890E-027  7.49546458E-029  1.64003425E-027
  2.213000E+00  1.74042851E-027  7.54457193E-029  1.66498279E-027
  2.239000E+00  1.76593573E-027  7.59335855E-029  1.69000214E-027
  2.265000E+00  1.79089376E-027  7.64047421E-029  1.71448902E-027
  2.291000E+00  1.81558662E-027  7.68602341E-029  1.73872639E-027
  2.317000E+00  1.83974000E-027  7.72987377E-029  1.76244127E-027
  2.344000E+00  1.86435506E-027  7.77366220E-029  1.78661844E-027
  2.371000E+00  1.88858409E-027  7.81571900E-029  1.81042690E-027
  2.399000E+00  1.91338882E-027  7.85755755E-029  1.83481324E-027
  2.427000E+00  1.93807930E-027  7.89770676E-029  1.85910223E-027
  2.455000E+00  1.96368213E-027  7.93668701E-029  1.88431526E-027
  2.483000E+00  1.98915867E-027  7.97418405E-029  1.90941683E-027
  2.512000E+00  2.01507858E-027  8.01256237E-029  1.93495296E-027
  2.541000E+00  2.04111969E-027  8.04928913E-029  1.96062680E-027
  2.570000E+00  2.06740284E-027  8.08441723E-029  1.98655866E-027
  2.600000E+00  2.09499719E-027  8.11912875E-029  2.01380590E-027
  2.630000E+00  2.12318725E-027  8.15224028E-029  2.04166485E-027
  2.661000E+00  2.15318357E-027  8.18483268E-029  2.07133524E-027
  2.691000E+00  2.18333964E-027  8.21485701E-029  2.10119107E-027
  2.723000E+00  2.21713257E-027  8.24529776E-029  2.13467959E-027
  2.754000E+00  2.25198239E-027  8.27328235E-029  2.16924957E-027
  2.786000E+00  2.29155257E-027  8.30231630E-029  2.20852940E-027
  2.818000E+00  2.33506237E-027  8.32995619E-029  2.25176281E-027
  2.851000E+00  2.38544038E-027  8.35699104E-029  2.30187046E-027
  2.884000E+00  2.44345092E-027  8.38259130E-029  2.35962500E-027
  2.917000E+00  2.51208130E-027  8.40681426E-029  2.42801316E-027
  2.951000E+00  2.59864394E-027  8.43038777E-029  2.51434006E-027
  2.985000E+00  2.70890630E-027  8.45261455E-029  2.62438015E-027
  3.020000E+00  2.86052787E-027  8.47414705E-029  2.77578640E-027
  3.055000E+00  3.07484334E-027  8.49437024E-029  2.98989963E-027
  3.090000E+00  3.39777184E-027  8.51334071E-029  3.31263843E-027
  3.126000E+00  3.94583071E-027  8.53798244E-029  3.86045089E-027
  3.162000E+00  4.96354457E-027  8.56370583E-029  4.87790751E-027
  3.199000E+00  7.29507503E-027  8.58890502E-029  7.20918598E-027
  3.236000E+00  1.43443384E-026  8.61290306E-029  1.42582094E-026
  3.273000E+00  5.17109998E-026  8.63379417E-029  5.16246619E-026
  3.311000E+00  1.12893822E-025  8.64889581E-029  1.12807333E-025
  3.350000E+00  2.27059592E-026  8.66329292E-029  2.26193263E-026
  3.388000E+00  9.91834571E-027  8.67630196E-029  9.83158269E-027
  3.428000E+00  6.23864088E-027  8.68479479E-029  6.15179293E-027
  3.467000E+00  4.81914736E-027  8.69008027E-029  4.73224656E-027
  3.507000E+00  4.10339429E-027  8.69461197E-029  4.01644817E-027
  3.548000E+00  3.69968294E-027  8.69837863E-029  3.61269916E-027
  3.589000E+00  3.45970970E-027  8.70131148E-029  3.37269659E-027
  3.631000E+00  3.30619504E-027  8.70350705E-029  3.21915997E-027
  3.673000E+00  3.20847054E-027  8.70384419E-029  3.12143210E-027
  3.715000E+00  3.14579804E-027  8.70283848E-029  3.05876966E-027
  3.758000E+00  3.10543913E-027  8.70114256E-029  3.01842770E-027
  3.802000E+00  3.08138830E-027  8.69876194E-029  2.99440068E-027
  3.846000E+00  3.06987371E-027  8.69578082E-029  2.98291591E-027
  3.891000E+00  3.06808227E-027  8.69216483E-029  2.98116062E-027
  3.935000E+00  3.07419204E-027  8.68812977E-029  2.98731074E-027
  3.981000E+00  3.08679875E-027  8.68342997E-029  2.99996445E-027
  4.027000E+00  3.10471087E-027  8.67828592E-029  3.01792801E-027
  4.074000E+00  3.12775118E-027  8.67261901E-029  3.04102499E-027
  4.121000E+00  3.15509442E-027  8.66658283E-029  3.06842859E-027
  4.169000E+00  3.18725513E-027  8.65414879E-029  3.10071364E-027
  4.217000E+00  3.22348161E-027  8.63955299E-029  3.13708608E-027
  4.266000E+00  3.26460212E-027  8.62447158E-029  3.17835740E-027
  4.315000E+00  3.31000224E-027  8.60924836E-029  3.22390975E-027
  4.365000E+00  3.36096056E-027  8.59360968E-029  3.27502446E-027
  4.416000E+00  3.41811731E-027  8.57758970E-029  3.33234142E-027
  4.467000E+00  3.48176030E-027  8.56725532E-029  3.39608774E-027
  4.519000E+00  3.55350736E-027  8.55846818E-029  3.46792268E-027
  4.571000E+00  3.63290345E-027  8.54966807E-029  3.54740677E-027
  4.624000E+00  3.72303340E-027  8.54072129E-029  3.63762619E-027
  4.677000E+00  3.82429731E-027  8.53183227E-029  3.73897898E-027
  4.732000E+00  3.94392195E-027  8.52270419E-029  3.85869491E-027
  4.786000E+00  4.08029498E-027  8.51764623E-029  3.99511852E-027
  4.842000E+00  4.24860348E-027  8.52075614E-029  4.16339592E-027
  4.898000E+00  4.45398352E-027  8.52397910E-029  4.36874373E-027
  4.955000E+00  4.72101082E-027  8.52740874E-029  4.63573673E-027
  5.012000E+00  5.08529786E-027  8.53300607E-029  4.99996780E-027
  5.070000E+00  5.64201712E-027  8.54596758E-029  5.55655745E-027
  5.129000E+00  6.61701274E-027  8.55934334E-029  6.53141931E-027
  5.188000E+00  8.50557256E-027  8.57995238E-029  8.41977304E-027
  5.248000E+00  1.14145380E-026  8.61307643E-029  1.13284072E-026
  5.309000E+00  1.13065607E-026  8.64693122E-029  1.12200914E-026
  5.370000E+00  9.43735336E-027  8.68099957E-029  9.35054336E-027
  5.432000E+00  8.91572389E-027  8.71587951E-029  8.82856509E-027
  5.495000E+00  9.55400202E-027  8.75161667E-029  9.46648586E-027
  5.559000E+00  1.14709805E-026  8.80176566E-029  1.13829628E-026
  5.623000E+00  1.55103753E-026  8.85649720E-029  1.54218104E-026
  5.688000E+00  2.07547227E-026  8.92553203E-029  2.06654674E-026
  5.754000E+00  1.96807038E-026  8.99918217E-029  1.95907120E-026
  5.821000E+00  1.72702336E-026  9.07433650E-029  1.71794902E-026
  5.888000E+00  1.80013208E-026  9.14992510E-029  1.79098216E-026
  5.957000E+00  2.20605544E-026  9.23941778E-029  2.19681603E-026
  6.026000E+00  3.13792469E-026  9.33282385E-029  3.12859186E-026
  6.095000E+00  5.28577512E-026  9.42682414E-029  5.27634830E-026
  6.166000E+00  1.03028061E-025  9.52421736E-029  1.02932819E-025
  6.237000E+00  1.33312917E-025  9.61339533E-029  1.33216783E-025
  6.310000E+00  8.00293872E-026  9.69792892E-029  7.99324079E-026
  6.383000E+00  4.84470906E-026  9.77703086E-029  4.83493203E-026
  6.457000E+00  3.72909126E-026  9.84568789E-029  3.71924558E-026
  6.531000E+00  3.48364090E-026  9.91457526E-029  3.47372632E-026
  6.607000E+00  3.62009689E-026  9.97442352E-029  3.61012246E-026
  6.683000E+00  3.80237349E-026  1.00356149E-028  3.79233787E-026
  6.761000E+00  3.80565771E-026  1.00940592E-028  3.79556365E-026
  6.839000E+00  3.72056702E-026  1.01520830E-028  3.71041493E-026
  6.918000E+00  3.74895435E-026  1.02170348E-028  3.73873731E-026
  6.998000E+00  3.98292306E-026  1.03340291E-028  3.97258903E-026
  7.080000E+00  4.45332807E-026  1.04558168E-028  4.44287226E-026
  7.161000E+00  5.15695557E-026  1.07741087E-028  5.14618146E-026
  7.244000E+00  6.15841520E-026  1.11174248E-028  6.14729777E-026
  7.328000E+00  7.57119527E-026  1.17352739E-028  7.55946000E-026
  7.413000E+00  9.71301259E-026  1.27549962E-028  9.70025760E-026
  7.499000E+00  1.30510762E-025  1.38060568E-028  1.30372702E-025
  7.586000E+00  1.64431279E-025  1.61735200E-028  1.64269544E-025
  7.674000E+00  1.67324783E-025  1.89025070E-028  1.67135758E-025
  7.762000E+00  1.62783910E-025  2.20131314E-028  1.62563778E-025
  7.852000E+00  1.57643689E-025  2.71745760E-028  1.57371943E-025
  7.943000E+00  1.30568221E-025  3.25227931E-028  1.30242993E-025
  8.035000E+00  9.79277068E-026  3.89903003E-028  9.75378038E-026
  8.128000E+00  7.60227320E-026  4.71284916E-028  7.55514471E-026
  8.222000E+00  6.49382368E-026  5.55195916E-028  6.43830409E-026
  8.318000E+00  6.09696426E-026  6.39178102E-028  6.03304645E-026
  8.414000E+00  6.19599957E-026  7.17223760E-028  6.12427719E-026
  8.511000E+00  7.11105876E-026  7.89801728E-028  7.03207859E-026
  8.610000E+00  7.94043145E-026  8.63204432E-028  7.85411101E-026
  8.710000E+00  6.33488931E-026  9.49222467E-028  6.23996706E-026
  8.811000E+00  4.47499173E-026  1.05106300E-027  4.36988543E-026
  8.913000E+00  3.41537361E-026  1.16681376E-027  3.29869223E-026
  9.016000E+00  2.83490598E-026  1.29156646E-027  2.70574934E-026
  9.120000E+00  2.49294636E-026  1.41749877E-027  2.35119649E-026
  9.226000E+00  2.27455478E-026  1.52650240E-027  2.12190454E-026
  9.333000E+00  2.12896713E-026  1.60634101E-027  1.96833303E-026
  9.441000E+00  2.02867013E-026  1.65413300E-027  1.86325683E-026
  9.550000E+00  1.95900194E-026  1.67115486E-027  1.79188645E-026
  9.660000E+00  1.91171687E-026  1.65940975E-027  1.74577590E-026
  9.772000E+00  1.88337809E-026  1.63402017E-027  1.71997608E-026
  9.885000E+00  1.87313437E-026  1.60805415E-027  1.71232896E-026
  1.000000E+01  1.88054925E-026  1.58391957E-027  1.72215729E-026
  1.012000E+01  1.90828594E-026  1.56457593E-027  1.75182835E-026
  1.023000E+01  1.95310575E-026  1.54272488E-027  1.79883327E-026
  1.035000E+01  2.02895902E-026  1.51180642E-027  1.87777838E-026
  1.047000E+01  2.14524339E-026  1.45984594E-027  1.99925880E-026
  1.059000E+01  2.33781512E-026  1.39806602E-027  2.19800852E-026
  1.072000E+01  2.65048849E-026  1.33112171E-027  2.51737631E-026
  1.084000E+01  3.08163678E-026  1.27685956E-027  2.95395083E-026
  1.097000E+01  4.11049238E-026  1.22715549E-027  3.98777683E-026
  1.109000E+01  6.60912011E-026  1.18506680E-027  6.49061343E-026
  1.122000E+01  1.65145500E-025  1.13923325E-027  1.64006267E-025
  1.135000E+01  1.29126036E-025  1.09751129E-027  1.28028525E-025
  1.148000E+01  8.41166836E-026  1.05868345E-027  8.30580001E-026
  1.161000E+01  5.95620744E-026  1.02500405E-027  5.85370704E-026
  1.175000E+01  5.45592481E-026  9.87493854E-028  5.35717542E-026
  1.189000E+01  6.05465332E-026  9.47304477E-028  5.95992287E-026
  1.202000E+01  6.38845061E-026  9.10839074E-028  6.29736670E-026
  1.216000E+01  5.87612712E-026  8.72392939E-028  5.78888783E-026
  1.230000E+01  5.77670526E-026  8.41054365E-028  5.69259982E-026
  1.244000E+01  6.74281682E-026  8.11499480E-028  6.66166688E-026
  1.259000E+01  8.27515822E-026  7.79241635E-028  8.19723406E-026
  1.273000E+01  7.75746711E-026  7.50116665E-028  7.68245544E-026
  1.288000E+01  5.54669228E-026  7.19244821E-028  5.47476779E-026
  1.303000E+01  4.44616211E-026  6.94402629E-028  4.37672184E-026
  1.318000E+01  4.07815131E-026  6.70664452E-028  4.01108486E-026
  1.334000E+01  4.22400151E-026  6.48457580E-028  4.15915575E-026
  1.349000E+01  4.36008515E-026  6.27474487E-028  4.29733771E-026
  1.365000E+01  3.86434776E-026  6.11716347E-028  3.80317613E-026
  1.380000E+01  3.40896637E-026  5.98140127E-028  3.34915236E-026
  1.396000E+01  3.22207430E-026  5.97462589E-028  3.16232804E-026
  1.412000E+01  3.33448215E-026  5.99417019E-028  3.27454045E-026
  1.429000E+01  3.19938248E-026  6.17022502E-028  3.13768023E-026
  1.445000E+01  2.92536548E-026  6.36525162E-028  2.86171296E-026
  1.462000E+01  2.81313810E-026  6.68220973E-028  2.74631600E-026
  1.479000E+01  2.77240409E-026  7.01882737E-028  2.70221582E-026
  1.496000E+01  2.76083675E-026  7.39130243E-028  2.68692372E-026
  1.514000E+01  2.76574218E-026  7.80862301E-028  2.68765595E-026
  1.531000E+01  2.78279451E-026  8.24303642E-028  2.70036415E-026
  1.549000E+01  2.81498161E-026  8.72261807E-028  2.72775543E-026
  1.567000E+01  2.87209340E-026  9.23946021E-028  2.77969880E-026
  1.585000E+01  2.98277344E-026  9.77674777E-028  2.88500596E-026
  1.603000E+01  3.07811389E-026  1.03412442E-027  2.97470144E-026
  1.622000E+01  3.33971934E-026  1.09602565E-027  3.23011677E-026
  1.641000E+01  4.46563890E-026  1.15973089E-027  4.34966581E-026
  1.660000E+01  4.00253722E-026  1.22483003E-027  3.88005422E-026
  1.679000E+01  3.94607002E-026  1.29060763E-027  3.81700925E-026
  1.698000E+01  4.10821293E-026  1.35368752E-027  3.97284418E-026
  1.718000E+01  4.08004156E-026  1.42120080E-027  3.93792148E-026
  1.738000E+01  4.08271686E-026  1.48579051E-027  3.93413781E-026
  1.758000E+01  3.48081903E-026  1.54961912E-027  3.32585712E-026
  1.778000E+01  3.29291117E-026  1.60950175E-027  3.13196099E-026
  1.799000E+01  3.09212134E-026  1.66384746E-027  2.92573660E-026
  1.820000E+01  2.89484847E-026  1.71760813E-027  2.72308766E-026
  1.841000E+01  2.79667925E-026  1.76018873E-027  2.62066037E-026
  1.862000E+01  2.73113750E-026  1.79959254E-027  2.55117825E-026
  1.884000E+01  2.67640419E-026  1.83521978E-027  2.49288221E-026
  1.906000E+01  2.62504291E-026  1.85678597E-027  2.43936431E-026
  1.927000E+01  2.57716977E-026  1.87654147E-027  2.38951563E-026
  1.950000E+01  2.52614897E-026  1.88863701E-027  2.33728527E-026
  1.972000E+01  2.48049313E-026  1.89304857E-027  2.29118827E-026
  1.995000E+01  2.43727457E-026  1.89725145E-027  2.24754943E-026
  2.018000E+01  2.39779481E-026  1.89544158E-027  2.20825065E-026
  2.042000E+01  2.36081329E-026  1.89608491E-027  2.17120480E-026
  2.065000E+01  2.32916527E-026  1.90279511E-027  2.13888576E-026
  2.089000E+01  2.29880967E-026  1.90867065E-027  2.10794260E-026
  2.114000E+01  2.26971001E-026  1.91398874E-027  2.07831114E-026
  2.138000E+01  2.24390960E-026  1.91849734E-027  2.05205986E-026
  2.163000E+01  2.21963754E-026  1.92814658E-027  2.02682288E-026
  2.188000E+01  2.19729913E-026  1.93765670E-027  2.00353346E-026
  2.213000E+01  2.17676340E-026  1.94701211E-027  1.98206219E-026
  2.239000E+01  2.15647366E-026  1.94947203E-027  1.96152646E-026
  2.265000E+01  2.13810109E-026  1.95376728E-027  1.94272436E-026
  2.291000E+01  2.12170418E-026  1.96102530E-027  1.92560165E-026
  2.317000E+01  2.10744030E-026  1.97311708E-027  1.91012859E-026
  2.344000E+01  2.09432926E-026  1.98624521E-027  1.89570474E-026
  2.371000E+01  2.08256858E-026  1.99626487E-027  1.88294209E-026
  2.399000E+01  2.07221314E-026  2.00828318E-027  1.87138482E-026
  2.427000E+01  2.06367247E-026  2.02177514E-027  1.86149495E-026
  2.455000E+01  2.05680926E-026  2.03638261E-027  1.85317100E-026
  2.483000E+01  2.05147683E-026  2.05061808E-027  1.84641502E-026
  2.512000E+01  2.04721023E-026  2.06248096E-027  1.84096213E-026
  2.541000E+01  2.04464417E-026  2.07640211E-027  1.83700396E-026
  2.570000E+01  2.04365381E-026  2.09028340E-027  1.83462547E-026
  2.600000E+01  2.04426237E-026  2.10459689E-027  1.83380268E-026
  2.630000E+01  2.04650947E-026  2.11885900E-027  1.83462357E-026
  2.661000E+01  2.05053250E-026  2.13353872E-027  1.83717863E-026
  2.692000E+01  2.05626729E-026  2.14815623E-027  1.84145167E-026
  2.723000E+01  2.06369999E-026  2.16270854E-027  1.84742913E-026
  2.754000E+01  2.07282014E-026  2.17719336E-027  1.85510081E-026
  2.786000E+01  2.08295535E-026  2.19540513E-027  1.86341484E-026
  2.818000E+01  2.09461086E-026  2.21370242E-027  1.87324062E-026
  2.851000E+01  2.10823156E-026  2.23252422E-027  1.88497914E-026
  2.884000E+01  2.12344841E-026  2.25129706E-027  1.89831870E-026
  2.917000E+01  2.14023227E-026  2.27002052E-027  1.91323022E-026
  2.951000E+01  2.15913313E-026  2.28926005E-027  1.93020713E-026
  2.985000E+01  2.17963488E-026  2.30844858E-027  1.94879003E-026
  3.020000E+01  2.20042039E-026  2.33001390E-027  1.96741900E-026
  3.055000E+01  2.22107382E-026  2.35290697E-027  1.98578313E-026
  3.090000E+01  2.24290022E-026  2.37575646E-027  2.00532458E-026
  3.126000E+01  2.26651475E-026  2.39921655E-027  2.02659309E-026
  3.162000E+01  2.29124920E-026  2.42263825E-027  2.04898537E-026
  3.199000E+01  2.31777245E-026  2.44667640E-027  2.07310481E-026
  3.236000E+01  2.34534499E-026  2.47068700E-027  2.09827629E-026
  3.273000E+01  2.37389771E-026  2.49467879E-027  2.12442983E-026
  3.311000E+01  2.40416881E-026  2.51930989E-027  2.15223782E-026
  3.350000E+01  2.43615375E-026  2.54459238E-027  2.18169451E-026
  3.388000E+01  2.46349679E-026  2.57646698E-027  2.20585009E-026
  3.428000E+01  2.49283201E-026  2.61039173E-027  2.23179283E-026
  3.467000E+01  2.52206511E-026  2.64367164E-027  2.25769795E-026
  3.508000E+01  2.55343895E-026  2.67889859E-027  2.28554909E-026
  3.548000E+01  2.58465604E-026  2.71353019E-027  2.31330302E-026
  3.589000E+01  2.61725600E-026  2.74932854E-027  2.34232315E-026
  3.631000E+01  2.65126599E-026  2.78635153E-027  2.37263084E-026
  3.673000E+01  2.68588545E-026  2.82377030E-027  2.40350842E-026
  3.715000E+01  2.72110620E-026  2.86162906E-027  2.43494330E-026
  3.758000E+01  2.75772167E-026  2.90090066E-027  2.46763160E-026
  3.802000E+01  2.79304458E-026  2.94192940E-027  2.49885164E-026
  3.846000E+01  2.82944182E-026  2.98363026E-027  2.53107880E-026
  3.890000E+01  2.86696332E-026  3.02607362E-027  2.56435596E-026
  3.935000E+01  2.90655296E-026  3.07032839E-027  2.59952012E-026
  3.981000E+01  2.94834804E-026  3.11654147E-027  2.63669389E-026
  4.027000E+01  2.99153894E-026  3.16383833E-027  2.67515510E-026
  4.074000E+01  3.03716660E-026  3.21339246E-027  2.71582736E-026
  4.121000E+01  3.08436261E-026  3.26430716E-027  2.75793189E-026
  4.169000E+01  3.13471888E-026  3.31950144E-027  2.80276874E-026
  4.217000E+01  3.18737911E-026  3.37693486E-027  2.84968563E-026
  4.266000E+01  3.24346791E-026  3.43747152E-027  2.89972076E-026
  4.315000E+01  3.30196619E-026  3.50009945E-027  2.95195624E-026
  4.365000E+01  3.36419047E-026  3.56634123E-027  3.00755635E-026
  4.416000E+01  3.43033663E-026  3.63653616E-027  3.06668301E-026
  4.467000E+01  3.49922099E-026  3.70959515E-027  3.12826147E-026
  4.519000E+01  3.57301476E-026  3.78821012E-027  3.19419375E-026
  4.571000E+01  3.65281967E-026  3.87412113E-027  3.26540756E-026
  4.624000E+01  3.73765798E-026  3.96566189E-027  3.34109180E-026
  4.677000E+01  3.82603196E-026  4.06149263E-027  3.41988270E-026
  4.731000E+01  3.91970187E-026  4.16383497E-027  3.50331838E-026
  4.786000E+01  4.01885101E-026  4.27326294E-027  3.59152471E-026
  4.842000E+01  4.12365168E-026  4.39039290E-027  3.68461239E-026
  4.898000E+01  4.23228881E-026  4.51362550E-027  3.78092626E-026
  4.954000E+01  4.34470352E-026  4.64330108E-027  3.88037341E-026
  5.012000E+01  4.46606863E-026  4.78592404E-027  3.98747622E-026
  5.070000E+01  4.59523240E-026  4.94055943E-027  4.10117645E-026
  5.129000E+01  4.73087793E-026  5.10642322E-027  4.22023561E-026
  5.188000E+01  4.87179132E-026  5.28256840E-027  4.34353448E-026
  5.248000E+01  5.02125743E-026  5.47365744E-027  4.47389169E-026
  5.309000E+01  5.17755042E-026  5.67856930E-027  4.60969349E-026
  5.370000E+01  5.33803901E-026  5.89461237E-027  4.74857777E-026
  5.433000E+01  5.51067715E-026  6.13238403E-027  4.89743875E-026
  5.495000E+01  5.68602791E-026  6.38023111E-027  5.04800480E-026
  5.559000E+01  5.87117876E-026  6.64965245E-027  5.20621351E-026
  5.623000E+01  6.06028563E-026  6.93322911E-027  5.36696272E-026
  5.688000E+01  6.26007238E-026  7.24134635E-027  5.53593774E-026
  5.754000E+01  6.46776458E-026  7.57163930E-027  5.71060065E-026
  5.821000E+01  6.68229473E-026  7.92393183E-027  5.88990154E-026
  5.888000E+01  6.90020900E-026  8.29359534E-027  6.07084947E-026
  5.957000E+01  7.13246687E-026  8.69992692E-027  6.26247418E-026
  6.026000E+01  7.36928589E-026  9.12805185E-027  6.45648071E-026
  6.095000E+01  7.60890962E-026  9.57599459E-027  6.65131016E-026
  6.166000E+01  7.85799248E-026  1.00576463E-026  6.85222785E-026
  6.237000E+01  8.11184167E-026  1.05639426E-026  7.05544741E-026
  6.310000E+01  8.37718616E-026  1.11101425E-026  7.26617190E-026
  6.383000E+01  8.64550107E-026  1.16821022E-026  7.47729085E-026
  6.457000E+01  8.92151536E-026  1.22915388E-026  7.69236148E-026
  6.531000E+01  9.19870817E-026  1.29249969E-026  7.90620848E-026
  6.607000E+01  9.48771270E-026  1.36058861E-026  8.12712409E-026
  6.683000E+01  9.77682465E-026  1.43112534E-026  8.34569931E-026
  6.761000E+01  1.00766053E-025  1.50658108E-026  8.57002426E-026
  6.839000E+01  1.03767226E-025  1.58471776E-026  8.79200486E-026
  6.918000E+01  1.06812072E-025  1.66693196E-026  9.01427527E-026
  6.998000E+01  1.09908756E-025  1.75374194E-026  9.23713366E-026
  7.079000E+01  1.13034817E-025  1.84344787E-026  9.46003383E-026
  7.161000E+01  1.16220250E-025  1.93860507E-026  9.68341995E-026
  7.244000E+01  1.19416417E-025  2.03755784E-026  9.90408384E-026
  7.328000E+01  1.22637444E-025  2.14061726E-026  1.01231271E-025
  7.413000E+01  1.25889131E-025  2.24802153E-026  1.03408915E-025
  7.499000E+01  1.29130182E-025  2.35892611E-026  1.05540920E-025
  7.586000E+01  1.32407871E-025  2.47449637E-026  1.07662908E-025
  7.674000E+01  1.35675061E-025  2.59370414E-026  1.09738020E-025
  7.762000E+01  1.38887601E-025  2.71509593E-026  1.11736642E-025
  7.852000E+01  1.42165899E-025  2.84326303E-026  1.13733269E-025
  7.943000E+01  1.45403715E-025  2.97448398E-026  1.15658875E-025
  8.035000E+01  1.48626094E-025  3.10939514E-026  1.17532142E-025
  8.128000E+01  1.51847428E-025  3.24840673E-026  1.19363360E-025
  8.222000E+01  1.55010193E-025  3.38991652E-026  1.21111028E-025
  8.318000E+01  1.58194600E-025  3.53697246E-026  1.22824875E-025
  8.414000E+01  1.61322459E-025  3.68614908E-026  1.24460968E-025
  8.511000E+01  1.64375027E-025  3.83717016E-026  1.26003326E-025
  8.610000E+01  1.67444014E-025  3.99323096E-026  1.27511705E-025
  8.710000E+01  1.70472922E-025  4.15199883E-026  1.28952934E-025
  8.811000E+01  1.73409314E-025  4.31177718E-026  1.30291542E-025
  8.912000E+01  1.76293783E-025  4.47324313E-026  1.31561352E-025
  9.016000E+01  1.79195088E-025  4.64060470E-026  1.32789041E-025
  9.120000E+01  1.81962050E-025  4.80650201E-026  1.33897030E-025
  9.226000E+01  1.84687810E-025  4.97529706E-026  1.34934840E-025
  9.332000E+01  1.87343037E-025  5.14447199E-026  1.35898317E-025
  9.441000E+01  1.89925108E-025  5.31587626E-026  1.36766345E-025
  9.550000E+01  1.92371490E-025  5.48500345E-026  1.37521456E-025
  9.661000E+01  1.94835117E-025  5.65978834E-026  1.38237234E-025
  9.772000E+01  1.97143941E-025  5.83109577E-026  1.38832983E-025
  9.886000E+01  1.99353036E-025  6.00298018E-026  1.39323234E-025
  1.000000E+02  2.01399072E-025  6.17041242E-026  1.39694948E-025
  1.012000E+02  2.03550738E-025  6.34867974E-026  1.40063940E-025
  1.023000E+02  2.05370304E-025  6.50739545E-026  1.40296349E-025
  1.035000E+02  2.07234326E-025  6.67657850E-026  1.40468541E-025
  1.047000E+02  2.09192112E-025  6.84884718E-026  1.40703640E-025
  1.059000E+02  2.10994620E-025  7.01536093E-026  1.40841010E-025
  1.072000E+02  2.12774098E-025  7.18886352E-026  1.40885463E-025
  1.084000E+02  2.14258974E-025  7.34232969E-026  1.40835677E-025
  1.097000E+02  2.15699513E-025  7.50100104E-026  1.40689502E-025
  1.109000E+02  2.16876915E-025  7.64019481E-026  1.40474967E-025
  1.122000E+02  2.17990860E-025  7.78284130E-026  1.40162447E-025
  1.135000E+02  2.19199470E-025  7.92469022E-026  1.39952568E-025
  1.148000E+02  2.20434848E-025  8.06336608E-026  1.39801188E-025
  1.161000E+02  2.21538851E-025  8.19366317E-026  1.39602219E-025
  1.175000E+02  2.22588520E-025  8.32442283E-026  1.39344292E-025
  1.188000E+02  2.23612990E-025  8.44287563E-026  1.39184233E-025
  1.202000E+02  2.24754341E-025  8.56629353E-026  1.39091406E-025
  1.216000E+02  2.25794703E-025  8.67998150E-026  1.38994888E-025
  1.230000E+02  2.26745663E-025  8.78385978E-026  1.38907065E-025
  1.244000E+02  2.27750188E-025  8.88206756E-026  1.38929513E-025
  1.259000E+02  2.29069106E-025  8.98739526E-026  1.39195153E-025
  1.273000E+02  2.30211284E-025  9.07611126E-026  1.39450171E-025
  1.288000E+02  2.31334600E-025  9.16091147E-026  1.39725486E-025
  1.303000E+02  2.32342261E-025  9.23515989E-026  1.39990662E-025
  1.318000E+02  2.33214233E-025  9.29894235E-026  1.40224809E-025
  1.334000E+02  2.33960997E-025  9.35557013E-026  1.40405296E-025
  1.349000E+02  2.34445613E-025  9.39811362E-026  1.40464477E-025
  1.365000E+02  2.33867519E-025  9.45520639E-026  1.39315455E-025
  1.380000E+02  2.32784397E-025  9.50062657E-026  1.37778131E-025
  1.396000E+02  2.31135923E-025  9.53911931E-026  1.35744730E-025
  1.412000E+02  2.29034641E-025  9.56754545E-026  1.33359187E-025
  1.429000E+02  2.26381687E-025  9.58697949E-026  1.30511892E-025
  1.445000E+02  2.23563853E-025  9.59539934E-026  1.27609859E-025
  1.462000E+02  2.20306501E-025  9.59416106E-026  1.24364890E-025
  1.479000E+02  2.16849201E-025  9.58275790E-026  1.21021622E-025
  1.496000E+02  2.13253515E-025  9.56153764E-026  1.17638138E-025
  1.514000E+02  2.09932092E-025  9.55374268E-026  1.14394665E-025
  1.531000E+02  2.06941437E-025  9.54408969E-026  1.11500540E-025
  1.549000E+02  2.03776555E-025  9.52489065E-026  1.08527648E-025
  1.567000E+02  2.00613625E-025  9.49682341E-026  1.05645391E-025
  1.585000E+02  1.97452751E-025  9.46026580E-026  1.02850093E-025
  1.603000E+02  1.94294074E-025  9.41559899E-026  1.00138084E-025
  1.622000E+02  1.90962574E-025  9.36007531E-026  9.73618210E-026
  1.641000E+02  1.87634287E-025  9.29639029E-026  9.46703846E-026
  1.660000E+02  1.84309915E-025  9.22498978E-026  9.20600168E-026
  1.679000E+02  1.80990370E-025  9.14631504E-026  8.95272198E-026
  1.698000E+02  1.77676764E-025  9.06080119E-026  8.70687524E-026
  1.718000E+02  1.74196585E-025  8.96386844E-026  8.45579004E-026
  1.738000E+02  1.70726075E-025  8.86032051E-026  8.21228701E-026
  1.758000E+02  1.67478539E-025  8.76307960E-026  7.98477433E-026
  1.778000E+02  1.64544364E-025  8.67865483E-026  7.77578162E-026
  1.799000E+02  1.61459676E-025  8.58436621E-026  7.56160136E-026
  1.820000E+02  1.58374736E-025  8.48473314E-026  7.35274048E-026
  1.841000E+02  1.55293092E-025  8.38018434E-026  7.14912487E-026
  1.862000E+02  1.52218124E-025  8.27113356E-026  6.95067883E-026
  1.884000E+02  1.49007382E-025  8.15249538E-026  6.74824277E-026
  1.906000E+02  1.45810963E-025  8.02979333E-026  6.55130293E-026
  1.928000E+02  1.42632134E-025  7.90344867E-026  6.35976475E-026
  1.950000E+02  1.39473940E-025  7.77386284E-026  6.17353112E-026
  1.972000E+02  1.36339220E-025  7.64141909E-026  5.99250288E-026
  1.995000E+02  1.33089956E-025  7.50029388E-026  5.80870174E-026
  2.018000E+02  1.30132858E-025  7.37434998E-026  5.63893581E-026
  2.042000E+02  1.27148564E-025  7.24573660E-026  5.46911976E-026
  2.065000E+02  1.24313553E-025  7.12053181E-026  5.31082352E-026
  2.089000E+02  1.21384018E-025  6.98818206E-026  5.15021970E-026
  2.114000E+02  1.18366319E-025  6.84881550E-026  4.98781636E-026
  2.138000E+02  1.15504218E-025  6.71389646E-026  4.83652536E-026
  2.163000E+02  1.12561410E-025  6.57249233E-026  4.68364868E-026
  2.188000E+02  1.09659919E-025  6.43050250E-026  4.53548936E-026
  2.213000E+02  1.06801498E-025  6.28820475E-026  4.39194509E-026
  2.239000E+02  1.03876067E-025  6.14016534E-026  4.24744134E-026
  2.265000E+02  1.01082609E-025  6.00056700E-026  4.10769391E-026
  2.291000E+02  9.83993567E-026  5.86735619E-026  3.97257948E-026
  2.317000E+02  9.57646148E-026  5.73448781E-026  3.84197366E-026
  2.344000E+02  9.30806639E-026  5.59708392E-026  3.71098247E-026
  2.371000E+02  9.04504393E-026  5.46046556E-026  3.58457837E-026
  2.399000E+02  8.77800244E-026  5.31981390E-026  3.45818854E-026
  2.427000E+02  8.51710738E-026  5.18067993E-026  3.33642745E-026
  2.455000E+02  8.26213002E-026  5.04298774E-026  3.21914228E-026
  2.483000E+02  8.01280562E-026  4.90662298E-026  3.10618264E-026
  2.512000E+02  7.75904014E-026  4.76334688E-026  2.99569326E-026
  2.541000E+02  7.51165014E-026  4.61938953E-026  2.89226061E-026
  2.570000E+02  7.27023341E-026  4.47767048E-026  2.79256292E-026
  2.600000E+02  7.02680487E-026  4.33357765E-026  2.69322722E-026
  2.630000E+02  6.79715593E-026  4.19953226E-026  2.59762367E-026
  2.661000E+02  6.56613733E-026  4.06352276E-026  2.50261457E-026
  2.691000E+02  6.34858967E-026  3.93439215E-026  2.41419752E-026
  2.723000E+02  6.12298255E-026  3.79941554E-026  2.32356701E-026
  2.754000E+02  5.91232611E-026  3.67307113E-026  2.23925498E-026
  2.786000E+02  5.71151575E-026  3.55583447E-026  2.15568128E-026
  2.818000E+02  5.51657793E-026  3.44109606E-026  2.07548188E-026
  2.851000E+02  5.32158165E-026  3.32541491E-026  1.99616674E-026
  2.884000E+02  5.13258589E-026  3.21243413E-026  1.92015176E-026
  2.917000E+02  4.94945973E-026  3.10216170E-026  1.84729803E-026
  2.951000E+02  4.76678191E-026  2.99138020E-026  1.77540172E-026
  2.985000E+02  4.59004344E-026  2.88346521E-026  1.70657823E-026
  3.020000E+02  4.42328193E-026  2.78324312E-026  1.64003881E-026
  3.055000E+02  4.26860745E-026  2.69137951E-026  1.57722794E-026
  3.090000E+02  4.11898186E-026  2.60191643E-026  1.51706542E-026
  3.126000E+02  3.97020510E-026  2.51237957E-026  1.45782553E-026
  3.162000E+02  3.82647764E-026  2.42533250E-026  1.40114515E-026
  3.199000E+02  3.68386424E-026  2.33842809E-026  1.34543615E-026
  3.236000E+02  3.54626993E-026  2.25408079E-026  1.29218914E-026
  3.273000E+02  3.41353770E-026  2.17224814E-026  1.24128957E-026
  3.311000E+02  3.28211644E-026  2.09077348E-026  1.19134296E-026
  3.350000E+02  3.15222649E-026  2.00980836E-026  1.14241813E-026
  3.388000E+02  3.03036345E-026  1.93344940E-026  1.09691404E-026
  3.428000E+02  2.90691885E-026  1.85570750E-026  1.05121136E-026
  3.467000E+02  2.79116277E-026  1.78244929E-026  1.00871348E-026
  3.508000E+02  2.67880848E-026  1.71268732E-026  9.66121153E-027
  3.548000E+02  2.57848368E-026  1.65181796E-026  9.26665720E-027
  3.589000E+02  2.48044497E-026  1.59148073E-026  8.88964245E-027
  3.631000E+02  2.38390861E-026  1.53176976E-026  8.52138853E-027
  3.673000E+02  2.29116110E-026  1.47412212E-026  8.17038986E-027
  3.715000E+02  2.20205457E-026  1.41847759E-026  7.83576974E-027
  3.758000E+02  2.11444917E-026  1.36352081E-026  7.50928358E-027
  3.802000E+02  2.02844735E-026  1.30932790E-026  7.19119452E-027
  3.846000E+02  1.94597652E-026  1.25713343E-026  6.88843090E-027
  3.890000E+02  1.86688941E-026  1.20687094E-026  6.60018477E-027
  3.935000E+02  1.78935732E-026  1.15739643E-026  6.31960890E-027
  3.981000E+02  1.71345594E-026  1.10876935E-026  6.04686593E-027
  4.027000E+02  1.64496731E-026  1.06620979E-026  5.78757520E-027
  4.074000E+02  1.57852900E-026  1.02495085E-026  5.53578151E-027
  4.121000E+02  1.51491907E-026  9.85265680E-027  5.29653392E-027
  4.169000E+02  1.45317907E-026  9.46300342E-027  5.06878728E-027
  4.217000E+02  1.39421862E-026  9.08856161E-027  4.85362455E-027
  4.266000E+02  1.33661961E-026  8.72140525E-027  4.64479090E-027
  4.315000E+02  1.28151781E-026  8.36889554E-027  4.44628251E-027
  4.365000E+02  1.22774674E-026  8.02368863E-027  4.25377872E-027
  4.416000E+02  1.17533564E-026  7.68605033E-027  4.06730604E-027
  4.467000E+02  1.12526759E-026  7.36242384E-027  3.89025202E-027
  4.519000E+02  1.07810637E-026  7.06218886E-027  3.71887484E-027
  4.571000E+02  1.03392299E-026  6.78301854E-027  3.55621134E-027
  4.624000E+02  9.90905442E-027  6.51018026E-027  3.39887417E-027
  4.677000E+02  9.49823633E-027  6.24865215E-027  3.24958419E-027
  4.731000E+02  9.09859721E-027  5.99331989E-027  3.10527732E-027
  4.786000E+02  8.71022449E-027  5.74430237E-027  2.96592212E-027
  4.842000E+02  8.33317127E-027  5.50169659E-027  2.83147468E-027
  4.898000E+02  7.97372240E-027  5.26962966E-027  2.70409274E-027
  4.955000E+02  7.62500768E-027  5.04374625E-027  2.58126143E-027
  5.012000E+02  7.29652420E-027  4.83074832E-027  2.46577588E-027
  5.070000E+02  6.99109657E-027  4.63373484E-027  2.35736173E-027
  5.129000E+02  6.69483583E-027  4.44207455E-027  2.25276128E-027
  5.188000E+02  6.41238577E-027  4.25882693E-027  2.15355883E-027
  5.248000E+02  6.13858136E-027  4.08069383E-027  2.05788753E-027
  5.309000E+02  5.87337872E-027  3.90768491E-027  1.96569381E-027
  5.370000E+02  5.62075592E-027  3.74244348E-027  1.87831244E-027
  5.432000E+02  5.37620441E-027  3.58206651E-027  1.79413790E-027
  5.495000E+02  5.14138413E-027  3.42827256E-027  1.71311157E-027
  5.559000E+02  4.92043069E-027  3.28525998E-027  1.63517071E-027
  5.623000E+02  4.71009032E-027  3.14871974E-027  1.56137057E-027
  5.688000E+02  4.50674215E-027  3.01634262E-027  1.49039953E-027
  5.754000E+02  4.31029114E-027  2.88809719E-027  1.42219395E-027
  5.821000E+02  4.12063267E-027  2.76394499E-027  1.35668768E-027
  5.888000E+02  3.94027720E-027  2.64556535E-027  1.29471185E-027
  5.957000E+02  3.76372395E-027  2.52937554E-027  1.23434841E-027
  6.026000E+02  3.59818532E-027  2.42090423E-027  1.17728109E-027
  6.095000E+02  3.44194318E-027  2.31863760E-027  1.12330558E-027
  6.166000E+02  3.28914082E-027  2.21834814E-027  1.07079267E-027
  6.237000E+02  3.14478524E-027  2.12362613E-027  1.02115911E-027
  6.310000E+02  3.00452131E-027  2.03158047E-027  9.72940841E-028
  6.383000E+02  2.87142394E-027  1.94402853E-027  9.27395411E-028
  6.457000E+02  2.74450104E-027  1.86071968E-027  8.83781367E-028
  6.531000E+02  2.62395025E-027  1.78137269E-027  8.42577557E-028
  6.607000E+02  2.50675532E-027  1.70414551E-027  8.02609814E-028
  6.683000E+02  2.39605363E-027  1.63118181E-027  7.64871822E-028
  6.761000E+02  2.28822589E-027  1.55991518E-027  7.28310708E-028
  6.839000E+02  2.18666057E-027  1.49285378E-027  6.93806798E-028
  6.918000E+02  2.08925459E-027  1.42843219E-027  6.60822394E-028
  6.998000E+02  1.99566904E-027  1.36636618E-027  6.29302862E-028
  7.080000E+02  1.90696084E-027  1.30711002E-027  5.99850818E-028
  7.161000E+02  1.82385557E-027  1.25146851E-027  5.72387057E-028
  7.244000E+02  1.74300980E-027  1.19722698E-027  5.45782816E-028
  7.328000E+02  1.66537565E-027  1.14503266E-027  5.20342989E-028
  7.413000E+02  1.59085301E-027  1.09482847E-027  4.96024545E-028
  7.499000E+02  1.51934261E-027  1.04655728E-027  4.72785326E-028
  7.586000E+02  1.45168835E-027  1.00110425E-027  4.50584094E-028
  7.674000E+02  1.38680851E-027  9.57427958E-028  4.29380554E-028
  7.762000E+02  1.32527340E-027  9.15916916E-028  4.09356488E-028
  7.852000E+02  1.26559459E-027  8.75575495E-028  3.90019096E-028
  7.943000E+02  1.20840037E-027  8.36835080E-028  3.71565293E-028
  8.035000E+02  1.15411405E-027  8.00155159E-028  3.53958896E-028
  8.128000E+02  1.10234939E-027  7.65184594E-028  3.37164797E-028
  8.222000E+02  1.05276418E-027  7.31615231E-028  3.21148952E-028
  8.318000E+02  1.00479186E-027  6.99069503E-028  3.05722355E-028
  8.414000E+02  9.59352522E-028  6.68178423E-028  2.91174099E-028
  8.511000E+02  9.15856660E-028  6.38548665E-028  2.77307994E-028
  8.610000E+02  8.73816912E-028  6.09853473E-028  2.63963439E-028
  8.710000E+02  8.33618372E-028  5.82360744E-028  2.51257629E-028
  8.810000E+02  7.95557863E-028  5.56279880E-028  2.39277983E-028
  8.912000E+02  7.58803917E-028  5.31046461E-028  2.27757455E-028
  9.016000E+02  7.23452996E-028  5.06763584E-028  2.16689411E-028
  9.120000E+02  6.90472890E-028  4.84212110E-028  2.06260780E-028
  9.226000E+02  6.58659933E-028  4.62414291E-028  1.96245642E-028
  9.333000E+02  6.28277105E-028  4.41554361E-028  1.86722744E-028
  9.441000E+02  5.99263653E-028  4.21595083E-028  1.77668570E-028
  9.550000E+02  5.71561082E-028  4.02500454E-028  1.69060627E-028
  9.660000E+02  5.45113025E-028  3.84235618E-028  1.60877407E-028
  9.772000E+02  5.19644122E-028  3.66613757E-028  1.53030365E-028
  9.885000E+02  4.95347384E-028  3.49771613E-028  1.45575770E-028
  1.000000E+03  4.71980703E-028  3.33545323E-028  1.38435380E-028
  1.012000E+03  4.49625751E-028  3.18070539E-028  1.31555212E-028
  1.023000E+03  4.30226077E-028  3.04618851E-028  1.25607226E-028
  1.035000E+03  4.10180304E-028  2.90696334E-028  1.19483970E-028
  1.047000E+03  3.91228699E-028  2.77511724E-028  1.13716975E-028
  1.059000E+03  3.73302479E-028  2.65020114E-028  1.08282365E-028
  1.072000E+03  3.54965525E-028  2.52221133E-028  1.02744392E-028
  1.084000E+03  3.38975495E-028  2.41042240E-028  9.79332556E-029
  1.096000E+03  3.23827857E-028  2.30436278E-028  9.33915789E-029
  1.109000E+03  3.08309315E-028  2.19553969E-028  8.87553462E-029
  1.122000E+03  2.93659092E-028  2.09264606E-028  8.43944857E-029
  1.135000E+03  2.79821240E-028  1.99531115E-028  8.02901251E-029
  1.148000E+03  2.66743892E-028  1.90319034E-028  7.64248585E-029
  1.161000E+03  2.54378913E-028  1.81596309E-028  7.27826037E-029
  1.175000E+03  2.41808271E-028  1.72715709E-028  6.90925624E-029
  1.188000E+03  2.30783671E-028  1.64916383E-028  6.58672882E-029
  1.202000E+03  2.19587003E-028  1.56990803E-028  6.25961998E-029
  1.216000E+03  2.09175595E-028  1.49652568E-028  5.95230264E-029
  1.230000E+03  1.99342622E-028  1.42711921E-028  5.66307012E-029
  1.244000E+03  1.90110024E-028  1.36196346E-028  5.39136779E-029
  1.259000E+03  1.80917238E-028  1.29725235E-028  5.11920031E-029
  1.274000E+03  1.72249619E-028  1.23614355E-028  4.86352638E-029
  1.288000E+03  1.64602968E-028  1.18215398E-028  4.63875699E-029
  1.303000E+03  1.56854451E-028  1.12736717E-028  4.41177335E-029
  1.318000E+03  1.49536374E-028  1.07554928E-028  4.19814454E-029
  1.334000E+03  1.42173693E-028  1.02333993E-028  3.98397000E-029
  1.349000E+03  1.35659685E-028  9.77083167E-029  3.79513683E-029
  1.365000E+03  1.29098526E-028  9.30427369E-029  3.60557894E-029
  1.380000E+03  1.23287173E-028  8.89047786E-029  3.43823944E-029
  1.396000E+03  1.17427357E-028  8.47268505E-029  3.27005062E-029
  1.412000E+03  1.11895041E-028  8.07772296E-029  3.11178115E-029
  1.429000E+03  1.06352110E-028  7.68148042E-029  2.95373058E-029
  1.445000E+03  1.01430042E-028  7.32916844E-029  2.81383574E-029
  1.462000E+03  9.64928848E-029  6.97533525E-029  2.67395323E-029
  1.479000E+03  9.18374188E-029  6.64127275E-029  2.54246913E-029
  1.496000E+03  8.74450356E-029  6.32570550E-029  2.41879807E-029
  1.514000E+03  8.31944203E-029  6.02339484E-029  2.29604719E-029
  1.531000E+03  7.94392403E-029  5.75682867E-029  2.18709535E-029
  1.549000E+03  7.56835283E-029  5.48982288E-029  2.07852995E-029
  1.567000E+03  7.21396896E-029  5.23749757E-029  1.97647140E-029
  1.585000E+03  6.87937870E-029  4.99891222E-029  1.88046648E-029
  1.603000E+03  6.56329245E-029  4.77319465E-029  1.79009780E-029
  1.622000E+03  6.24840290E-029  4.54800434E-029  1.70039855E-029
  1.641000E+03  5.95150339E-029  4.33536922E-029  1.61613417E-029
  1.660000E+03  5.67139543E-029  4.13447374E-029  1.53692169E-029
  1.679000E+03  5.40697153E-029  3.94456283E-029  1.46240870E-029
  1.698000E+03  5.15720740E-029  3.76493670E-029  1.39227070E-029
  1.718000E+03  4.90909407E-029  3.58625480E-029  1.32283927E-029
  1.738000E+03  4.67515229E-029  3.41754909E-029  1.25760320E-029
  1.758000E+03  4.45443823E-029  3.25817091E-029  1.19626732E-029
  1.778000E+03  4.24607981E-029  3.10751985E-029  1.13855996E-029
  1.799000E+03  4.03971943E-029  2.95812042E-029  1.08159901E-029
  1.820000E+03  3.84522976E-029  2.81713324E-029  1.02809652E-029
  1.841000E+03  3.66181479E-029  2.68400708E-029  9.77807702E-030
  1.862000E+03  3.48873944E-029  2.55823195E-029  9.30507488E-030
  1.884000E+03  3.31777260E-029  2.43383778E-029  8.83934824E-030
  1.906000E+03  3.15668690E-029  2.31649103E-029  8.40195864E-030
  1.928000E+03  3.00481691E-029  2.20572744E-029  7.99089464E-030
  1.950000E+03  2.86154828E-029  2.10111764E-029  7.60430644E-030
  1.972000E+03  2.72631349E-029  2.00226425E-029  7.24049238E-030
  1.995000E+03  2.59295229E-029  1.90467307E-029  6.88279220E-030
  2.018000E+03  2.47126520E-029  1.81679260E-029  6.54472599E-030
  2.042000E+03  2.35270201E-029  1.73140012E-029  6.21301894E-030
  2.065000E+03  2.24550234E-029  1.65406206E-029  5.91440285E-030
  2.089000E+03  2.13989569E-029  1.57774877E-029  5.62146917E-030
  2.114000E+03  2.03622470E-029  1.50271018E-029  5.33514520E-030
  2.138000E+03  1.94237367E-029  1.43467004E-029  5.07703632E-030
  2.163000E+03  1.85012296E-029  1.36768554E-029  4.82437416E-030
  2.188000E+03  1.76312030E-029  1.30441378E-029  4.58706515E-030
  2.213000E+03  1.68101468E-029  1.24461342E-029  4.36401255E-030
  2.239000E+03  1.60047148E-029  1.18586353E-029  4.14607945E-030
  2.265000E+03  1.52453817E-029  1.13039437E-029  3.94143794E-030
  2.291000E+03  1.45290473E-029  1.07799125E-029  3.74913476E-030
  2.317000E+03  1.38528496E-029  1.02845546E-029  3.56829499E-030
  2.344000E+03  1.31902961E-029  9.79852403E-030  3.39177204E-030
  2.371000E+03  1.25654460E-029  9.33952784E-030  3.22591819E-030
  2.399000E+03  1.19545849E-029  8.89020475E-030  3.06438016E-030
  2.427000E+03  1.13789724E-029  8.46624752E-030  2.91272486E-030
  2.455000E+03  1.08362208E-029  8.06597986E-030  2.77024097E-030
  2.483000E+03  1.03261550E-029  7.68987915E-030  2.63627588E-030
  2.512000E+03  9.84283919E-030  7.33697119E-030  2.50586800E-030
  2.541000E+03  9.38681152E-030  7.00346728E-030  2.38334423E-030
  2.570000E+03  8.95625278E-030  6.68810918E-030  2.26814360E-030
  2.600000E+03  8.53586240E-030  6.37973357E-030  2.15612882E-030
  2.630000E+03  8.13921552E-030  6.08833928E-030  2.05087624E-030
  2.661000E+03  7.75261102E-030  5.80390186E-030  1.94870917E-030
  2.692000E+03  7.38806008E-030  5.53529670E-030  1.85276338E-030
  2.723000E+03  7.04407858E-030  5.28148559E-030  1.76259298E-030
  2.754000E+03  6.71929750E-030  5.04150886E-030  1.67778864E-030
  2.786000E+03  6.40283981E-030  4.80736102E-030  1.59547879E-030
  2.818000E+03  6.10421138E-030  4.58610495E-030  1.51810643E-030
  2.851000E+03  5.81367217E-030  4.37055352E-030  1.44311865E-030
  2.884000E+03  5.53963714E-030  4.16697718E-030  1.37265996E-030
  2.917000E+03  5.28100168E-030  3.97459347E-030  1.30640821E-030
  2.951000E+03  5.02955890E-030  3.78732229E-030  1.24223661E-030
  2.985000E+03  4.79235252E-030  3.61043270E-030  1.18191983E-030
  3.020000E+03  4.56735781E-030  3.44378977E-030  1.12356804E-030
  3.055000E+03  4.35883639E-030  3.29009714E-030  1.06873925E-030
  3.090000E+03  4.16187945E-030  3.14469654E-030  1.01718291E-030
  3.126000E+03  3.97055926E-030  3.00323382E-030  9.67325442E-031
  3.162000E+03  3.78990525E-030  2.86944835E-030  9.20456902E-031
  3.199000E+03  3.61460662E-030  2.73942739E-030  8.75179230E-031
  3.236000E+03  3.44912408E-030  2.61649845E-030  8.32625627E-031
  3.273000E+03  3.29280617E-030  2.50020314E-030  7.92603030E-031
  3.311000E+03  3.14117151E-030  2.38722437E-030  7.53947134E-031
  3.350000E+03  2.99430777E-030  2.27763728E-030  7.16670496E-031
  3.388000E+03  2.85917948E-030  2.17666023E-030  6.82519246E-031
  3.428000E+03  2.72486982E-030  2.07615062E-030  6.48719198E-031
  3.467000E+03  2.60123236E-030  1.98349582E-030  6.17736549E-031
  3.508000E+03  2.47852030E-030  1.89140532E-030  5.87114982E-031
  3.548000E+03  2.36550356E-030  1.80647295E-030  5.59030616E-031
  3.589000E+03  2.25607443E-030  1.72412527E-030  5.31949156E-031
  3.631000E+03  2.15026187E-030  1.64439132E-030  5.05870546E-031
  3.673000E+03  2.05038719E-030  1.56903121E-030  4.81355979E-031
  3.715000E+03  1.95605641E-030  1.49776146E-030  4.58294948E-031
  3.758000E+03  1.86484343E-030  1.42875871E-030  4.36084714E-031
  3.802000E+03  1.77675412E-030  1.36203358E-030  4.14720535E-031
  3.846000E+03  1.69361652E-030  1.29897965E-030  3.94636877E-031
  3.890000E+03  1.61510194E-030  1.23935862E-030  3.75743317E-031
  3.936000E+03  1.53763243E-030  1.18045912E-030  3.57173310E-031
  3.981000E+03  1.46610806E-030  1.12601404E-030  3.40094023E-031
  4.027000E+03  1.39896497E-030  1.07529720E-030  3.23667773E-031
  4.074000E+03  1.33543378E-030  1.02754706E-030  3.07886720E-031
  4.121000E+03  1.27540722E-030  9.82360015E-031  2.93047203E-031
  4.169000E+03  1.21748186E-030  9.38686872E-031  2.78794992E-031
  4.217000E+03  1.16274601E-030  8.97354966E-031  2.65391040E-031
  4.266000E+03  1.10994295E-030  8.57421920E-031  2.52521032E-031
  4.315000E+03  1.06004107E-030  8.19626190E-031  2.40414884E-031
  4.365000E+03  1.01191490E-030  7.83121245E-031  2.28793660E-031
  4.416000E+03  9.65542445E-031  7.47894416E-031  2.17648029E-031
  4.467000E+03  9.21732320E-031  7.14565371E-031  2.07166949E-031
  4.519000E+03  8.79527202E-031  6.82410982E-031  1.97116220E-031
  4.571000E+03  8.39646654E-031  6.51984275E-031  1.87662380E-031
  4.624000E+03  8.01233953E-031  6.22636244E-031  1.78597709E-031
  4.677000E+03  7.64929740E-031  5.94860654E-031  1.70069086E-031
  4.732000E+03  7.29338051E-031  5.67592610E-031  1.61745441E-031
  4.786000E+03  6.96321810E-031  5.42263269E-031  1.54058541E-031
  4.842000E+03  6.63967755E-031  5.17408667E-031  1.46559088E-031
  4.898000E+03  6.33407055E-031  4.93900431E-031  1.39506625E-031
  4.954000E+03  6.04522024E-031  4.71652267E-031  1.32869758E-031
  5.012000E+03  5.76502254E-031  4.50099030E-031  1.26403224E-031
  5.070000E+03  5.50883292E-031  4.30561198E-031  1.20322094E-031
  5.129000E+03  5.26243563E-031  4.11739935E-031  1.14503628E-031
  5.188000E+03  5.02943558E-031  3.93913763E-031  1.09029796E-031
  5.248000E+03  4.80533109E-031  3.76741272E-031  1.03791837E-031
  5.309000E+03  4.58990549E-031  3.60208055E-031  9.87824945E-032
  5.370000E+03  4.38618203E-031  3.44548847E-031  9.40693555E-032
  5.432000E+03  4.19033086E-031  3.29471864E-031  8.95612224E-032
  5.495000E+03  4.00214667E-031  3.14963199E-031  8.52514676E-032
  5.559000E+03  3.82142045E-031  3.01008600E-031  8.11334456E-032
  5.623000E+03  3.65053552E-031  2.87794343E-031  7.72592090E-032
  5.688000E+03  3.48639808E-031  2.75083334E-031  7.35564738E-032
  5.754000E+03  3.32881511E-031  2.62862226E-031  7.00192845E-032
  5.821000E+03  3.17759217E-031  2.51117496E-031  6.66417218E-032
  5.888000E+03  3.03460871E-031  2.39996955E-031  6.34639165E-032
  5.957000E+03  2.89540663E-031  2.29155313E-031  6.03853504E-032
  6.026000E+03  2.76383995E-031  2.18894085E-031  5.74899100E-032
  6.095000E+03  2.63941160E-031  2.09176403E-031  5.47647566E-032
  6.166000E+03  2.51834431E-031  1.99708490E-031  5.21259414E-032
  6.237000E+03  2.40585884E-031  1.90942773E-031  4.96431110E-032
  6.310000E+03  2.29820954E-031  1.82579405E-031  4.72415486E-032
  6.383000E+03  2.19639612E-031  1.74657070E-031  4.49825415E-032
  6.456000E+03  2.10004156E-031  1.67148039E-031  4.28561168E-032
  6.531000E+03  2.00636594E-031  1.59836715E-031  4.07998791E-032
  6.607000E+03  1.91658531E-031  1.52818793E-031  3.88397379E-032
  6.683000E+03  1.83164785E-031  1.46169562E-031  3.69952227E-032
  6.761000E+03  1.74918515E-031  1.39704548E-031  3.52139668E-032
  6.839000E+03  1.67118550E-031  1.33580506E-031  3.35380448E-032
  6.918000E+03  1.59644102E-031  1.27703614E-031  3.19404885E-032
  6.998000E+03  1.52483311E-031  1.22065342E-031  3.04179692E-032
  7.080000E+03  1.45771985E-031  1.16822091E-031  2.89498940E-032
  7.161000E+03  1.39504285E-031  1.11919047E-031  2.75852376E-032
  7.244000E+03  1.33422850E-031  1.07153964E-031  2.62688860E-032
  7.328000E+03  1.27597102E-031  1.02581812E-031  2.50152896E-032
  7.413000E+03  1.22017220E-031  9.81955802E-032  2.38216398E-032
  7.499000E+03  1.16673661E-031  9.39884329E-032  2.26852282E-032
  7.586000E+03  1.11557162E-031  8.99537123E-032  2.16034499E-032
  7.674000E+03  1.06658748E-031  8.60849501E-032  2.05737977E-032
  7.762000E+03  1.02020987E-031  8.24164394E-032  1.96045480E-032
  7.852000E+03  9.75301860E-032  7.88587945E-032  1.86713914E-032
  7.943000E+03  9.32323665E-032  7.54489053E-032  1.77834612E-032
  8.035000E+03  8.91196572E-032  7.21810287E-032  1.69386285E-032
  8.128000E+03  8.51844615E-032  6.90496077E-032  1.61348538E-032
  8.222000E+03  8.14194488E-032  6.60492644E-032  1.53701844E-032
  8.318000E+03  7.77806737E-032  6.31453475E-032  1.46353262E-032
  8.414000E+03  7.43370463E-032  6.03932670E-032  1.39437792E-032
  8.511000E+03  7.10430588E-032  5.77571103E-032  1.32859485E-032
  8.610000E+03  6.78611320E-032  5.52071211E-032  1.26540108E-032
  8.710000E+03  6.48198148E-032  5.27664859E-032  1.20533288E-032
  8.810000E+03  6.19410025E-032  5.04531656E-032  1.14878369E-032
  8.912000E+03  5.91613271E-032  4.82165634E-032  1.09447637E-032
  9.016000E+03  5.64943680E-032  4.60707000E-032  1.04236680E-032
  9.120000E+03  5.40354559E-032  4.41022405E-032  9.93321535E-033
  9.226000E+03  5.16622528E-032  4.21995933E-032  9.46265951E-033
  9.332000E+03  4.94147846E-032  4.03951314E-032  9.01965321E-033
  9.441000E+03  4.72264676E-032  3.86356342E-032  8.59083337E-033
  9.550000E+03  4.51547050E-032  3.69674810E-032  8.18722394E-033
  9.660000E+03  4.31745726E-032  3.53708837E-032  7.80368884E-033
  9.772000E+03  4.12653788E-032  3.38293629E-032  7.43601592E-033
  9.886000E+03  3.94258420E-032  3.23420525E-032  7.08378947E-033
  1.000000E+04  3.76835853E-032  3.09313643E-032  6.75222099E-033
  1.012000E+04  3.58852919E-032  2.94613461E-032  6.42394578E-033
  1.023000E+04  3.43246024E-032  2.81841746E-032  6.14042781E-033
  1.035000E+04  3.27116549E-032  2.68628527E-032  5.84880228E-033
  1.047000E+04  3.11863340E-032  2.56119859E-032  5.57434809E-033
  1.059000E+04  2.97430253E-032  2.44271564E-032  5.31586892E-033
  1.072000E+04  2.82659693E-032  2.32133666E-032  5.05260267E-033
  1.084000E+04  2.69772646E-032  2.21532939E-032  4.82397062E-033
  1.096000E+04  2.57557336E-032  2.11475426E-032  4.60819099E-033
  1.109000E+04  2.45311578E-032  2.01432157E-032  4.38794212E-033
  1.122000E+04  2.33861546E-032  1.92053829E-032  4.18077169E-033
  1.135000E+04  2.23030840E-032  1.83173240E-032  3.98576006E-033
  1.148000E+04  2.12779920E-032  1.74759303E-032  3.80206165E-033
  1.161000E+04  2.03072165E-032  1.66783178E-032  3.62889873E-033
  1.175000E+04  1.93186238E-032  1.58652463E-032  3.45337749E-033
  1.188000E+04  1.84500986E-032  1.51502274E-032  3.29987118E-033
  1.202000E+04  1.75646052E-032  1.44205535E-032  3.14405169E-033
  1.216000E+04  1.67275205E-032  1.37301205E-032  2.99740006E-033
  1.230000E+04  1.59357349E-032  1.30764583E-032  2.85927658E-033
  1.244000E+04  1.51987031E-032  1.24698506E-032  2.72885245E-033
  1.259000E+04  1.44822437E-032  1.18854717E-032  2.59677192E-033
  1.274000E+04  1.38052925E-032  1.13326199E-032  2.47267264E-033
  1.288000E+04  1.32068341E-032  1.08432962E-032  2.36353796E-033
  1.303000E+04  1.25991121E-032  1.03458358E-032  2.25327626E-033
  1.318000E+04  1.20238610E-032  9.87442394E-033  2.14943702E-033
  1.334000E+04  1.14437383E-032  9.39848777E-033  2.04525048E-033
  1.349000E+04  1.09292545E-032  8.97594787E-033  1.95330660E-033
  1.365000E+04  1.04097901E-032  8.54887726E-033  1.86091284E-033
  1.380000E+04  9.94856120E-033  8.16930801E-033  1.77925319E-033
  1.396000E+04  9.48233647E-033  7.78526289E-033  1.69707358E-033
  1.412000E+04  9.04103717E-033  7.42140764E-033  1.61962953E-033
  1.429000E+04  8.59771313E-033  7.05554387E-033  1.54216925E-033
  1.445000E+04  8.20299146E-033  6.72950114E-033  1.47349032E-033
  1.462000E+04  7.80599810E-033  6.40130428E-033  1.40469382E-033
  1.479000E+04  7.43061975E-033  6.09071834E-033  1.33990140E-033
  1.496000E+04  7.07547461E-033  5.79664021E-033  1.27883440E-033
  1.514000E+04  6.74443169E-033  5.52648031E-033  1.21795137E-033
  1.531000E+04  6.45459156E-033  5.29082129E-033  1.16377027E-033
  1.549000E+04  6.16371311E-033  5.05404108E-033  1.10967203E-033
  1.567000E+04  5.88827193E-033  4.82956610E-033  1.05870583E-033
  1.585000E+04  5.62729403E-033  4.61663913E-033  1.01065489E-033
  1.603000E+04  5.37987709E-033  4.41455729E-033  9.65319798E-034
  1.622000E+04  5.13250302E-033  4.21229314E-033  9.20209883E-034
  1.641000E+04  4.89839537E-033  4.02067229E-033  8.77723083E-034
  1.660000E+04  4.67671072E-033  3.83903360E-033  8.37677120E-034
  1.679000E+04  4.46666806E-033  3.66676368E-033  7.99904375E-034
  1.698000E+04  4.26754361E-033  3.50329296E-033  7.64250643E-034
  1.718000E+04  4.06899665E-033  3.34014308E-033  7.28853569E-034
  1.738000E+04  3.88107803E-033  3.18558345E-033  6.95494581E-034
  1.758000E+04  3.70311571E-033  3.03908225E-033  6.64033466E-034
  1.778000E+04  3.53448725E-033  2.90014599E-033  6.34341255E-034
  1.799000E+04  3.36684171E-033  2.76190341E-033  6.04938302E-034
  1.820000E+04  3.20823140E-033  2.63100333E-033  5.77228067E-034
  1.841000E+04  3.05808312E-033  2.50698894E-033  5.51094175E-034
  1.862000E+04  2.91586590E-033  2.38943634E-033  5.26429566E-034
  1.884000E+04  2.77484705E-033  2.27278810E-033  5.02058950E-034
  1.906000E+04  2.64146826E-033  2.16237995E-033  4.79088312E-034
  1.928000E+04  2.51524406E-033  2.05782241E-033  4.57421648E-034
  1.950000E+04  2.39572486E-033  1.95875423E-033  4.36970631E-034
  1.972000E+04  2.28249370E-033  1.86483984E-033  4.17653863E-034
  1.995000E+04  2.17041935E-033  1.77182896E-033  3.98590389E-034
  2.018000E+04  2.07243952E-033  1.69183397E-033  3.80605547E-034
  2.042000E+04  1.97792422E-033  1.61501414E-033  3.62910078E-034
  2.065000E+04  1.89207907E-033  1.54516989E-033  3.46909181E-034
  2.089000E+04  1.80713132E-033  1.47598753E-033  3.31143792E-034
  2.114000E+04  1.72335775E-033  1.40769357E-033  3.15664178E-034
  2.138000E+04  1.64717664E-033  1.34552945E-033  3.01647189E-034
  2.163000E+04  1.57196204E-033  1.28409710E-033  2.87864938E-034
  2.188000E+04  1.50071022E-033  1.22584826E-033  2.74861967E-034
  2.213000E+04  1.43317451E-033  1.17058872E-033  2.62585790E-034
  2.239000E+04  1.36663354E-033  1.11609600E-033  2.50537549E-034
  2.265000E+04  1.30362580E-033  1.06445288E-033  2.39172918E-034
  2.291000E+04  1.24393014E-033  1.01548444E-033  2.28445698E-034
  2.317000E+04  1.18734147E-033  9.69028146E-034  2.18313323E-034
  2.344000E+04  1.13166095E-033  9.23282188E-034  2.08378767E-034
  2.371000E+04  1.07892814E-033  8.79925354E-034  1.99002791E-034
  2.399000E+04  1.02715983E-033  8.37330209E-034  1.89829617E-034
  2.427000E+04  9.78175079E-034  7.96996497E-034  1.81178582E-034
  2.455000E+04  9.31798387E-034  7.58784055E-034  1.73014333E-034
  2.483000E+04  8.88265537E-034  7.22961250E-034  1.65304287E-034
  2.512000E+04  8.48526295E-034  6.90760632E-034  1.57765664E-034
  2.541000E+04  8.10860672E-034  6.60209425E-034  1.50651247E-034
  2.570000E+04  7.75140444E-034  6.31207792E-034  1.43932652E-034
  2.600000E+04  7.40109137E-034  6.02738074E-034  1.37371063E-034
  2.630000E+04  7.06910273E-034  5.75731943E-034  1.31178330E-034
  2.661000E+04  6.74409565E-034  5.49269047E-034  1.25140518E-034
  2.692000E+04  6.43628647E-034  5.24183437E-034  1.19445210E-034
  2.723000E+04  6.14460123E-034  5.00390797E-034  1.14069325E-034
  2.754000E+04  5.86804373E-034  4.77812785E-034  1.08991588E-034
  2.786000E+04  5.59745277E-034  4.55703305E-034  1.04041972E-034
  2.818000E+04  5.34105249E-034  4.34736050E-034  9.93691990E-035
  2.851000E+04  5.09057630E-034  4.14236715E-034  9.48209148E-035
  2.884000E+04  4.85337011E-034  3.94808099E-034  9.05289113E-035
  2.917000E+04  4.62860838E-034  3.76384781E-034  8.64760562E-035
  2.951000E+04  4.40924242E-034  3.58390423E-034  8.25338193E-035
  2.985000E+04  4.20149627E-034  3.41336918E-034  7.88127091E-035
  3.020000E+04  4.01249296E-034  3.26051672E-034  7.51976246E-035
  3.055000E+04  3.84296194E-034  3.12509709E-034  7.17864848E-035
  3.090000E+04  3.68204076E-034  2.99638429E-034  6.85656469E-035
  3.126000E+04  3.52495419E-034  2.87057349E-034  6.54380699E-035
  3.162000E+04  3.37589622E-034  2.75103747E-034  6.24858751E-035
  3.199000E+04  3.23054914E-034  2.63432734E-034  5.96221803E-035
  3.236000E+04  3.09267230E-034  2.52347462E-034  5.69197674E-035
  3.273000E+04  2.96180790E-034  2.41812915E-034  5.43678755E-035
  3.311000E+04  2.83425976E-034  2.31532712E-034  5.18932637E-035
  3.350000E+04  2.71013194E-034  2.21515875E-034  4.94973189E-035
  3.388000E+04  2.59538485E-034  2.12244929E-034  4.72935557E-035
  3.428000E+04  2.48079943E-034  2.02976081E-034  4.51038623E-035
  3.467000E+04  2.37482832E-034  1.94394015E-034  4.30888173E-035
  3.508000E+04  2.26916504E-034  1.85827005E-034  4.10894991E-035
  3.548000E+04  2.17140389E-034  1.77891657E-034  3.92487327E-035
  3.589000E+04  2.07632095E-034  1.70165140E-034  3.74669550E-035
  3.631000E+04  1.98396581E-034  1.62651980E-034  3.57446014E-035
  3.673000E+04  1.89640345E-034  1.55520946E-034  3.41193990E-035
  3.715000E+04  1.81333932E-034  1.48749066E-034  3.25848664E-035
  3.758000E+04  1.73267207E-034  1.42165721E-034  3.11014861E-035
  3.802000E+04  1.65442858E-034  1.35773540E-034  2.96693180E-035
  3.846000E+04  1.58026550E-034  1.29708514E-034  2.83180359E-035
  3.890000E+04  1.50993147E-034  1.23950907E-034  2.70422395E-035
  3.936000E+04  1.44024144E-034  1.18240388E-034  2.57837557E-035
  3.981000E+04  1.37563162E-034  1.12941016E-034  2.46221455E-035
