# DL07 model SED (this work), mw31_60, Mathis ISRF U =  1.00
# silicate (D03) + carbonaceous (DL07 PAH Nc=470 + D03 graphite blend)
# carbonaceous absorption vintage: ld01
# PAH ionization computed via WD01b grain charging (pah_ionfrac)
# columns: lambda[um]  lamI_total/NH  lamI_sil/NH  lamI_carb/NH
#          [erg s^-1 cm^-2 sr^-1 H^-1]
  6.205399E-05  0.00000000E+000  0.00000000E+000  0.00000000E+000
  6.254131E-05  0.00000000E+000  0.00000000E+000  0.00000000E+000
  6.303245E-05  0.00000000E+000  0.00000000E+000  0.00000000E+000
  6.352744E-05  0.00000000E+000  0.00000000E+000  0.00000000E+000
  6.402633E-05  0.00000000E+000  0.00000000E+000  0.00000000E+000
  6.452913E-05  0.00000000E+000  0.00000000E+000  0.00000000E+000
  6.503588E-05  0.00000000E+000  0.00000000E+000  0.00000000E+000
  6.554661E-05  0.00000000E+000  0.00000000E+000  0.00000000E+000
  6.606135E-05  0.00000000E+000  0.00000000E+000  0.00000000E+000
  6.658014E-05  0.00000000E+000  0.00000000E+000  0.00000000E+000
  6.710299E-05  0.00000000E+000  0.00000000E+000  0.00000000E+000
  6.762996E-05  0.00000000E+000  0.00000000E+000  0.00000000E+000
  6.816106E-05  0.00000000E+000  0.00000000E+000  0.00000000E+000
  6.869633E-05  0.00000000E+000  0.00000000E+000  0.00000000E+000
  6.923581E-05  0.00000000E+000  0.00000000E+000  0.00000000E+000
  6.977952E-05  0.00000000E+000  0.00000000E+000  0.00000000E+000
  7.032750E-05  0.00000000E+000  0.00000000E+000  0.00000000E+000
  7.087979E-05  0.00000000E+000  0.00000000E+000  0.00000000E+000
  7.143641E-05  0.00000000E+000  0.00000000E+000  0.00000000E+000
  7.199741E-05  0.00000000E+000  0.00000000E+000  0.00000000E+000
  7.256281E-05  0.00000000E+000  0.00000000E+000  0.00000000E+000
  7.313265E-05  0.00000000E+000  0.00000000E+000  0.00000000E+000
  7.370696E-05  0.00000000E+000  0.00000000E+000  0.00000000E+000
  7.428579E-05  0.00000000E+000  0.00000000E+000  0.00000000E+000
  7.486916E-05  0.00000000E+000  0.00000000E+000  0.00000000E+000
  7.545711E-05  0.00000000E+000  0.00000000E+000  0.00000000E+000
  7.604968E-05  0.00000000E+000  0.00000000E+000  0.00000000E+000
  7.664690E-05  0.00000000E+000  0.00000000E+000  0.00000000E+000
  7.724881E-05  0.00000000E+000  0.00000000E+000  0.00000000E+000
  7.785545E-05  0.00000000E+000  0.00000000E+000  0.00000000E+000
  7.846686E-05  0.00000000E+000  0.00000000E+000  0.00000000E+000
  7.908306E-05  0.00000000E+000  0.00000000E+000  0.00000000E+000
  7.970410E-05  0.00000000E+000  0.00000000E+000  0.00000000E+000
  8.033003E-05  0.00000000E+000  0.00000000E+000  0.00000000E+000
  8.096086E-05  0.00000000E+000  0.00000000E+000  0.00000000E+000
  8.159665E-05  0.00000000E+000  0.00000000E+000  0.00000000E+000
  8.223744E-05  0.00000000E+000  0.00000000E+000  0.00000000E+000
  8.288325E-05  0.00000000E+000  0.00000000E+000  0.00000000E+000
  8.353414E-05  0.00000000E+000  0.00000000E+000  0.00000000E+000
  8.419014E-05  0.00000000E+000  0.00000000E+000  0.00000000E+000
  8.485129E-05  0.00000000E+000  0.00000000E+000  0.00000000E+000
  8.551763E-05  0.00000000E+000  0.00000000E+000  0.00000000E+000
  8.618920E-05  0.00000000E+000  0.00000000E+000  0.00000000E+000
  8.686605E-05  0.00000000E+000  0.00000000E+000  0.00000000E+000
  8.754822E-05  0.00000000E+000  0.00000000E+000  0.00000000E+000
  8.823574E-05  0.00000000E+000  0.00000000E+000  0.00000000E+000
  8.892866E-05  0.00000000E+000  0.00000000E+000  0.00000000E+000
  8.962702E-05  0.00000000E+000  0.00000000E+000  0.00000000E+000
  9.033087E-05  0.00000000E+000  0.00000000E+000  0.00000000E+000
  9.104024E-05  0.00000000E+000  0.00000000E+000  0.00000000E+000
  9.175518E-05  0.00000000E+000  0.00000000E+000  0.00000000E+000
  9.247574E-05  0.00000000E+000  0.00000000E+000  0.00000000E+000
  9.320196E-05  0.00000000E+000  0.00000000E+000  0.00000000E+000
  9.393388E-05  0.00000000E+000  0.00000000E+000  0.00000000E+000
  9.467155E-05  0.00000000E+000  0.00000000E+000  0.00000000E+000
  9.541501E-05  0.00000000E+000  0.00000000E+000  0.00000000E+000
  9.616431E-05  0.00000000E+000  0.00000000E+000  0.00000000E+000
  9.691949E-05  0.00000000E+000  0.00000000E+000  0.00000000E+000
  9.768061E-05  0.00000000E+000  0.00000000E+000  0.00000000E+000
  9.844770E-05  0.00000000E+000  0.00000000E+000  0.00000000E+000
  9.922081E-05  0.00000000E+000  0.00000000E+000  0.00000000E+000
  1.000000E-04  0.00000000E+000  0.00000000E+000  0.00000000E+000
  1.007967E-04  0.00000000E+000  0.00000000E+000  0.00000000E+000
  1.016230E-04  0.00000000E+000  0.00000000E+000  0.00000000E+000
  1.033167E-04  0.00000000E+000  0.00000000E+000  0.00000000E+000
  1.078087E-04  0.00000000E+000  0.00000000E+000  0.00000000E+000
  1.127091E-04  0.00000000E+000  0.00000000E+000  0.00000000E+000
  1.180762E-04  0.00000000E+000  0.00000000E+000  0.00000000E+000
  1.239800E-04  0.00000000E+000  0.00000000E+000  0.00000000E+000
  1.271590E-04  0.00000000E+000  0.00000000E+000  0.00000000E+000
  1.305053E-04  0.00000000E+000  0.00000000E+000  0.00000000E+000
  1.340324E-04  0.00000000E+000  0.00000000E+000  0.00000000E+000
  1.377556E-04  0.00000000E+000  0.00000000E+000  0.00000000E+000
  1.416914E-04  0.00000000E+000  0.00000000E+000  0.00000000E+000
  1.458588E-04  0.00000000E+000  0.00000000E+000  0.00000000E+000
  1.475952E-04  0.00000000E+000  0.00000000E+000  0.00000000E+000
  1.484790E-04  0.00000000E+000  0.00000000E+000  0.00000000E+000
  1.484968E-04  0.00000000E+000  0.00000000E+000  0.00000000E+000
  1.485057E-04  0.00000000E+000  0.00000000E+000  0.00000000E+000
  1.485111E-04  0.00000000E+000  0.00000000E+000  0.00000000E+000
  1.485128E-04  0.00000000E+000  0.00000000E+000  0.00000000E+000
  1.485137E-04  0.00000000E+000  0.00000000E+000  0.00000000E+000
  1.485143E-04  0.00000000E+000  0.00000000E+000  0.00000000E+000
  1.485144E-04  0.00000000E+000  0.00000000E+000  0.00000000E+000
  1.485148E-04  0.00000000E+000  0.00000000E+000  0.00000000E+000
  1.485150E-04  0.00000000E+000  0.00000000E+000  0.00000000E+000
  1.485155E-04  0.00000000E+000  0.00000000E+000  0.00000000E+000
  1.485164E-04  0.00000000E+000  0.00000000E+000  0.00000000E+000
  1.485182E-04  0.00000000E+000  0.00000000E+000  0.00000000E+000
  1.485235E-04  0.00000000E+000  0.00000000E+000  0.00000000E+000
  1.485680E-04  0.00000000E+000  0.00000000E+000  0.00000000E+000
  1.486571E-04  0.00000000E+000  0.00000000E+000  0.00000000E+000
  1.493735E-04  0.00000000E+000  0.00000000E+000  0.00000000E+000
  1.549750E-04  0.00000000E+000  0.00000000E+000  0.00000000E+000
  1.599742E-04  0.00000000E+000  0.00000000E+000  0.00000000E+000
  1.653067E-04  0.00000000E+000  0.00000000E+000  0.00000000E+000
  1.710069E-04  0.00000000E+000  0.00000000E+000  0.00000000E+000
  1.733986E-04  0.00000000E+000  0.00000000E+000  0.00000000E+000
  1.738850E-04  0.00000000E+000  0.00000000E+000  0.00000000E+000
  1.740070E-04  0.00000000E+000  0.00000000E+000  0.00000000E+000
  1.740192E-04  0.00000000E+000  0.00000000E+000  0.00000000E+000
  1.740266E-04  0.00000000E+000  0.00000000E+000  0.00000000E+000
  1.740290E-04  0.00000000E+000  0.00000000E+000  0.00000000E+000
  1.740302E-04  0.00000000E+000  0.00000000E+000  0.00000000E+000
  1.740310E-04  0.00000000E+000  0.00000000E+000  0.00000000E+000
  1.740312E-04  0.00000000E+000  0.00000000E+000  0.00000000E+000
  1.740317E-04  0.00000000E+000  0.00000000E+000  0.00000000E+000
  1.740319E-04  0.00000000E+000  0.00000000E+000  0.00000000E+000
  1.740327E-04  0.00000000E+000  0.00000000E+000  0.00000000E+000
  1.740339E-04  0.00000000E+000  0.00000000E+000  0.00000000E+000
  1.740363E-04  0.00000000E+000  0.00000000E+000  0.00000000E+000
  1.740437E-04  0.00000000E+000  0.00000000E+000  0.00000000E+000
  1.740559E-04  0.00000000E+000  0.00000000E+000  0.00000000E+000
  1.741292E-04  0.00000000E+000  0.00000000E+000  0.00000000E+000
  1.743741E-04  0.00000000E+000  0.00000000E+000  0.00000000E+000
  1.746197E-04  0.00000000E+000  0.00000000E+000  0.00000000E+000
  1.771143E-04  0.00000000E+000  0.00000000E+000  0.00000000E+000
  1.836741E-04  0.00000000E+000  0.00000000E+000  0.00000000E+000
  1.907385E-04  0.00000000E+000  0.00000000E+000  0.00000000E+000
  1.983680E-04  0.00000000E+000  0.00000000E+000  0.00000000E+000
  2.066333E-04  0.00000000E+000  0.00000000E+000  0.00000000E+000
  2.137586E-04  0.00000000E+000  0.00000000E+000  0.00000000E+000
  2.213929E-04  0.00000000E+000  0.00000000E+000  0.00000000E+000
  2.295926E-04  0.00000000E+000  0.00000000E+000  0.00000000E+000
  2.384231E-04  0.00000000E+000  0.00000000E+000  0.00000000E+000
  2.479600E-04  0.00000000E+000  0.00000000E+000  0.00000000E+000
  2.582917E-04  0.00000000E+000  0.00000000E+000  0.00000000E+000
  2.695217E-04  0.00000000E+000  0.00000000E+000  0.00000000E+000
  2.817727E-04  0.00000000E+000  0.00000000E+000  0.00000000E+000
  2.951905E-04  0.00000000E+000  0.00000000E+000  0.00000000E+000
  3.023902E-04  0.00000000E+000  0.00000000E+000  0.00000000E+000
  3.061235E-04  0.00000000E+000  0.00000000E+000  0.00000000E+000
  3.065776E-04  0.00000000E+000  0.00000000E+000  0.00000000E+000
  3.066156E-04  0.00000000E+000  0.00000000E+000  0.00000000E+000
  3.066383E-04  0.00000000E+000  0.00000000E+000  0.00000000E+000
  3.066459E-04  0.00000000E+000  0.00000000E+000  0.00000000E+000
  3.066497E-04  0.00000000E+000  0.00000000E+000  0.00000000E+000
  3.066520E-04  0.00000000E+000  0.00000000E+000  0.00000000E+000
  3.066527E-04  0.00000000E+000  0.00000000E+000  0.00000000E+000
  3.066542E-04  0.00000000E+000  0.00000000E+000  0.00000000E+000
  3.066550E-04  0.00000000E+000  0.00000000E+000  0.00000000E+000
  3.066573E-04  0.00000000E+000  0.00000000E+000  0.00000000E+000
  3.066611E-04  0.00000000E+000  0.00000000E+000  0.00000000E+000
  3.066686E-04  0.00000000E+000  0.00000000E+000  0.00000000E+000
  3.066914E-04  0.00000000E+000  0.00000000E+000  0.00000000E+000
  3.067293E-04  0.00000000E+000  0.00000000E+000  0.00000000E+000
  3.099500E-04  0.00000000E+000  0.00000000E+000  0.00000000E+000
  3.178974E-04  0.00000000E+000  0.00000000E+000  0.00000000E+000
  3.262632E-04  0.00000000E+000  0.00000000E+000  0.00000000E+000
  3.350811E-04  0.00000000E+000  0.00000000E+000  0.00000000E+000
  3.443889E-04  0.00000000E+000  0.00000000E+000  0.00000000E+000
  3.542286E-04  0.00000000E+000  0.00000000E+000  0.00000000E+000
  3.646471E-04  0.00000000E+000  0.00000000E+000  0.00000000E+000
  3.756970E-04  0.00000000E+000  0.00000000E+000  0.00000000E+000
  3.874375E-04  0.00000000E+000  0.00000000E+000  0.00000000E+000
  3.999355E-04  0.00000000E+000  0.00000000E+000  0.00000000E+000
  4.132667E-04  0.00000000E+000  0.00000000E+000  0.00000000E+000
  4.275172E-04  0.00000000E+000  0.00000000E+000  0.00000000E+000
  4.427857E-04  0.00000000E+000  0.00000000E+000  0.00000000E+000
  4.508364E-04  0.00000000E+000  0.00000000E+000  0.00000000E+000
  4.591852E-04  0.00000000E+000  0.00000000E+000  0.00000000E+000
  4.678491E-04  0.00000000E+000  0.00000000E+000  0.00000000E+000
  4.768462E-04  0.00000000E+000  0.00000000E+000  0.00000000E+000
  4.861961E-04  0.00000000E+000  0.00000000E+000  0.00000000E+000
  4.959200E-04  0.00000000E+000  0.00000000E+000  0.00000000E+000
  4.999194E-04  0.00000000E+000  0.00000000E+000  0.00000000E+000
  5.003228E-04  0.00000000E+000  0.00000000E+000  0.00000000E+000
  5.004238E-04  0.00000000E+000  0.00000000E+000  0.00000000E+000
  5.004844E-04  0.00000000E+000  0.00000000E+000  0.00000000E+000
  5.005046E-04  0.00000000E+000  0.00000000E+000  0.00000000E+000
  5.005147E-04  0.00000000E+000  0.00000000E+000  0.00000000E+000
  5.005208E-04  0.00000000E+000  0.00000000E+000  0.00000000E+000
  5.005228E-04  0.00000000E+000  0.00000000E+000  0.00000000E+000
  5.005268E-04  0.00000000E+000  0.00000000E+000  0.00000000E+000
  5.005289E-04  0.00000000E+000  0.00000000E+000  0.00000000E+000
  5.005349E-04  0.00000000E+000  0.00000000E+000  0.00000000E+000
  5.005450E-04  0.00000000E+000  0.00000000E+000  0.00000000E+000
  5.005652E-04  0.00000000E+000  0.00000000E+000  0.00000000E+000
  5.006259E-04  0.00000000E+000  0.00000000E+000  0.00000000E+000
  5.007270E-04  0.00000000E+000  0.00000000E+000  0.00000000E+000
  5.019433E-04  0.00000000E+000  0.00000000E+000  0.00000000E+000
  5.060408E-04  0.00000000E+000  0.00000000E+000  0.00000000E+000
  5.165833E-04  0.00000000E+000  0.00000000E+000  0.00000000E+000
  5.275745E-04  0.00000000E+000  0.00000000E+000  0.00000000E+000
  5.390435E-04  0.00000000E+000  0.00000000E+000  0.00000000E+000
  5.510222E-04  0.00000000E+000  0.00000000E+000  0.00000000E+000
  5.635455E-04  0.00000000E+000  0.00000000E+000  0.00000000E+000
  6.047805E-04  0.00000000E+000  0.00000000E+000  0.00000000E+000
  6.199000E-04  0.00000000E+000  0.00000000E+000  0.00000000E+000
  6.525263E-04  0.00000000E+000  0.00000000E+000  0.00000000E+000
  6.594681E-04  0.00000000E+000  0.00000000E+000  0.00000000E+000
  6.665591E-04  0.00000000E+000  0.00000000E+000  0.00000000E+000
  6.701622E-04  0.00000000E+000  0.00000000E+000  0.00000000E+000
  6.708874E-04  0.00000000E+000  0.00000000E+000  0.00000000E+000
  6.712507E-04  0.00000000E+000  0.00000000E+000  0.00000000E+000
  6.714324E-04  0.00000000E+000  0.00000000E+000  0.00000000E+000
  6.715415E-04  0.00000000E+000  0.00000000E+000  0.00000000E+000
  6.715779E-04  0.00000000E+000  0.00000000E+000  0.00000000E+000
  6.715961E-04  0.00000000E+000  0.00000000E+000  0.00000000E+000
  6.716070E-04  0.00000000E+000  0.00000000E+000  0.00000000E+000
  6.716107E-04  0.00000000E+000  0.00000000E+000  0.00000000E+000
  6.716179E-04  0.00000000E+000  0.00000000E+000  0.00000000E+000
  6.716216E-04  0.00000000E+000  0.00000000E+000  0.00000000E+000
  6.716325E-04  0.00000000E+000  0.00000000E+000  0.00000000E+000
  6.716507E-04  0.00000000E+000  0.00000000E+000  0.00000000E+000
  6.716871E-04  0.00000000E+000  0.00000000E+000  0.00000000E+000
  6.717963E-04  0.00000000E+000  0.00000000E+000  0.00000000E+000
  6.719783E-04  0.00000000E+000  0.00000000E+000  0.00000000E+000
  6.723427E-04  0.00000000E+000  0.00000000E+000  0.00000000E+000
  6.738043E-04  0.00000000E+000  0.00000000E+000  0.00000000E+000
  6.887778E-04  0.00000000E+000  0.00000000E+000  0.00000000E+000
  7.084571E-04  0.00000000E+000  0.00000000E+000  0.00000000E+000
  7.292941E-04  0.00000000E+000  0.00000000E+000  0.00000000E+000
  7.513939E-04  0.00000000E+000  0.00000000E+000  0.00000000E+000
  7.748750E-04  0.00000000E+000  0.00000000E+000  0.00000000E+000
  7.896815E-04  0.00000000E+000  0.00000000E+000  0.00000000E+000
  7.906888E-04  0.00000000E+000  0.00000000E+000  0.00000000E+000
  7.909410E-04  0.00000000E+000  0.00000000E+000  0.00000000E+000
  7.910419E-04  0.00000000E+000  0.00000000E+000  0.00000000E+000
  7.910924E-04  0.00000000E+000  0.00000000E+000  0.00000000E+000
  7.911176E-04  0.00000000E+000  0.00000000E+000  0.00000000E+000
  7.911328E-04  0.00000000E+000  0.00000000E+000  0.00000000E+000
  7.911378E-04  0.00000000E+000  0.00000000E+000  0.00000000E+000
  7.911984E-04  0.00000000E+000  0.00000000E+000  0.00000000E+000
  7.912035E-04  0.00000000E+000  0.00000000E+000  0.00000000E+000
  7.912186E-04  0.00000000E+000  0.00000000E+000  0.00000000E+000
  7.912439E-04  0.00000000E+000  0.00000000E+000  0.00000000E+000
  7.912944E-04  0.00000000E+000  0.00000000E+000  0.00000000E+000
  7.914459E-04  0.00000000E+000  0.00000000E+000  0.00000000E+000
  7.916986E-04  0.00000000E+000  0.00000000E+000  0.00000000E+000
  7.922045E-04  0.00000000E+000  0.00000000E+000  0.00000000E+000
  7.998710E-04  0.00000000E+000  0.00000000E+000  0.00000000E+000
  8.265333E-04  0.00000000E+000  0.00000000E+000  0.00000000E+000
  8.550345E-04  0.00000000E+000  0.00000000E+000  0.00000000E+000
  8.855714E-04  0.00000000E+000  0.00000000E+000  0.00000000E+000
  9.183704E-04  0.00000000E+000  0.00000000E+000  0.00000000E+000
  9.321805E-04  0.00000000E+000  0.00000000E+000  0.00000000E+000
  9.356981E-04  0.00000000E+000  0.00000000E+000  0.00000000E+000
  9.385314E-04  0.00000000E+000  0.00000000E+000  0.00000000E+000
  9.428137E-04  0.00000000E+000  0.00000000E+000  0.00000000E+000
  9.449695E-04  0.00000000E+000  0.00000000E+000  0.00000000E+000
  9.453298E-04  0.00000000E+000  0.00000000E+000  0.00000000E+000
  9.455461E-04  0.00000000E+000  0.00000000E+000  0.00000000E+000
  9.456182E-04  0.00000000E+000  0.00000000E+000  0.00000000E+000
  9.456542E-04  0.00000000E+000  0.00000000E+000  0.00000000E+000
  9.456759E-04  0.00000000E+000  0.00000000E+000  0.00000000E+000
  9.456831E-04  0.00000000E+000  0.00000000E+000  0.00000000E+000
  9.456975E-04  0.00000000E+000  0.00000000E+000  0.00000000E+000
  9.457047E-04  0.00000000E+000  0.00000000E+000  0.00000000E+000
  9.457264E-04  0.00000000E+000  0.00000000E+000  0.00000000E+000
  9.457625E-04  0.00000000E+000  0.00000000E+000  0.00000000E+000
  9.458346E-04  0.00000000E+000  0.00000000E+000  0.00000000E+000
  9.460511E-04  0.00000000E+000  0.00000000E+000  0.00000000E+000
  9.464122E-04  0.00000000E+000  0.00000000E+000  0.00000000E+000
  9.500383E-04  0.00000000E+000  0.00000000E+000  0.00000000E+000
  9.536923E-04  0.00000000E+000  0.00000000E+000  0.00000000E+000
  9.918400E-04  0.00000000E+000  0.00000000E+000  0.00000000E+000
  1.033167E-03  0.00000000E+000  0.00000000E+000  0.00000000E+000
  1.078087E-03  0.00000000E+000  0.00000000E+000  0.00000000E+000
  1.127091E-03  0.00000000E+000  0.00000000E+000  0.00000000E+000
  1.147963E-03  0.00000000E+000  0.00000000E+000  0.00000000E+000
  1.169623E-03  0.00000000E+000  0.00000000E+000  0.00000000E+000
  1.192115E-03  0.00000000E+000  0.00000000E+000  0.00000000E+000
  1.203689E-03  0.00000000E+000  0.00000000E+000  0.00000000E+000
  1.209561E-03  0.00000000E+000  0.00000000E+000  0.00000000E+000
  1.210151E-03  0.00000000E+000  0.00000000E+000  0.00000000E+000
  1.210506E-03  0.00000000E+000  0.00000000E+000  0.00000000E+000
  1.210624E-03  0.00000000E+000  0.00000000E+000  0.00000000E+000
  1.210683E-03  0.00000000E+000  0.00000000E+000  0.00000000E+000
  1.210719E-03  0.00000000E+000  0.00000000E+000  0.00000000E+000
  1.210730E-03  0.00000000E+000  0.00000000E+000  0.00000000E+000
  1.210754E-03  0.00000000E+000  0.00000000E+000  0.00000000E+000
  1.210766E-03  0.00000000E+000  0.00000000E+000  0.00000000E+000
  1.210801E-03  0.00000000E+000  0.00000000E+000  0.00000000E+000
  1.210860E-03  0.00000000E+000  0.00000000E+000  0.00000000E+000
  1.210979E-03  0.00000000E+000  0.00000000E+000  0.00000000E+000
  1.211334E-03  0.00000000E+000  0.00000000E+000  0.00000000E+000
  1.211926E-03  0.00000000E+000  0.00000000E+000  0.00000000E+000
  1.215490E-03  0.00000000E+000  0.00000000E+000  0.00000000E+000
  1.239800E-03  0.00000000E+000  0.00000000E+000  0.00000000E+000
  1.265102E-03  0.00000000E+000  0.00000000E+000  0.00000000E+000
  1.291458E-03  0.00000000E+000  0.00000000E+000  0.00000000E+000
  1.318936E-03  0.00000000E+000  0.00000000E+000  0.00000000E+000
  1.347609E-03  0.00000000E+000  0.00000000E+000  0.00000000E+000
  1.377556E-03  0.00000000E+000  0.00000000E+000  0.00000000E+000
  1.408864E-03  0.00000000E+000  0.00000000E+000  0.00000000E+000
  1.413683E-03  0.00000000E+000  0.00000000E+000  0.00000000E+000
  1.414489E-03  0.00000000E+000  0.00000000E+000  0.00000000E+000
  1.414974E-03  0.00000000E+000  0.00000000E+000  0.00000000E+000
  1.415135E-03  0.00000000E+000  0.00000000E+000  0.00000000E+000
  1.415216E-03  0.00000000E+000  0.00000000E+000  0.00000000E+000
  1.415264E-03  0.00000000E+000  0.00000000E+000  0.00000000E+000
  1.415281E-03  0.00000000E+000  0.00000000E+000  0.00000000E+000
  1.415313E-03  0.00000000E+000  0.00000000E+000  0.00000000E+000
  1.415329E-03  0.00000000E+000  0.00000000E+000  0.00000000E+000
  1.415378E-03  0.00000000E+000  0.00000000E+000  0.00000000E+000
  1.415458E-03  0.00000000E+000  0.00000000E+000  0.00000000E+000
  1.415620E-03  0.00000000E+000  0.00000000E+000  0.00000000E+000
  1.416105E-03  0.00000000E+000  0.00000000E+000  0.00000000E+000
  1.416914E-03  0.00000000E+000  0.00000000E+000  0.00000000E+000
  1.425057E-03  0.00000000E+000  0.00000000E+000  0.00000000E+000
  1.441628E-03  0.00000000E+000  0.00000000E+000  0.00000000E+000
  1.444988E-03  0.00000000E+000  0.00000000E+000  0.00000000E+000
  1.445831E-03  0.00000000E+000  0.00000000E+000  0.00000000E+000
  1.446337E-03  0.00000000E+000  0.00000000E+000  0.00000000E+000
  1.446506E-03  0.00000000E+000  0.00000000E+000  0.00000000E+000
  1.446590E-03  0.00000000E+000  0.00000000E+000  0.00000000E+000
  1.446641E-03  0.00000000E+000  0.00000000E+000  0.00000000E+000
  1.446658E-03  0.00000000E+000  0.00000000E+000  0.00000000E+000
  1.446691E-03  0.00000000E+000  0.00000000E+000  0.00000000E+000
  1.446708E-03  0.00000000E+000  0.00000000E+000  0.00000000E+000
  1.446759E-03  0.00000000E+000  0.00000000E+000  0.00000000E+000
  1.446843E-03  0.00000000E+000  0.00000000E+000  0.00000000E+000
  1.447012E-03  0.00000000E+000  0.00000000E+000  0.00000000E+000
  1.447519E-03  0.00000000E+000  0.00000000E+000  0.00000000E+000
  1.448364E-03  0.00000000E+000  0.00000000E+000  0.00000000E+000
  1.458588E-03  0.00000000E+000  0.00000000E+000  0.00000000E+000
  1.475952E-03  0.00000000E+000  0.00000000E+000  0.00000000E+000
  1.511951E-03  0.00000000E+000  0.00000000E+000  0.00000000E+000
  1.549750E-03  0.00000000E+000  0.00000000E+000  0.00000000E+000
  1.589487E-03  0.00000000E+000  0.00000000E+000  0.00000000E+000
  1.631316E-03  0.00000000E+000  0.00000000E+000  0.00000000E+000
  1.653067E-03  0.00000000E+000  0.00000000E+000  0.00000000E+000
  1.675405E-03  0.00000000E+000  0.00000000E+000  0.00000000E+000
  1.686803E-03  0.00000000E+000  0.00000000E+000  0.00000000E+000
  1.698356E-03  0.00000000E+000  0.00000000E+000  0.00000000E+000
  1.703022E-03  0.00000000E+000  0.00000000E+000  0.00000000E+000
  1.707713E-03  0.00000000E+000  0.00000000E+000  0.00000000E+000
  1.710069E-03  0.00000000E+000  0.00000000E+000  0.00000000E+000
  1.711249E-03  0.00000000E+000  0.00000000E+000  0.00000000E+000
  1.711958E-03  0.00000000E+000  0.00000000E+000  0.00000000E+000
  1.712194E-03  0.00000000E+000  0.00000000E+000  0.00000000E+000
  1.712313E-03  0.00000000E+000  0.00000000E+000  0.00000000E+000
  1.712384E-03  0.00000000E+000  0.00000000E+000  0.00000000E+000
  1.712407E-03  0.00000000E+000  0.00000000E+000  0.00000000E+000
  1.712455E-03  0.00000000E+000  0.00000000E+000  0.00000000E+000
  1.712478E-03  0.00000000E+000  0.00000000E+000  0.00000000E+000
  1.712549E-03  0.00000000E+000  0.00000000E+000  0.00000000E+000
  1.712667E-03  0.00000000E+000  0.00000000E+000  0.00000000E+000
  1.712904E-03  0.00000000E+000  0.00000000E+000  0.00000000E+000
  1.713614E-03  0.00000000E+000  0.00000000E+000  0.00000000E+000
  1.714799E-03  0.00000000E+000  0.00000000E+000  0.00000000E+000
  1.717175E-03  0.00000000E+000  0.00000000E+000  0.00000000E+000
  1.721944E-03  0.00000000E+000  0.00000000E+000  0.00000000E+000
  1.746197E-03  0.00000000E+000  0.00000000E+000  0.00000000E+000
  1.771143E-03  0.00000000E+000  0.00000000E+000  0.00000000E+000
  1.823235E-03  0.00000000E+000  0.00000000E+000  0.00000000E+000
  1.878485E-03  0.00000000E+000  0.00000000E+000  0.00000000E+000
  1.937188E-03  0.00000000E+000  0.00000000E+000  0.00000000E+000
  1.999677E-03  0.00000000E+000  0.00000000E+000  0.00000000E+000
  2.066333E-03  0.00000000E+000  0.00000000E+000  0.00000000E+000
  2.137586E-03  0.00000000E+000  0.00000000E+000  0.00000000E+000
  2.213929E-03  0.00000000E+000  0.00000000E+000  0.00000000E+000
  2.254182E-03  0.00000000E+000  0.00000000E+000  0.00000000E+000
  2.274862E-03  0.00000000E+000  0.00000000E+000  0.00000000E+000
  2.287454E-03  0.00000000E+000  0.00000000E+000  0.00000000E+000
  2.295926E-03  0.00000000E+000  0.00000000E+000  0.00000000E+000
  2.300186E-03  0.00000000E+000  0.00000000E+000  0.00000000E+000
  2.302321E-03  0.00000000E+000  0.00000000E+000  0.00000000E+000
  2.303605E-03  0.00000000E+000  0.00000000E+000  0.00000000E+000
  2.304033E-03  0.00000000E+000  0.00000000E+000  0.00000000E+000
  2.304247E-03  0.00000000E+000  0.00000000E+000  0.00000000E+000
  2.304375E-03  0.00000000E+000  0.00000000E+000  0.00000000E+000
  2.304418E-03  0.00000000E+000  0.00000000E+000  0.00000000E+000
  2.304504E-03  0.00000000E+000  0.00000000E+000  0.00000000E+000
  2.304547E-03  0.00000000E+000  0.00000000E+000  0.00000000E+000
  2.304675E-03  0.00000000E+000  0.00000000E+000  0.00000000E+000
  2.304889E-03  0.00000000E+000  0.00000000E+000  0.00000000E+000
  2.305318E-03  0.00000000E+000  0.00000000E+000  0.00000000E+000
  2.306605E-03  0.00000000E+000  0.00000000E+000  0.00000000E+000
  2.308752E-03  0.00000000E+000  0.00000000E+000  0.00000000E+000
  2.313060E-03  0.00000000E+000  0.00000000E+000  0.00000000E+000
  2.317383E-03  0.00000000E+000  0.00000000E+000  0.00000000E+000
  2.339245E-03  0.00000000E+000  0.00000000E+000  0.00000000E+000
  2.361524E-03  0.00000000E+000  0.00000000E+000  0.00000000E+000
  2.384231E-03  0.00000000E+000  0.00000000E+000  0.00000000E+000
  2.479600E-03  0.00000000E+000  0.00000000E+000  0.00000000E+000
  2.582917E-03  0.00000000E+000  0.00000000E+000  0.00000000E+000
  2.695217E-03  0.00000000E+000  0.00000000E+000  0.00000000E+000
  2.755111E-03  0.00000000E+000  0.00000000E+000  0.00000000E+000
  2.786067E-03  0.00000000E+000  0.00000000E+000  0.00000000E+000
  2.798646E-03  0.00000000E+000  0.00000000E+000  0.00000000E+000
  2.800542E-03  0.00000000E+000  0.00000000E+000  0.00000000E+000
  2.801175E-03  0.00000000E+000  0.00000000E+000  0.00000000E+000
  2.801491E-03  0.00000000E+000  0.00000000E+000  0.00000000E+000
  2.801681E-03  0.00000000E+000  0.00000000E+000  0.00000000E+000
  2.801745E-03  0.00000000E+000  0.00000000E+000  0.00000000E+000
  2.801871E-03  0.00000000E+000  0.00000000E+000  0.00000000E+000
  2.801935E-03  0.00000000E+000  0.00000000E+000  0.00000000E+000
  2.802125E-03  0.00000000E+000  0.00000000E+000  0.00000000E+000
  2.802441E-03  0.00000000E+000  0.00000000E+000  0.00000000E+000
  2.803075E-03  0.00000000E+000  0.00000000E+000  0.00000000E+000
  2.804977E-03  0.00000000E+000  0.00000000E+000  0.00000000E+000
  2.817727E-03  0.00000000E+000  0.00000000E+000  0.00000000E+000
  2.951905E-03  0.00000000E+000  0.00000000E+000  0.00000000E+000
  3.099500E-03  0.00000000E+000  0.00000000E+000  0.00000000E+000
  3.178974E-03  0.00000000E+000  0.00000000E+000  0.00000000E+000
  3.262632E-03  0.00000000E+000  0.00000000E+000  0.00000000E+000
  3.350811E-03  0.00000000E+000  0.00000000E+000  0.00000000E+000
  3.443889E-03  0.00000000E+000  0.00000000E+000  0.00000000E+000
  3.492394E-03  0.00000000E+000  0.00000000E+000  0.00000000E+000
  3.502260E-03  0.00000000E+000  0.00000000E+000  0.00000000E+000
  3.512181E-03  0.00000000E+000  0.00000000E+000  0.00000000E+000
  3.517163E-03  0.00000000E+000  0.00000000E+000  0.00000000E+000
  3.518161E-03  0.00000000E+000  0.00000000E+000  0.00000000E+000
  3.518660E-03  0.00000000E+000  0.00000000E+000  0.00000000E+000
  3.518960E-03  0.00000000E+000  0.00000000E+000  0.00000000E+000
  3.519060E-03  0.00000000E+000  0.00000000E+000  0.00000000E+000
  3.519260E-03  0.00000000E+000  0.00000000E+000  0.00000000E+000
  3.519360E-03  0.00000000E+000  0.00000000E+000  0.00000000E+000
  3.519659E-03  0.00000000E+000  0.00000000E+000  0.00000000E+000
  3.520159E-03  0.00000000E+000  0.00000000E+000  0.00000000E+000
  3.521159E-03  0.00000000E+000  0.00000000E+000  0.00000000E+000
  3.522159E-03  0.00000000E+000  0.00000000E+000  0.00000000E+000
  3.532194E-03  0.00000000E+000  0.00000000E+000  0.00000000E+000
  3.542286E-03  0.00000000E+000  0.00000000E+000  0.00000000E+000
  3.593623E-03  0.00000000E+000  0.00000000E+000  0.00000000E+000
  3.646471E-03  0.00000000E+000  0.00000000E+000  0.00000000E+000
  3.874375E-03  0.00000000E+000  0.00000000E+000  0.00000000E+000
  4.132667E-03  0.00000000E+000  0.00000000E+000  0.00000000E+000
  4.202712E-03  0.00000000E+000  0.00000000E+000  0.00000000E+000
  4.231399E-03  0.00000000E+000  0.00000000E+000  0.00000000E+000
  4.245890E-03  0.00000000E+000  0.00000000E+000  0.00000000E+000
  4.253173E-03  0.00000000E+000  0.00000000E+000  0.00000000E+000
  4.257555E-03  0.00000000E+000  0.00000000E+000  0.00000000E+000
  4.259018E-03  0.00000000E+000  0.00000000E+000  0.00000000E+000
  4.259749E-03  0.00000000E+000  0.00000000E+000  0.00000000E+000
  4.260188E-03  0.00000000E+000  0.00000000E+000  0.00000000E+000
  4.260335E-03  0.00000000E+000  0.00000000E+000  0.00000000E+000
  4.260628E-03  0.00000000E+000  0.00000000E+000  0.00000000E+000
  4.260774E-03  0.00000000E+000  0.00000000E+000  0.00000000E+000
  4.261213E-03  0.00000000E+000  0.00000000E+000  0.00000000E+000
  4.261946E-03  0.00000000E+000  0.00000000E+000  0.00000000E+000
  4.263411E-03  0.00000000E+000  0.00000000E+000  0.00000000E+000
  4.267814E-03  0.00000000E+000  0.00000000E+000  0.00000000E+000
  4.275172E-03  0.00000000E+000  0.00000000E+000  0.00000000E+000
  4.289965E-03  0.00000000E+000  0.00000000E+000  0.00000000E+000
  4.427857E-03  0.00000000E+000  0.00000000E+000  0.00000000E+000
  4.591852E-03  0.00000000E+000  0.00000000E+000  0.00000000E+000
  4.768462E-03  0.00000000E+000  0.00000000E+000  0.00000000E+000
  4.959200E-03  0.00000000E+000  0.00000000E+000  0.00000000E+000
  5.165833E-03  4.94065646E-324  4.94065646E-324  0.00000000E+000
  5.209244E-03  1.27468937E-321  1.27468937E-321  0.00000000E+000
  5.253390E-03  3.75549179E-319  3.75549179E-319  0.00000000E+000
  5.264544E-03  1.55614868E-318  1.55614868E-318  0.00000000E+000
  5.271259E-03  3.65144156E-318  3.65144156E-318  0.00000000E+000
  5.273501E-03  4.85206555E-318  4.85206555E-318  0.00000000E+000
  5.274622E-03  5.59265513E-318  5.59265513E-318  0.00000000E+000
  5.275296E-03  6.09111796E-318  6.09111796E-318  0.00000000E+000
  5.275520E-03  6.26639763E-318  6.26639763E-318  0.00000000E+000
  5.276194E-03  6.82471651E-318  6.82471651E-318  0.00000000E+000
  5.278440E-03  9.06847612E-318  9.06847612E-318  0.00000000E+000
  5.279114E-03  9.87550765E-318  9.87550765E-318  0.00000000E+000
  5.280239E-03  1.13851499E-317  1.13851499E-317  0.00000000E+000
  5.286994E-03  2.67135712E-317  2.67135712E-317  0.00000000E+000
  5.298291E-03  1.10675413E-316  1.10675413E-316  0.00000000E+000
  5.390435E-03  9.59461859E-312  9.59461859E-312  0.00000000E+000
  5.635455E-03  2.12317392E-299  2.12317392E-299  0.00000000E+000
  5.903810E-03  4.67757757E-287  4.67757757E-287  0.00000000E+000
  6.199000E-03  1.02792716E-274  1.02792716E-274  0.00000000E+000
  6.525263E-03  2.26660757E-262  2.26660757E-262  0.00000000E+000
  6.887778E-03  5.15948147E-250  5.15948147E-250  0.00000000E+000
  7.084571E-03  8.09938073E-244  8.09938073E-244  0.00000000E+000
  7.208140E-03  4.21012871E-240  4.21012871E-240  0.00000000E+000
  7.250292E-03  7.32525949E-239  7.32525949E-239  0.00000000E+000
  7.271554E-03  3.04684019E-238  3.04684019E-238  0.00000000E+000
  7.284371E-03  7.16696845E-238  7.16696845E-238  0.00000000E+000
  7.288654E-03  9.53227188E-238  9.53227188E-238  0.00000000E+000
  7.290797E-03  1.09930542E-237  1.09930542E-237  0.00000000E+000
  7.292083E-03  1.19745919E-237  1.19745919E-237  0.00000000E+000
  7.292512E-03  1.23210683E-237  1.23210683E-237  0.00000000E+000
  7.293370E-03  1.30444128E-237  1.30444128E-237  0.00000000E+000
  7.293799E-03  1.34220601E-237  1.34220601E-237  0.00000000E+000
  7.295087E-03  1.46225695E-237  1.46225695E-237  0.00000000E+000
  7.297234E-03  1.68660393E-237  1.68660393E-237  0.00000000E+000
  7.301531E-03  2.24375037E-237  2.24375037E-237  0.00000000E+000
  7.314454E-03  5.28382683E-237  5.28382683E-237  0.00000000E+000
  7.336095E-03  2.20331325E-236  2.20331325E-236  0.00000000E+000
  7.379762E-03  3.85927366E-235  3.85927366E-235  0.00000000E+000
  7.513939E-03  2.12035693E-231  2.12035693E-231  0.00000000E+000
  7.748750E-03  3.68708474E-225  3.68708474E-225  0.00000000E+000
  7.846835E-03  1.18753384E-222  1.18753384E-222  0.00000000E+000
  7.896815E-03  2.18734402E-221  2.18734402E-221  0.00000000E+000
  7.922045E-03  9.44031209E-221  9.44031209E-221  0.00000000E+000
  7.937260E-03  2.26777091E-220  2.26777091E-220  0.00000000E+000
  7.942345E-03  3.03727233E-220  3.03727233E-220  0.00000000E+000
  7.944889E-03  3.51482947E-220  3.51482947E-220  0.00000000E+000
  7.946417E-03  3.83687379E-220  3.83687379E-220  0.00000000E+000
  7.946926E-03  3.95054613E-220  3.95054613E-220  0.00000000E+000
  7.947945E-03  4.18796448E-220  4.18796448E-220  0.00000000E+000
  7.948455E-03  4.31156628E-220  4.31156628E-220  0.00000000E+000
  7.949984E-03  4.70432548E-220  4.70432548E-220  0.00000000E+000
  7.952534E-03  5.44016267E-220  5.44016267E-220  0.00000000E+000
  7.957638E-03  7.27487010E-220  7.27487010E-220  0.00000000E+000
  7.972990E-03  1.73276019E-219  1.73276019E-219  0.00000000E+000
  7.998710E-03  7.18876061E-219  7.18876061E-219  0.00000000E+000
  8.265333E-03  1.32338418E-212  1.32338418E-212  4.94065646E-324
  8.855714E-03  6.16266773E-200  6.16266773E-200  2.36240551E-304
  9.536923E-03  3.36820665E-187  3.36820665E-187  2.23100847E-284
  9.762205E-03  2.36431514E-183  2.36431514E-183  2.19968534E-278
  9.839683E-03  4.59369424E-182  4.59369424E-182  2.18690878E-276
  9.855326E-03  8.29802396E-182  8.29802396E-182  5.48638266E-276
  9.863166E-03  1.11522717E-181  1.11522717E-181  8.68972638E-276
  9.867091E-03  1.29288896E-181  1.29288896E-181  1.09363750E-275
  9.869448E-03  1.41282248E-181  1.41282248E-181  1.25546962E-275
  9.870233E-03  1.45517307E-181  1.45517307E-181  1.31449961E-275
  9.871805E-03  1.54381468E-181  1.54381468E-181  1.44115336E-275
  9.872591E-03  1.59012875E-181  1.59012875E-181  1.50896880E-275
  9.874950E-03  1.73759060E-181  1.73759060E-181  1.73219440E-275
  9.878884E-03  2.01435355E-181  2.01435355E-181  2.17997946E-275
  9.886762E-03  2.70718809E-181  2.70718809E-181  3.45284557E-275
  9.902556E-03  4.88961417E-181  4.88961417E-181  8.66215646E-275
  9.910472E-03  6.57123591E-181  6.57123591E-181  1.37198263E-274
  9.914434E-03  7.61762409E-181  7.61762409E-181  1.72659398E-274
  9.916813E-03  8.32390308E-181  8.32390308E-181  1.98199221E-274
  9.917607E-03  8.57382919E-181  8.57382919E-181  2.07534957E-274
  9.919194E-03  9.09514741E-181  9.09514741E-181  2.27528108E-274
  9.919987E-03  9.36636665E-181  9.36636665E-181  2.38226212E-274
  9.922369E-03  1.02303699E-180  1.02303699E-180  2.73469687E-274
  9.926341E-03  1.18508460E-180  1.18508460E-180  3.44160621E-274
  9.934295E-03  1.59027343E-180  1.59027343E-180  5.45098274E-274
  9.958233E-03  3.83136304E-180  3.83136304E-180  2.16563693E-273
  9.998387E-03  1.64178655E-179  1.64178655E-179  2.15803225E-272
  1.033167E-02  1.90800551E-174  1.90800551E-174  2.08965395E-264
  1.078087E-02  4.79674178E-168  4.79674178E-168  2.03320427E-254
  1.127091E-02  1.06933964E-161  1.06933964E-161  1.96000312E-244
  1.147963E-02  3.90298630E-159  3.90298630E-159  1.95130901E-240
  1.158692E-02  8.41244744E-158  8.41244744E-158  1.94718291E-238
  1.164131E-02  3.94467484E-157  3.94467484E-157  1.94434103E-237
  1.167420E-02  9.93914099E-157  9.93914099E-157  7.73728448E-237
  1.168520E-02  1.35160108E-156  1.35160108E-156  1.22587096E-236
  1.169071E-02  1.57610601E-156  1.57610601E-156  1.54316949E-236
  1.169402E-02  1.72835612E-156  1.72835612E-156  1.77183138E-236
  1.169512E-02  1.78211240E-156  1.78211240E-156  1.85505753E-236
  1.169733E-02  1.89410976E-156  1.89410976E-156  2.03421712E-236
  1.169843E-02  1.95131605E-156  1.95131605E-156  2.12971289E-236
  1.170175E-02  2.13458685E-156  2.13458685E-156  2.44586194E-236
  1.170727E-02  2.47788174E-156  2.47788174E-156  3.07822346E-236
  1.171834E-02  3.34013824E-156  3.34013824E-156  4.87861835E-236
  1.175166E-02  7.97165967E-156  7.97165967E-156  1.94092919E-235
  1.180762E-02  3.09066918E-155  3.09066918E-155  1.93923595E-234
  1.186411E-02  1.15804618E-154  1.15804618E-154  1.93735247E-233
  1.189827E-02  2.53203545E-154  2.53203545E-154  7.71058782E-233
  1.190970E-02  3.27959698E-154  3.27959698E-154  1.22192723E-232
  1.191543E-02  3.73144887E-154  3.73144887E-154  1.53866270E-232
  1.191886E-02  4.03038319E-154  4.03038319E-154  1.76610628E-232
  1.192001E-02  4.13573665E-154  4.13573665E-154  1.84962359E-232
  1.192230E-02  4.36098299E-154  4.36098299E-154  2.02782500E-232
  1.192345E-02  4.48628829E-154  4.48628829E-154  2.12366256E-232
  1.192689E-02  4.88283334E-154  4.88283334E-154  2.43811018E-232
  1.193263E-02  5.62335506E-154  5.62335506E-154  3.06930150E-232
  1.194412E-02  7.45660068E-154  7.45660068E-154  4.86295049E-232
  1.197874E-02  1.73818233E-153  1.73818233E-153  1.93549380E-231
  1.203689E-02  7.10862217E-153  7.10862217E-153  1.93515548E-230
  1.215490E-02  1.28416752E-151  1.28416752E-151  1.93587897E-228
  1.239800E-02  4.36958833E-149  4.36958833E-149  1.94481786E-224
  1.265102E-02  1.52265651E-146  1.52265651E-146  1.98650023E-220
  1.291458E-02  5.22410217E-144  5.22410217E-144  2.04783533E-216
  1.305053E-02  9.89876288E-143  9.89876288E-143  2.08912091E-214
  1.311958E-02  4.33743984E-142  4.33743984E-142  2.11639802E-213
  1.317535E-02  1.41391425E-141  1.41391425E-141  1.35023692E-212
  1.318235E-02  1.63877862E-141  1.63877862E-141  1.70201519E-212
  1.318656E-02  1.79075606E-141  1.79075606E-141  1.95609389E-212
  1.318796E-02  1.84433172E-141  1.84433172E-141  2.04868751E-212
  1.319076E-02  1.95611359E-141  1.95611359E-141  2.24716760E-212
  1.319217E-02  2.01474061E-141  2.01474061E-141  2.35424989E-212
  1.319638E-02  2.20037073E-141  2.20037073E-141  2.70515623E-212
  1.320341E-02  2.54892052E-141  2.54892052E-141  3.41088675E-212
  1.333118E-02  3.48861541E-140  3.48861541E-140  2.21237634E-210
  1.377556E-02  2.14501446E-136  2.14501446E-136  2.49125910E-204
  1.458588E-02  4.87533323E-130  4.87533323E-130  3.42894398E-194
  1.493735E-02  1.69090933E-127  1.69090933E-127  4.07968656E-190
  1.502788E-02  7.29841004E-127  7.29841004E-127  4.27334213E-189
  1.510110E-02  2.35107664E-126  2.35107664E-126  2.80059611E-188
  1.511030E-02  2.72112879E-126  2.72112879E-126  3.54243711E-188
  1.511583E-02  2.97077586E-126  2.97077586E-126  4.07930839E-188
  1.511767E-02  3.05877537E-126  3.05877537E-126  4.27531539E-188
  1.512136E-02  3.24312919E-126  3.24312919E-126  4.69707806E-188
  1.512320E-02  3.33914259E-126  3.33914259E-126  4.92260569E-188
  1.512874E-02  3.64557482E-126  3.64557482E-126  5.66877796E-188
  1.513797E-02  4.21921961E-126  4.21921961E-126  7.16991408E-188
  1.515648E-02  5.65291634E-126  5.65291634E-126  1.14750603E-187
  1.530617E-02  5.86445989E-125  5.86445989E-125  4.94246226E-186
  1.538213E-02  1.88855255E-124  1.88855255E-124  3.24683268E-185
  1.540124E-02  2.52993274E-124  2.52993274E-124  5.19879239E-185
  1.541081E-02  2.92805281E-124  2.92805281E-124  6.57808999E-185
  1.541656E-02  3.19650650E-124  3.19650650E-124  7.57608031E-185
  1.541848E-02  3.29147206E-124  3.29147206E-124  7.94179219E-185
  1.542232E-02  3.48987384E-124  3.48987384E-124  8.72673141E-185
  1.542423E-02  3.59292822E-124  3.59292822E-124  9.14543165E-185
  1.542999E-02  3.92233185E-124  3.92233185E-124  1.05330012E-184
  1.543960E-02  4.53982872E-124  4.53982872E-124  1.33292741E-184
  1.545885E-02  6.08117915E-124  6.08117915E-124  2.13434192E-184
  1.549750E-02  1.09121556E-123  1.09121556E-123  5.47375922E-184
  1.569367E-02  2.02819862E-122  2.02819862E-122  6.11432048E-182
  1.653067E-02  2.40069697E-117  2.40069697E-117  9.76642111E-174
  1.771143E-02  5.25008526E-111  5.25008526E-111  1.85670729E-163
  1.864361E-02  1.38628489E-106  1.38628489E-106  2.97618807E-156
  1.872810E-02  3.33535789E-106  3.33535789E-106  1.23321393E-155
  1.875643E-02  4.46897361E-106  4.46897361E-106  1.98059359E-155
  1.877063E-02  5.17309480E-106  5.17309480E-106  2.51011006E-155
  1.877916E-02  5.64772718E-106  5.64772718E-106  2.89353230E-155
  1.878200E-02  5.81512080E-106  5.81512080E-106  3.03368304E-155
  1.878770E-02  6.16639991E-106  6.16639991E-106  3.33564430E-155
  1.879054E-02  6.34946300E-106  6.34946300E-106  3.49705774E-155
  1.879909E-02  6.93367381E-106  6.93367381E-106  4.03135565E-155
  1.881335E-02  8.02859693E-106  8.02859693E-106  5.10871237E-155
  1.884195E-02  1.07659402E-105  1.07659402E-105  8.20609679E-155
  1.892824E-02  2.59467784E-105  2.59467784E-105  3.39893320E-154
  2.066333E-02  2.26675429E-098  2.26675429E-098  7.15353860E-143
  2.213929E-02  2.78713264E-093  2.78713264E-093  1.22707374E-134
  2.233874E-02  1.26243515E-092  1.26243515E-092  1.31318728E-133
  2.250091E-02  4.17360466E-092  4.17360466E-092  8.74388607E-133
  2.254182E-02  5.62389450E-092  5.62389450E-092  1.40447750E-132
  2.256233E-02  6.52798294E-092  6.52798294E-092  1.77996491E-132
  2.257465E-02  7.13848271E-092  7.13848271E-092  2.05176873E-132
  2.257877E-02  7.35495139E-092  7.35495139E-092  2.15155408E-132
  2.258699E-02  7.80252420E-092  7.80252420E-092  2.36524995E-132
  2.259111E-02  8.03402731E-092  8.03402731E-092  2.48015047E-132
  2.260346E-02  8.76936753E-092  8.76936753E-092  2.85881010E-132
  2.262409E-02  1.01486344E-091  1.01486344E-091  3.62335920E-132
  2.266545E-02  1.35904320E-091  1.35904320E-091  5.81955160E-132
  2.274862E-02  2.43678776E-091  2.43678776E-091  1.50101575E-131
  2.295926E-02  9.61791135E-091  9.61791135E-091  1.60332571E-130
  2.479600E-02  7.78632495E-086  7.78632495E-086  2.71967857E-122
  2.530204E-02  1.40744200E-084  1.40744200E-084  3.10220520E-120
  2.556289E-02  6.00135625E-084  6.00135625E-084  3.30908695E-119
  2.561570E-02  8.01995486E-084  8.01995486E-084  5.31184465E-119
  2.564219E-02  9.27122745E-084  9.27122745E-084  6.73008342E-119
  2.565811E-02  1.01138061E-083  1.01138061E-083  7.75679873E-119
  2.566342E-02  1.04112865E-083  1.04112865E-083  8.13265131E-119
  2.567405E-02  1.10329523E-083  1.10329523E-083  8.94013614E-119
  2.567937E-02  1.13576714E-083  1.13576714E-083  9.37360095E-119
  2.569534E-02  1.23900710E-083  1.23900710E-083  1.08038881E-118
  2.572199E-02  1.43225579E-083  1.43225579E-083  1.36875185E-118
  2.577547E-02  1.91399163E-083  1.91399163E-083  2.19713152E-118
  2.582917E-02  2.55766702E-083  2.55766702E-083  3.52664667E-118
  2.755111E-02  1.51698264E-079  1.51698264E-079  5.18917972E-112
  3.099500E-02  2.90627248E-073  2.90627248E-073  9.62872179E-102
  3.542286E-02  5.31198217E-067  5.31198217E-067  1.35306551E-091
  3.593623E-02  2.23809787E-066  2.23809787E-066  1.41283232E-090
  3.598839E-02  2.58420189E-066  2.58420189E-066  1.78630473E-090
  3.599884E-02  2.65959365E-066  2.65959365E-066  1.87209357E-090
  3.601976E-02  2.81705093E-066  2.81705093E-066  2.05624273E-090
  3.603022E-02  2.89916757E-066  2.89916757E-066  2.15491294E-090
  3.625146E-02  5.30261749E-066  5.30261749E-066  5.76985875E-090
  3.646471E-02  9.42255884E-066  9.42255884E-066  1.47384382E-089
  3.756970E-02  1.66720875E-064  1.66720875E-064  1.61464930E-087
  3.874375E-02  2.94017115E-063  2.94017115E-063  1.76577414E-085
  3.999355E-02  5.18285457E-062  5.18285457E-062  1.95324132E-083
  4.132667E-02  9.10380189E-061  9.10380189E-061  2.15303848E-081
  4.275172E-02  1.64608323E-059  1.64608323E-059  2.37923601E-079
  4.334965E-02  5.21255469E-059  5.21255469E-059  1.60329786E-078
  4.350175E-02  6.95248335E-059  6.95248335E-059  2.58180517E-078
  4.351702E-02  7.15564395E-059  7.15564395E-059  2.70776580E-078
  4.354759E-02  7.57990580E-059  7.57990580E-059  2.97838400E-078
  4.356290E-02  7.80150307E-059  7.80150307E-059  3.12374907E-078
  4.427857E-02  2.93275734E-058  2.93275734E-058  2.78721055E-077
  4.591852E-02  5.15768397E-057  5.15768397E-057  3.15429420E-075
  4.768462E-02  8.97114466E-056  8.97114466E-056  3.66265563E-073
  4.959200E-02  1.54605011E-054  1.54605011E-054  4.17844053E-071
  5.165833E-02  2.64633767E-053  2.64633767E-053  4.77269624E-069
  5.390435E-02  4.52309692E-052  4.52309692E-052  5.44136823E-067
  5.635455E-02  7.87958466E-051  7.87958466E-051  6.18016397E-065
  5.766512E-02  3.36503692E-050  3.36503692E-050  6.50596470E-064
  5.815197E-02  5.67257471E-050  5.67257471E-050  1.57564681E-063
  5.817926E-02  5.83952716E-050  5.83952716E-050  1.65580300E-063
  5.823391E-02  6.18826011E-050  6.18826011E-050  1.82845784E-063
  5.826128E-02  6.37039783E-050  6.37039783E-050  1.92140692E-063
  5.903810E-02  1.43463842E-049  1.43463842E-049  7.66037725E-063
  6.199000E-02  2.66009010E-048  2.66009010E-048  1.00386692E-060
  6.387429E-02  1.46359492E-047  1.46359492E-047  1.72258424E-059
  6.390722E-02  1.50642033E-047  1.50642033E-047  1.80730943E-059
  6.397317E-02  1.59583979E-047  1.59583979E-047  1.98939999E-059
  6.400620E-02  1.64252084E-047  1.64252084E-047  2.08720901E-059
  6.525263E-02  4.76505416E-047  4.76505416E-047  1.22791422E-058
  6.887778E-02  8.04110385E-046  8.04110385E-046  1.43839258E-056
  7.084571E-02  3.19174210E-045  3.19174210E-045  1.51850447E-055
  7.284371E-02  1.18806649E-044  1.18806649E-044  1.36107400E-054
  7.288654E-02  1.22093297E-044  1.22093297E-044  1.42335709E-054
  7.297234E-02  1.28877434E-044  1.28877434E-044  1.55639362E-054
  7.301531E-02  1.32372850E-044  1.32372850E-044  1.62739439E-054
  7.513939E-02  4.76246773E-044  4.76246772E-044  1.32838898E-053
  7.748750E-02  1.79079334E-043  1.79079334E-043  1.11816134E-052
  7.998710E-02  6.40371499E-043  6.40371498E-043  9.29854461E-052
  8.161949E-02  1.40537628E-042  1.40537628E-042  3.47752860E-051
  8.167325E-02  1.44138481E-042  1.44138480E-042  3.62907432E-051
  8.178100E-02  1.51619052E-042  1.51619051E-042  3.95240704E-051
  8.183498E-02  1.55502791E-042  1.55502791E-042  4.12476095E-051
  8.264782E-02  2.26587752E-042  2.26587752E-042  7.79807098E-051
  8.265884E-02  2.27749151E-042  2.27749151E-042  7.86510727E-051
  8.550345E-02  8.52194079E-042  8.52194072E-042  6.71762469E-050
  8.855714E-02  3.18088642E-041  3.18088636E-041  5.84942490E-049
  9.119088E-02  9.40886630E-041  9.40886596E-041  3.39212379E-048
  9.120000E-02  9.44144553E-041  9.44144518E-041  3.41225720E-048
  9.226000E-02  1.40367506E-040  1.40367499E-040  6.73635612E-048
  9.332000E-02  2.06541030E-040  2.06541017E-040  1.31013280E-047
  9.441000E-02  3.03286259E-040  3.03286234E-040  2.55722700E-047
  9.550000E-02  4.40988977E-040  4.40988928E-040  4.91709392E-047
  9.661000E-02  6.38640894E-040  6.38640799E-040  9.42525976E-047
  9.772000E-02  9.16257798E-040  9.16257620E-040  1.78044342E-046
  9.886000E-02  1.31401135E-039  1.31401101E-039  3.37145302E-046
  1.000000E-01  1.86727241E-039  1.86727178E-039  6.29217466E-046
  1.012000E-01  2.66524420E-039  2.66524302E-039  1.17976368E-045
  1.023000E-01  3.66258458E-039  3.66258250E-039  2.07900153E-045
  1.035000E-01  5.09588590E-039  5.09588210E-039  3.79871847E-045
  1.047000E-01  7.01638431E-039  7.01637747E-039  6.83538479E-045
  1.059000E-01  9.66387763E-039  9.66386551E-039  1.21195165E-044
  1.072000E-01  1.35818130E-038  1.35817908E-038  2.21814876E-044
  1.084000E-01  1.84820453E-038  1.84820071E-038  3.82064960E-044
  1.097000E-01  2.56489398E-038  2.56488719E-038  6.78466364E-044
  1.109000E-01  3.44287277E-038  3.44286139E-038  1.13765005E-043
  1.122000E-01  4.71386979E-038  4.71385015E-038  1.96489285E-043
  1.135000E-01  6.40159984E-038  6.40156637E-038  3.34719592E-043
  1.148000E-01  8.62264077E-038  8.62258450E-038  5.62667206E-043
  1.161000E-01  1.15537887E-037  1.15536953E-037  9.33955605E-043
  1.175000E-01  1.56995552E-037  1.56993962E-037  1.58992568E-042
  1.189000E-01  2.11812893E-037  2.11810223E-037  2.67002027E-042
  1.202000E-01  2.77874000E-037  2.77869729E-037  4.27057439E-042
  1.216000E-01  3.69408543E-037  3.69401546E-037  6.99658817E-042
  1.230000E-01  4.88032453E-037  4.88021127E-037  1.13260873E-041
  1.244000E-01  6.39996104E-037  6.39977980E-037  1.81241801E-041
  1.259000E-01  8.49594690E-037  8.49565061E-037  2.96285584E-041
  1.274000E-01  1.11953273E-036  1.11948488E-036  4.78532050E-041
  1.288000E-01  1.43861369E-036  1.43853961E-036  7.40819125E-041
  1.303000E-01  1.86879152E-036  1.86867599E-036  1.15534841E-040
  1.318000E-01  2.41152432E-036  2.41134270E-036  1.81624307E-040
  1.333000E-01  3.09074600E-036  3.09046311E-036  2.82892712E-040
  1.349000E-01  3.99576050E-036  3.99531105E-036  4.49450960E-040
  1.365000E-01  5.12722614E-036  5.12651890E-036  7.07245983E-040
  1.380000E-01  6.43086882E-036  6.42979598E-036  1.07284366E-039
  1.396000E-01  8.12788313E-036  8.12622404E-036  1.65909279E-039
  1.412000E-01  1.01787158E-035  1.01761716E-035  2.54422559E-039
  1.429000E-01  1.27315122E-035  1.27275401E-035  3.97215399E-039
  1.445000E-01  1.54403478E-035  1.54343543E-035  5.99343365E-039
  1.462000E-01  1.86429441E-035  1.86337396E-035  9.20441937E-039
  1.479000E-01  2.22491346E-035  2.22351106E-035  1.40240059E-038
  1.496000E-01  2.63347698E-035  2.63135646E-035  2.12051939E-038
  1.514000E-01  3.12248394E-035  3.11922460E-035  3.25934449E-038
  1.531000E-01  3.62245481E-035  3.61759835E-035  4.85645653E-038
  1.549000E-01  4.18005210E-035  4.17269810E-035  7.35400024E-038
  1.567000E-01  4.87715293E-035  4.86609660E-035  1.10563296E-037
  1.585000E-01  5.62070760E-035  5.60419936E-035  1.65082396E-037
  1.603000E-01  6.41144056E-035  6.38695441E-035  2.44861423E-037
  1.622000E-01  7.43670968E-035  7.39983866E-035  3.68710176E-037
  1.641000E-01  8.50170755E-035  8.44656134E-035  5.51462009E-037
  1.660000E-01  9.67220398E-035  9.59025352E-035  8.19504575E-037
  1.679000E-01  1.10713333E-034  1.09502940E-034  1.21039292E-036
  1.698000E-01  1.25081564E-034  1.23304337E-034  1.77722677E-036
  1.718000E-01  1.44954642E-034  1.42309237E-034  2.64540566E-036
  1.738000E-01  1.66885042E-034  1.62973513E-034  3.91152831E-036
  1.758000E-01  1.90100714E-034  1.84352965E-034  5.74774931E-036
  1.778000E-01  2.14124900E-034  2.05727683E-034  8.39721653E-036
  1.799000E-01  2.39501408E-034  2.27070671E-034  1.24307371E-035
  1.820000E-01  2.77316046E-034  2.59013053E-034  1.83029922E-035
  1.841000E-01  3.19912480E-034  2.93099118E-034  2.68133618E-035
  1.862000E-01  3.67101963E-034  3.28005581E-034  3.90963817E-035
  1.884000E-01  4.22026787E-034  3.64262219E-034  5.77645680E-035
  1.905000E-01  4.84252889E-034  4.00770094E-034  8.34827954E-035
  1.928000E-01  5.77887784E-034  4.53530216E-034  1.24357568E-034
  1.950000E-01  6.86520607E-034  5.05341731E-034  1.81178877E-034
  1.972000E-01  8.19702409E-034  5.57096386E-034  2.62606023E-034
  1.995000E-01  9.93898913E-034  6.09206167E-034  3.84692747E-034
  2.018000E-01  1.23998161E-033  6.80710096E-034  5.59271512E-034
  2.042000E-01  1.58369559E-033  7.65320935E-034  8.18374650E-034
  2.065000E-01  2.01445365E-033  8.49109943E-034  1.16534371E-033
  2.089000E-01  2.59881925E-033  9.37623272E-034  1.66119598E-033
  2.113000E-01  3.36986264E-033  1.04213443E-033  2.32772821E-033
  2.138000E-01  4.41157873E-033  1.17148920E-033  3.24008953E-033
  2.163000E-01  5.73465295E-033  1.32668365E-033  4.40796930E-033
  2.188000E-01  7.35872420E-033  1.50094833E-033  5.85777588E-033
  2.213000E-01  9.31715355E-033  1.70723269E-033  7.60992085E-033
  2.239000E-01  1.17396965E-032  1.96545961E-033  9.77423686E-033
  2.265000E-01  1.45819236E-032  2.26567893E-033  1.23162447E-032
  2.291000E-01  1.78999305E-032  2.62059854E-033  1.52793320E-032
  2.317000E-01  2.17547600E-032  3.02899569E-033  1.87257643E-032
  2.344000E-01  2.64234930E-032  3.51581313E-033  2.29076799E-032
  2.371000E-01  3.19046405E-032  4.08078814E-033  2.78238523E-032
  2.399000E-01  3.86088586E-032  4.74977390E-033  3.38590847E-032
  2.427000E-01  4.65770797E-032  5.52907215E-033  4.10480075E-032
  2.455000E-01  5.60421391E-032  6.41408388E-033  4.96280553E-032
  2.483000E-01  6.72938694E-032  7.41527874E-033  5.98785906E-032
  2.512000E-01  8.11688463E-032  8.56303596E-033  7.26058103E-032
  2.541000E-01  9.77141209E-032  9.81470380E-033  8.78994171E-032
  2.570000E-01  1.17462653E-031  1.12129635E-032  1.06249689E-031
  2.600000E-01  1.41881404E-031  1.28197256E-032  1.29061678E-031
  2.630000E-01  1.71096470E-031  1.46031046E-032  1.56493365E-031
  2.661000E-01  2.07246787E-031  1.66525481E-032  1.90594239E-031
  2.691000E-01  2.49028242E-031  1.88518663E-032  2.30176376E-031
  2.723000E-01  3.02278401E-031  2.14505255E-032  2.80827876E-031
  2.754000E-01  3.63900891E-031  2.42251631E-032  3.39675728E-031
  2.786000E-01  4.39672476E-031  2.73688720E-032  4.12303604E-031
  2.818000E-01  5.29894650E-031  3.08296996E-032  4.99064950E-031
  2.851000E-01  6.40635671E-031  3.47540426E-032  6.05881628E-031
  2.884000E-01  7.72375298E-031  3.90560964E-032  7.33319202E-031
  2.917000E-01  9.28554276E-031  4.37678217E-032  8.84786455E-031
  2.951000E-01  1.11918281E-030  4.90596340E-032  1.07012317E-030
  2.985000E-01  1.34479760E-030  5.48392228E-032  1.28995838E-030
  3.020000E-01  1.61941111E-030  6.13298198E-032  1.55808129E-030
  3.055000E-01  1.85337659E-030  6.84021475E-032  1.78497444E-030
  3.090000E-01  2.18546236E-030  7.60900902E-032  2.10937227E-030
  3.126000E-01  2.57600063E-030  8.46259730E-032  2.49137466E-030
  3.162000E-01  3.02053060E-030  9.38566951E-032  2.92667390E-030
  3.199000E-01  3.53783916E-030  1.04124030E-031  3.43371513E-030
  3.236000E-01  4.11978221E-030  1.15222609E-031  4.00455960E-030
  3.273000E-01  4.76820651E-030  1.27190259E-031  4.64101626E-030
  3.311000E-01  5.50254497E-030  1.40422519E-031  5.36212245E-030
  3.350000E-01  6.32239644E-030  1.55049857E-031  6.16734658E-030
  3.388000E-01  7.17287987E-030  1.70368304E-031  7.00251157E-030
  3.428000E-01  8.09852889E-030  1.87680059E-031  7.91084883E-030
  3.467000E-01  8.99529186E-030  2.05715487E-031  8.78957637E-030
  3.507000E-01  9.86682309E-030  2.25472296E-031  9.64135080E-030
  3.548000E-01  1.06838771E-029  2.47128102E-031  1.04367490E-029
  3.589000E-01  1.14525105E-029  2.70260340E-031  1.11822502E-029
  3.631000E-01  1.22844765E-029  2.95544145E-031  1.19889323E-029
  3.673000E-01  1.32763061E-029  3.22461615E-031  1.29538444E-029
  3.715000E-01  1.45117447E-029  3.51067837E-031  1.41606768E-029
  3.758000E-01  1.60711964E-029  3.82185428E-031  1.56890109E-029
  3.802000E-01  1.79826531E-029  4.16003980E-031  1.75666491E-029
  3.846000E-01  2.01909131E-029  4.51816849E-031  1.97390963E-029
  3.891000E-01  2.27055451E-029  4.90595896E-031  2.22149492E-029
  3.936000E-01  2.54048284E-029  5.31638723E-031  2.48731897E-029
  3.981000E-01  2.81945818E-029  5.75005253E-031  2.76195766E-029
  4.027000E-01  3.10123686E-029  6.21641605E-031  3.03907270E-029
  4.074000E-01  3.36720456E-029  6.71784048E-031  3.30002616E-029
  4.121000E-01  3.58718479E-029  7.24604306E-031  3.51472436E-029
  4.169000E-01  3.73944614E-029  7.81371075E-031  3.66130904E-029
  4.217000E-01  3.80537456E-029  8.41047546E-031  3.72126980E-029
  4.266000E-01  3.79645152E-029  9.05025767E-031  3.70594895E-029
  4.315000E-01  3.74900262E-029  9.72149395E-031  3.65178768E-029
  4.365000E-01  3.70475204E-029  1.04395871E-030  3.60035617E-029
  4.416000E-01  3.69156028E-029  1.12059907E-030  3.57950038E-029
  4.467000E-01  3.71630645E-029  1.20054287E-030  3.59625216E-029
  4.519000E-01  3.77098548E-029  1.28573515E-030  3.64241196E-029
  4.571000E-01  3.83874797E-029  1.37468912E-030  3.70127906E-029
  4.624000E-01  3.90422304E-029  1.46926756E-030  3.75729628E-029
  4.677000E-01  3.95642154E-029  1.56783669E-030  3.79963788E-029
  4.732000E-01  3.99900850E-029  1.67438309E-030  3.83157019E-029
  4.786000E-01  4.04014986E-029  1.78324511E-030  3.86182535E-029
  4.842000E-01  4.09179550E-029  1.90062128E-030  3.90173338E-029
  4.898000E-01  4.15491255E-029  2.02246022E-030  3.95266652E-029
  4.954000E-01  4.22381770E-029  2.14883160E-030  4.00893454E-029
  5.012000E-01  4.29270765E-029  2.28457386E-030  4.06425026E-029
  5.070000E-01  4.35526220E-029  2.42527256E-030  4.11273495E-029
  5.129000E-01  4.41903728E-029  2.57349138E-030  4.16168814E-029
  5.188000E-01  4.49745291E-029  2.72685181E-030  4.22476773E-029
  5.248000E-01  4.60381563E-029  2.88808321E-030  4.31500731E-029
  5.309000E-01  4.74017976E-029  3.05744441E-030  4.43443532E-029
  5.370000E-01  4.89559335E-029  3.23228066E-030  4.57236528E-029
  5.433000E-01  5.06147057E-029  3.41857741E-030  4.71961283E-029
  5.495000E-01  5.21834963E-029  3.60757526E-030  4.85759210E-029
  5.559000E-01  5.37273087E-029  3.80785029E-030  4.99194584E-029
  5.623000E-01  5.52498942E-029  4.01389472E-030  5.12359995E-029
  5.688000E-01  5.68405125E-029  4.22907863E-030  5.26114339E-029
  5.754000E-01  5.84774489E-029  4.45362142E-030  5.40238275E-029
  5.821000E-01  6.00348852E-029  4.68773601E-030  5.53471492E-029
  5.888000E-01  6.13085239E-029  4.92799594E-030  5.63805280E-029
  5.957000E-01  6.21613954E-029  5.18177061E-030  5.69796248E-029
  6.026000E-01  6.25072298E-029  5.44189357E-030  5.70653362E-029
  6.095000E-01  6.24871693E-029  5.70827115E-030  5.67788982E-029
  6.166000E-01  6.23461804E-029  5.98879523E-030  5.63573852E-029
  6.237000E-01  6.22781179E-029  6.27572545E-030  5.60023925E-029
  6.310000E-01  6.23072138E-029  6.57729485E-030  5.57299190E-029
  6.383000E-01  6.23255772E-029  6.88538181E-030  5.54401954E-029
  6.457000E-01  6.21922166E-029  7.20420229E-030  5.49880143E-029
  6.531000E-01  6.18387195E-029  7.52943576E-030  5.43092838E-029
  6.607000E-01  6.13511673E-029  7.87008259E-030  5.34810847E-029
  6.683000E-01  6.09786194E-029  8.21726194E-030  5.27613574E-029
  6.761000E-01  6.09747326E-029  8.58011718E-030  5.23946154E-029
  6.839000E-01  6.15058872E-029  8.94941461E-030  5.25564726E-029
  6.918000E-01  6.26044494E-029  9.32982242E-030  5.32746270E-029
  6.998000E-01  6.42232442E-029  9.72138466E-030  5.45018596E-029
  7.079000E-01  6.62900562E-029  1.01243506E-029  5.61657055E-029
  7.161000E-01  6.87070201E-029  1.05385457E-029  5.81684744E-029
  7.244000E-01  7.13852351E-029  1.09639648E-029  6.04212702E-029
  7.328000E-01  7.42435338E-029  1.14005962E-029  6.28429377E-029
  7.413000E-01  7.72191998E-029  1.18484131E-029  6.53707867E-029
  7.499000E-01  8.02891354E-029  1.23073742E-029  6.79817612E-029
  7.586000E-01  8.34871999E-029  1.27774235E-029  7.07097763E-029
  7.674000E-01  8.68880530E-029  1.32584902E-029  7.36295628E-029
  7.763000E-01  9.05605053E-029  1.37504887E-029  7.68100166E-029
  7.852000E-01  9.44912370E-029  1.42477035E-029  8.02435334E-029
  7.943000E-01  9.87700803E-029  1.47611955E-029  8.40088848E-029
  8.035000E-01  1.03357641E-028  1.52841545E-029  8.80734862E-029
  8.128000E-01  1.08259014E-028  1.58156461E-029  9.24433680E-029
  8.222000E-01  1.13455232E-028  1.63571910E-029  9.70980405E-029
  8.318000E-01  1.19003186E-028  1.69144355E-029  1.02088750E-028
  8.414000E-01  1.24782262E-028  1.74755754E-029  1.07306687E-028
  8.511000E-01  1.30842846E-028  1.80461888E-029  1.12796658E-028
  8.610000E-01  1.37245134E-028  1.86319911E-029  1.18613143E-028
  8.710000E-01  1.43923002E-028  1.92268790E-029  1.24696123E-028
  8.810000E-01  1.50802441E-028  1.98246111E-029  1.30977830E-028
  8.913000E-01  1.58088732E-028  2.04428968E-029  1.37645836E-028
  9.016000E-01  1.65579539E-028  2.10630377E-029  1.44516501E-028
  9.120000E-01  1.73385132E-028  2.16890254E-029  1.51696107E-028
  9.226000E-01  1.81534157E-028  2.23286009E-029  1.59205556E-028
  9.333000E-01  1.89949313E-028  2.29754377E-029  1.66973876E-028
  9.441000E-01  1.98627277E-028  2.36292113E-029  1.74998065E-028
  9.550000E-01  2.07564512E-028  2.42895897E-029  1.83274923E-028
  9.661000E-01  2.16841557E-028  2.49622939E-029  1.91879263E-028
  9.772000E-01  2.26287075E-028  2.56348550E-029  2.00652219E-028
  9.886000E-01  2.36153873E-028  2.63250843E-029  2.09828789E-028
  1.000000E+00  2.46181172E-028  2.70144678E-029  2.19166704E-028
  1.012000E+00  2.57072198E-028  2.77410935E-029  2.29331105E-028
  1.023000E+00  2.67207210E-028  2.84057622E-029  2.38801448E-028
  1.035000E+00  2.78419234E-028  2.91289802E-029  2.49290254E-028
  1.047000E+00  2.89783585E-028  2.98499004E-029  2.59933685E-028
  1.059000E+00  3.01289927E-028  3.05681875E-029  2.70721739E-028
  1.071000E+00  3.12927976E-028  3.12835224E-029  2.81644453E-028
  1.084000E+00  3.25672641E-028  3.20547853E-029  2.93617856E-028
  1.097000E+00  3.38547002E-028  3.28218615E-029  3.05725140E-028
  1.109000E+00  3.50535102E-028  3.35259167E-029  3.17009185E-028
  1.122000E+00  3.63623133E-028  3.42839876E-029  3.29339145E-028
  1.135000E+00  3.77084710E-028  3.50355282E-029  3.42049181E-028
  1.148000E+00  3.90838100E-028  3.57806585E-029  3.55057441E-028
  1.161000E+00  4.04695781E-028  3.65199946E-029  3.68175787E-028
  1.175000E+00  4.19722940E-028  3.73094332E-029  3.82413507E-028
  1.189000E+00  4.34843700E-028  3.80915654E-029  3.96752135E-028
  1.202000E+00  4.48956138E-028  3.88110507E-029  4.10145087E-028
  1.216000E+00  4.64218646E-028  3.95783422E-029  4.24640304E-028
  1.230000E+00  4.79535098E-028  4.03375891E-029  4.39197509E-028
  1.245000E+00  4.96002473E-028  4.11536397E-029  4.54848834E-028
  1.259000E+00  5.11522465E-028  4.19236660E-029  4.69598799E-028
  1.273000E+00  5.27121944E-028  4.26834569E-029  4.84438487E-028
  1.288000E+00  5.43851355E-028  4.34886652E-029  5.00362690E-028
  1.303000E+00  5.60583128E-028  4.42845211E-029  5.16298607E-028
  1.318000E+00  5.77394034E-028  4.50743940E-029  5.32319640E-028
  1.334000E+00  5.95321909E-028  4.59069849E-029  5.49414924E-028
  1.349000E+00  6.12098248E-028  4.66775001E-029  5.65420748E-028
  1.365000E+00  6.29945878E-028  4.74885279E-029  5.82457350E-028
  1.380000E+00  6.46665026E-028  4.82383339E-029  5.98426693E-028
  1.396000E+00  6.64679173E-028  4.90256819E-029  6.15653491E-028
  1.413000E+00  6.83740825E-028  4.98495524E-029  6.33891273E-028
  1.429000E+00  7.01594311E-028  5.06129367E-029  6.50981374E-028
  1.445000E+00  7.19351409E-028  5.13645989E-029  6.67986810E-028
  1.462000E+00  7.38202816E-028  5.21501797E-029  6.86052636E-028
  1.479000E+00  7.57351493E-028  5.29217494E-029  7.04429743E-028
  1.496000E+00  7.76379002E-028  5.36799417E-029  7.22699060E-028
  1.514000E+00  7.96380549E-028  5.44681477E-029  7.41912402E-028
  1.531000E+00  8.15122014E-028  5.51988004E-029  7.59923213E-028
  1.549000E+00  8.34796370E-028  5.59578872E-029  7.78838483E-028
  1.567000E+00  8.54742817E-028  5.66942170E-029  7.98048600E-028
  1.585000E+00  8.74532418E-028  5.74151614E-029  8.17117257E-028
  1.603000E+00  8.94133628E-028  5.81211630E-029  8.36012465E-028
  1.622000E+00  9.14608426E-028  5.88502803E-029  8.55758146E-028
  1.641000E+00  9.34851386E-028  5.95629784E-029  8.75288408E-028
  1.660000E+00  9.54837142E-028  6.02626654E-029  8.94574477E-028
  1.679000E+00  9.74559033E-028  6.09492803E-029  9.13609753E-028
  1.698000E+00  9.94023128E-028  6.16200392E-029  9.32403088E-028
  1.718000E+00  1.01422500E-027  6.23091522E-029  9.51915848E-028
  1.738000E+00  1.03412526E-027  6.29810805E-029  9.71144175E-028
  1.758000E+00  1.05371701E-027  6.36360358E-029  9.90080977E-028
  1.778000E+00  1.07314985E-027  6.42853446E-029  1.00886451E-027
  1.799000E+00  1.09353907E-027  6.49723571E-029  1.02856671E-027
  1.820000E+00  1.11358806E-027  6.56419741E-029  1.04794608E-027
  1.841000E+00  1.13329212E-027  6.62944424E-029  1.06699767E-027
  1.862000E+00  1.15264738E-027  6.69300154E-029  1.08571737E-027
  1.884000E+00  1.17254693E-027  6.75780145E-029  1.10496892E-027
  1.906000E+00  1.19205782E-027  6.82080583E-029  1.12384976E-027
  1.928000E+00  1.21187717E-027  6.88259274E-029  1.14305124E-027
  1.950000E+00  1.23137327E-027  6.94269089E-029  1.16194636E-027
  1.972000E+00  1.25049675E-027  7.00109294E-029  1.18048582E-027
  1.995000E+00  1.27009101E-027  7.06036991E-029  1.19948731E-027
  2.018000E+00  1.28927876E-027  7.11786287E-029  1.21810013E-027
  2.042000E+00  1.30886922E-027  7.17599225E-029  1.23710930E-027
  2.065000E+00  1.32723255E-027  7.22995109E-029  1.25493304E-027
  2.089000E+00  1.34608869E-027  7.28425550E-029  1.27324613E-027
  2.114000E+00  1.36528558E-027  7.33891307E-029  1.29189645E-027
  2.138000E+00  1.38340497E-027  7.39097192E-029  1.30949525E-027
  2.163000E+00  1.40190521E-027  7.44410924E-029  1.32746411E-027
  2.188000E+00  1.41997045E-027  7.49546455E-029  1.34501580E-027
  2.213000E+00  1.43767240E-027  7.54457180E-029  1.36222668E-027
  2.239000E+00  1.45570280E-027  7.59335852E-029  1.37976921E-027
  2.265000E+00  1.47356032E-027  7.64047433E-029  1.39715558E-027
  2.291000E+00  1.49137652E-027  7.68602332E-029  1.41451629E-027
  2.317000E+00  1.50880034E-027  7.72987377E-029  1.43150160E-027
  2.344000E+00  1.52649678E-027  7.77366221E-029  1.44876016E-027
  2.371000E+00  1.54380853E-027  7.81571903E-029  1.46565134E-027
  2.399000E+00  1.56137953E-027  7.85755763E-029  1.48280395E-027
  2.427000E+00  1.57870889E-027  7.89770675E-029  1.49973183E-027
  2.455000E+00  1.59668368E-027  7.93668695E-029  1.51731681E-027
  2.483000E+00  1.61431838E-027  7.97418409E-029  1.53457654E-027
  2.512000E+00  1.63188556E-027  8.01256247E-029  1.55175993E-027
  2.541000E+00  1.64923564E-027  8.04928915E-029  1.56874275E-027
  2.570000E+00  1.66642708E-027  8.08441701E-029  1.58558291E-027
  2.600000E+00  1.68411729E-027  8.11912866E-029  1.60292601E-027
  2.630000E+00  1.70180083E-027  8.15224033E-029  1.62027843E-027
  2.661000E+00  1.72018195E-027  8.18483254E-029  1.63833362E-027
  2.691000E+00  1.73821106E-027  8.21485696E-029  1.65606249E-027
  2.723000E+00  1.75789152E-027  8.24529756E-029  1.67543855E-027
  2.754000E+00  1.77763442E-027  8.27328231E-029  1.69490160E-027
  2.786000E+00  1.79965514E-027  8.30231621E-029  1.71663197E-027
  2.818000E+00  1.82317713E-027  8.32995616E-029  1.73987757E-027
  2.851000E+00  1.84960799E-027  8.35699083E-029  1.76603808E-027
  2.884000E+00  1.87914506E-027  8.38259144E-029  1.79531915E-027
  2.917000E+00  1.91309719E-027  8.40681431E-029  1.82902904E-027
  2.951000E+00  1.95476530E-027  8.43038784E-029  1.87046142E-027
  2.985000E+00  2.00652736E-027  8.45261450E-029  1.92200121E-027
  3.020000E+00  2.07614494E-027  8.47414689E-029  1.99140347E-027
  3.055000E+00  2.17272153E-027  8.49437002E-029  2.08777783E-027
  3.090000E+00  2.31608249E-027  8.51334067E-029  2.23094908E-027
  3.126000E+00  2.55697256E-027  8.53798247E-029  2.47159274E-027
  3.162000E+00  3.00035471E-027  8.56370595E-029  2.91471765E-027
  3.199000E+00  4.00955452E-027  8.58890516E-029  3.92366547E-027
  3.236000E+00  7.04805363E-027  8.61290296E-029  6.96192460E-027
  3.273000E+00  2.31109108E-026  8.63379413E-029  2.30245729E-026
  3.311000E+00  4.93016495E-026  8.64889580E-029  4.92151606E-026
  3.350000E+00  1.05946811E-026  8.66329300E-029  1.05080482E-026
  3.388000E+00  5.12011690E-027  8.67630200E-029  5.03335388E-027
  3.428000E+00  3.55031985E-027  8.68479499E-029  3.46347190E-027
  3.467000E+00  2.94833528E-027  8.69008026E-029  2.86143447E-027
  3.507000E+00  2.64763496E-027  8.69461191E-029  2.56068884E-027
  3.548000E+00  2.48056604E-027  8.69837860E-029  2.39358226E-027
  3.589000E+00  2.38358561E-027  8.70131150E-029  2.29657249E-027
  3.631000E+00  2.32383399E-027  8.70350710E-029  2.23679892E-027
  3.673000E+00  2.28836499E-027  8.70384419E-029  2.20132655E-027
  3.715000E+00  2.26825439E-027  8.70283848E-029  2.18122601E-027
  3.758000E+00  2.25812301E-027  8.70114246E-029  2.17111159E-027
  3.802000E+00  2.25547388E-027  8.69876198E-029  2.16848626E-027
  3.846000E+00  2.25858380E-027  8.69578079E-029  2.17162599E-027
  3.891000E+00  2.26661832E-027  8.69216486E-029  2.17969667E-027
  3.935000E+00  2.27853903E-027  8.68812985E-029  2.19165773E-027
  3.981000E+00  2.29424641E-027  8.68343004E-029  2.20741211E-027
  4.027000E+00  2.31288049E-027  8.67828592E-029  2.22609763E-027
  4.074000E+00  2.33469006E-027  8.67261896E-029  2.24796387E-027
  4.121000E+00  2.35915878E-027  8.66658279E-029  2.27249296E-027
  4.169000E+00  2.38690055E-027  8.65414884E-029  2.30035906E-027
  4.217000E+00  2.41739139E-027  8.63955295E-029  2.33099586E-027
  4.266000E+00  2.45140116E-027  8.62447145E-029  2.36515644E-027
  4.315000E+00  2.48844683E-027  8.60924831E-029  2.40235435E-027
  4.365000E+00  2.52955429E-027  8.59360960E-029  2.44361819E-027
  4.416000E+00  2.57515865E-027  8.57758971E-029  2.48938276E-027
  4.467000E+00  2.62535376E-027  8.56725533E-029  2.53968120E-027
  4.519000E+00  2.68118860E-027  8.55846826E-029  2.59560392E-027
  4.571000E+00  2.74196220E-027  8.54966796E-029  2.65646552E-027
  4.624000E+00  2.80950278E-027  8.54072120E-029  2.72409557E-027
  4.677000E+00  2.88330430E-027  8.53183223E-029  2.79798598E-027
  4.732000E+00  2.96727571E-027  8.52270419E-029  2.88204867E-027
  4.786000E+00  3.05833216E-027  8.51764627E-029  2.97315570E-027
  4.842000E+00  3.16333402E-027  8.52075609E-029  3.07812646E-027
  4.898000E+00  3.27956491E-027  8.52397906E-029  3.19432512E-027
  4.955000E+00  3.41111442E-027  8.52740872E-029  3.32584034E-027
  5.012000E+00  3.55802079E-027  8.53300618E-029  3.47269073E-027
  5.070000E+00  3.72568090E-027  8.54596767E-029  3.64022123E-027
  5.129000E+00  3.91895563E-027  8.55934341E-029  3.83336219E-027
  5.188000E+00  4.13974192E-027  8.57995232E-029  4.05394240E-027
  5.248000E+00  4.39857682E-027  8.61307643E-029  4.31244606E-027
  5.309000E+00  4.70535941E-027  8.64693115E-029  4.61889010E-027
  5.370000E+00  5.06751952E-027  8.68099970E-029  4.98070953E-027
  5.432000E+00  5.50865687E-027  8.71587951E-029  5.42149808E-027
  5.495000E+00  6.05657155E-027  8.75161664E-029  5.96905538E-027
  5.559000E+00  6.75414602E-027  8.80176576E-029  6.66612836E-027
  5.623000E+00  7.65230231E-027  8.85649718E-029  7.56373734E-027
  5.688000E+00  8.86848356E-027  8.92553199E-029  8.77922824E-027
  5.754000E+00  1.05929700E-026  8.99918208E-029  1.05029781E-026
  5.821000E+00  1.31891281E-026  9.07433663E-029  1.30983847E-026
  5.888000E+00  1.73380265E-026  9.14992517E-029  1.72465273E-026
  5.957000E+00  2.49176061E-026  9.23941779E-029  2.48252119E-026
  6.026000E+00  4.02853170E-026  9.33282398E-029  4.01919888E-026
  6.095000E+00  7.57190535E-026  9.42682411E-029  7.56247852E-026
  6.166000E+00  1.48697983E-025  9.52421730E-029  1.48602741E-025
  6.237000E+00  1.48475267E-025  9.61339533E-029  1.48379133E-025
  6.310000E+00  7.83914701E-026  9.69792896E-029  7.82944908E-026
  6.383000E+00  4.51742223E-026  9.77703100E-029  4.50764520E-026
  6.457000E+00  3.16539594E-026  9.84568790E-029  3.15555026E-026
  6.531000E+00  2.59696807E-026  9.91457528E-029  2.58705350E-026
  6.607000E+00  2.37587637E-026  9.97442352E-029  2.36590194E-026
  6.683000E+00  2.35440503E-026  1.00356149E-028  2.34436941E-026
  6.761000E+00  2.47228755E-026  1.00940593E-028  2.46219349E-026
  6.839000E+00  2.70972268E-026  1.01520831E-028  2.69957059E-026
  6.918000E+00  3.07450756E-026  1.02170348E-028  3.06429052E-026
  6.998000E+00  3.59262678E-026  1.03340291E-028  3.58229275E-026
  7.080000E+00  4.32040757E-026  1.04558169E-028  4.30995175E-026
  7.161000E+00  5.29819551E-026  1.07741088E-028  5.28742141E-026
  7.244000E+00  6.65782679E-026  1.11174248E-028  6.64670937E-026
  7.328000E+00  8.51634346E-026  1.17352739E-028  8.50460819E-026
  7.413000E+00  1.09843214E-025  1.27549963E-028  1.09715664E-025
  7.499000E+00  1.40085971E-025  1.38060569E-028  1.39947910E-025
  7.586000E+00  1.70757649E-025  1.61735201E-028  1.70595913E-025
  7.674000E+00  1.90424603E-025  1.89025070E-028  1.90235578E-025
  7.762000E+00  1.88775266E-025  2.20131312E-028  1.88555135E-025
  7.852000E+00  1.67971672E-025  2.71745756E-028  1.67699927E-025
  7.943000E+00  1.39800842E-025  3.25227934E-028  1.39475614E-025
  8.035000E+00  1.13961329E-025  3.89903002E-028  1.13571426E-025
  8.128000E+00  9.43171266E-026  4.71284912E-028  9.38458417E-026
  8.222000E+00  8.16144267E-026  5.55195915E-028  8.10592308E-026
  8.318000E+00  7.62552592E-026  6.39178102E-028  7.56160811E-026
  8.414000E+00  7.97927582E-026  7.17223746E-028  7.90755344E-026
  8.511000E+00  9.19747988E-026  7.89801732E-028  9.11849971E-026
  8.610000E+00  9.72975803E-026  8.63204432E-028  9.64343758E-026
  8.710000E+00  7.91643734E-026  9.49222467E-028  7.82151509E-026
  8.811000E+00  5.73904147E-026  1.05106300E-027  5.63393517E-026
  8.913000E+00  4.29564403E-026  1.16681374E-027  4.17896266E-026
  9.016000E+00  3.41151739E-026  1.29156647E-027  3.28236074E-026
  9.120000E+00  2.84520247E-026  1.41749877E-027  2.70345259E-026
  9.226000E+00  2.45563539E-026  1.52650241E-027  2.30298515E-026
  9.333000E+00  2.17527609E-026  1.60634100E-027  2.01464199E-026
  9.441000E+00  1.96438119E-026  1.65413301E-027  1.79896789E-026
  9.550000E+00  1.80059830E-026  1.67115488E-027  1.63348281E-026
  9.660000E+00  1.67068841E-026  1.65940976E-027  1.50474744E-026
  9.772000E+00  1.56716419E-026  1.63402017E-027  1.40376217E-026
  9.885000E+00  1.48749817E-026  1.60805414E-027  1.32669276E-026
  1.000000E+01  1.42880324E-026  1.58391956E-027  1.27041128E-026
  1.012000E+01  1.39061849E-026  1.56457593E-027  1.23416090E-026
  1.023000E+01  1.37630234E-026  1.54272488E-027  1.22202985E-026
  1.035000E+01  1.38712396E-026  1.51180642E-027  1.23594332E-026
  1.047000E+01  1.43370416E-026  1.45984595E-027  1.28771956E-026
  1.059000E+01  1.53713742E-026  1.39806602E-027  1.39733082E-026
  1.072000E+01  1.76506024E-026  1.33112172E-027  1.63194807E-026
  1.084000E+01  2.19618970E-026  1.27685956E-027  2.06850375E-026
  1.097000E+01  3.27417727E-026  1.22715549E-027  3.15146172E-026
  1.109000E+01  6.10130342E-026  1.18506679E-027  5.98279674E-026
  1.122000E+01  1.79488169E-025  1.13923325E-027  1.78348935E-025
  1.135000E+01  2.33505944E-025  1.09751130E-027  2.32408433E-025
  1.148000E+01  8.04685918E-026  1.05868346E-027  7.94099083E-026
  1.161000E+01  4.37070792E-026  1.02500405E-027  4.26820752E-026
  1.175000E+01  4.06989684E-026  9.87493869E-028  3.97114745E-026
  1.189000E+01  5.37877783E-026  9.47304465E-028  5.28404738E-026
  1.202000E+01  3.84949003E-026  9.10839085E-028  3.75840612E-026
  1.216000E+01  2.62996450E-026  8.72392945E-028  2.54272521E-026
  1.230000E+01  2.55648347E-026  8.41054367E-028  2.47237804E-026
  1.244000E+01  3.50243924E-026  8.11499484E-028  3.42128929E-026
  1.259000E+01  7.16083941E-026  7.79241634E-028  7.08291525E-026
  1.273000E+01  1.00053250E-025  7.50116660E-028  9.93031330E-026
  1.288000E+01  4.82965202E-026  7.19244809E-028  4.75772754E-026
  1.303000E+01  2.49461313E-026  6.94402639E-028  2.42517287E-026
  1.318000E+01  1.65356058E-026  6.70664453E-028  1.58649413E-026
  1.334000E+01  1.25911207E-026  6.48457577E-028  1.19426632E-026
  1.349000E+01  1.06571383E-026  6.27474489E-028  1.00296638E-026
  1.365000E+01  9.44059773E-027  6.11716348E-028  8.82888139E-027
  1.380000E+01  8.71389674E-027  5.98140132E-028  8.11575661E-027
  1.396000E+01  8.20681830E-027  5.97462588E-028  7.60935571E-027
  1.412000E+01  7.86830486E-027  5.99417020E-028  7.26888784E-027
  1.429000E+01  7.64690618E-027  6.17022502E-028  7.02988368E-027
  1.445000E+01  7.52543583E-027  6.36525160E-028  6.88891067E-027
  1.462000E+01  7.47791245E-027  6.68220975E-028  6.80969147E-027
  1.479000E+01  7.49526700E-027  7.01882742E-028  6.79338426E-027
  1.496000E+01  7.57756944E-027  7.39130232E-028  6.83843921E-027
  1.514000E+01  7.74120658E-027  7.80862300E-028  6.96034428E-027
  1.531000E+01  7.99047929E-027  8.24303649E-028  7.16617564E-027
  1.549000E+01  8.40312739E-027  8.72261803E-028  7.53086559E-027
  1.567000E+01  9.09787915E-027  9.23946033E-028  8.17393311E-027
  1.585000E+01  1.04362619E-026  9.77674780E-028  9.45858714E-027
  1.603000E+01  1.37921487E-026  1.03412442E-027  1.27580243E-026
  1.622000E+01  2.98220677E-026  1.09602565E-027  2.87260421E-026
  1.641000E+01  1.33769048E-025  1.15973090E-027  1.32609317E-025
  1.660000E+01  2.78079330E-026  1.22483002E-027  2.65831030E-026
  1.679000E+01  1.54014508E-026  1.29060763E-027  1.41108432E-026
  1.698000E+01  1.32529581E-026  1.35368751E-027  1.18992706E-026
  1.718000E+01  1.33005904E-026  1.42120079E-027  1.18793896E-026
  1.738000E+01  1.45709003E-026  1.48579051E-027  1.30851098E-026
  1.758000E+01  1.72765918E-026  1.54961912E-027  1.57269727E-026
  1.778000E+01  2.26262993E-026  1.60950174E-027  2.10167976E-026
  1.799000E+01  3.42310921E-026  1.66384746E-027  3.25672446E-026
  1.820000E+01  5.27391358E-026  1.71760814E-027  5.10215276E-026
  1.841000E+01  5.28169186E-026  1.76018876E-027  5.10567298E-026
  1.862000E+01  3.57738219E-026  1.79959253E-027  3.39742294E-026
  1.884000E+01  2.51787237E-026  1.83521977E-027  2.33435040E-026
  1.906000E+01  2.06649394E-026  1.85678597E-027  1.88081534E-026
  1.927000E+01  1.90157606E-026  1.87654149E-027  1.71392191E-026
  1.950000E+01  1.87805549E-026  1.88863702E-027  1.68919179E-026
  1.972000E+01  1.96641038E-026  1.89304857E-027  1.77710552E-026
  1.995000E+01  2.18133038E-026  1.89725145E-027  1.99160524E-026
  2.018000E+01  2.57810526E-026  1.89544159E-027  2.38856110E-026
  2.042000E+01  3.34748923E-026  1.89608490E-027  3.15788074E-026
  2.065000E+01  4.78432405E-026  1.90279511E-027  4.59404454E-026
  2.089000E+01  7.71309501E-026  1.90867063E-027  7.52222794E-026
  2.114000E+01  1.14658657E-025  1.91398876E-027  1.12744668E-025
  2.138000E+01  1.01529777E-025  1.91849735E-027  9.96112795E-026
  2.163000E+01  6.54484969E-026  1.92814658E-027  6.35203503E-026
  2.188000E+01  4.54671952E-026  1.93765669E-027  4.35295385E-026
  2.213000E+01  3.69322480E-026  1.94701211E-027  3.49852359E-026
  2.239000E+01  3.46988988E-026  1.94947201E-027  3.27494268E-026
  2.265000E+01  3.75385900E-026  1.95376728E-027  3.55848227E-026
  2.291000E+01  4.39430084E-026  1.96102532E-027  4.19819830E-026
  2.317000E+01  4.57463480E-026  1.97311708E-027  4.37732309E-026
  2.344000E+01  3.82912578E-026  1.98624522E-027  3.63050126E-026
  2.371000E+01  3.08166510E-026  1.99626488E-027  2.88203862E-026
  2.399000E+01  2.62446864E-026  2.00828317E-027  2.42364032E-026
  2.427000E+01  2.37643032E-026  2.02177515E-027  2.17425281E-026
  2.455000E+01  2.23877165E-026  2.03638261E-027  2.03513339E-026
  2.483000E+01  2.16054298E-026  2.05061807E-027  1.95548118E-026
  2.512000E+01  2.11477490E-026  2.06248096E-027  1.90852681E-026
  2.541000E+01  2.09070356E-026  2.07640211E-027  1.88306335E-026
  2.570000E+01  2.07992266E-026  2.09028339E-027  1.87089432E-026
  2.600000E+01  2.07761075E-026  2.10459687E-027  1.86715106E-026
  2.630000E+01  2.08104438E-026  2.11885900E-027  1.86915848E-026
  2.661000E+01  2.08842249E-026  2.13353872E-027  1.87506862E-026
  2.692000E+01  2.09823062E-026  2.14815621E-027  1.88341500E-026
  2.723000E+01  2.10950465E-026  2.16270856E-027  1.89323380E-026
  2.754000E+01  2.12161983E-026  2.17719336E-027  1.90390049E-026
  2.786000E+01  2.13411544E-026  2.19540510E-027  1.91457493E-026
  2.818000E+01  2.14666488E-026  2.21370242E-027  1.92529464E-026
  2.851000E+01  2.15952153E-026  2.23252424E-027  1.93626911E-026
  2.884000E+01  2.17222709E-026  2.25129705E-027  1.94709738E-026
  2.917000E+01  2.18478550E-026  2.27002051E-027  1.95778345E-026
  2.951000E+01  2.19762606E-026  2.28926004E-027  1.96870005E-026
  2.985000E+01  2.21045873E-026  2.30844856E-027  1.97961388E-026
  3.020000E+01  2.22261071E-026  2.33001392E-027  1.98960931E-026
  3.055000E+01  2.23391428E-026  2.35290697E-027  1.99862358E-026
  3.090000E+01  2.24529550E-026  2.37575644E-027  2.00771985E-026
  3.126000E+01  2.25721146E-026  2.39921654E-027  2.01728981E-026
  3.162000E+01  2.26946536E-026  2.42263825E-027  2.02720153E-026
  3.199000E+01  2.28253448E-026  2.44667636E-027  2.03786685E-026
  3.236000E+01  2.29619714E-026  2.47068702E-027  2.04912843E-026
  3.273000E+01  2.31055134E-026  2.49467882E-027  2.06108345E-026
  3.311000E+01  2.32609928E-026  2.51930990E-027  2.07416829E-026
  3.350000E+01  2.34297894E-026  2.54459239E-027  2.08851970E-026
  3.388000E+01  2.35742285E-026  2.57646698E-027  2.09977615E-026
  3.428000E+01  2.37347341E-026  2.61039174E-027  2.11243424E-026
  3.467000E+01  2.39009379E-026  2.64367162E-027  2.12572663E-026
  3.508000E+01  2.40865481E-026  2.67889856E-027  2.14076495E-026
  3.548000E+01  2.42788135E-026  2.71353018E-027  2.15652833E-026
  3.589000E+01  2.44877005E-026  2.74932854E-027  2.17383720E-026
  3.631000E+01  2.47143682E-026  2.78635150E-027  2.19280167E-026
  3.673000E+01  2.49540879E-026  2.82377027E-027  2.21303176E-026
  3.715000E+01  2.52070075E-026  2.86162907E-027  2.23453784E-026
  3.758000E+01  2.54792832E-026  2.90090065E-027  2.25783826E-026
  3.802000E+01  2.57530553E-026  2.94192943E-027  2.28111259E-026
  3.846000E+01  2.60445232E-026  2.98363025E-027  2.30608929E-026
  3.890000E+01  2.63540754E-026  3.02607356E-027  2.33280019E-026
  3.935000E+01  2.66897266E-026  3.07032839E-027  2.36193982E-026
  3.981000E+01  2.70530947E-026  3.11654149E-027  2.39365532E-026
  4.027000E+01  2.74372385E-026  3.16383837E-027  2.42734001E-026
  4.074000E+01  2.78514526E-026  3.21339243E-027  2.46380601E-026
  4.121000E+01  2.82878378E-026  3.26430715E-027  2.50235307E-026
  4.169000E+01  2.87625850E-026  3.31950140E-027  2.54430836E-026
  4.217000E+01  2.92662442E-026  3.37693484E-027  2.58893094E-026
  4.266000E+01  2.98089564E-026  3.43747151E-027  2.63714849E-026
  4.315000E+01  3.03807261E-026  3.50009942E-027  2.68806267E-026
  4.365000E+01  3.09942570E-026  3.56634120E-027  2.74279157E-026
  4.416000E+01  3.16514424E-026  3.63653611E-027  2.80149063E-026
  4.467000E+01  3.23403150E-026  3.70959516E-027  2.86307198E-026
  4.519000E+01  3.30819794E-026  3.78821012E-027  2.92937693E-026
  4.571000E+01  3.38858730E-026  3.87412111E-027  3.00117519E-026
  4.624000E+01  3.47435482E-026  3.96566185E-027  3.07778863E-026
  4.677000E+01  3.56396603E-026  4.06149262E-027  3.15781677E-026
  4.731000E+01  3.65918515E-026  4.16383499E-027  3.24280165E-026
  4.786000E+01  3.76018367E-026  4.27326297E-027  3.33285737E-026
  4.842000E+01  3.86712120E-026  4.39039289E-027  3.42808191E-026
  4.898000E+01  3.97812513E-026  4.51362550E-027  3.52676258E-026
  4.954000E+01  4.09311171E-026  4.64330105E-027  3.62878160E-026
  5.012000E+01  4.21727544E-026  4.78592405E-027  3.73868304E-026
  5.070000E+01  4.34920737E-026  4.94055943E-027  3.85515143E-026
  5.129000E+01  4.48782683E-026  5.10642321E-027  3.97718451E-026
  5.188000E+01  4.63179855E-026  5.28256841E-027  4.10354171E-026
  5.248000E+01  4.78440699E-026  5.47365744E-027  4.23704125E-026
  5.309000E+01  4.94400866E-026  5.67856934E-027  4.37615173E-026
  5.370000E+01  5.10790407E-026  5.89461232E-027  4.51844284E-026
  5.433000E+01  5.28403274E-026  6.13238404E-027  4.67079434E-026
  5.495000E+01  5.46283982E-026  6.38023110E-027  4.82481671E-026
  5.559000E+01  5.65162445E-026  6.64965245E-027  4.98665921E-026
  5.623000E+01  5.84441881E-026  6.93322910E-027  5.15109590E-026
  5.688000E+01  6.04785471E-026  7.24134634E-027  5.32372008E-026
  5.754000E+01  6.25925704E-026  7.57163928E-027  5.50209311E-026
  5.821000E+01  6.47758294E-026  7.92393197E-027  5.68518975E-026
  5.888000E+01  6.69931233E-026  8.29359529E-027  5.86995280E-026
  5.957000E+01  6.93537986E-026  8.69992693E-027  6.06538717E-026
  6.026000E+01  7.17597796E-026  9.12805189E-027  6.26317278E-026
  6.095000E+01  7.41938178E-026  9.57599455E-027  6.46178233E-026
  6.166000E+01  7.67234729E-026  1.00576463E-026  6.66658266E-026
  6.237000E+01  7.93000121E-026  1.05639425E-026  6.87360696E-026
  6.310000E+01  8.19918325E-026  1.11101425E-026  7.08816900E-026
  6.383000E+01  8.47128658E-026  1.16821021E-026  7.30307637E-026
  6.457000E+01  8.75106259E-026  1.22915388E-026  7.52190871E-026
  6.531000E+01  9.03198145E-026  1.29249969E-026  7.73948176E-026
  6.607000E+01  9.32470603E-026  1.36058861E-026  7.96411742E-026
  6.683000E+01  9.61750129E-026  1.43112535E-026  8.18637594E-026
  6.761000E+01  9.92096314E-026  1.50658107E-026  8.41438207E-026
  6.839000E+01  1.02247002E-025  1.58471775E-026  8.63998246E-026
  6.918000E+01  1.05327828E-025  1.66693195E-026  8.86585080E-026
  6.998000E+01  1.08460100E-025  1.75374194E-026  9.09226807E-026
  7.079000E+01  1.11621351E-025  1.84344788E-026  9.31868724E-026
  7.161000E+01  1.14841396E-025  1.93860507E-026  9.54553448E-026
  7.244000E+01  1.18072006E-025  2.03755784E-026  9.76964277E-026
  7.328000E+01  1.21327033E-025  2.14061725E-026  9.99208609E-026
  7.413000E+01  1.24612146E-025  2.24802152E-026  1.02131931E-025
  7.499000E+01  1.27886406E-025  2.35892610E-026  1.04297145E-025
  7.586000E+01  1.31196545E-025  2.47449639E-026  1.06451582E-025
  7.674000E+01  1.34495821E-025  2.59370414E-026  1.08558779E-025
  7.762000E+01  1.37739720E-025  2.71509594E-026  1.10588761E-025
  7.852000E+01  1.41048945E-025  2.84326305E-026  1.12616315E-025
  7.943000E+01  1.44317378E-025  2.97448397E-026  1.14572538E-025
  8.035000E+01  1.47569799E-025  3.10939512E-026  1.16475847E-025
  8.128000E+01  1.50820467E-025  3.24840674E-026  1.18336400E-025
  8.222000E+01  1.54012216E-025  3.38991653E-026  1.20113050E-025
  8.318000E+01  1.57225222E-025  3.53697248E-026  1.21855498E-025
  8.414000E+01  1.60380758E-025  3.68614906E-026  1.23519268E-025
  8.511000E+01  1.63460621E-025  3.83717018E-026  1.25088919E-025
  8.610000E+01  1.66556443E-025  3.99323098E-026  1.26624134E-025
  8.710000E+01  1.69611560E-025  4.15199884E-026  1.28091571E-025
  8.811000E+01  1.72573744E-025  4.31177717E-026  1.29455972E-025
  8.912000E+01  1.75483073E-025  4.47324315E-026  1.30750641E-025
  9.016000E+01  1.78409089E-025  4.64060470E-026  1.32003042E-025
  9.120000E+01  1.81200096E-025  4.80650200E-026  1.33135076E-025
  9.226000E+01  1.83949522E-025  4.97529702E-026  1.34196551E-025
  9.332000E+01  1.86627513E-025  5.14447200E-026  1.35182793E-025
  9.441000E+01  1.89232329E-025  5.31587627E-026  1.36073566E-025
  9.550000E+01  1.91700752E-025  5.48500345E-026  1.36850718E-025
  9.661000E+01  1.94185815E-025  5.65978834E-026  1.37587931E-025
  9.772000E+01  1.96515448E-025  5.83109581E-026  1.38204490E-025
  9.886000E+01  1.98745275E-025  6.00298022E-026  1.38715473E-025
  1.000000E+02  2.00811406E-025  6.17041243E-026  1.39107282E-025
  1.012000E+02  2.02983179E-025  6.34867978E-026  1.39496381E-025
  1.023000E+02  2.04820614E-025  6.50739544E-026  1.39746659E-025
  1.035000E+02  2.06703448E-025  6.67657855E-026  1.39937663E-025
  1.047000E+02  2.08678977E-025  6.84884732E-026  1.40190504E-025
  1.059000E+02  2.10498669E-025  7.01536097E-026  1.40345059E-025
  1.072000E+02  2.12296152E-025  7.18886355E-026  1.40407516E-025
  1.084000E+02  2.13797091E-025  7.34232970E-026  1.40373794E-025
  1.097000E+02  2.15254455E-025  7.50100099E-026  1.40244445E-025
  1.109000E+02  2.16446867E-025  7.64019477E-026  1.40044919E-025
  1.122000E+02  2.17576529E-025  7.78284128E-026  1.39748116E-025
  1.135000E+02  2.18799994E-025  7.92469017E-026  1.39553092E-025
  1.148000E+02  2.20049515E-025  8.06336605E-026  1.39415854E-025
  1.161000E+02  2.21167171E-025  8.19366312E-026  1.39230540E-025
  1.175000E+02  2.22231012E-025  8.32442285E-026  1.38986783E-025
  1.188000E+02  2.23268020E-025  8.44287561E-026  1.38839264E-025
  1.202000E+02  2.24422263E-025  8.56629358E-026  1.38759327E-025
  1.216000E+02  2.25475040E-025  8.67998149E-026  1.38675225E-025
  1.230000E+02  2.26437950E-025  8.78385974E-026  1.38599353E-025
  1.244000E+02  2.27453885E-025  8.88206759E-026  1.38633209E-025
  1.259000E+02  2.28784317E-025  8.98739521E-026  1.38910365E-025
  1.273000E+02  2.29936834E-025  9.07611129E-026  1.39175721E-025
  1.288000E+02  2.31070808E-025  9.16091150E-026  1.39461693E-025
  1.303000E+02  2.32088705E-025  9.23515990E-026  1.39737106E-025
  1.318000E+02  2.32970508E-025  9.29894231E-026  1.39981085E-025
  1.334000E+02  2.33727334E-025  9.35557013E-026  1.40171633E-025
  1.349000E+02  2.34220998E-025  9.39811365E-026  1.40239861E-025
  1.365000E+02  2.33651857E-025  9.45520639E-026  1.39099793E-025
  1.380000E+02  2.32576778E-025  9.50062662E-026  1.37570512E-025
  1.396000E+02  2.30936543E-025  9.53911935E-026  1.35545349E-025
  1.412000E+02  2.28843162E-025  9.56754541E-026  1.33167707E-025
  1.429000E+02  2.26198247E-025  9.58697946E-026  1.30328452E-025
  1.445000E+02  2.23387659E-025  9.59539931E-026  1.27433666E-025
  1.462000E+02  2.20137684E-025  9.59416104E-026  1.24196073E-025
  1.479000E+02  2.16687438E-025  9.58275792E-026  1.20859859E-025
  1.496000E+02  2.13098500E-025  9.56153762E-026  1.17483124E-025
  1.514000E+02  2.09783697E-025  9.55374272E-026  1.14246270E-025
  1.531000E+02  2.06798967E-025  9.54408972E-026  1.11358070E-025
  1.549000E+02  2.03640088E-025  9.52489072E-026  1.08391181E-025
  1.567000E+02  2.00482894E-025  9.49682339E-026  1.05514660E-025
  1.585000E+02  1.97327504E-025  9.46026583E-026  1.02724845E-025
  1.603000E+02  1.94174066E-025  9.41559902E-026  1.00018075E-025
  1.622000E+02  1.90847847E-025  9.36007528E-026  9.72470937E-026
  1.641000E+02  1.87524595E-025  9.29639031E-026  9.45606918E-026
  1.660000E+02  1.84205024E-025  9.22498983E-026  9.19551253E-026
  1.679000E+02  1.80890057E-025  9.14631505E-026  8.94269069E-026
  1.698000E+02  1.77580818E-025  9.06080121E-026  8.69728056E-026
  1.718000E+02  1.74105017E-025  8.96386841E-026  8.44663328E-026
  1.738000E+02  1.70638673E-025  8.86032053E-026  8.20354675E-026
  1.758000E+02  1.67395042E-025  8.76307963E-026  7.97642455E-026
  1.778000E+02  1.64464499E-025  8.67865479E-026  7.76779510E-026
  1.799000E+02  1.61383444E-025  8.58436619E-026  7.55397816E-026
  1.820000E+02  1.58301959E-025  8.48473316E-026  7.34546278E-026
  1.841000E+02  1.55223603E-025  8.38018435E-026  7.14217596E-026
  1.862000E+02  1.52151764E-025  8.27113358E-026  6.94404278E-026
  1.884000E+02  1.48944137E-025  8.15249534E-026  6.74191834E-026
  1.906000E+02  1.45750677E-025  8.02979337E-026  6.54527437E-026
  1.928000E+02  1.42574657E-025  7.90344859E-026  6.35401715E-026
  1.950000E+02  1.39419133E-025  7.77386287E-026  6.16805045E-026
  1.972000E+02  1.36286948E-025  7.64141903E-026  5.98727577E-026
  1.995000E+02  1.33040201E-025  7.50029389E-026  5.80372625E-026
  2.018000E+02  1.30085413E-025  7.37435000E-026  5.63419126E-026
  2.042000E+02  1.27103383E-025  7.24573663E-026  5.46460163E-026
  2.065000E+02  1.24270432E-025  7.12053184E-026  5.30651140E-026
  2.089000E+02  1.21342939E-025  6.98818210E-026  5.14611182E-026
  2.114000E+02  1.18327255E-025  6.84881551E-026  4.98391003E-026
  2.138000E+02  1.15466989E-025  6.71389645E-026  4.83280244E-026
  2.163000E+02  1.12525992E-025  6.57249234E-026  4.68010690E-026
  2.188000E+02  1.09626216E-025  6.43050244E-026  4.53211915E-026
  2.213000E+02  1.06769422E-025  6.28820477E-026  4.38873743E-026
  2.239000E+02  1.03845590E-025  6.14016532E-026  4.24439369E-026
  2.265000E+02  1.01053646E-025  6.00056699E-026  4.10479758E-026
  2.291000E+02  9.83718257E-026  5.86735621E-026  3.96982636E-026
  2.317000E+02  9.57384385E-026  5.73448783E-026  3.83935602E-026
  2.344000E+02  9.30558177E-026  5.59708389E-026  3.70849788E-026
  2.371000E+02  9.04268508E-026  5.46046559E-026  3.58221949E-026
  2.399000E+02  8.77576661E-026  5.31981389E-026  3.45595271E-026
  2.427000E+02  8.51498754E-026  5.18067990E-026  3.33430764E-026
  2.455000E+02  8.26011973E-026  5.04298771E-026  3.21713201E-026
  2.483000E+02  8.01089870E-026  4.90662298E-026  3.10427571E-026
  2.512000E+02  7.75723232E-026  4.76334690E-026  2.99388542E-026
  2.541000E+02  7.50993331E-026  4.61938949E-026  2.89054382E-026
  2.570000E+02  7.26860261E-026  4.47767047E-026  2.79093214E-026
  2.600000E+02  7.02525813E-026  4.33357766E-026  2.69168048E-026
  2.630000E+02  6.79568845E-026  4.19953230E-026  2.59615615E-026
  2.661000E+02  6.56474707E-026  4.06352275E-026  2.50122432E-026
  2.691000E+02  6.34726991E-026  3.93439215E-026  2.41287777E-026
  2.723000E+02  6.12173368E-026  3.79941554E-026  2.32231813E-026
  2.754000E+02  5.91114190E-026  3.67307109E-026  2.23807080E-026
  2.786000E+02  5.71039448E-026  3.55583442E-026  2.15456005E-026
  2.818000E+02  5.51551598E-026  3.44109605E-026  2.07441993E-026
  2.851000E+02  5.32057720E-026  3.32541489E-026  1.99516230E-026
  2.884000E+02  5.13163553E-026  3.21243409E-026  1.91920144E-026
  2.917000E+02  4.94856034E-026  3.10216167E-026  1.84639866E-026
  2.951000E+02  4.76593182E-026  2.99138016E-026  1.77455167E-026
  2.985000E+02  4.58923971E-026  2.88346516E-026  1.70577455E-026
  3.020000E+02  4.42252209E-026  2.78324306E-026  1.63927903E-026
  3.055000E+02  4.26788816E-026  2.69137944E-026  1.57650873E-026
  3.090000E+02  4.11830074E-026  2.60191634E-026  1.51638440E-026
  3.126000E+02  3.96956091E-026  2.51237946E-026  1.45718145E-026
  3.162000E+02  3.82586814E-026  2.42533234E-026  1.40053580E-026
  3.199000E+02  3.68328827E-026  2.33842792E-026  1.34486035E-026
  3.236000E+02  3.54572547E-026  2.25408062E-026  1.29164485E-026
  3.273000E+02  3.41302283E-026  2.17224793E-026  1.24077490E-026
  3.311000E+02  3.28163010E-026  2.09077323E-026  1.19085686E-026
  3.350000E+02  3.15176760E-026  2.00980806E-026  1.14195954E-026
  3.388000E+02  3.02992969E-026  1.93344909E-026  1.09648060E-026
  3.428000E+02  2.90650984E-026  1.85570711E-026  1.05080273E-026
  3.467000E+02  2.79077644E-026  1.78244887E-026  1.00832757E-026
  3.508000E+02  2.67844444E-026  1.71268683E-026  9.65757612E-027
  3.548000E+02  2.57813992E-026  1.65181739E-026  9.26322529E-027
  3.589000E+02  2.48012007E-026  1.59148007E-026  8.88639998E-027
  3.631000E+02  2.38360182E-026  1.53176901E-026  8.51832803E-027
  3.673000E+02  2.29087128E-026  1.47412128E-026  8.16749999E-027
  3.715000E+02  2.20178063E-026  1.41847664E-026  7.83303994E-027
  3.758000E+02  2.11419047E-026  1.36351974E-026  7.50670730E-027
  3.802000E+02  2.02820322E-026  1.30932668E-026  7.18876542E-027
  3.846000E+02  1.94574600E-026  1.25713205E-026  6.88613949E-027
  3.890000E+02  1.86667163E-026  1.20686939E-026  6.59802238E-027
  3.935000E+02  1.78915170E-026  1.15739471E-026  6.31756990E-027
  3.981000E+02  1.71326191E-026  1.10876743E-026  6.04494483E-027
  4.027000E+02  1.64478408E-026  1.06620764E-026  5.78576435E-027
  4.074000E+02  1.57835602E-026  1.02494844E-026  5.53407583E-027
  4.121000E+02  1.51475563E-026  9.85262989E-027  5.29492638E-027
  4.169000E+02  1.45302439E-026  9.46297347E-027  5.06727039E-027
  4.217000E+02  1.39407199E-026  9.08852840E-027  4.85219149E-027
  4.266000E+02  1.33648062E-026  8.72136846E-027  4.64343772E-027
  4.315000E+02  1.28138589E-026  8.36885501E-027  4.44500389E-027
  4.365000E+02  1.22762149E-026  8.02364385E-027  4.25257102E-027
  4.416000E+02  1.17521668E-026  7.68600104E-027  4.06616580E-027
  4.467000E+02  1.12515442E-026  7.36236966E-027  3.88917455E-027
  4.519000E+02  1.07799863E-026  7.06212941E-027  3.71785689E-027
  4.571000E+02  1.03382019E-026  6.78295325E-027  3.55524867E-027
  4.624000E+02  9.90807259E-027  6.51010873E-027  3.39796387E-027
  4.677000E+02  9.49729639E-027  6.24857397E-027  3.24872242E-027
  4.731000E+02  9.09769601E-027  5.99323461E-027  3.10446140E-027
  4.786000E+02  8.70935884E-027  5.74420946E-027  2.96514938E-027
  4.842000E+02  8.33233796E-027  5.50159547E-027  2.83074249E-027
  4.898000E+02  7.97291789E-027  5.26951997E-027  2.70339792E-027
  4.955000E+02  7.62422903E-027  5.04362738E-027  2.58060165E-027
  5.012000E+02  7.29576751E-027  4.83061983E-027  2.46514768E-027
  5.070000E+02  6.99035689E-027  4.63359576E-027  2.35676113E-027
  5.129000E+02  6.69411063E-027  4.44192431E-027  2.25218632E-027
  5.188000E+02  6.41167229E-027  4.25866496E-027  2.15300733E-027
  5.248000E+02  6.13787724E-027  4.08051951E-027  2.05735773E-027
  5.309000E+02  5.87268152E-027  3.90749753E-027  1.96518399E-027
  5.370000E+02  5.62006324E-027  3.74224256E-027  1.87782068E-027
  5.432000E+02  5.37551396E-027  3.58185135E-027  1.79366261E-027
  5.495000E+02  5.14069359E-027  3.42804236E-027  1.71265122E-027
  5.559000E+02  4.91973738E-027  3.28501355E-027  1.63472382E-027
  5.623000E+02  4.70939216E-027  3.14845664E-027  1.56093553E-027
  5.688000E+02  4.50603694E-027  3.01606198E-027  1.48997496E-027
  5.754000E+02  4.30957686E-027  2.88779832E-027  1.42177854E-027
  5.821000E+02  4.11990726E-027  2.76362711E-027  1.35628014E-027
  5.888000E+02  3.93953886E-027  2.64522800E-027  1.29431086E-027
  5.957000E+02  3.76297061E-027  2.52901771E-027  1.23395289E-027
  6.026000E+02  3.59741494E-027  2.42052512E-027  1.17688981E-027
  6.095000E+02  3.44115409E-027  2.31823667E-027  1.12291742E-027
  6.166000E+02  3.28833096E-027  2.21792432E-027  1.07040665E-027
  6.237000E+02  3.14395307E-027  2.12317885E-027  1.02077423E-027
  6.310000E+02  3.00366470E-027  2.03110856E-027  9.72556144E-028
  6.383000E+02  2.87054162E-027  1.94353160E-027  9.27010025E-028
  6.457000E+02  2.74359117E-027  1.86019675E-027  8.83394417E-028
  6.531000E+02  2.62301176E-027  1.78082346E-027  8.42188299E-028
  6.607000E+02  2.50578632E-027  1.70356889E-027  8.02217428E-028
  6.683000E+02  2.39505304E-027  1.63057738E-027  7.64475662E-028
  6.761000E+02  2.28719202E-027  1.55928199E-027  7.27910029E-028
  6.839000E+02  2.18559239E-027  1.49219136E-027  6.93401031E-028
  6.918000E+02  2.08815091E-027  1.42773995E-027  6.60410961E-028
  6.998000E+02  1.99452886E-027  1.36564363E-027  6.28885227E-028
  7.080000E+02  1.90578087E-027  1.30635571E-027  5.99425162E-028
  7.161000E+02  1.82263585E-027  1.25068274E-027  5.71953105E-028
  7.244000E+02  1.74174906E-027  1.19640899E-027  5.45340070E-028
  7.328000E+02  1.66407325E-027  1.14418216E-027  5.19891090E-028
  7.413000E+02  1.58950838E-027  1.09394521E-027  4.95563174E-028
  7.499000E+02  1.51795532E-027  1.04564112E-027  4.72314196E-028
  7.586000E+02  1.45025712E-027  1.00015417E-027  4.50102950E-028
  7.674000E+02  1.38533303E-027  9.56443846E-028  4.28889185E-028
  7.762000E+02  1.32375393E-027  9.14899096E-028  4.08854831E-028
  7.852000E+02  1.26403049E-027  8.74523600E-028  3.89506890E-028
  7.943000E+02  1.20679166E-027  8.35749219E-028  3.71042438E-028
  8.035000E+02  1.15246010E-027  7.99034784E-028  3.53425320E-028
  8.128000E+02  1.10064998E-027  7.64029528E-028  3.36620454E-028
  8.222000E+02  1.05101954E-027  7.30425702E-028  3.20593841E-028
  8.318000E+02  1.00300184E-027  6.97845451E-028  3.05156387E-028
  8.414000E+02  9.57518020E-028  6.66920569E-028  2.90597451E-028
  8.511000E+02  9.13978231E-028  6.37257478E-028  2.76720753E-028
  8.610000E+02  8.71894755E-028  6.08529140E-028  2.63365616E-028
  8.710000E+02  8.31653240E-028  5.81003861E-028  2.50649379E-028
  8.810000E+02  7.93551030E-028  5.54891448E-028  2.38659582E-028
  8.912000E+02  7.56755907E-028  5.29626900E-028  2.27129007E-028
  9.016000E+02  7.21364180E-028  5.05313122E-028  2.16051058E-028
  9.120000E+02  6.88343348E-028  4.82730482E-028  2.05612866E-028
  9.226000E+02  6.56490407E-028  4.60902046E-028  1.95588362E-028
  9.333000E+02  6.26068810E-028  4.40012411E-028  1.86056399E-028
  9.441000E+02  5.97017892E-028  4.20024409E-028  1.76993483E-028
  9.550000E+02  5.69279211E-028  4.00902072E-028  1.68377139E-028
  9.660000E+02  5.42796497E-028  3.82610619E-028  1.60185878E-028
  9.772000E+02  5.17294152E-028  3.64963054E-028  1.52331098E-028
  9.885000E+02  4.92965564E-028  3.48096403E-028  1.44869161E-028
  1.000000E+03  4.69568387E-028  3.31846622E-028  1.37721765E-028
  1.012000E+03  4.47180007E-028  3.16345990E-028  1.30834018E-028
  1.023000E+03  4.27751484E-028  3.02871934E-028  1.24879550E-028
  1.035000E+03  4.07676182E-028  2.88926453E-028  1.18749729E-028
  1.047000E+03  3.88697074E-028  2.75720383E-028  1.12976691E-028
  1.059000E+03  3.70745355E-028  2.63208807E-028  1.07536548E-028
  1.072000E+03  3.52383011E-028  2.50389861E-028  1.01993150E-028
  1.084000E+03  3.36371580E-028  2.39194061E-028  9.71775185E-029
  1.096000E+03  3.21204464E-028  2.28572635E-028  9.26318288E-029
  1.109000E+03  3.05666957E-028  2.17675178E-028  8.79917793E-029
  1.122000E+03  2.90999942E-028  2.07372307E-028  8.36276353E-029
  1.135000E+03  2.77147427E-028  1.97626914E-028  7.95205132E-029
  1.148000E+03  2.64057488E-028  1.88404502E-028  7.56529859E-029
  1.161000E+03  2.51681941E-028  1.79672984E-028  7.20089577E-029
  1.175000E+03  2.39102115E-028  1.70784585E-028  6.83175297E-029
  1.188000E+03  2.28070964E-028  1.62979529E-028  6.50914356E-029
  1.202000E+03  2.16869013E-028  1.55049074E-028  6.18199390E-029
  1.216000E+03  2.06452370E-028  1.47705587E-028  5.87467833E-029
  1.230000E+03  1.96616112E-028  1.40761171E-028  5.58549418E-029
  1.244000E+03  1.87381259E-028  1.34242514E-028  5.31387451E-029
  1.259000E+03  1.78185882E-028  1.27767709E-028  5.04181723E-029
  1.274000E+03  1.69517630E-028  1.21654627E-028  4.78630036E-029
  1.288000E+03  1.61872083E-028  1.16254907E-028  4.56171760E-029
  1.303000E+03  1.54126483E-028  1.10776739E-028  4.33497442E-029
  1.318000E+03  1.46813041E-028  1.05596785E-028  4.12162557E-029
  1.334000E+03  1.39457105E-028  1.00379200E-028  3.90779058E-029
  1.349000E+03  1.32951025E-028  9.57579081E-029  3.71931172E-029
  1.365000E+03  1.26399944E-028  9.10982680E-029  3.53016755E-029
  1.380000E+03  1.20599477E-028  8.69670038E-029  3.36324728E-029
  1.396000E+03  1.14752722E-028  8.27973558E-029  3.19553659E-029
  1.412000E+03  1.09234877E-028  7.88571269E-029  3.03777497E-029
  1.429000E+03  1.03708771E-028  7.49058313E-029  2.88029392E-029
  1.445000E+03  9.88038143E-029  7.13942047E-029  2.74096096E-029
  1.462000E+03  9.38861040E-029  6.78690980E-029  2.60170060E-029
  1.479000E+03  8.92512973E-029  6.45426759E-029  2.47086214E-029
  1.496000E+03  8.48806962E-029  6.14021165E-029  2.34785797E-029
  1.514000E+03  8.06502119E-029  5.83919675E-029  2.22582444E-029
  1.531000E+03  7.69139744E-029  5.57383143E-029  2.11756601E-029
  1.549000E+03  7.31793005E-029  5.30817770E-029  2.00975235E-029
  1.567000E+03  6.96574277E-029  5.05728141E-029  1.90846136E-029
  1.585000E+03  6.63343389E-029  4.82019607E-029  1.81323781E-029
  1.603000E+03  6.31970648E-029  4.59604412E-029  1.72366236E-029
  1.622000E+03  6.00738291E-029  4.37257162E-029  1.63481130E-029
  1.641000E+03  5.71311978E-029  4.16171546E-029  1.55140431E-029
  1.660000E+03  5.43571103E-029  3.96265445E-029  1.47305657E-029
  1.679000E+03  5.17404204E-029  3.77462805E-029  1.39941399E-029
  1.698000E+03  4.92708185E-029  3.59693139E-029  1.33015046E-029
  1.718000E+03  4.68196610E-029  3.42032383E-029  1.26164227E-029
  1.738000E+03  4.45106235E-029  3.25373161E-029  1.19733074E-029
  1.758000E+03  4.23342029E-029  3.09650109E-029  1.13691920E-029
  1.778000E+03  4.02816171E-029  2.94802702E-029  1.08013468E-029
  1.799000E+03  3.82508002E-029  2.80094028E-029  1.02413974E-029
  1.820000E+03  3.63388749E-029  2.66228853E-029  9.71598955E-030
  1.841000E+03  3.45378247E-029  2.53151608E-029  9.22266393E-030
  1.862000E+03  3.28402463E-029  2.40810871E-029  8.75915912E-030
  1.884000E+03  3.11653611E-029  2.28620593E-029  8.30330180E-030
  1.906000E+03  2.95892658E-029  2.17135757E-029  7.87569016E-030
  1.928000E+03  2.81052591E-029  2.06309553E-029  7.47430377E-030
  1.950000E+03  2.67071548E-029  1.96098693E-029  7.09728550E-030
  1.972000E+03  2.53892376E-029  1.86463107E-029  6.74292691E-030
  1.995000E+03  2.40914215E-029  1.76964382E-029  6.39498329E-030
  2.018000E+03  2.29071559E-029  1.68404921E-029  6.06666379E-030
  2.042000E+03  2.17544559E-029  1.60094533E-029  5.74500258E-030
  2.065000E+03  2.07137844E-029  1.52579307E-029  5.45585368E-030
  2.089000E+03  1.96901327E-029  1.45175033E-029  5.17262945E-030
  2.114000E+03  1.86868651E-029  1.37906318E-029  4.89623324E-030
  2.138000E+03  1.77801252E-029  1.31326504E-029  4.64747481E-030
  2.163000E+03  1.68903423E-029  1.24859784E-029  4.40436400E-030
  2.188000E+03  1.60526426E-029  1.18762291E-029  4.17641349E-030
  2.213000E+03  1.52634980E-029  1.13009714E-029  3.96252661E-030
  2.239000E+03  1.44907976E-029  1.07368757E-029  3.75392192E-030
  2.265000E+03  1.37637167E-029  1.02053147E-029  3.55840196E-030
  2.291000E+03  1.30791423E-029  9.70412720E-030  3.37501506E-030
  2.317000E+03  1.24342031E-029  9.23131497E-030  3.20288814E-030
  2.344000E+03  1.18035704E-029  8.76837024E-030  3.03520017E-030
  2.371000E+03  1.12100847E-029  8.33211764E-030  2.87796701E-030
  2.399000E+03  1.06311562E-029  7.90601027E-030  2.72514596E-030
  2.427000E+03  1.00868685E-029  7.50488444E-030  2.58198407E-030
  2.455000E+03  9.57483217E-030  7.12705823E-030  2.44777394E-030
  2.483000E+03  9.09462967E-030  6.77276265E-030  2.32186702E-030
  2.512000E+03  8.63977914E-030  6.44019689E-030  2.19958225E-030
  2.541000E+03  8.21163307E-030  6.12667347E-030  2.08495960E-030
  2.570000E+03  7.80837497E-030  5.83093196E-030  1.97744301E-030
  2.600000E+03  7.41561899E-030  5.54246494E-030  1.87315404E-030
  2.630000E+03  7.04599375E-030  5.27058802E-030  1.77540573E-030
  2.661000E+03  6.68667422E-030  5.00590790E-030  1.68076631E-030
  2.692000E+03  6.34876791E-030  4.75664417E-030  1.59212374E-030
  2.723000E+03  6.03079921E-030  4.52176103E-030  1.50903818E-030
  2.754000E+03  5.73140819E-030  4.30030177E-030  1.43110642E-030
  2.786000E+03  5.44051659E-030  4.08484202E-030  1.35567457E-030
  2.818000E+03  5.16681224E-030  3.88184533E-030  1.28496692E-030
  2.851000E+03  4.90131581E-030  3.68468026E-030  1.21663555E-030
  2.884000E+03  4.65166636E-030  3.49904617E-030  1.15262019E-030
  2.917000E+03  4.41677275E-030  3.32416723E-030  1.09260552E-030
  2.951000E+03  4.18913256E-030  3.15448131E-030  1.03465124E-030
  2.985000E+03  3.97507519E-030  2.99472828E-030  9.80346910E-031
  3.020000E+03  3.77231818E-030  2.84434044E-030  9.27977737E-031
  3.055000E+03  3.58474305E-030  2.70581394E-030  8.78929105E-031
  3.090000E+03  3.40815225E-030  2.57519462E-030  8.32957626E-031
  3.126000E+03  3.23719019E-030  2.44854213E-030  7.88648063E-031
  3.162000E+03  3.07631178E-030  2.32917641E-030  7.47135369E-031
  3.199000E+03  2.92074756E-030  2.21357798E-030  7.07169581E-031
  3.236000E+03  2.77441756E-030  2.10467775E-030  6.69739808E-031
  3.273000E+03  2.63668688E-030  2.00202676E-030  6.34660125E-031
  3.311000E+03  2.50357052E-030  1.90267090E-030  6.00899617E-031
  3.350000E+03  2.37512857E-030  1.80666476E-030  5.68463810E-031
  3.388000E+03  2.25739823E-030  1.71854059E-030  5.38857645E-031
  3.428000E+03  2.14083268E-030  1.63116643E-030  5.09666253E-031
  3.467000E+03  2.03395110E-030  1.55094057E-030  4.83010526E-031
  3.508000E+03  1.92829342E-030  1.47152557E-030  4.56767848E-031
  3.548000E+03  1.83137935E-030  1.39858477E-030  4.32794582E-031
  3.589000E+03  1.73792483E-030  1.32815592E-030  4.09768906E-031
  3.631000E+03  1.64793854E-030  1.26025250E-030  3.87686035E-031
  3.673000E+03  1.56336458E-030  1.19635139E-030  3.67013195E-031
  3.715000E+03  1.48382750E-030  1.13618101E-030  3.47646487E-031
  3.758000E+03  1.40725387E-030  1.07818144E-030  3.29072425E-031
  3.802000E+03  1.33363295E-030  1.02235031E-030  3.11282639E-031
  3.846000E+03  1.26446555E-030  9.69833634E-031  2.94631917E-031
  3.890000E+03  1.19944150E-030  9.20405377E-031  2.79036126E-031
  3.936000E+03  1.13558217E-030  8.71806392E-031  2.63775778E-031
  3.981000E+03  1.07690249E-030  8.27098642E-031  2.49803852E-031
  4.027000E+03  1.02191461E-030  7.85487751E-031  2.36426856E-031
  4.074000E+03  9.70020865E-031  7.46386210E-031  2.23634655E-031
  4.121000E+03  9.21222692E-031  7.09560821E-031  2.11661871E-031
  4.169000E+03  8.74359070E-031  6.74141844E-031  2.00217227E-031
  4.217000E+03  8.30291339E-031  6.40786226E-031  1.89505113E-031
  4.266000E+03  7.87988921E-031  6.08719623E-031  1.79269298E-031
  4.315000E+03  7.48209801E-031  5.78521912E-031  1.69687889E-031
  4.365000E+03  7.10039290E-031  5.49503801E-031  1.60535489E-031
  4.416000E+03  6.73448735E-031  5.21647088E-031  1.51801646E-031
  4.467000E+03  6.39059577E-031  4.95429470E-031  1.43630106E-031
  4.519000E+03  6.06104148E-031  4.70270072E-031  1.35834076E-031
  4.571000E+03  5.75128943E-031  4.46590159E-031  1.28538783E-031
  4.624000E+03  5.45453538E-031  4.23873429E-031  1.21580110E-031
  4.677000E+03  5.17558658E-031  4.02491450E-031  1.15067207E-031
  4.732000E+03  4.90361849E-031  3.81617187E-031  1.08744662E-031
  4.786000E+03  4.65273318E-031  3.62336208E-031  1.02937110E-031
  4.842000E+03  4.40825822E-031  3.43524041E-031  9.73017810E-032
  4.898000E+03  4.17865289E-031  3.25833856E-031  9.20314325E-032
  4.954000E+03  3.96287558E-031  3.09188717E-031  8.70988410E-032
  5.012000E+03  3.75455185E-031  2.93135607E-031  8.23195776E-032
  5.070000E+03  3.56441304E-031  2.78590757E-031  7.78505474E-032
  5.129000E+03  3.38260064E-031  2.64661215E-031  7.35988482E-032
  5.188000E+03  3.21167639E-031  2.51545788E-031  6.96218511E-032
  5.248000E+03  3.04824311E-031  2.38986207E-031  6.58381034E-032
  5.309000E+03  2.89207565E-031  2.26966971E-031  6.22405942E-032
  5.370000E+03  2.74527781E-031  2.15652138E-031  5.88756428E-032
  5.432000E+03  2.60500483E-031  2.04824474E-031  5.56760094E-032
  5.495000E+03  2.47104898E-031  1.94469476E-031  5.26354220E-032
  5.559000E+03  2.34320119E-031  1.84572465E-031  4.97476533E-032
  5.623000E+03  2.22307079E-031  1.75259753E-031  4.70473254E-032
  5.688000E+03  2.10840902E-031  1.66358645E-031  4.44822570E-032
  5.754000E+03  1.99902706E-031  1.57855732E-031  4.20469742E-032
  5.821000E+03  1.89473686E-031  1.49737598E-031  3.97360881E-032
  5.888000E+03  1.79676846E-031  1.42101369E-031  3.75754774E-032
  5.957000E+03  1.70201701E-031  1.34706125E-031  3.54955763E-032
  6.026000E+03  1.61305791E-031  1.27753892E-031  3.35518983E-032
  6.095000E+03  1.52948309E-031  1.21214134E-031  3.17341756E-032
  6.166000E+03  1.44871103E-031  1.14885749E-031  2.99853541E-032
  6.237000E+03  1.37399302E-031  1.09048712E-031  2.83505898E-032
  6.310000E+03  1.30281348E-031  1.03501655E-031  2.67796930E-032
  6.383000E+03  1.23595030E-031  9.82832137E-032  2.53118158E-032
  6.456000E+03  1.17310069E-031  9.33708856E-032  2.39391834E-032
  6.531000E+03  1.11241654E-031  8.86209861E-032  2.26206681E-032
  6.607000E+03  1.05466022E-031  8.40937783E-032  2.13722441E-032
  6.683000E+03  1.00040090E-031  7.98346965E-032  2.02053940E-032
  6.761000E+03  9.48093544E-032  7.57231259E-032  1.90862285E-032
  6.839000E+03  8.98968989E-032  7.18564337E-032  1.80404652E-032
  6.918000E+03  8.52230147E-032  6.81725702E-032  1.70504445E-032
  6.998000E+03  8.07774704E-032  6.46640220E-032  1.61134484E-032
  7.080000E+03  7.66205470E-032  6.14042597E-032  1.52162873E-032
  7.161000E+03  7.27655413E-032  5.83773663E-032  1.43881750E-032
  7.244000E+03  6.90519625E-032  5.54569862E-032  1.35949763E-032
  7.328000E+03  6.55204228E-032  5.26754662E-032  1.28449566E-032
  7.413000E+03  6.21627394E-032  5.00268352E-032  1.21359041E-032
  7.499000E+03  5.89710218E-032  4.75053183E-032  1.14657035E-032
  7.586000E+03  5.59376688E-032  4.51053360E-032  1.08323329E-032
  7.674000E+03  5.30553653E-032  4.28215032E-032  1.02338620E-032
  7.762000E+03  5.03469037E-032  4.06723126E-032  9.67459112E-033
  7.852000E+03  4.77440627E-032  3.86039860E-032  9.14007669E-033
  7.943000E+03  4.52721016E-032  3.66368821E-032  8.63521947E-033
  8.035000E+03  4.29247916E-032  3.47663656E-032  8.15842603E-033
  8.128000E+03  4.06961628E-032  3.29879822E-032  7.70818065E-033
  8.222000E+03  3.85804967E-032  3.12974542E-032  7.28304245E-033
  8.318000E+03  3.65518424E-032  2.96742819E-032  6.87756053E-033
  8.414000E+03  3.46471627E-032  2.81482954E-032  6.49886730E-033
  8.511000E+03  3.28396533E-032  2.66982921E-032  6.14136120E-033
  8.610000E+03  3.11075815E-032  2.53070354E-032  5.80054607E-033
  8.710000E+03  2.94654072E-032  2.39863280E-032  5.47907925E-033
  8.810000E+03  2.79235196E-032  2.27447512E-032  5.17876842E-033
  8.912000E+03  2.64467964E-032  2.15542128E-032  4.89258360E-033
  9.016000E+03  2.50403739E-032  2.04202530E-032  4.62012096E-033
  9.120000E+03  2.37489177E-032  1.93832328E-032  4.36568494E-033
  9.226000E+03  2.25126385E-032  1.83891552E-032  4.12348329E-033
  9.332000E+03  2.13514406E-032  1.74541883E-032  3.89725227E-033
  9.441000E+03  2.02301332E-032  1.65501365E-032  3.67999668E-033
  9.550000E+03  1.91773806E-032  1.57002399E-032  3.47714067E-033
  9.660000E+03  1.81795501E-032  1.48936465E-032  3.28590353E-033
  9.772000E+03  1.72255222E-032  1.41214834E-032  3.10403872E-033
  9.886000E+03  1.63140915E-032  1.33828722E-032  2.93121929E-033
  1.000000E+04  1.54582556E-032  1.26884062E-032  2.76984944E-033
  1.012000E+04  1.45876548E-032  1.19762594E-032  2.61139536E-033
  1.023000E+04  1.38386206E-032  1.13629767E-032  2.47564388E-033
  1.035000E+04  1.30711551E-032  1.07340343E-032  2.33712089E-033
  1.047000E+04  1.23518588E-032  1.01440300E-032  2.20782880E-033
  1.059000E+04  1.16772762E-032  9.59021816E-033  2.08705806E-033
  1.072000E+04  1.09932602E-032  9.02817125E-033  1.96508897E-033
  1.084000E+04  1.04019284E-032  8.54187426E-033  1.86005414E-033
  1.096000E+04  9.84631277E-033  8.08459760E-033  1.76171517E-033
  1.109000E+04  9.29235161E-033  7.63018486E-033  1.66216675E-033
  1.122000E+04  8.77826973E-033  7.20894339E-033  1.56932634E-033
  1.135000E+04  8.29643693E-033  6.81376472E-033  1.48267221E-033
  1.148000E+04  7.84453957E-033  6.44281116E-033  1.40172841E-033
  1.161000E+04  7.42045184E-033  6.09439146E-033  1.32606038E-033
  1.175000E+04  6.99260366E-033  5.74258668E-033  1.25001699E-033
  1.188000E+04  6.62020541E-033  5.43612964E-033  1.18407576E-033
  1.202000E+04  6.24402777E-033  5.12632460E-033  1.11770318E-033
  1.216000E+04  5.89179375E-033  4.83601798E-033  1.05577577E-033
  1.230000E+04  5.56176782E-033  4.56381827E-033  9.97949548E-034
  1.244000E+04  5.25662113E-033  4.31279494E-033  9.43826187E-034
  1.259000E+04  4.96079743E-033  4.07126817E-033  8.89529257E-034
  1.274000E+04  4.68398234E-033  3.84501314E-033  8.38969205E-034
  1.288000E+04  4.44153306E-033  3.64664574E-033  7.94887320E-034
  1.303000E+04  4.19759625E-033  3.44686761E-033  7.50728642E-034
  1.318000E+04  3.96887851E-033  3.25937359E-033  7.09504928E-034
  1.334000E+04  3.74046351E-033  3.07195061E-033  6.68512908E-034
  1.349000E+04  3.53984989E-033  2.90719108E-033  6.32658806E-034
  1.365000E+04  3.33923620E-033  2.74229023E-033  5.96945970E-034
  1.380000E+04  3.16281210E-033  2.59715433E-033  5.65657770E-034
  1.396000E+04  2.98616587E-033  2.45172317E-033  5.34442700E-034
  1.412000E+04  2.82058878E-033  2.31530175E-033  5.05287032E-034
  1.429000E+04  2.65590770E-033  2.17951839E-033  4.76389308E-034
  1.445000E+04  2.51073322E-033  2.05973523E-033  4.50997985E-034
  1.462000E+04  2.36615875E-033  1.94036908E-033  4.25789678E-034
  1.479000E+04  2.23083280E-033  1.82856813E-033  4.02264677E-034
  1.496000E+04  2.10408284E-033  1.72379040E-033  3.80292444E-034
  1.514000E+04  1.98571135E-033  1.62712327E-033  3.58588083E-034
  1.531000E+04  1.88270541E-033  1.54325597E-033  3.39449440E-034
  1.549000E+04  1.78032864E-033  1.45981562E-033  3.20513019E-034
  1.567000E+04  1.68434142E-033  1.38150374E-033  3.02837686E-034
  1.585000E+04  1.59428519E-033  1.30795924E-033  2.86325950E-034
  1.603000E+04  1.50973873E-033  1.23884985E-033  2.70888884E-034
  1.622000E+04  1.42604526E-033  1.17037478E-033  2.55670472E-034
  1.641000E+04  1.34764142E-033  1.10616946E-033  2.41471960E-034
  1.660000E+04  1.27414378E-033  1.04592974E-033  2.28214038E-034
  1.679000E+04  1.20520039E-033  9.89375989E-034  2.15824405E-034
  1.698000E+04  1.14048797E-033  9.36250891E-034  2.04237075E-034
  1.718000E+04  1.07661399E-033  8.83773552E-034  1.92840439E-034
  1.738000E+04  1.01678039E-033  8.34578533E-034  1.82201861E-034
  1.758000E+04  9.60695041E-034  7.88432182E-034  1.72262859E-034
  1.778000E+04  9.08089711E-034  7.45119634E-034  1.62970077E-034
  1.799000E+04  8.56330046E-034  7.02475161E-034  1.53854885E-034
  1.820000E+04  8.07873562E-034  6.62526573E-034  1.45346989E-034
  1.841000E+04  7.62480057E-034  6.25080573E-034  1.37399484E-034
  1.862000E+04  7.19929073E-034  5.89959495E-034  1.29969578E-034
  1.884000E+04  6.78180177E-034  5.55481688E-034  1.22698489E-034
  1.906000E+04  6.39115122E-034  5.23203513E-034  1.15911610E-034
  1.928000E+04  6.02537991E-034  4.92966414E-034  1.09571577E-034
  1.950000E+04  5.68269003E-034  4.64624702E-034  1.03644301E-034
  1.972000E+04  5.36143036E-034  4.38044394E-034  9.80986422E-035
  1.995000E+04  5.04683532E-034  4.12005464E-034  9.26780681E-035
  2.018000E+04  4.77095402E-034  3.89481626E-034  8.76137763E-035
  2.042000E+04  4.50647647E-034  3.67967802E-034  8.26798448E-035
  2.065000E+04  4.26875142E-034  3.48613342E-034  7.82617992E-035
  2.089000E+04  4.03593005E-034  3.29642310E-034  7.39506947E-035
  2.114000E+04  3.80876831E-034  3.11117003E-034  6.97598281E-035
  2.138000E+04  3.60437567E-034  2.94435207E-034  6.60023598E-035
  2.163000E+04  3.40468882E-034  2.78125013E-034  6.23438690E-035
  2.188000E+04  3.21752873E-034  2.62826571E-034  5.89263015E-035
  2.213000E+04  3.04199663E-034  2.48468365E-034  5.57312983E-035
  2.239000E+04  2.87089132E-034  2.34462554E-034  5.26265781E-035
  2.265000E+04  2.71061736E-034  2.21334507E-034  4.97272291E-035
  2.291000E+04  2.56039232E-034  2.09021694E-034  4.70175384E-035
  2.317000E+04  2.41949769E-034  1.97466613E-034  4.44831563E-035
  2.344000E+04  2.28235220E-034  1.86212421E-034  4.20227988E-035
  2.371000E+04  2.15387741E-034  1.75663809E-034  3.97239324E-035
  2.399000E+04  2.02913632E-034  1.65416229E-034  3.74974031E-035
  2.427000E+04  1.91241167E-034  1.55822264E-034  3.54189038E-035
  2.455000E+04  1.80311847E-034  1.46834787E-034  3.34770606E-035
  2.483000E+04  1.70148305E-034  1.38486815E-034  3.16614899E-035
  2.512000E+04  1.60850123E-034  1.30946043E-034  2.99040799E-035
  2.541000E+04  1.52131782E-034  1.23869464E-034  2.82623183E-035
  2.570000E+04  1.43951825E-034  1.17224412E-034  2.67274133E-035
  2.600000E+04  1.36015827E-034  1.10772345E-034  2.52434820E-035
  2.630000E+04  1.28576486E-034  1.04719301E-034  2.38571848E-035
  2.661000E+04  1.21373177E-034  9.88538037E-035  2.25193736E-035
  2.692000E+04  1.14626212E-034  9.33557847E-035  2.12704268E-035
  2.723000E+04  1.08302554E-034  8.81990242E-035  2.01035302E-035
  2.754000E+04  1.02371877E-034  8.33594159E-035  1.90124612E-035
  2.786000E+04  9.66325581E-035  7.86728517E-035  1.79597064E-035
  2.818000E+04  9.12541344E-035  7.42781598E-035  1.69759746E-035
  2.851000E+04  8.60582764E-035  7.00300059E-035  1.60282705E-035
  2.884000E+04  8.11927043E-035  6.60495147E-035  1.51431896E-035
  2.917000E+04  7.66335352E-035  6.23175771E-035  1.43159581E-035
  2.951000E+04  7.22335229E-035  5.87139635E-035  1.35195594E-035
  2.985000E+04  6.81134681E-035  5.53378850E-035  1.27755831E-035
  3.020000E+04  6.43595086E-035  5.22992205E-035  1.20602881E-035
  3.055000E+04  6.09933597E-035  4.96009936E-035  1.13923661E-035
  3.090000E+04  5.78323292E-035  4.70641293E-035  1.07681999E-035
  3.126000E+04  5.47797763E-035  4.46114056E-035  1.01683707E-035
  3.162000E+04  5.19145188E-035  4.23064654E-035  9.60805346E-036
  3.199000E+04  4.91508998E-035  4.00807076E-035  9.07019222E-036
  3.236000E+04  4.65578921E-035  3.79899650E-035  8.56792713E-036
  3.273000E+04  4.41233497E-035  3.60248060E-035  8.09854367E-036
  3.311000E+04  4.17762378E-035  3.41281407E-035  7.64809714E-036
  3.350000E+04  3.95172714E-035  3.23007038E-035  7.21656756E-036
  3.388000E+04  3.74518699E-035  3.06280747E-035  6.82379522E-036
  3.428000E+04  3.54120155E-035  2.89744036E-035  6.43761191E-036
  3.467000E+04  3.35463131E-035  2.74603540E-035  6.08595909E-036
  3.508000E+04  3.17065987E-035  2.59658818E-035  5.74071688E-036
  3.548000E+04  3.00233692E-035  2.45971666E-035  5.42620262E-036
  3.589000E+04  2.84042613E-035  2.32793208E-035  5.12494047E-036
  3.631000E+04  2.68491726E-035  2.20123688E-035  4.83680372E-036
  3.673000E+04  2.53913121E-035  2.08235135E-035  4.56779861E-036
  3.715000E+04  2.40237104E-035  1.97072474E-035  4.31646304E-036
  3.758000E+04  2.27103713E-035  1.86343166E-035  4.07605465E-036
  3.802000E+04  2.14508942E-035  1.76044815E-035  3.84641268E-036
  3.846000E+04  2.02706336E-035  1.66385880E-035  3.63204556E-036
  3.890000E+04  1.91638915E-035  1.57321072E-035  3.43178426E-036
  3.936000E+04  1.80797740E-035  1.48434297E-035  3.23634428E-036
  3.981000E+04  1.70861692E-035  1.40282972E-035  3.05787193E-036
