# g=<cos(theta)>  scattering factors for DUSTEM
#
# NOT FROM THE DustEM DISTRIBUTION.  The distribution ships no G_ file
# for this population; Guillet et al. (2018, A&A 610, A16), whose model D
# this is, computed no asymmetry parameter, and DustEM reads a G_ file
# only under its `pdr` run keyword, which this model does not set.  This
# table was computed by SEDust with
#   tmatrix/driver/spheroid_asymmetry_table.f90
# on 2026-09-08 14:57 local time.
#
# material : WD01 astrosilicate + 6% BE a-C, Maxwell Garnett
#             matrix    ../data/dielectric/eps_suvSil
#             inclusion ../data/dielectric/index_amcBE_ZMCB96
#             volume fraction of inclusions  0.060, Maxwell Garnett
#             (Bohren & Huffman 1983 Sect. 8.5; Guillet et al. Eq. 28)
# shape    : prolate spheroid, axis ratio b/a =  0.40000 (Guillet et al. Table 3, model D)
# geometry : random orientation.  Q and g are defined against the
#            volume-equivalent sphere radius a_V, as Guillet et al.
#            Sect. 3.6 defines them, and the radii below are a_V.
# radii    : the same grid as ../data/g18d/oprop/Q_aSil2001BE6pctG_0.4x.DAT
# rows     : the wavelengths of oprop/LAMBDA.DAT, in that order.
#
# METHOD, by size parameter x = 2 pi a_V / lambda:
#   x < 0.1              g = 0.  Rayleigh dipole scattering is
#                        forward-backward symmetric; the correction
#                        is O(x^2).  Exact, not an approximation.
#   0.1 <= x <= 50,      g = the random-orientation T-matrix asymmetry
#   solver converged     (Mishchenko), which is the analytic form of
#                        the 768-direction HEALPix orientation average
#                        Guillet et al. Eq. 19 takes.  Tolerance 1e-3,
#                        retried at 1e-2 and 3e-2; a retried solve is
#                        kept only where it also reproduces the
#                        published Q_abs and Q_sca to 1%.
#   otherwise            g of the VOLUME-EQUIVALENT SPHERE by Mie
#                        theory at the same m.  APPROXIMATION.  In
#                        double precision the T-matrix gives up well
#                        below the x = 50 bound (Guillet et al. ran an
#                        extended-precision build and reached
#                        a_V/lambda ~ 3 for b/a = 1/3, their
#                        footnote 4), so this covers the large-x end.
#                        MEASURED bound, from the regime-2 cells of
#                        this very table, where both forms are known:
#                          the stand-in is entered only at x >=   10.22, and over
#                          that band |g_sphere - g_spheroid| <=  0.0265 (at x =   10.24),
#                          and <=  0.0094 over the radii the model reaches.
#                        Anywhere in regime 2 the gap reaches  0.1834 (at x =    4.26),
#                        but that x is below the threshold above, so the
#                        stand-in is never reached there: the two forms
#                        part company at moderate x and converge as x
#                        grows.
# census  : 28204 Rayleigh, 24591 T-matrix, 3205 sphere entries.
#
# nsize (number of sampled sizes in this file)
# sizes (microns)
# g values: g(size1),...., g(sizeN)
#
          70
  3.0000E-03  3.2965E-03  3.6222E-03  3.9802E-03  4.3735E-03  4.8057E-03  5.2805E-03  5.8024E-03  6.3757E-03  7.0058E-03
  7.6981E-03  8.4588E-03  9.2947E-03  1.0213E-02  1.1222E-02  1.2331E-02  1.3550E-02  1.4889E-02  1.6360E-02  1.7977E-02
  1.9754E-02  2.1706E-02  2.3851E-02  2.6207E-02  2.8797E-02  3.1643E-02  3.4770E-02  3.8206E-02  4.1981E-02  4.6130E-02
  5.0688E-02  5.5697E-02  6.1201E-02  6.7249E-02  7.3895E-02  8.1197E-02  8.9221E-02  9.8037E-02  1.0773E-01  1.1837E-01
  1.3007E-01  1.4292E-01  1.5704E-01  1.7256E-01  1.8962E-01  2.0835E-01  2.2894E-01  2.5157E-01  2.7643E-01  3.0374E-01
  3.3376E-01  3.6674E-01  4.0298E-01  4.4280E-01  4.8656E-01  5.3464E-01  5.8747E-01  6.4553E-01  7.0932E-01  7.7941E-01
  8.5643E-01  9.4107E-01  1.0341E+00  1.1362E+00  1.2485E+00  1.3719E+00  1.5075E+00  1.6564E+00  1.8201E+00  2.0000E+00
#### g-factor ####              (lines are lambda from LAMBDA.DAT and columns are the N sizes)
  5.1933E-02  6.2684E-02  7.5623E-02  9.1166E-02  1.0976E-01  1.3188E-01  1.5797E-01  1.8840E-01  2.2329E-01  2.6253E-01  3.0564E-01  3.5192E-01  4.0062E-01  4.5116E-01  5.0311E-01  5.5571E-01  6.0754E-01  6.5664E-01  7.0130E-01  7.4041E-01  7.7346E-01  8.0063E-01  8.2276E-01  8.4091E-01  8.5617E-01  8.6932E-01  8.8069E-01  8.9035E-01  8.9844E-01  9.0522E-01  9.1095E-01  9.1579E-01  9.1986E-01  9.2329E-01  9.2620E-01  9.2865E-01  9.3076E-01  9.3262E-01  9.3503E-01  9.3637E-01  9.3756E-01  9.3862E-01  9.3955E-01  9.4038E-01  9.4112E-01  9.4176E-01  9.4234E-01  9.4284E-01  9.4328E-01  9.4367E-01  9.4402E-01  9.4431E-01  9.4457E-01  9.4480E-01  9.4500E-01  9.4516E-01  9.4531E-01  9.4543E-01  9.4553E-01  9.4562E-01  9.4569E-01  9.4575E-01  9.4579E-01  9.4583E-01  9.4585E-01  9.4587E-01  9.4588E-01  9.4589E-01  9.4589E-01  9.4588E-01
  5.0269E-02  6.0680E-02  7.3212E-02  8.8275E-02  1.0631E-01  1.2779E-01  1.5316E-01  1.8282E-01  2.1694E-01  2.5545E-01  2.9794E-01  3.4372E-01  3.9205E-01  4.4231E-01  4.9405E-01  5.4662E-01  5.9872E-01  6.4842E-01  6.9395E-01  7.3408E-01  7.6818E-01  7.9632E-01  8.1925E-01  8.3800E-01  8.5370E-01  8.6718E-01  8.7884E-01  8.8880E-01  8.9715E-01  9.0413E-01  9.1003E-01  9.1502E-01  9.1920E-01  9.2274E-01  9.2573E-01  9.2826E-01  9.3044E-01  9.3232E-01  9.3391E-01  9.3615E-01  9.3737E-01  9.3845E-01  9.3940E-01  9.4025E-01  9.4100E-01  9.4166E-01  9.4224E-01  9.4276E-01  9.4321E-01  9.4361E-01  9.4396E-01  9.4427E-01  9.4453E-01  9.4476E-01  9.4496E-01  9.4514E-01  9.4528E-01  9.4541E-01  9.4552E-01  9.4561E-01  9.4568E-01  9.4574E-01  9.4579E-01  9.4582E-01  9.4585E-01  9.4587E-01  9.4588E-01  9.4589E-01  9.4589E-01  9.4588E-01
  4.8659E-02  5.8738E-02  7.0876E-02  8.5470E-02  1.0296E-01  1.2381E-01  1.4847E-01  1.7737E-01  2.1071E-01  2.4849E-01  2.9033E-01  3.3560E-01  3.8354E-01  4.3350E-01  4.8502E-01  5.3752E-01  5.8983E-01  6.4008E-01  6.8643E-01  7.2756E-01  7.6272E-01  7.9186E-01  8.1562E-01  8.3501E-01  8.5117E-01  8.6498E-01  8.7695E-01  8.8720E-01  8.9581E-01  9.0301E-01  9.0908E-01  9.1422E-01  9.1853E-01  9.2217E-01  9.2525E-01  9.2784E-01  9.3007E-01  9.3202E-01  9.3453E-01  9.3593E-01  9.3717E-01  9.3827E-01  9.3924E-01  9.4011E-01  9.4087E-01  9.4155E-01  9.4215E-01  9.4267E-01  9.4314E-01  9.4354E-01  9.4390E-01  9.4422E-01  9.4449E-01  9.4473E-01  9.4493E-01  9.4511E-01  9.4526E-01  9.4539E-01  9.4550E-01  9.4559E-01  9.4567E-01  9.4573E-01  9.4578E-01  9.4582E-01  9.4585E-01  9.4587E-01  9.4588E-01  9.4589E-01  9.4589E-01  9.4588E-01
  4.7099E-02  5.6858E-02  6.8613E-02  8.2753E-02  9.9704E-02  1.1994E-01  1.4391E-01  1.7206E-01  2.0463E-01  2.4165E-01  2.8283E-01  3.2756E-01  3.7509E-01  4.2473E-01  4.7601E-01  5.2842E-01  5.8087E-01  6.3162E-01  6.7876E-01  7.2086E-01  7.5708E-01  7.8723E-01  8.1185E-01  8.3192E-01  8.4856E-01  8.6273E-01  8.7500E-01  8.8555E-01  8.9443E-01  9.0185E-01  9.0810E-01  9.1339E-01  9.1784E-01  9.2159E-01  9.2475E-01  9.2743E-01  9.2972E-01  9.3170E-01  9.3340E-01  9.3570E-01  9.3696E-01  9.3809E-01  9.3908E-01  9.3997E-01  9.4075E-01  9.4144E-01  9.4205E-01  9.4259E-01  9.4306E-01  9.4348E-01  9.4384E-01  9.4416E-01  9.4444E-01  9.4469E-01  9.4490E-01  9.4508E-01  9.4524E-01  9.4537E-01  9.4548E-01  9.4558E-01  9.4565E-01  9.4572E-01  9.4577E-01  9.4581E-01  9.4584E-01  9.4586E-01  9.4588E-01  9.4589E-01  9.4589E-01  9.4588E-01
  4.5589E-02  5.5038E-02  6.6421E-02  8.0120E-02  9.6551E-02  1.1618E-01  1.3948E-01  1.6688E-01  1.9867E-01  2.3494E-01  2.7544E-01  3.1961E-01  3.6670E-01  4.1602E-01  4.6705E-01  5.1931E-01  5.7187E-01  6.2305E-01  6.7094E-01  7.1399E-01  7.5126E-01  7.8243E-01  8.0795E-01  8.2872E-01  8.4588E-01  8.6043E-01  8.7301E-01  8.8385E-01  8.9300E-01  9.0066E-01  9.0709E-01  9.1254E-01  9.1713E-01  9.2098E-01  9.2424E-01  9.2700E-01  9.2934E-01  9.3139E-01  9.3314E-01  9.3546E-01  9.3675E-01  9.3790E-01  9.3892E-01  9.3982E-01  9.4062E-01  9.4132E-01  9.4195E-01  9.4250E-01  9.4298E-01  9.4341E-01  9.4378E-01  9.4411E-01  9.4440E-01  9.4465E-01  9.4486E-01  9.4505E-01  9.4521E-01  9.4535E-01  9.4546E-01  9.4556E-01  9.4564E-01  9.4571E-01  9.4576E-01  9.4580E-01  9.4584E-01  9.4586E-01  9.4588E-01  9.4588E-01  9.4589E-01  9.4589E-01
  4.4129E-02  5.3276E-02  6.4299E-02  7.7569E-02  9.3496E-02  1.1254E-01  1.3517E-01  1.6184E-01  1.9286E-01  2.2836E-01  2.6816E-01  3.1174E-01  3.5839E-01  4.0736E-01  4.5812E-01  5.1023E-01  5.6284E-01  6.1439E-01  6.6297E-01  7.0695E-01  7.4526E-01  7.7747E-01  8.0391E-01  8.2542E-01  8.4312E-01  8.5807E-01  8.7096E-01  8.8210E-01  8.9154E-01  8.9943E-01  9.0605E-01  9.1166E-01  9.1639E-01  9.2036E-01  9.2372E-01  9.2655E-01  9.2897E-01  9.3105E-01  9.3284E-01  9.3522E-01  9.3654E-01  9.3771E-01  9.3875E-01  9.3967E-01  9.4049E-01  9.4121E-01  9.4185E-01  9.4241E-01  9.4290E-01  9.4334E-01  9.4372E-01  9.4406E-01  9.4435E-01  9.4461E-01  9.4483E-01  9.4502E-01  9.4519E-01  9.4533E-01  9.4545E-01  9.4555E-01  9.4563E-01  9.4570E-01  9.4575E-01  9.4580E-01  9.4583E-01  9.4586E-01  9.4587E-01  9.4588E-01  9.4589E-01  9.4589E-01
  4.2714E-02  5.1570E-02  6.2243E-02  7.5097E-02  9.0532E-02  1.0901E-01  1.3098E-01  1.5692E-01  1.8717E-01  2.2190E-01  2.6099E-01  3.0396E-01  3.5014E-01  3.9875E-01  4.4923E-01  5.0115E-01  5.5376E-01  6.0563E-01  6.5486E-01  6.9973E-01  7.3906E-01  7.7233E-01  7.9972E-01  8.2201E-01  8.4029E-01  8.5565E-01  8.6886E-01  8.8029E-01  8.9002E-01  8.9817E-01  9.0499E-01  9.1076E-01  9.1563E-01  9.1972E-01  9.2318E-01  9.2610E-01  9.2857E-01  9.3069E-01  9.3256E-01  9.3498E-01  9.3632E-01  9.3752E-01  9.3858E-01  9.3952E-01  9.4035E-01  9.4109E-01  9.4174E-01  9.4232E-01  9.4282E-01  9.4327E-01  9.4366E-01  9.4400E-01  9.4430E-01  9.4457E-01  9.4479E-01  9.4499E-01  9.4516E-01  9.4530E-01  9.4543E-01  9.4553E-01  9.4562E-01  9.4569E-01  9.4575E-01  9.4579E-01  9.4583E-01  9.4585E-01  9.4587E-01  9.4588E-01  9.4589E-01  9.4589E-01
  4.1345E-02  4.9919E-02  6.0254E-02  7.2704E-02  8.7661E-02  1.0558E-01  1.2691E-01  1.5214E-01  1.8163E-01  2.1559E-01  2.5394E-01  2.9629E-01  3.4197E-01  3.9020E-01  4.4039E-01  4.9210E-01  5.4468E-01  5.9681E-01  6.4662E-01  6.9235E-01  7.3270E-01  7.6701E-01  7.9538E-01  8.1847E-01  8.3737E-01  8.5316E-01  8.6671E-01  8.7844E-01  8.8846E-01  8.9686E-01  9.0389E-01  9.0983E-01  9.1485E-01  9.1906E-01  9.2262E-01  9.2563E-01  9.2818E-01  9.3036E-01  9.3226E-01  9.3387E-01  9.3610E-01  9.3732E-01  9.3841E-01  9.3937E-01  9.4022E-01  9.4097E-01  9.4163E-01  9.4222E-01  9.4274E-01  9.4319E-01  9.4360E-01  9.4395E-01  9.4425E-01  9.4452E-01  9.4476E-01  9.4496E-01  9.4513E-01  9.4528E-01  9.4541E-01  9.4551E-01  9.4560E-01  9.4568E-01  9.4574E-01  9.4578E-01  9.4582E-01  9.4585E-01  9.4587E-01  9.4588E-01  9.4589E-01  9.4589E-01
  4.0019E-02  4.8318E-02  5.8325E-02  7.0382E-02  8.4875E-02  1.0225E-01  1.2296E-01  1.4748E-01  1.7621E-01  2.0939E-01  2.4700E-01  2.8870E-01  3.3386E-01  3.8170E-01  4.3159E-01  4.8307E-01  5.3557E-01  5.8790E-01  6.3825E-01  6.8479E-01  7.2614E-01  7.6151E-01  7.9087E-01  8.1480E-01  8.3435E-01  8.5061E-01  8.6450E-01  8.7653E-01  8.8685E-01  8.9551E-01  9.0276E-01  9.0887E-01  9.1404E-01  9.1839E-01  9.2205E-01  9.2514E-01  9.2776E-01  9.3000E-01  9.3195E-01  9.3362E-01  9.3588E-01  9.3712E-01  9.3823E-01  9.3921E-01  9.4008E-01  9.4085E-01  9.4152E-01  9.4212E-01  9.4265E-01  9.4312E-01  9.4353E-01  9.4389E-01  9.4420E-01  9.4448E-01  9.4472E-01  9.4492E-01  9.4510E-01  9.4526E-01  9.4539E-01  9.4550E-01  9.4559E-01  9.4566E-01  9.4573E-01  9.4578E-01  9.4582E-01  9.4584E-01  9.4587E-01  9.4588E-01  9.4589E-01  9.4589E-01
  3.8736E-02  4.6771E-02  5.6459E-02  6.8137E-02  8.2178E-02  9.9017E-02  1.1912E-01  1.4295E-01  1.7093E-01  2.0334E-01  2.4020E-01  2.8123E-01  3.2584E-01  3.7327E-01  4.2284E-01  4.7408E-01  5.2647E-01  5.7894E-01  6.2978E-01  6.7710E-01  7.1941E-01  7.5584E-01  7.8621E-01  8.1101E-01  8.3124E-01  8.4799E-01  8.6224E-01  8.7458E-01  8.8518E-01  8.9413E-01  9.0160E-01  9.0788E-01  9.1321E-01  9.1769E-01  9.2146E-01  9.2464E-01  9.2734E-01  9.2965E-01  9.3164E-01  9.3334E-01  9.3565E-01  9.3692E-01  9.3805E-01  9.3905E-01  9.3994E-01  9.4072E-01  9.4141E-01  9.4203E-01  9.4257E-01  9.4304E-01  9.4346E-01  9.4383E-01  9.4415E-01  9.4443E-01  9.4468E-01  9.4489E-01  9.4507E-01  9.4523E-01  9.4536E-01  9.4548E-01  9.4557E-01  9.4565E-01  9.4572E-01  9.4577E-01  9.4581E-01  9.4584E-01  9.4586E-01  9.4588E-01  9.4589E-01  9.4589E-01
  3.7494E-02  4.5272E-02  5.4652E-02  6.5960E-02  7.9562E-02  9.5885E-02  1.1539E-01  1.3855E-01  1.6578E-01  1.9741E-01  2.3351E-01  2.7386E-01  3.1790E-01  3.6490E-01  4.1413E-01  4.6512E-01  5.1737E-01  5.6993E-01  6.2118E-01  6.6924E-01  7.1250E-01  7.4998E-01  7.8138E-01  8.0708E-01  8.2802E-01  8.4529E-01  8.5993E-01  8.7257E-01  8.8347E-01  8.9269E-01  9.0040E-01  9.0687E-01  9.1235E-01  9.1697E-01  9.2085E-01  9.2413E-01  9.2691E-01  9.2926E-01  9.3131E-01  9.3307E-01  9.3541E-01  9.3671E-01  9.3786E-01  9.3888E-01  9.3979E-01  9.4059E-01  9.4130E-01  9.4193E-01  9.4248E-01  9.4297E-01  9.4339E-01  9.4377E-01  9.4410E-01  9.4439E-01  9.4464E-01  9.4486E-01  9.4504E-01  9.4521E-01  9.4534E-01  9.4546E-01  9.4556E-01  9.4564E-01  9.4571E-01  9.4576E-01  9.4580E-01  9.4584E-01  9.4586E-01  9.4588E-01  9.4588E-01  9.4589E-01
  3.6292E-02  4.3821E-02  5.2902E-02  6.3852E-02  7.7029E-02  9.2850E-02  1.1177E-01  1.3426E-01  1.6077E-01  1.9162E-01  2.2696E-01  2.6660E-01  3.1006E-01  3.5659E-01  4.0549E-01  4.5621E-01  5.0829E-01  5.6088E-01  6.1250E-01  6.6124E-01  7.0542E-01  7.4394E-01  7.7638E-01  8.0301E-01  8.2470E-01  8.4252E-01  8.5755E-01  8.7051E-01  8.8171E-01  8.9122E-01  8.9916E-01  9.0583E-01  9.1147E-01  9.1623E-01  9.2023E-01  9.2360E-01  9.2646E-01  9.2889E-01  9.3098E-01  9.3279E-01  9.3517E-01  9.3650E-01  9.3767E-01  9.3872E-01  9.3964E-01  9.4046E-01  9.4118E-01  9.4182E-01  9.4239E-01  9.4289E-01  9.4332E-01  9.4371E-01  9.4405E-01  9.4434E-01  9.4460E-01  9.4482E-01  9.4501E-01  9.4518E-01  9.4532E-01  9.4544E-01  9.4554E-01  9.4563E-01  9.4570E-01  9.4575E-01  9.4580E-01  9.4583E-01  9.4586E-01  9.4587E-01  9.4588E-01  9.4589E-01
  3.5128E-02  4.2416E-02  5.1208E-02  6.1811E-02  7.4574E-02  8.9907E-02  1.0825E-01  1.3010E-01  1.5588E-01  1.8597E-01  2.2053E-01  2.5946E-01  3.0230E-01  3.4836E-01  3.9689E-01  4.4733E-01  4.9922E-01  5.5181E-01  6.0373E-01  6.5311E-01  6.9816E-01  7.3771E-01  7.7120E-01  7.9878E-01  8.2126E-01  8.3967E-01  8.5512E-01  8.6840E-01  8.7990E-01  8.8969E-01  8.9789E-01  9.0475E-01  9.1056E-01  9.1546E-01  9.1958E-01  9.2306E-01  9.2600E-01  9.2849E-01  9.3062E-01  9.3250E-01  9.3399E-01  9.3628E-01  9.3748E-01  9.3854E-01  9.3949E-01  9.4032E-01  9.4106E-01  9.4172E-01  9.4230E-01  9.4280E-01  9.4325E-01  9.4365E-01  9.4399E-01  9.4429E-01  9.4456E-01  9.4478E-01  9.4498E-01  9.4515E-01  9.4530E-01  9.4542E-01  9.4553E-01  9.4561E-01  9.4569E-01  9.4574E-01  9.4579E-01  9.4583E-01  9.4585E-01  9.4587E-01  9.4588E-01  9.4589E-01
  3.4001E-02  4.1056E-02  4.9567E-02  5.9834E-02  7.2196E-02  8.7053E-02  1.0485E-01  1.2605E-01  1.5112E-01  1.8045E-01  2.1424E-01  2.5243E-01  2.9464E-01  3.4020E-01  3.8835E-01  4.3849E-01  4.9017E-01  5.4272E-01  5.9488E-01  6.4484E-01  6.9074E-01  7.3130E-01  7.6584E-01  7.9441E-01  8.1769E-01  8.3673E-01  8.5262E-01  8.6624E-01  8.7803E-01  8.8812E-01  8.9657E-01  9.0365E-01  9.0962E-01  9.1467E-01  9.1892E-01  9.2250E-01  9.2552E-01  9.2809E-01  9.3025E-01  9.3219E-01  9.3377E-01  9.3605E-01  9.3728E-01  9.3837E-01  9.3933E-01  9.4019E-01  9.4094E-01  9.4161E-01  9.4220E-01  9.4272E-01  9.4318E-01  9.4358E-01  9.4393E-01  9.4424E-01  9.4451E-01  9.4475E-01  9.4495E-01  9.4512E-01  9.4527E-01  9.4540E-01  9.4551E-01  9.4560E-01  9.4567E-01  9.4573E-01  9.4578E-01  9.4582E-01  9.4585E-01  9.4587E-01  9.4588E-01  9.4589E-01
  3.2911E-02  3.9740E-02  4.7979E-02  5.7920E-02  6.9892E-02  8.4287E-02  1.0154E-01  1.2212E-01  1.4649E-01  1.7506E-01  2.0807E-01  2.4552E-01  2.8708E-01  3.3212E-01  3.7987E-01  4.2970E-01  4.8115E-01  5.3361E-01  5.8596E-01  6.3644E-01  6.8316E-01  7.2470E-01  7.6031E-01  7.8987E-01  8.1400E-01  8.3369E-01  8.5005E-01  8.6402E-01  8.7612E-01  8.8649E-01  8.9522E-01  9.0251E-01  9.0866E-01  9.1386E-01  9.1824E-01  9.2192E-01  9.2503E-01  9.2767E-01  9.2992E-01  9.3189E-01  9.3442E-01  9.3583E-01  9.3708E-01  9.3819E-01  9.3918E-01  9.4005E-01  9.4082E-01  9.4150E-01  9.4210E-01  9.4264E-01  9.4310E-01  9.4352E-01  9.4388E-01  9.4419E-01  9.4447E-01  9.4471E-01  9.4492E-01  9.4510E-01  9.4525E-01  9.4538E-01  9.4549E-01  9.4558E-01  9.4566E-01  9.4572E-01  9.4577E-01  9.4581E-01  9.4584E-01  9.4586E-01  9.4588E-01  9.4589E-01
  3.1839E-02  3.8450E-02  4.6428E-02  5.6056E-02  6.7658E-02  8.1617E-02  9.8358E-02  1.1836E-01  1.4208E-01  1.6994E-01  2.0221E-01  2.3893E-01  2.7983E-01  3.2428E-01  3.7153E-01  4.2092E-01  4.7196E-01  5.2409E-01  5.7630E-01  6.2695E-01  6.7413E-01  7.1637E-01  7.5283E-01  7.8330E-01  8.0826E-01  8.2862E-01  8.4545E-01  8.5972E-01  8.7203E-01  8.8262E-01  8.9155E-01  8.9902E-01  9.0529E-01  9.1059E-01  9.1505E-01  9.1881E-01  9.2198E-01  9.2467E-01  9.2693E-01  9.2896E-01  9.3067E-01  9.3299E-01  9.3428E-01  9.3541E-01  9.3642E-01  9.3731E-01  9.3810E-01  9.3879E-01  9.3941E-01  9.3995E-01  9.4042E-01  9.4084E-01  9.4121E-01  9.4153E-01  9.4180E-01  9.4205E-01  9.4225E-01  9.4243E-01  9.4259E-01  9.4272E-01  9.4283E-01  9.4292E-01  9.4299E-01  9.4305E-01  9.4310E-01  9.4314E-01  9.4317E-01  9.4318E-01  9.4320E-01  9.4320E-01
  3.0799E-02  3.7197E-02  4.4921E-02  5.4247E-02  6.5489E-02  7.9023E-02  9.5269E-02  1.1470E-01  1.3777E-01  1.6493E-01  1.9647E-01  2.3247E-01  2.7269E-01  3.1654E-01  3.6329E-01  4.1222E-01  4.6282E-01  5.1458E-01  5.6660E-01  6.1734E-01  6.6490E-01  7.0777E-01  7.4502E-01  7.7636E-01  8.0215E-01  8.2320E-01  8.4053E-01  8.5513E-01  8.6767E-01  8.7846E-01  8.8759E-01  8.9522E-01  9.0162E-01  9.0702E-01  9.1156E-01  9.1538E-01  9.1861E-01  9.2135E-01  9.2368E-01  9.2572E-01  9.2838E-01  9.2986E-01  9.3117E-01  9.3233E-01  9.3336E-01  9.3427E-01  9.3507E-01  9.3578E-01  9.3640E-01  9.3695E-01  9.3743E-01  9.3786E-01  9.3823E-01  9.3855E-01  9.3883E-01  9.3907E-01  9.3928E-01  9.3946E-01  9.3962E-01  9.3974E-01  9.3985E-01  9.3994E-01  9.4001E-01  9.4007E-01  9.4012E-01  9.4015E-01  9.4017E-01  9.4019E-01  9.4020E-01  9.4020E-01
  2.9789E-02  3.5982E-02  4.3460E-02  5.2491E-02  6.3383E-02  7.6504E-02  9.2266E-02  1.1114E-01  1.3358E-01  1.6005E-01  1.9086E-01  2.2613E-01  2.6565E-01  3.0889E-01  3.5510E-01  4.0355E-01  4.5370E-01  5.0505E-01  5.5681E-01  6.0755E-01  6.5541E-01  6.9883E-01  7.3682E-01  7.6900E-01  7.9561E-01  8.1738E-01  8.3525E-01  8.5021E-01  8.6298E-01  8.7396E-01  8.8327E-01  8.9108E-01  8.9760E-01  9.0309E-01  9.0771E-01  9.1160E-01  9.1488E-01  9.1766E-01  9.2004E-01  9.2212E-01  9.2484E-01  9.2635E-01  9.2769E-01  9.2888E-01  9.2993E-01  9.3085E-01  9.3167E-01  9.3239E-01  9.3303E-01  9.3358E-01  9.3407E-01  9.3450E-01  9.3487E-01  9.3520E-01  9.3548E-01  9.3572E-01  9.3593E-01  9.3611E-01  9.3626E-01  9.3639E-01  9.3649E-01  9.3658E-01  9.3665E-01  9.3670E-01  9.3674E-01  9.3677E-01  9.3679E-01  9.3680E-01  9.3681E-01  9.3680E-01
  2.8810E-02  3.4803E-02  4.2041E-02  5.0786E-02  6.1338E-02  7.4058E-02  8.9349E-02  1.0768E-01  1.2951E-01  1.5529E-01  1.8538E-01  2.1991E-01  2.5873E-01  3.0134E-01  3.4700E-01  3.9495E-01  4.4463E-01  4.9553E-01  5.4697E-01  5.9762E-01  6.4570E-01  6.8958E-01  7.2824E-01  7.6121E-01  7.8862E-01  8.1112E-01  8.2956E-01  8.4490E-01  8.5792E-01  8.6909E-01  8.7858E-01  8.8654E-01  8.9319E-01  8.9877E-01  9.0347E-01  9.0742E-01  9.1075E-01  9.1358E-01  9.1600E-01  9.1811E-01  9.1992E-01  9.2244E-01  9.2381E-01  9.2502E-01  9.2609E-01  9.2703E-01  9.2786E-01  9.2860E-01  9.2924E-01  9.2980E-01  9.3030E-01  9.3073E-01  9.3111E-01  9.3143E-01  9.3171E-01  9.3196E-01  9.3216E-01  9.3234E-01  9.3249E-01  9.3261E-01  9.3271E-01  9.3279E-01  9.3286E-01  9.3291E-01  9.3294E-01  9.3297E-01  9.3298E-01  9.3299E-01  9.3299E-01  9.3298E-01
  2.7863E-02  3.3662E-02  4.0668E-02  4.9135E-02  5.9356E-02  7.1684E-02  8.6515E-02  1.0431E-01  1.2553E-01  1.5064E-01  1.8001E-01  2.1380E-01  2.5191E-01  2.9388E-01  3.3899E-01  3.8646E-01  4.3567E-01  4.8615E-01  5.3725E-01  5.8781E-01  6.3607E-01  6.8038E-01  7.1967E-01  7.5339E-01  7.8160E-01  8.0482E-01  8.2385E-01  8.3962E-01  8.5292E-01  8.6428E-01  8.7395E-01  8.8208E-01  8.8886E-01  8.9454E-01  8.9931E-01  9.0333E-01  9.0671E-01  9.0959E-01  9.1206E-01  9.1420E-01  9.1594E-01  9.1864E-01  9.2004E-01  9.2127E-01  9.2236E-01  9.2332E-01  9.2417E-01  9.2491E-01  9.2557E-01  9.2614E-01  9.2664E-01  9.2707E-01  9.2745E-01  9.2778E-01  9.2806E-01  9.2830E-01  9.2851E-01  9.2868E-01  9.2882E-01  9.2894E-01  9.2904E-01  9.2912E-01  9.2918E-01  9.2922E-01  9.2925E-01  9.2927E-01  9.2928E-01  9.2928E-01  9.2928E-01  9.2927E-01
  2.6941E-02  3.2552E-02  3.9333E-02  4.7531E-02  5.7431E-02  6.9379E-02  8.3765E-02  1.0104E-01  1.2167E-01  1.4613E-01  1.7478E-01  2.0784E-01  2.4524E-01  2.8655E-01  3.3107E-01  3.7800E-01  4.2670E-01  4.7667E-01  5.2735E-01  5.7766E-01  6.2594E-01  6.7055E-01  7.1034E-01  7.4472E-01  7.7366E-01  7.9758E-01  8.1722E-01  8.3343E-01  8.4701E-01  8.5856E-01  8.6837E-01  8.7664E-01  8.8354E-01  8.8930E-01  8.9414E-01  8.9820E-01  9.0163E-01  9.0456E-01  9.0705E-01  9.0924E-01  9.1112E-01  9.1378E-01  9.1521E-01  9.1647E-01  9.1758E-01  9.1855E-01  9.1941E-01  9.2016E-01  9.2082E-01  9.2140E-01  9.2190E-01  9.2234E-01  9.2272E-01  9.2304E-01  9.2332E-01  9.2356E-01  9.2376E-01  9.2393E-01  9.2406E-01  9.2418E-01  9.2427E-01  9.2434E-01  9.2439E-01  9.2443E-01  9.2446E-01  9.2447E-01  9.2447E-01  9.2446E-01  9.2445E-01  9.2443E-01
  2.6039E-02  3.1467E-02  3.8029E-02  4.5966E-02  5.5556E-02  6.7137E-02  8.1092E-02  9.7867E-02  1.1793E-01  1.4174E-01  1.6969E-01  2.0202E-01  2.3869E-01  2.7930E-01  3.2316E-01  3.6948E-01  4.1756E-01  4.6691E-01  5.1699E-01  5.6686E-01  6.1495E-01  6.5964E-01  6.9975E-01  7.3465E-01  7.6424E-01  7.8884E-01  8.0908E-01  8.2574E-01  8.3961E-01  8.5133E-01  8.6125E-01  8.6962E-01  8.7660E-01  8.8241E-01  8.8728E-01  8.9137E-01  8.9482E-01  8.9777E-01  9.0029E-01  9.0250E-01  9.0443E-01  9.0716E-01  9.0861E-01  9.0989E-01  9.1101E-01  9.1200E-01  9.1286E-01  9.1362E-01  9.1428E-01  9.1486E-01  9.1536E-01  9.1579E-01  9.1616E-01  9.1648E-01  9.1675E-01  9.1698E-01  9.1717E-01  9.1733E-01  9.1746E-01  9.1756E-01  9.1764E-01  9.1770E-01  9.1774E-01  9.1777E-01  9.1778E-01  9.1778E-01  9.1778E-01  9.1776E-01  9.1773E-01  9.1770E-01
  2.5148E-02  3.0398E-02  3.6747E-02  4.4430E-02  5.3720E-02  6.4946E-02  7.8485E-02  9.4776E-02  1.1428E-01  1.3745E-01  1.6470E-01  1.9626E-01  2.3211E-01  2.7189E-01  3.1491E-01  3.6037E-01  4.0755E-01  4.5593E-01  5.0503E-01  5.5402E-01  6.0148E-01  6.4583E-01  6.8594E-01  7.2114E-01  7.5124E-01  7.7647E-01  7.9733E-01  8.1447E-01  8.2863E-01  8.4046E-01  8.5040E-01  8.5874E-01  8.6570E-01  8.7148E-01  8.7629E-01  8.8032E-01  8.8374E-01  8.8665E-01  8.8918E-01  8.9138E-01  8.9331E-01  8.9613E-01  8.9759E-01  8.9887E-01  9.0000E-01  9.0098E-01  9.0184E-01  9.0258E-01  9.0323E-01  9.0379E-01  9.0428E-01  9.0469E-01  9.0504E-01  9.0534E-01  9.0559E-01  9.0580E-01  9.0596E-01  9.0610E-01  9.0620E-01  9.0628E-01  9.0634E-01  9.0637E-01  9.0639E-01  9.0640E-01  9.0639E-01  9.0637E-01  9.0634E-01  9.0630E-01  9.0626E-01  9.0620E-01
  2.4276E-02  2.9351E-02  3.5493E-02  4.2930E-02  5.1930E-02  6.2816E-02  7.5958E-02  9.1789E-02  1.1077E-01  1.3336E-01  1.5996E-01  1.9082E-01  2.2595E-01  2.6498E-01  3.0725E-01  3.5194E-01  3.9830E-01  4.4577E-01  4.9391E-01  5.4196E-01  5.8862E-01  6.3239E-01  6.7216E-01  7.0726E-01  7.3751E-01  7.6303E-01  7.8425E-01  8.0173E-01  8.1611E-01  8.2803E-01  8.3795E-01  8.4625E-01  8.5314E-01  8.5887E-01  8.6363E-01  8.6763E-01  8.7102E-01  8.7394E-01  8.7648E-01  8.7871E-01  8.8066E-01  8.8360E-01  8.8506E-01  8.8634E-01  8.8746E-01  8.8843E-01  8.8928E-01  8.9001E-01  8.9064E-01  8.9117E-01  8.9163E-01  8.9202E-01  8.9235E-01  8.9262E-01  8.9284E-01  8.9302E-01  8.9315E-01  8.9326E-01  8.9334E-01  8.9339E-01  8.9341E-01  8.9342E-01  8.9341E-01  8.9339E-01  8.9335E-01  8.9331E-01  8.9325E-01  8.9319E-01  8.9312E-01  8.9305E-01
  2.3419E-02  2.8325E-02  3.4265E-02  4.1464E-02  5.0185E-02  6.0745E-02  7.3513E-02  8.8919E-02  1.0742E-01  1.2949E-01  1.5554E-01  1.8583E-01  2.2038E-01  2.5885E-01  3.0057E-01  3.4469E-01  3.9042E-01  4.3717E-01  4.8449E-01  5.3169E-01  5.7752E-01  6.2053E-01  6.5965E-01  6.9425E-01  7.2417E-01  7.4955E-01  7.7076E-01  7.8830E-01  8.0275E-01  8.1470E-01  8.2460E-01  8.3285E-01  8.3971E-01  8.4541E-01  8.5019E-01  8.5422E-01  8.5766E-01  8.6064E-01  8.6324E-01  8.6552E-01  8.6751E-01  8.7059E-01  8.7206E-01  8.7333E-01  8.7444E-01  8.7540E-01  8.7623E-01  8.7694E-01  8.7755E-01  8.7806E-01  8.7849E-01  8.7885E-01  8.7915E-01  8.7939E-01  8.7958E-01  8.7973E-01  8.7984E-01  8.7991E-01  8.7995E-01  8.7997E-01  8.7997E-01  8.7995E-01  8.7991E-01  8.7986E-01  8.7980E-01  8.7972E-01  8.7964E-01  8.7955E-01  8.7946E-01  8.7937E-01
  2.2569E-02  2.7306E-02  3.3048E-02  4.0013E-02  4.8462E-02  5.8710E-02  7.1125E-02  8.6140E-02  1.0422E-01  1.2586E-01  1.5148E-01  1.8137E-01  2.1558E-01  2.5377E-01  2.9526E-01  3.3914E-01  3.8459E-01  4.3095E-01  4.7778E-01  5.2438E-01  5.6952E-01  6.1175E-01  6.5003E-01  6.8380E-01  7.1299E-01  7.3780E-01  7.5862E-01  7.7592E-01  7.9025E-01  8.0214E-01  8.1203E-01  8.2028E-01  8.2718E-01  8.3297E-01  8.3784E-01  8.4200E-01  8.4556E-01  8.4865E-01  8.5134E-01  8.5370E-01  8.5576E-01  8.5898E-01  8.6046E-01  8.6174E-01  8.6285E-01  8.6380E-01  8.6462E-01  8.6531E-01  8.6590E-01  8.6640E-01  8.6681E-01  8.6715E-01  8.6742E-01  8.6763E-01  8.6780E-01  8.6792E-01  8.6800E-01  8.6805E-01  8.6807E-01  8.6806E-01  8.6804E-01  8.6799E-01  8.6793E-01  8.6785E-01  8.6777E-01  8.6767E-01  8.6757E-01  8.6746E-01  8.6735E-01  8.6723E-01
  2.1735E-02  2.6305E-02  3.1848E-02  3.8582E-02  4.6760E-02  5.6697E-02  6.8760E-02  8.3388E-02  1.0106E-01  1.2228E-01  1.4750E-01  1.7706E-01  2.1101E-01  2.4905E-01  2.9045E-01  3.3429E-01  3.7965E-01  4.2586E-01  4.7242E-01  5.1864E-01  5.6329E-01  6.0490E-01  6.4243E-01  6.7541E-01  7.0386E-01  7.2806E-01  7.4843E-01  7.6545E-01  7.7962E-01  7.9144E-01  8.0134E-01  8.0963E-01  8.1660E-01  8.2249E-01  8.2749E-01  8.3176E-01  8.3545E-01  8.3864E-01  8.4141E-01  8.4383E-01  8.4590E-01  8.4929E-01  8.5078E-01  8.5206E-01  8.5317E-01  8.5412E-01  8.5492E-01  8.5561E-01  8.5618E-01  8.5666E-01  8.5706E-01  8.5738E-01  8.5763E-01  8.5783E-01  8.5797E-01  8.5807E-01  8.5813E-01  8.5816E-01  8.5816E-01  8.5813E-01  8.5808E-01  8.5802E-01  8.5794E-01  8.5784E-01  8.5774E-01  8.5762E-01  8.5750E-01  8.5738E-01  8.5725E-01  8.5712E-01
  2.0919E-02  2.5324E-02  3.0670E-02  3.7170E-02  4.5075E-02  5.4695E-02  6.6398E-02  8.0626E-02  9.7870E-02  1.1865E-01  1.4347E-01  1.7269E-01  2.0642E-01  2.4435E-01  2.8579E-01  3.2973E-01  3.7518E-01  4.2142E-01  4.6795E-01  5.1406E-01  5.5850E-01  5.9974E-01  6.3674E-01  6.6912E-01  6.9699E-01  7.2070E-01  7.4071E-01  7.5750E-01  7.7155E-01  7.8335E-01  7.9326E-01  8.0162E-01  8.0869E-01  8.1468E-01  8.1980E-01  8.2419E-01  8.2797E-01  8.3124E-01  8.3408E-01  8.3654E-01  8.4042E-01  8.4216E-01  8.4366E-01  8.4495E-01  8.4606E-01  8.4700E-01  8.4781E-01  8.4849E-01  8.4906E-01  8.4953E-01  8.4991E-01  8.5022E-01  8.5046E-01  8.5064E-01  8.5077E-01  8.5086E-01  8.5091E-01  8.5092E-01  8.5091E-01  8.5086E-01  8.5080E-01  8.5072E-01  8.5063E-01  8.5052E-01  8.5040E-01  8.5028E-01  8.5014E-01  8.5001E-01  8.4987E-01  8.4972E-01
  2.0142E-02  2.4385E-02  2.9537E-02  3.5805E-02  4.3433E-02  5.2727E-02  6.4053E-02  7.7856E-02  9.4626E-02  1.1492E-01  1.3926E-01  1.6806E-01  2.0151E-01  2.3934E-01  2.8084E-01  3.2499E-01  3.7071E-01  4.1721E-01  4.6398E-01  5.1032E-01  5.5495E-01  5.9627E-01  6.3319E-01  6.6535E-01  6.9297E-01  7.1647E-01  7.3635E-01  7.5308E-01  7.6714E-01  7.7900E-01  7.8901E-01  7.9748E-01  8.0468E-01  8.1080E-01  8.1604E-01  8.2054E-01  8.2442E-01  8.2778E-01  8.3069E-01  8.3319E-01  8.3718E-01  8.3894E-01  8.4046E-01  8.4177E-01  8.4289E-01  8.4385E-01  8.4466E-01  8.4535E-01  8.4592E-01  8.4640E-01  8.4678E-01  8.4709E-01  8.4733E-01  8.4751E-01  8.4764E-01  8.4773E-01  8.4777E-01  8.4778E-01  8.4777E-01  8.4772E-01  8.4766E-01  8.4757E-01  8.4747E-01  8.4736E-01  8.4724E-01  8.4711E-01  8.4698E-01  8.4683E-01  8.4669E-01  8.4654E-01
  1.9397E-02  2.3482E-02  2.8444E-02  3.4481E-02  4.1832E-02  5.0797E-02  6.1734E-02  7.5089E-02  9.1354E-02  1.1110E-01  1.3490E-01  1.6322E-01  1.9631E-01  2.3397E-01  2.7554E-01  3.1995E-01  3.6603E-01  4.1292E-01  4.6008E-01  5.0685E-01  5.5192E-01  5.9361E-01  6.3073E-01  6.6294E-01  6.9051E-01  7.1397E-01  7.3385E-01  7.5063E-01  7.6477E-01  7.7675E-01  7.8689E-01  7.9550E-01  8.0283E-01  8.0909E-01  8.1445E-01  8.1906E-01  8.2303E-01  8.2647E-01  8.2945E-01  8.3203E-01  8.3607E-01  8.3787E-01  8.3942E-01  8.4075E-01  8.4190E-01  8.4287E-01  8.4370E-01  8.4440E-01  8.4498E-01  8.4547E-01  8.4586E-01  8.4618E-01  8.4643E-01  8.4661E-01  8.4675E-01  8.4684E-01  8.4689E-01  8.4690E-01  8.4689E-01  8.4685E-01  8.4678E-01  8.4670E-01  8.4660E-01  8.4649E-01  8.4637E-01  8.4624E-01  8.4611E-01  8.4597E-01  8.4582E-01  8.4568E-01
  1.8679E-02  2.2611E-02  2.7385E-02  3.3196E-02  4.0273E-02  4.8908E-02  5.9452E-02  7.2345E-02  8.8084E-02  1.0725E-01  1.3045E-01  1.5822E-01  1.9086E-01  2.2830E-01  2.6990E-01  3.1457E-01  3.6106E-01  4.0840E-01  4.5603E-01  5.0333E-01  5.4900E-01  5.9124E-01  6.2876E-01  6.6117E-01  6.8883E-01  7.1233E-01  7.3230E-01  7.4919E-01  7.6345E-01  7.7557E-01  7.8586E-01  7.9461E-01  8.0208E-01  8.0847E-01  8.1394E-01  8.1865E-01  8.2272E-01  8.2623E-01  8.2927E-01  8.3392E-01  8.3603E-01  8.3786E-01  8.3944E-01  8.4080E-01  8.4197E-01  8.4296E-01  8.4381E-01  8.4453E-01  8.4512E-01  8.4562E-01  8.4603E-01  8.4635E-01  8.4661E-01  8.4681E-01  8.4695E-01  8.4705E-01  8.4710E-01  8.4712E-01  8.4711E-01  8.4708E-01  8.4702E-01  8.4694E-01  8.4685E-01  8.4674E-01  8.4663E-01  8.4650E-01  8.4637E-01  8.4623E-01  8.4609E-01  8.4594E-01
  1.7997E-02  2.1781E-02  2.6377E-02  3.1969E-02  3.8781E-02  4.7093E-02  5.7249E-02  6.9679E-02  8.4879E-02  1.0344E-01  1.2598E-01  1.5310E-01  1.8519E-01  2.2225E-01  2.6375E-01  3.0858E-01  3.5543E-01  4.0318E-01  4.5125E-01  4.9907E-01  5.4537E-01  5.8830E-01  6.2639E-01  6.5918E-01  6.8707E-01  7.1076E-01  7.3091E-01  7.4800E-01  7.6244E-01  7.7473E-01  7.8519E-01  7.9410E-01  8.0171E-01  8.0822E-01  8.1382E-01  8.1863E-01  8.2278E-01  8.2618E-01  8.2948E-01  8.3217E-01  8.3444E-01  8.3823E-01  8.3984E-01  8.4123E-01  8.4242E-01  8.4344E-01  8.4430E-01  8.4504E-01  8.4565E-01  8.4616E-01  8.4658E-01  8.4692E-01  8.4719E-01  8.4739E-01  8.4755E-01  8.4765E-01  8.4771E-01  8.4774E-01  8.4774E-01  8.4771E-01  8.4766E-01  8.4758E-01  8.4750E-01  8.4739E-01  8.4728E-01  8.4716E-01  8.4703E-01  8.4689E-01  8.4675E-01  8.4661E-01
  1.7344E-02  2.0988E-02  2.5412E-02  3.0794E-02  3.7348E-02  4.5347E-02  5.5122E-02  6.7095E-02  8.1754E-02  9.9692E-02  1.2155E-01  1.4796E-01  1.7941E-01  2.1600E-01  2.5729E-01  3.0222E-01  3.4938E-01  3.9755E-01  4.4605E-01  4.9437E-01  5.4133E-01  5.8503E-01  6.2381E-01  6.5711E-01  6.8535E-01  7.0930E-01  7.2966E-01  7.4699E-01  7.6165E-01  7.7413E-01  7.8477E-01  7.9385E-01  8.0160E-01  8.0825E-01  8.1396E-01  8.1886E-01  8.2311E-01  8.2677E-01  8.2995E-01  8.3270E-01  8.3696E-01  8.3887E-01  8.4051E-01  8.4193E-01  8.4315E-01  8.4419E-01  8.4508E-01  8.4583E-01  8.4646E-01  8.4699E-01  8.4742E-01  8.4777E-01  8.4805E-01  8.4827E-01  8.4843E-01  8.4854E-01  8.4862E-01  8.4865E-01  8.4866E-01  8.4863E-01  8.4859E-01  8.4852E-01  8.4844E-01  8.4834E-01  8.4823E-01  8.4811E-01  8.4799E-01  8.4785E-01  8.4772E-01  8.4758E-01
  1.6719E-02  2.0228E-02  2.4487E-02  2.9666E-02  3.5973E-02  4.3669E-02  5.3074E-02  6.4596E-02  7.8720E-02  9.6031E-02  1.1718E-01  1.4285E-01  1.7359E-01  2.0961E-01  2.5060E-01  2.9555E-01  3.4300E-01  3.9157E-01  4.4049E-01  4.8930E-01  5.3693E-01  5.8145E-01  6.2103E-01  6.5495E-01  6.8362E-01  7.0786E-01  7.2852E-01  7.4612E-01  7.6102E-01  7.7371E-01  7.8455E-01  7.9380E-01  8.0171E-01  8.0849E-01  8.1432E-01  8.1934E-01  8.2367E-01  8.2741E-01  8.3065E-01  8.3345E-01  8.3780E-01  8.3974E-01  8.4142E-01  8.4287E-01  8.4411E-01  8.4518E-01  8.4609E-01  8.4686E-01  8.4751E-01  8.4805E-01  8.4850E-01  8.4887E-01  8.4916E-01  8.4939E-01  8.4956E-01  8.4969E-01  8.4977E-01  8.4981E-01  8.4982E-01  8.4981E-01  8.4977E-01  8.4971E-01  8.4963E-01  8.4954E-01  8.4944E-01  8.4932E-01  8.4920E-01  8.4907E-01  8.4894E-01  8.4881E-01
  1.6120E-02  1.9500E-02  2.3601E-02  2.8587E-02  3.4656E-02  4.2060E-02  5.1108E-02  6.2194E-02  7.5792E-02  9.2481E-02  1.1292E-01  1.3781E-01  1.6778E-01  2.0316E-01  2.4374E-01  2.8861E-01  3.3630E-01  3.8526E-01  4.3460E-01  4.8384E-01  5.3210E-01  5.7745E-01  6.1790E-01  6.5251E-01  6.8168E-01  7.0629E-01  7.2724E-01  7.4514E-01  7.6032E-01  7.7323E-01  7.8427E-01  7.9370E-01  8.0177E-01  8.0869E-01  8.1463E-01  8.1976E-01  8.2418E-01  8.2800E-01  8.3131E-01  8.3418E-01  8.3859E-01  8.4058E-01  8.4229E-01  8.4378E-01  8.4505E-01  8.4614E-01  8.4707E-01  8.4787E-01  8.4853E-01  8.4909E-01  8.4956E-01  8.4994E-01  8.5024E-01  8.5048E-01  8.5067E-01  8.5080E-01  8.5089E-01  8.5094E-01  8.5096E-01  8.5096E-01  8.5092E-01  8.5087E-01  8.5080E-01  8.5071E-01  8.5061E-01  8.5050E-01  8.5039E-01  8.5026E-01  8.5013E-01  8.5000E-01
  1.5545E-02  1.8801E-02  2.2750E-02  2.7551E-02  3.3392E-02  4.0515E-02  4.9219E-02  5.9884E-02  7.2970E-02  8.9048E-02  1.0878E-01  1.3288E-01  1.6205E-01  1.9670E-01  2.3678E-01  2.8149E-01  3.2934E-01  3.7868E-01  4.2841E-01  4.7806E-01  5.2687E-01  5.7303E-01  6.1437E-01  6.4975E-01  6.7947E-01  7.0447E-01  7.2573E-01  7.4395E-01  7.5941E-01  7.7255E-01  7.8380E-01  7.9341E-01  8.0164E-01  8.0870E-01  8.1477E-01  8.2000E-01  8.2451E-01  8.2841E-01  8.3175E-01  8.3472E-01  8.3921E-01  8.4124E-01  8.4299E-01  8.4450E-01  8.4581E-01  8.4692E-01  8.4788E-01  8.4869E-01  8.4938E-01  8.4995E-01  8.5043E-01  8.5083E-01  8.5114E-01  8.5140E-01  8.5159E-01  8.5173E-01  8.5183E-01  8.5189E-01  8.5192E-01  8.5192E-01  8.5189E-01  8.5184E-01  8.5178E-01  8.5170E-01  8.5160E-01  8.5150E-01  8.5138E-01  8.5126E-01  8.5114E-01  8.5101E-01
  1.4996E-02  1.8134E-02  2.1939E-02  2.6562E-02  3.2185E-02  3.9040E-02  4.7414E-02  5.7673E-02  7.0263E-02  8.5744E-02  1.0477E-01  1.2808E-01  1.5640E-01  1.9027E-01  2.2976E-01  2.7421E-01  3.2217E-01  3.7186E-01  4.2199E-01  4.7204E-01  5.2136E-01  5.6829E-01  6.1058E-01  6.4681E-01  6.7716E-01  7.0259E-01  7.2420E-01  7.4274E-01  7.5852E-01  7.7191E-01  7.8336E-01  7.9318E-01  8.0157E-01  8.0877E-01  8.1496E-01  8.2030E-01  8.2491E-01  8.2890E-01  8.3235E-01  8.3534E-01  8.3991E-01  8.4198E-01  8.4377E-01  8.4532E-01  8.4665E-01  8.4780E-01  8.4878E-01  8.4961E-01  8.5032E-01  8.5091E-01  8.5141E-01  8.5181E-01  8.5214E-01  8.5241E-01  8.5261E-01  8.5277E-01  8.5288E-01  8.5294E-01  8.5298E-01  8.5298E-01  8.5296E-01  8.5292E-01  8.5286E-01  8.5279E-01  8.5270E-01  8.5260E-01  8.5249E-01  8.5237E-01  8.5225E-01  8.5212E-01
  1.4469E-02  1.7494E-02  2.1160E-02  2.5613E-02  3.1027E-02  3.7625E-02  4.5682E-02  5.5551E-02  6.7662E-02  8.2560E-02  1.0089E-01  1.2341E-01  1.5087E-01  1.8391E-01  2.2273E-01  2.6682E-01  3.1481E-01  3.6483E-01  4.1537E-01  4.6580E-01  5.1557E-01  5.6323E-01  6.0647E-01  6.4359E-01  6.7462E-01  7.0053E-01  7.2249E-01  7.4136E-01  7.5747E-01  7.7111E-01  7.8279E-01  7.9280E-01  8.0136E-01  8.0871E-01  8.1503E-01  8.2048E-01  8.2518E-01  8.2925E-01  8.3278E-01  8.3583E-01  8.3847E-01  8.4261E-01  8.4444E-01  8.4602E-01  8.4739E-01  8.4856E-01  8.4956E-01  8.5042E-01  8.5114E-01  8.5175E-01  8.5227E-01  8.5269E-01  8.5303E-01  8.5331E-01  8.5352E-01  8.5369E-01  8.5380E-01  8.5388E-01  8.5392E-01  8.5394E-01  8.5392E-01  8.5389E-01  8.5383E-01  8.5376E-01  8.5368E-01  8.5358E-01  8.5348E-01  8.5336E-01  8.5324E-01  8.5312E-01
  1.3964E-02  1.6880E-02  2.0414E-02  2.4704E-02  2.9918E-02  3.6269E-02  4.4022E-02  5.3515E-02  6.5165E-02  7.9499E-02  9.7159E-02  1.1889E-01  1.4549E-01  1.7765E-01  2.1573E-01  2.5938E-01  3.0733E-01  3.5765E-01  4.0862E-01  4.5941E-01  5.0958E-01  5.5789E-01  6.0204E-01  6.4010E-01  6.7185E-01  6.9827E-01  7.2058E-01  7.3979E-01  7.5623E-01  7.7015E-01  7.8204E-01  7.9225E-01  8.0098E-01  8.0847E-01  8.1493E-01  8.2049E-01  8.2529E-01  8.2945E-01  8.3304E-01  8.3616E-01  8.3886E-01  8.4307E-01  8.4494E-01  8.4656E-01  8.4796E-01  8.4916E-01  8.5019E-01  8.5106E-01  8.5181E-01  8.5244E-01  8.5296E-01  8.5340E-01  8.5376E-01  8.5405E-01  8.5427E-01  8.5444E-01  8.5457E-01  8.5466E-01  8.5471E-01  8.5472E-01  8.5472E-01  8.5469E-01  8.5464E-01  8.5457E-01  8.5449E-01  8.5440E-01  8.5430E-01  8.5419E-01  8.5407E-01  8.5395E-01
  1.3486E-02  1.6300E-02  1.9708E-02  2.3843E-02  2.8867E-02  3.4985E-02  4.2448E-02  5.1583E-02  6.2791E-02  7.6586E-02  9.3583E-02  1.1454E-01  1.4027E-01  1.7153E-01  2.0879E-01  2.5190E-01  2.9971E-01  3.5030E-01  4.0171E-01  4.5291E-01  5.0347E-01  5.5238E-01  5.9745E-01  6.3650E-01  6.6906E-01  6.9605E-01  7.1876E-01  7.3831E-01  7.5510E-01  7.6932E-01  7.8144E-01  7.9186E-01  8.0077E-01  8.0842E-01  8.1501E-01  8.2068E-01  8.2559E-01  8.2984E-01  8.3352E-01  8.3671E-01  8.3947E-01  8.4375E-01  8.4567E-01  8.4733E-01  8.4876E-01  8.4999E-01  8.5104E-01  8.5194E-01  8.5271E-01  8.5336E-01  8.5390E-01  8.5435E-01  8.5473E-01  8.5503E-01  8.5526E-01  8.5545E-01  8.5558E-01  8.5568E-01  8.5574E-01  8.5576E-01  8.5576E-01  8.5574E-01  8.5570E-01  8.5563E-01  8.5556E-01  8.5547E-01  8.5537E-01  8.5527E-01  8.5516E-01  8.5504E-01
  1.3034E-02  1.5751E-02  1.9040E-02  2.3030E-02  2.7875E-02  3.3770E-02  4.0958E-02  4.9752E-02  6.0538E-02  7.3812E-02  9.0170E-02  1.1037E-01  1.3522E-01  1.6555E-01  2.0195E-01  2.4442E-01  2.9201E-01  3.4281E-01  3.9469E-01  4.4633E-01  4.9727E-01  5.4674E-01  5.9270E-01  6.3279E-01  6.6623E-01  6.9385E-01  7.1700E-01  7.3689E-01  7.5405E-01  7.6860E-01  7.8097E-01  7.9159E-01  8.0070E-01  8.0850E-01  8.1524E-01  8.2103E-01  8.2605E-01  8.3039E-01  8.3415E-01  8.3742E-01  8.4234E-01  8.4461E-01  8.4657E-01  8.4827E-01  8.4974E-01  8.5100E-01  8.5209E-01  8.5302E-01  8.5381E-01  8.5447E-01  8.5504E-01  8.5551E-01  8.5589E-01  8.5621E-01  8.5646E-01  8.5666E-01  8.5680E-01  8.5691E-01  8.5697E-01  8.5701E-01  8.5702E-01  8.5700E-01  8.5696E-01  8.5691E-01  8.5684E-01  8.5676E-01  8.5667E-01  8.5656E-01  8.5646E-01  8.5634E-01
  1.2620E-02  1.5247E-02  1.8427E-02  2.2281E-02  2.6958E-02  3.2646E-02  3.9576E-02  4.8049E-02  5.8434E-02  7.1209E-02  8.6965E-02  1.0643E-01  1.3040E-01  1.5979E-01  1.9527E-01  2.3703E-01  2.8433E-01  3.3532E-01  3.8775E-01  4.3997E-01  4.9139E-01  5.4141E-01  5.8826E-01  6.2946E-01  6.6389E-01  6.9224E-01  7.1588E-01  7.3613E-01  7.5368E-01  7.6858E-01  7.8120E-01  7.9205E-01  8.0137E-01  8.0934E-01  8.1623E-01  8.2216E-01  8.2729E-01  8.3173E-01  8.3559E-01  8.3893E-01  8.4183E-01  8.4628E-01  8.4830E-01  8.5004E-01  8.5155E-01  8.5286E-01  8.5397E-01  8.5493E-01  8.5575E-01  8.5645E-01  8.5703E-01  8.5752E-01  8.5793E-01  8.5826E-01  8.5853E-01  8.5874E-01  8.5890E-01  8.5902E-01  8.5910E-01  8.5915E-01  8.5917E-01  8.5916E-01  8.5913E-01  8.5909E-01  8.5903E-01  8.5895E-01  8.5887E-01  8.5877E-01  8.5867E-01  8.5857E-01
  1.2241E-02  1.4786E-02  1.7864E-02  2.1593E-02  2.6116E-02  3.1611E-02  3.8300E-02  4.6472E-02  5.6478E-02  6.8780E-02  8.3948E-02  1.0269E-01  1.2585E-01  1.5432E-01  1.8890E-01  2.2975E-01  2.7666E-01  3.2780E-01  3.8081E-01  4.3374E-01  4.8572E-01  5.3630E-01  5.8401E-01  6.2635E-01  6.6186E-01  6.9101E-01  7.1521E-01  7.3584E-01  7.5378E-01  7.6905E-01  7.8196E-01  7.9305E-01  8.0259E-01  8.1074E-01  8.1778E-01  8.2385E-01  8.2911E-01  8.3366E-01  8.3761E-01  8.4104E-01  8.4614E-01  8.4854E-01  8.5062E-01  8.5242E-01  8.5398E-01  8.5532E-01  8.5648E-01  8.5747E-01  8.5832E-01  8.5904E-01  8.5966E-01  8.6017E-01  8.6060E-01  8.6096E-01  8.6124E-01  8.6147E-01  8.6165E-01  8.6179E-01  8.6188E-01  8.6194E-01  8.6197E-01  8.6198E-01  8.6196E-01  8.6193E-01  8.6188E-01  8.6181E-01  8.6174E-01  8.6165E-01  8.6156E-01  8.6146E-01
  1.1881E-02  1.4348E-02  1.7331E-02  2.0942E-02  2.5319E-02  3.0632E-02  3.7095E-02  4.4982E-02  5.4629E-02  6.6479E-02  8.1081E-02  9.9123E-02  1.2143E-01  1.4893E-01  1.8246E-01  2.2256E-01  2.6892E-01  3.2005E-01  3.7353E-01  4.2713E-01  4.7969E-01  5.3079E-01  5.7926E-01  6.2269E-01  6.5931E-01  6.8933E-01  7.1413E-01  7.3518E-01  7.5348E-01  7.6917E-01  7.8238E-01  7.9370E-01  8.0346E-01  8.1179E-01  8.1900E-01  8.2521E-01  8.3059E-01  8.3525E-01  8.3930E-01  8.4281E-01  8.4587E-01  8.5048E-01  8.5262E-01  8.5447E-01  8.5608E-01  8.5746E-01  8.5866E-01  8.5969E-01  8.6057E-01  8.6132E-01  8.6196E-01  8.6250E-01  8.6295E-01  8.6333E-01  8.6363E-01  8.6388E-01  8.6407E-01  8.6422E-01  8.6433E-01  8.6441E-01  8.6445E-01  8.6447E-01  8.6446E-01  8.6444E-01  8.6440E-01  8.6434E-01  8.6427E-01  8.6420E-01  8.6411E-01  8.6402E-01
  1.1539E-02  1.3932E-02  1.6824E-02  2.0324E-02  2.4563E-02  2.9705E-02  3.5955E-02  4.3574E-02  5.2885E-02  6.4310E-02  7.8379E-02  9.5759E-02  1.1727E-01  1.4382E-01  1.7634E-01  2.1548E-01  2.6116E-01  3.1209E-01  3.6593E-01  4.2018E-01  4.7334E-01  5.2495E-01  5.7409E-01  6.1855E-01  6.5632E-01  6.8728E-01  7.1274E-01  7.3424E-01  7.5291E-01  7.6901E-01  7.8255E-01  7.9411E-01  8.0409E-01  8.1262E-01  8.1998E-01  8.2634E-01  8.3185E-01  8.3662E-01  8.4077E-01  8.4437E-01  8.4751E-01  8.5220E-01  8.5440E-01  8.5631E-01  8.5796E-01  8.5939E-01  8.6062E-01  8.6169E-01  8.6260E-01  8.6338E-01  8.6405E-01  8.6461E-01  8.6508E-01  8.6548E-01  8.6581E-01  8.6607E-01  8.6628E-01  8.6644E-01  8.6657E-01  8.6665E-01  8.6671E-01  8.6674E-01  8.6674E-01  8.6673E-01  8.6670E-01  8.6665E-01  8.6659E-01  8.6652E-01  8.6644E-01  8.6635E-01
  1.1205E-02  1.3527E-02  1.6332E-02  1.9725E-02  2.3832E-02  2.8812E-02  3.4859E-02  4.2224E-02  5.1217E-02  6.2241E-02  7.5804E-02  9.2552E-02  1.1328E-01  1.3890E-01  1.7038E-01  2.0847E-01  2.5329E-01  3.0380E-01  3.5775E-01  4.1251E-01  4.6625E-01  5.1834E-01  5.6811E-01  6.1356E-01  6.5251E-01  6.8450E-01  7.1072E-01  7.3272E-01  7.5178E-01  7.6831E-01  7.8222E-01  7.9405E-01  8.0426E-01  8.1301E-01  8.2053E-01  8.2705E-01  8.3268E-01  8.3757E-01  8.4182E-01  8.4552E-01  8.4873E-01  8.5352E-01  8.5578E-01  8.5774E-01  8.5944E-01  8.6091E-01  8.6218E-01  8.6328E-01  8.6422E-01  8.6503E-01  8.6572E-01  8.6631E-01  8.6681E-01  8.6722E-01  8.6756E-01  8.6784E-01  8.6807E-01  8.6825E-01  8.6838E-01  8.6848E-01  8.6855E-01  8.6859E-01  8.6860E-01  8.6859E-01  8.6857E-01  8.6853E-01  8.6848E-01  8.6841E-01  8.6834E-01  8.6826E-01
  1.0871E-02  1.3122E-02  1.5842E-02  1.9131E-02  2.3110E-02  2.7932E-02  3.3784E-02  4.0907E-02  4.9596E-02  6.0240E-02  7.3322E-02  8.9465E-02  1.0944E-01  1.3414E-01  1.6456E-01  2.0152E-01  2.4531E-01  2.9512E-01  3.4889E-01  4.0393E-01  4.5813E-01  5.1067E-01  5.6101E-01  6.0742E-01  6.4760E-01  6.8072E-01  7.0780E-01  7.3042E-01  7.4991E-01  7.6688E-01  7.8121E-01  7.9334E-01  8.0380E-01  8.1278E-01  8.2049E-01  8.2718E-01  8.3295E-01  8.3796E-01  8.4232E-01  8.4610E-01  8.4940E-01  8.5226E-01  8.5660E-01  8.5861E-01  8.6036E-01  8.6187E-01  8.6318E-01  8.6431E-01  8.6529E-01  8.6612E-01  8.6684E-01  8.6745E-01  8.6796E-01  8.6839E-01  8.6875E-01  8.6905E-01  8.6929E-01  8.6948E-01  8.6962E-01  8.6973E-01  8.6981E-01  8.6985E-01  8.6988E-01  8.6988E-01  8.6986E-01  8.6982E-01  8.6978E-01  8.6972E-01  8.6965E-01  8.6957E-01
  1.0541E-02  1.2724E-02  1.5360E-02  1.8547E-02  2.2402E-02  2.7072E-02  3.2736E-02  3.9625E-02  4.8024E-02  5.8302E-02  7.0926E-02  8.6489E-02  1.0574E-01  1.2955E-01  1.5892E-01  1.9472E-01  2.3738E-01  2.8634E-01  3.3973E-01  3.9489E-01  4.4948E-01  5.0244E-01  5.5332E-01  6.0062E-01  6.4204E-01  6.7637E-01  7.0440E-01  7.2768E-01  7.4765E-01  7.6506E-01  7.7984E-01  7.9231E-01  8.0303E-01  8.1226E-01  8.2017E-01  8.2702E-01  8.3294E-01  8.3808E-01  8.4254E-01  8.4642E-01  8.4980E-01  8.5274E-01  8.5716E-01  8.5923E-01  8.6102E-01  8.6258E-01  8.6393E-01  8.6509E-01  8.6609E-01  8.6696E-01  8.6769E-01  8.6832E-01  8.6886E-01  8.6931E-01  8.6968E-01  8.6999E-01  8.7024E-01  8.7044E-01  8.7060E-01  8.7072E-01  8.7080E-01  8.7085E-01  8.7088E-01  8.7089E-01  8.7088E-01  8.7085E-01  8.7081E-01  8.7075E-01  8.7069E-01  8.7061E-01
  1.0217E-02  1.2332E-02  1.4886E-02  1.7974E-02  2.1707E-02  2.6229E-02  3.1711E-02  3.8376E-02  4.6495E-02  5.6424E-02  6.8608E-02  8.3617E-02  1.0217E-01  1.2512E-01  1.5344E-01  1.8807E-01  2.2953E-01  2.7748E-01  3.3030E-01  3.8540E-01  4.4026E-01  4.9361E-01  5.4499E-01  5.9315E-01  6.3580E-01  6.7140E-01  7.0047E-01  7.2450E-01  7.4499E-01  7.6286E-01  7.7812E-01  7.9096E-01  8.0196E-01  8.1146E-01  8.1958E-01  8.2661E-01  8.3268E-01  8.3795E-01  8.4253E-01  8.4651E-01  8.4998E-01  8.5299E-01  8.5750E-01  8.5962E-01  8.6147E-01  8.6306E-01  8.6445E-01  8.6565E-01  8.6668E-01  8.6757E-01  8.6833E-01  8.6898E-01  8.6953E-01  8.7000E-01  8.7038E-01  8.7071E-01  8.7097E-01  8.7118E-01  8.7135E-01  8.7148E-01  8.7157E-01  8.7163E-01  8.7167E-01  8.7168E-01  8.7167E-01  8.7165E-01  8.7161E-01  8.7156E-01  8.7150E-01  8.7143E-01
  9.8847E-03  1.1931E-02  1.4402E-02  1.7388E-02  2.0999E-02  2.5370E-02  3.0669E-02  3.7108E-02  4.4949E-02  5.4532E-02  6.6285E-02  8.0756E-02  9.8636E-02  1.2076E-01  1.4810E-01  1.8160E-01  2.2191E-01  2.6887E-01  3.2106E-01  3.7600E-01  4.3104E-01  4.8465E-01  5.3638E-01  5.8519E-01  6.2889E-01  6.6567E-01  6.9570E-01  7.2044E-01  7.4142E-01  7.5969E-01  7.7540E-01  7.8858E-01  7.9986E-01  8.0959E-01  8.1792E-01  8.2512E-01  8.3134E-01  8.3674E-01  8.4142E-01  8.4550E-01  8.4904E-01  8.5213E-01  8.5673E-01  8.5890E-01  8.6079E-01  8.6243E-01  8.6384E-01  8.6507E-01  8.6613E-01  8.6704E-01  8.6782E-01  8.6849E-01  8.6905E-01  8.6953E-01  8.6993E-01  8.7026E-01  8.7054E-01  8.7075E-01  8.7093E-01  8.7106E-01  8.7116E-01  8.7122E-01  8.7126E-01  8.7127E-01  8.7127E-01  8.7125E-01  8.7121E-01  8.7116E-01  8.7110E-01  8.7103E-01
  9.5259E-03  1.1497E-02  1.3877E-02  1.6754E-02  2.0231E-02  2.4439E-02  2.9540E-02  3.5737E-02  4.3283E-02  5.2504E-02  6.3813E-02  7.7741E-02  9.4965E-02  1.1631E-01  1.4274E-01  1.7526E-01  2.1462E-01  2.6079E-01  3.1256E-01  3.6746E-01  4.2264E-01  4.7634E-01  5.2807E-01  5.7707E-01  6.2136E-01  6.5889E-01  6.8955E-01  7.1473E-01  7.3598E-01  7.5436E-01  7.7048E-01  7.8390E-01  7.9534E-01  8.0524E-01  8.1373E-01  8.2104E-01  8.2739E-01  8.3288E-01  8.3766E-01  8.4180E-01  8.4541E-01  8.4856E-01  8.5128E-01  8.5244E-01  8.5739E-01  8.5905E-01  8.6049E-01  8.6173E-01  8.6280E-01  8.6372E-01  8.6451E-01  8.6518E-01  8.6575E-01  8.6623E-01  8.6664E-01  8.6697E-01  8.6724E-01  8.6745E-01  8.6762E-01  8.6775E-01  8.6784E-01  8.6791E-01  8.6794E-01  8.6795E-01  8.6794E-01  8.6791E-01  8.6787E-01  8.6781E-01  8.6775E-01  8.6767E-01
  9.1844E-03  1.1084E-02  1.3377E-02  1.6148E-02  1.9496E-02  2.3548E-02  2.8457E-02  3.4419E-02  4.1677E-02  5.0544E-02  6.1419E-02  7.4817E-02  9.1397E-02  1.1198E-01  1.3753E-01  1.6909E-01  2.0751E-01  2.5294E-01  3.0434E-01  3.5929E-01  4.1475E-01  4.6861E-01  5.2032E-01  5.6940E-01  6.1415E-01  6.5237E-01  6.8361E-01  7.0919E-01  7.3066E-01  7.4939E-01  7.6564E-01  7.7928E-01  7.9087E-01  8.0093E-01  8.0960E-01  8.1699E-01  8.2345E-01  8.2903E-01  8.3390E-01  8.3813E-01  8.4181E-01  8.4501E-01  8.4771E-01  8.4600E-01  8.5401E-01  8.5570E-01  8.5716E-01  8.5842E-01  8.5950E-01  8.6044E-01  8.6123E-01  8.6191E-01  8.6248E-01  8.6297E-01  8.6337E-01  8.6370E-01  8.6397E-01  8.6418E-01  8.6435E-01  8.6447E-01  8.6456E-01  8.6462E-01  8.6465E-01  8.6466E-01  8.6464E-01  8.6461E-01  8.6456E-01  8.6450E-01  8.6443E-01  8.6435E-01
  8.8970E-03  1.0736E-02  1.2955E-02  1.5635E-02  1.8872E-02  2.2787E-02  2.7528E-02  3.3283E-02  4.0281E-02  4.8827E-02  5.9300E-02  7.2198E-02  8.8160E-02  1.0799E-01  1.3266E-01  1.6324E-01  2.0069E-01  2.4534E-01  2.9638E-01  3.5150E-01  4.0749E-01  4.6183E-01  5.1375E-01  5.6301E-01  6.0826E-01  6.4728E-01  6.7924E-01  7.0536E-01  7.2719E-01  7.4610E-01  7.6263E-01  7.7655E-01  7.8833E-01  7.9856E-01  8.0734E-01  8.1490E-01  8.2149E-01  8.2720E-01  8.3217E-01  8.3648E-01  8.4024E-01  8.4351E-01  8.4631E-01  8.4851E-01  8.5271E-01  8.5444E-01  8.5593E-01  8.5722E-01  8.5832E-01  8.5928E-01  8.6009E-01  8.6078E-01  8.6137E-01  8.6187E-01  8.6228E-01  8.6262E-01  8.6289E-01  8.6311E-01  8.6328E-01  8.6341E-01  8.6351E-01  8.6357E-01  8.6360E-01  8.6361E-01  8.6359E-01  8.6356E-01  8.6351E-01  8.6346E-01  8.6338E-01  8.6331E-01
  8.6349E-03  1.0418E-02  1.2569E-02  1.5167E-02  1.8303E-02  2.2093E-02  2.6680E-02  3.2243E-02  3.9004E-02  4.7250E-02  5.7348E-02  6.9774E-02  8.5146E-02  1.0425E-01  1.2804E-01  1.5764E-01  1.9406E-01  2.3782E-01  2.8835E-01  3.4354E-01  4.0007E-01  4.5502E-01  5.0729E-01  5.5677E-01  6.0250E-01  6.4236E-01  6.7517E-01  7.0191E-01  7.2415E-01  7.4332E-01  7.6014E-01  7.7438E-01  7.8635E-01  7.9674E-01  8.0573E-01  8.1344E-01  8.2016E-01  8.2600E-01  8.3108E-01  8.3549E-01  8.3934E-01  8.4268E-01  8.4551E-01  8.4798E-01  8.4862E-01  8.5386E-01  8.5539E-01  8.5671E-01  8.5785E-01  8.5882E-01  8.5966E-01  8.6037E-01  8.6098E-01  8.6149E-01  8.6191E-01  8.6226E-01  8.6255E-01  8.6278E-01  8.6296E-01  8.6309E-01  8.6319E-01  8.6326E-01  8.6329E-01  8.6331E-01  8.6330E-01  8.6327E-01  8.6322E-01  8.6317E-01  8.6310E-01  8.6302E-01
  8.3901E-03  1.0122E-02  1.2210E-02  1.4730E-02  1.7771E-02  2.1446E-02  2.5888E-02  3.1273E-02  3.7810E-02  4.5775E-02  5.5519E-02  6.7498E-02  8.2307E-02  1.0071E-01  1.2365E-01  1.5226E-01  1.8762E-01  2.3043E-01  2.8035E-01  3.3550E-01  3.9253E-01  4.4817E-01  5.0089E-01  5.5060E-01  5.9675E-01  6.3743E-01  6.7115E-01  6.9855E-01  7.2125E-01  7.4069E-01  7.5779E-01  7.7237E-01  7.8458E-01  7.9513E-01  8.0432E-01  8.1218E-01  8.1905E-01  8.2502E-01  8.3021E-01  8.3473E-01  8.3867E-01  8.4209E-01  8.4507E-01  8.4709E-01  8.4596E-01  8.5353E-01  8.5510E-01  8.5646E-01  8.5762E-01  8.5863E-01  8.5949E-01  8.6022E-01  8.6084E-01  8.6137E-01  8.6181E-01  8.6217E-01  8.6247E-01  8.6271E-01  8.6290E-01  8.6305E-01  8.6315E-01  8.6322E-01  8.6327E-01  8.6328E-01  8.6328E-01  8.6325E-01  8.6321E-01  8.6316E-01  8.6309E-01  8.6302E-01
  8.1593E-03  9.8421E-03  1.1871E-02  1.4318E-02  1.7271E-02  2.0836E-02  2.5143E-02  3.0360E-02  3.6686E-02  4.4387E-02  5.3796E-02  6.5351E-02  7.9622E-02  9.7347E-02  1.1946E-01  1.4709E-01  1.8139E-01  2.2319E-01  2.7240E-01  3.2740E-01  3.8488E-01  4.4125E-01  4.9453E-01  5.4450E-01  5.9100E-01  6.3240E-01  6.6703E-01  6.9516E-01  7.1837E-01  7.3811E-01  7.5546E-01  7.7039E-01  7.8284E-01  7.9357E-01  8.0295E-01  8.1099E-01  8.1800E-01  8.2411E-01  8.2942E-01  8.3402E-01  8.3808E-01  8.4159E-01  8.4463E-01  8.4717E-01  8.4668E-01  8.5329E-01  8.5490E-01  8.5630E-01  8.5750E-01  8.5853E-01  8.5941E-01  8.6017E-01  8.6081E-01  8.6136E-01  8.6181E-01  8.6219E-01  8.6250E-01  8.6275E-01  8.6295E-01  8.6310E-01  8.6322E-01  8.6330E-01  8.6335E-01  8.6337E-01  8.6337E-01  8.6335E-01  8.6331E-01  8.6326E-01  8.6320E-01  8.6313E-01
  7.9406E-03  9.5772E-03  1.1550E-02  1.3929E-02  1.6797E-02  2.0259E-02  2.4439E-02  2.9497E-02  3.5625E-02  4.3076E-02  5.2167E-02  6.3319E-02  7.7077E-02  9.4154E-02  1.1547E-01  1.4213E-01  1.7536E-01  2.1611E-01  2.6453E-01  3.1927E-01  3.7713E-01  4.3427E-01  4.8819E-01  5.3846E-01  5.8522E-01  6.2725E-01  6.6280E-01  6.9170E-01  7.1545E-01  7.3552E-01  7.5310E-01  7.6838E-01  7.8109E-01  7.9200E-01  8.0157E-01  8.0979E-01  8.1695E-01  8.2320E-01  8.2863E-01  8.3337E-01  8.3750E-01  8.4110E-01  8.4421E-01  8.4687E-01  8.4844E-01  8.5308E-01  8.5473E-01  8.5616E-01  8.5740E-01  8.5846E-01  8.5937E-01  8.6015E-01  8.6081E-01  8.6138E-01  8.6185E-01  8.6224E-01  8.6256E-01  8.6283E-01  8.6304E-01  8.6320E-01  8.6332E-01  8.6341E-01  8.6346E-01  8.6349E-01  8.6350E-01  8.6348E-01  8.6345E-01  8.6341E-01  8.6335E-01  8.6328E-01
  7.7341E-03  9.3272E-03  1.1247E-02  1.3561E-02  1.6350E-02  1.9714E-02  2.3774E-02  2.8682E-02  3.4622E-02  4.1836E-02  5.0628E-02  6.1396E-02  7.4664E-02  9.1119E-02  1.1165E-01  1.3738E-01  1.6955E-01  2.0922E-01  2.5680E-01  3.1119E-01  3.6938E-01  4.2729E-01  4.8195E-01  5.3257E-01  5.7951E-01  6.2204E-01  6.5844E-01  6.8815E-01  7.1247E-01  7.3290E-01  7.5068E-01  7.6627E-01  7.7928E-01  7.9037E-01  8.0011E-01  8.0854E-01  8.1583E-01  8.2223E-01  8.2779E-01  8.3265E-01  8.3688E-01  8.4056E-01  8.4378E-01  8.4654E-01  8.4679E-01  8.5282E-01  8.5452E-01  8.5599E-01  8.5726E-01  8.5836E-01  8.5930E-01  8.6010E-01  8.6079E-01  8.6137E-01  8.6185E-01  8.6226E-01  8.6260E-01  8.6288E-01  8.6310E-01  8.6327E-01  8.6340E-01  8.6349E-01  8.6356E-01  8.6359E-01  8.6360E-01  8.6359E-01  8.6357E-01  8.6352E-01  8.6347E-01  8.6340E-01
  7.5574E-03  9.1132E-03  1.0987E-02  1.3245E-02  1.5966E-02  1.9246E-02  2.3200E-02  2.7976E-02  3.3750E-02  4.0753E-02  4.9273E-02  5.9690E-02  7.2504E-02  8.8374E-02  1.0817E-01  1.3299E-01  1.6411E-01  2.0271E-01  2.4941E-01  3.0344E-01  3.6199E-01  4.2083E-01  4.7644E-01  5.2757E-01  5.7468E-01  6.1756E-01  6.5474E-01  6.8530E-01  7.1024E-01  7.3106E-01  7.4905E-01  7.6490E-01  7.7822E-01  7.8948E-01  7.9939E-01  8.0802E-01  8.1546E-01  8.2201E-01  8.2772E-01  8.3269E-01  8.3703E-01  8.4081E-01  8.4411E-01  8.4683E-01  8.4908E-01  8.5336E-01  8.5511E-01  8.5662E-01  8.5793E-01  8.5906E-01  8.6003E-01  8.6086E-01  8.6158E-01  8.6218E-01  8.6269E-01  8.6312E-01  8.6347E-01  8.6376E-01  8.6400E-01  8.6418E-01  8.6433E-01  8.6443E-01  8.6450E-01  8.6455E-01  8.6457E-01  8.6457E-01  8.6455E-01  8.6451E-01  8.6446E-01  8.6440E-01
  7.3984E-03  8.9207E-03  1.0754E-02  1.2962E-02  1.5622E-02  1.8825E-02  2.2686E-02  2.7343E-02  3.2968E-02  3.9780E-02  4.8052E-02  5.8146E-02  7.0537E-02  8.5853E-02  1.0493E-01  1.2885E-01  1.5890E-01  1.9638E-01  2.4210E-01  2.9564E-01  3.5447E-01  4.1430E-01  4.7110E-01  5.2303E-01  5.7043E-01  6.1360E-01  6.5151E-01  6.8300E-01  7.0866E-01  7.2996E-01  7.4817E-01  7.6428E-01  7.7793E-01  7.8938E-01  7.9945E-01  8.0828E-01  8.1589E-01  8.2260E-01  8.2845E-01  8.3356E-01  8.3801E-01  8.4189E-01  8.4527E-01  8.4817E-01  8.5065E-01  8.4646E-01  8.5653E-01  8.5810E-01  8.5945E-01  8.6062E-01  8.6162E-01  8.6249E-01  8.6323E-01  8.6386E-01  8.6439E-01  8.6484E-01  8.6522E-01  8.6553E-01  8.6578E-01  8.6598E-01  8.6614E-01  8.6626E-01  8.6634E-01  8.6640E-01  8.6643E-01  8.6644E-01  8.6643E-01  8.6640E-01  8.6636E-01  8.6631E-01
  7.2332E-03  8.7210E-03  1.0512E-02  1.2670E-02  1.5267E-02  1.8395E-02  2.2162E-02  2.6704E-02  3.2183E-02  3.8810E-02  4.6845E-02  5.6631E-02  6.8618E-02  8.3401E-02  1.0178E-01  1.2480E-01  1.5376E-01  1.9000E-01  2.3455E-01  2.8733E-01  3.4616E-01  4.0682E-01  4.6488E-01  5.1788E-01  5.6585E-01  6.0941E-01  6.4803E-01  6.8052E-01  7.0703E-01  7.2893E-01  7.4747E-01  7.6383E-01  7.7785E-01  7.8952E-01  7.9976E-01  8.0879E-01  8.1657E-01  8.2346E-01  8.2945E-01  8.3469E-01  8.3926E-01  8.4324E-01  8.4671E-01  8.4972E-01  8.5206E-01  8.5248E-01  8.5824E-01  8.5985E-01  8.6125E-01  8.6245E-01  8.6349E-01  8.6439E-01  8.6516E-01  8.6582E-01  8.6638E-01  8.6685E-01  8.6725E-01  8.6758E-01  8.6785E-01  8.6806E-01  8.6824E-01  8.6837E-01  8.6847E-01  8.6854E-01  8.6858E-01  8.6860E-01  8.6860E-01  8.6858E-01  8.6855E-01  8.6850E-01
  7.0617E-03  8.5140E-03  1.0262E-02  1.2368E-02  1.4902E-02  1.7954E-02  2.1626E-02  2.6052E-02  3.1386E-02  3.7831E-02  4.5636E-02  5.5125E-02  6.6725E-02  8.0999E-02  9.8709E-02  1.2086E-01  1.4873E-01  1.8371E-01  2.2698E-01  2.7879E-01  3.3736E-01  3.9865E-01  4.5792E-01  5.1211E-01  5.6083E-01  6.0483E-01  6.4410E-01  6.7757E-01  7.0500E-01  7.2757E-01  7.4652E-01  7.6312E-01  7.7751E-01  7.8945E-01  7.9985E-01  8.0907E-01  8.1705E-01  8.2408E-01  8.3024E-01  8.3561E-01  8.4030E-01  8.4439E-01  8.4794E-01  8.5101E-01  8.5309E-01  8.4972E-01  8.5974E-01  8.6140E-01  8.6284E-01  8.6408E-01  8.6516E-01  8.6609E-01  8.6689E-01  8.6757E-01  8.6815E-01  8.6865E-01  8.6906E-01  8.6941E-01  8.6970E-01  8.6993E-01  8.7012E-01  8.7027E-01  8.7038E-01  8.7046E-01  8.7051E-01  8.7054E-01  8.7054E-01  8.7053E-01  8.7051E-01  8.7047E-01
  6.8890E-03  8.3057E-03  1.0011E-02  1.2065E-02  1.4536E-02  1.7510E-02  2.1089E-02  2.5399E-02  3.0591E-02  3.6858E-02  4.4438E-02  5.3638E-02  6.4864E-02  7.8647E-02  9.5713E-02  1.1703E-01  1.4383E-01  1.7755E-01  2.1950E-01  2.7021E-01  3.2834E-01  3.9010E-01  4.5053E-01  5.0597E-01  5.5555E-01  6.0000E-01  6.3980E-01  6.7417E-01  7.0257E-01  7.2586E-01  7.4527E-01  7.6209E-01  7.7683E-01  7.8907E-01  7.9963E-01  8.0903E-01  8.1721E-01  8.2440E-01  8.3073E-01  8.3624E-01  8.4106E-01  8.4524E-01  8.4889E-01  8.5207E-01  8.5475E-01  8.4961E-01  8.6096E-01  8.6266E-01  8.6414E-01  8.6543E-01  8.6654E-01  8.6750E-01  8.6832E-01  8.6903E-01  8.6964E-01  8.7016E-01  8.7059E-01  8.7096E-01  8.7126E-01  8.7151E-01  8.7171E-01  8.7187E-01  8.7199E-01  8.7208E-01  8.7214E-01  8.7218E-01  8.7220E-01  8.7219E-01  8.7218E-01  8.7215E-01
  6.7145E-03  8.0953E-03  9.7572E-03  1.1758E-02  1.4166E-02  1.7064E-02  2.0549E-02  2.4745E-02  2.9796E-02  3.5889E-02  4.3249E-02  5.2171E-02  6.3037E-02  7.6353E-02  9.2804E-02  1.1332E-01  1.3910E-01  1.7157E-01  2.1216E-01  2.6167E-01  3.1915E-01  3.8116E-01  4.4263E-01  4.9935E-01  5.4988E-01  5.9504E-01  6.3512E-01  6.7031E-01  6.9967E-01  7.2373E-01  7.4365E-01  7.6073E-01  7.7577E-01  7.8835E-01  7.9908E-01  8.0866E-01  8.1704E-01  8.2438E-01  8.3089E-01  8.3654E-01  8.4148E-01  8.4578E-01  8.4952E-01  8.5277E-01  8.5558E-01  8.5793E-01  8.5301E-01  8.6361E-01  8.6513E-01  8.6645E-01  8.6760E-01  8.6858E-01  8.6944E-01  8.7017E-01  8.7080E-01  8.7134E-01  8.7179E-01  8.7217E-01  8.7249E-01  8.7275E-01  8.7297E-01  8.7314E-01  8.7327E-01  8.7337E-01  8.7344E-01  8.7349E-01  8.7351E-01  8.7352E-01  8.7350E-01  8.7348E-01
  6.5413E-03  7.8865E-03  9.5056E-03  1.1455E-02  1.3800E-02  1.6622E-02  2.0015E-02  2.4098E-02  2.9012E-02  3.4934E-02  4.2081E-02  5.0733E-02  6.1253E-02  7.4119E-02  8.9981E-02  1.0972E-01  1.3450E-01  1.6574E-01  2.0495E-01  2.5317E-01  3.0986E-01  3.7193E-01  4.3442E-01  4.9238E-01  5.4399E-01  5.8956E-01  6.3024E-01  6.6615E-01  6.9646E-01  7.2136E-01  7.4186E-01  7.5921E-01  7.7452E-01  7.8746E-01  7.9837E-01  8.0811E-01  8.1672E-01  8.2421E-01  8.3089E-01  8.3670E-01  8.4178E-01  8.4618E-01  8.5002E-01  8.5335E-01  8.5626E-01  8.5866E-01  8.6263E-01  8.6443E-01  8.6599E-01  8.6735E-01  8.6853E-01  8.6955E-01  8.7043E-01  8.7119E-01  8.7184E-01  8.7239E-01  8.7287E-01  8.7327E-01  8.7360E-01  8.7388E-01  8.7410E-01  8.7428E-01  8.7443E-01  8.7454E-01  8.7462E-01  8.7467E-01  8.7470E-01  8.7471E-01  8.7471E-01  8.7469E-01
  6.3715E-03  7.6817E-03  9.2587E-03  1.1157E-02  1.3441E-02  1.6189E-02  1.9492E-02  2.3467E-02  2.8247E-02  3.4004E-02  4.0946E-02  4.9339E-02  5.9529E-02  7.1967E-02  8.7268E-02  1.0627E-01  1.3009E-01  1.6014E-01  1.9796E-01  2.4482E-01  3.0057E-01  3.6258E-01  4.2580E-01  4.8514E-01  5.3792E-01  5.8418E-01  6.2524E-01  6.6174E-01  6.9298E-01  7.1876E-01  7.3988E-01  7.5755E-01  7.7310E-01  7.8640E-01  7.9751E-01  8.0741E-01  8.1622E-01  8.2389E-01  8.3074E-01  8.3671E-01  8.4193E-01  8.4645E-01  8.5038E-01  8.5380E-01  8.5678E-01  8.6115E-01  8.6327E-01  8.6512E-01  8.6672E-01  8.6812E-01  8.6933E-01  8.7038E-01  8.7129E-01  8.7207E-01  8.7274E-01  8.7332E-01  8.7381E-01  8.7422E-01  8.7457E-01  8.7486E-01  8.7510E-01  8.7529E-01  8.7545E-01  8.7557E-01  8.7565E-01  8.7572E-01  8.7575E-01  8.7577E-01  8.7577E-01  8.7576E-01
  6.2032E-03  7.4789E-03  9.0143E-03  1.0863E-02  1.3086E-02  1.5761E-02  1.8976E-02  2.2843E-02  2.7492E-02  3.3088E-02  3.9830E-02  4.7974E-02  5.7846E-02  6.9874E-02  8.4641E-02  1.0294E-01  1.2584E-01  1.5472E-01  1.9117E-01  2.3660E-01  2.9127E-01  3.5295E-01  4.1688E-01  4.7752E-01  5.3155E-01  5.7860E-01  6.2006E-01  6.5706E-01  6.8917E-01  7.1585E-01  7.3767E-01  7.5571E-01  7.7146E-01  7.8513E-01  7.9645E-01  8.0651E-01  8.1553E-01  8.2338E-01  8.3040E-01  8.3654E-01  8.4190E-01  8.4655E-01  8.5057E-01  8.5407E-01  8.5710E-01  8.5955E-01  8.6375E-01  8.6564E-01  8.6729E-01  8.6872E-01  8.6997E-01  8.7105E-01  8.7198E-01  8.7279E-01  8.7348E-01  8.7408E-01  8.7459E-01  8.7502E-01  8.7538E-01  8.7568E-01  8.7593E-01  8.7614E-01  8.7630E-01  8.7643E-01  8.7653E-01  8.7659E-01  8.7664E-01  8.7666E-01  8.7667E-01  8.7666E-01
  6.0368E-03  7.2784E-03  8.7727E-03  1.0572E-02  1.2735E-02  1.5338E-02  1.8466E-02  2.2227E-02  2.6748E-02  3.2187E-02  3.8735E-02  4.6636E-02  5.6201E-02  6.7836E-02  8.2089E-02  9.9714E-02  1.2173E-01  1.4948E-01  1.8455E-01  2.2852E-01  2.8197E-01  3.4316E-01  4.0763E-01  4.6952E-01  5.2489E-01  5.7286E-01  6.1475E-01  6.5215E-01  6.8504E-01  7.1267E-01  7.3524E-01  7.5372E-01  7.6966E-01  7.8366E-01  7.9526E-01  8.0546E-01  8.1466E-01  8.2273E-01  8.2992E-01  8.3624E-01  8.4174E-01  8.4651E-01  8.5064E-01  8.5423E-01  8.5735E-01  8.5997E-01  8.6411E-01  8.5782E-01  8.6774E-01  8.6921E-01  8.7049E-01  8.7160E-01  8.7256E-01  8.7339E-01  8.7411E-01  8.7473E-01  8.7525E-01  8.7570E-01  8.7608E-01  8.7639E-01  8.7665E-01  8.7687E-01  8.7704E-01  8.7718E-01  8.7728E-01  8.7736E-01  8.7741E-01  8.7744E-01  8.7745E-01  8.7745E-01
  5.8753E-03  7.0837E-03  8.5381E-03  1.0289E-02  1.2395E-02  1.4928E-02  1.7972E-02  2.1631E-02  2.6027E-02  3.1314E-02  3.7676E-02  4.5344E-02  5.4615E-02  6.5874E-02  7.9639E-02  9.6621E-02  1.1780E-01  1.4445E-01  1.7818E-01  2.2067E-01  2.7280E-01  3.3337E-01  3.9822E-01  4.6132E-01  5.1810E-01  5.6709E-01  6.0943E-01  6.4713E-01  6.8069E-01  7.0926E-01  7.3265E-01  7.5162E-01  7.6776E-01  7.8205E-01  7.9396E-01  8.0429E-01  8.1367E-01  8.2195E-01  8.2931E-01  8.3583E-01  8.4148E-01  8.4639E-01  8.5063E-01  8.5430E-01  8.5750E-01  8.6210E-01  8.6439E-01  8.6638E-01  8.6811E-01  8.6962E-01  8.7094E-01  8.7208E-01  8.7307E-01  8.7392E-01  8.7466E-01  8.7529E-01  8.7584E-01  8.7630E-01  8.7669E-01  8.7702E-01  8.7729E-01  8.7752E-01  8.7770E-01  8.7785E-01  8.7796E-01  8.7804E-01  8.7810E-01  8.7814E-01  8.7816E-01  8.7816E-01
  5.7163E-03  6.8922E-03  8.3074E-03  1.0011E-02  1.2060E-02  1.4524E-02  1.7485E-02  2.1045E-02  2.5320E-02  3.0459E-02  3.6639E-02  4.4082E-02  5.3071E-02  6.3969E-02  7.7267E-02  9.3638E-02  1.1401E-01  1.3961E-01  1.7203E-01  2.1302E-01  2.6375E-01  3.2350E-01  3.8855E-01  4.5277E-01  5.1098E-01  5.6110E-01  6.0399E-01  6.4194E-01  6.7606E-01  7.0555E-01  7.2980E-01  7.4934E-01  7.6569E-01  7.8022E-01  7.9248E-01  8.0294E-01  8.1248E-01  8.2099E-01  8.2853E-01  8.3525E-01  8.4107E-01  8.4612E-01  8.5046E-01  8.5423E-01  8.5750E-01  8.6218E-01  8.6453E-01  8.6657E-01  8.6834E-01  8.6989E-01  8.7124E-01  8.7241E-01  8.7343E-01  8.7431E-01  8.7507E-01  8.7572E-01  8.7628E-01  8.7676E-01  8.7717E-01  8.7751E-01  8.7779E-01  8.7803E-01  8.7822E-01  8.7838E-01  8.7850E-01  8.7859E-01  8.7865E-01  8.7869E-01  8.7871E-01  8.7872E-01
  5.5603E-03  6.7041E-03  8.0808E-03  9.7382E-03  1.1732E-02  1.4129E-02  1.7009E-02  2.0471E-02  2.4628E-02  2.9623E-02  3.5626E-02  4.2852E-02  5.1568E-02  6.2121E-02  7.4974E-02  9.0763E-02  1.1036E-01  1.3496E-01  1.6610E-01  2.0560E-01  2.5486E-01  3.1362E-01  3.7866E-01  4.4389E-01  5.0355E-01  5.5491E-01  5.9846E-01  6.3662E-01  6.7117E-01  7.0153E-01  7.2670E-01  7.4688E-01  7.6348E-01  7.7821E-01  7.9082E-01  8.0144E-01  8.1114E-01  8.1988E-01  8.2760E-01  8.3451E-01  8.4051E-01  8.4571E-01  8.5017E-01  8.5403E-01  8.5737E-01  8.6214E-01  8.6454E-01  8.6663E-01  8.6845E-01  8.7004E-01  8.7142E-01  8.7262E-01  8.7366E-01  8.7457E-01  8.7535E-01  8.7602E-01  8.7660E-01  8.7710E-01  8.7752E-01  8.7787E-01  8.7817E-01  8.7841E-01  8.7862E-01  8.7878E-01  8.7891E-01  8.7900E-01  8.7907E-01  8.7912E-01  8.7915E-01  8.7916E-01
  5.4089E-03  6.5217E-03  7.8612E-03  9.4736E-03  1.1413E-02  1.3745E-02  1.6547E-02  1.9914E-02  2.3957E-02  2.8813E-02  3.4647E-02  4.1663E-02  5.0118E-02  6.0341E-02  7.2770E-02  8.8004E-02  1.0687E-01  1.3050E-01  1.6041E-01  1.9843E-01  2.4617E-01  3.0382E-01  3.6869E-01  4.3481E-01  4.9594E-01  5.4863E-01  5.9292E-01  6.3128E-01  6.6612E-01  6.9726E-01  7.2340E-01  7.4429E-01  7.6118E-01  7.7606E-01  7.8903E-01  7.9983E-01  8.0966E-01  8.1863E-01  8.2655E-01  8.3368E-01  8.3987E-01  8.4522E-01  8.4980E-01  8.5375E-01  8.5717E-01  8.6012E-01  8.6447E-01  8.6661E-01  8.6848E-01  8.7011E-01  8.7152E-01  8.7276E-01  8.7383E-01  8.7476E-01  8.7556E-01  8.7625E-01  8.7685E-01  8.7736E-01  8.7780E-01  8.7816E-01  8.7847E-01  8.7873E-01  8.7894E-01  8.7911E-01  8.7924E-01  8.7935E-01  8.7943E-01  8.7948E-01  8.7951E-01  8.7953E-01
  5.2619E-03  6.3445E-03  7.6477E-03  9.2166E-03  1.1103E-02  1.3372E-02  1.6098E-02  1.9373E-02  2.3305E-02  2.8027E-02  3.3696E-02  4.0510E-02  4.8714E-02  5.8620E-02  7.0643E-02  8.5348E-02  1.0352E-01  1.2623E-01  1.5494E-01  1.9151E-01  2.3770E-01  2.9412E-01  3.5865E-01  4.2556E-01  4.8814E-01  5.4224E-01  5.8736E-01  6.2590E-01  6.6088E-01  6.9271E-01  7.1985E-01  7.4152E-01  7.5875E-01  7.7373E-01  7.8702E-01  7.9805E-01  8.0801E-01  8.1719E-01  8.2534E-01  8.3269E-01  8.3909E-01  8.4460E-01  8.4931E-01  8.5335E-01  8.5685E-01  8.5989E-01  8.6249E-01  8.6648E-01  8.6839E-01  8.7006E-01  8.7151E-01  8.7278E-01  8.7388E-01  8.7483E-01  8.7566E-01  8.7637E-01  8.7699E-01  8.7751E-01  8.7796E-01  8.7834E-01  8.7866E-01  8.7893E-01  8.7915E-01  8.7933E-01  8.7947E-01  8.7958E-01  8.7967E-01  8.7972E-01  8.7976E-01  8.7978E-01
  5.1176E-03  6.1707E-03  7.4383E-03  8.9643E-03  1.0800E-02  1.3007E-02  1.5658E-02  1.8844E-02  2.2667E-02  2.7257E-02  3.2767E-02  3.9384E-02  4.7345E-02  5.6946E-02  6.8579E-02  8.2779E-02  1.0028E-01  1.2211E-01  1.4967E-01  1.8480E-01  2.2941E-01  2.8448E-01  3.4847E-01  4.1601E-01  4.8002E-01  5.3560E-01  5.8167E-01  6.2045E-01  6.5545E-01  6.8784E-01  7.1598E-01  7.3852E-01  7.5617E-01  7.7123E-01  7.8480E-01  7.9610E-01  8.0617E-01  8.1557E-01  8.2396E-01  8.3152E-01  8.3816E-01  8.4384E-01  8.4868E-01  8.5282E-01  8.5639E-01  8.5951E-01  8.6220E-01  8.6623E-01  8.6818E-01  8.6989E-01  8.7138E-01  8.7268E-01  8.7381E-01  8.7479E-01  8.7564E-01  8.7637E-01  8.7700E-01  8.7754E-01  8.7801E-01  8.7840E-01  8.7873E-01  8.7901E-01  8.7924E-01  8.7943E-01  8.7958E-01  8.7969E-01  8.7978E-01  8.7985E-01  8.7989E-01  8.7991E-01
  4.9772E-03  6.0014E-03  7.2344E-03  8.7188E-03  1.0504E-02  1.2651E-02  1.5230E-02  1.8328E-02  2.2046E-02  2.6509E-02  3.1864E-02  3.8292E-02  4.6019E-02  5.5328E-02  6.6589E-02  8.0308E-02  9.7178E-02  1.1816E-01  1.4462E-01  1.7836E-01  2.2138E-01  2.7501E-01  3.3828E-01  4.0627E-01  4.7165E-01  5.2876E-01  5.7589E-01  6.1496E-01  6.4992E-01  6.8269E-01  7.1181E-01  7.3530E-01  7.5343E-01  7.6856E-01  7.8237E-01  7.9397E-01  8.0414E-01  8.1375E-01  8.2242E-01  8.3021E-01  8.3708E-01  8.4294E-01  8.4792E-01  8.5216E-01  8.5581E-01  8.5899E-01  8.6178E-01  8.6584E-01  8.6233E-01  8.6960E-01  8.7112E-01  8.7245E-01  8.7361E-01  8.7461E-01  8.7549E-01  8.7624E-01  8.7689E-01  8.7745E-01  8.7793E-01  8.7833E-01  8.7868E-01  8.7896E-01  8.7920E-01  8.7940E-01  8.7956E-01  8.7968E-01  8.7977E-01  8.7984E-01  8.7989E-01  8.7992E-01
  4.8425E-03  5.8392E-03  7.0390E-03  8.4834E-03  1.0221E-02  1.2310E-02  1.4819E-02  1.7834E-02  2.1451E-02  2.5792E-02  3.0998E-02  3.7246E-02  4.4749E-02  5.3779E-02  6.4687E-02  7.7948E-02  9.4219E-02  1.1441E-01  1.3982E-01  1.7222E-01  2.1366E-01  2.6580E-01  3.2823E-01  3.9654E-01  4.6325E-01  5.2190E-01  5.7014E-01  6.0952E-01  6.4429E-01  6.7727E-01  7.0732E-01  7.3184E-01  7.5052E-01  7.6570E-01  7.7965E-01  7.9160E-01  8.0188E-01  8.1168E-01  8.2065E-01  8.2869E-01  8.3582E-01  8.4188E-01  8.4701E-01  8.5134E-01  8.5507E-01  8.5832E-01  8.6116E-01  8.6365E-01  8.6452E-01  8.6915E-01  8.7071E-01  8.7207E-01  8.7326E-01  8.7429E-01  8.7518E-01  8.7596E-01  8.7663E-01  8.7720E-01  8.7769E-01  8.7811E-01  8.7847E-01  8.7876E-01  8.7901E-01  8.7922E-01  8.7938E-01  8.7951E-01  8.7961E-01  8.7968E-01  8.7974E-01  8.7977E-01
  4.7127E-03  5.6827E-03  6.8504E-03  8.2563E-03  9.9472E-03  1.1980E-02  1.4423E-02  1.7357E-02  2.0876E-02  2.5100E-02  3.0164E-02  3.6237E-02  4.3526E-02  5.2288E-02  6.2858E-02  7.5684E-02  9.1383E-02  1.1081E-01  1.3522E-01  1.6632E-01  2.0623E-01  2.5683E-01  3.1829E-01  3.8679E-01  4.5476E-01  5.1498E-01  5.6438E-01  6.0407E-01  6.3854E-01  6.7159E-01  7.0246E-01  7.2809E-01  7.4738E-01  7.6261E-01  7.7663E-01  7.8894E-01  7.9934E-01  8.0933E-01  8.1863E-01  8.2694E-01  8.3436E-01  8.4064E-01  8.4592E-01  8.5035E-01  8.5416E-01  8.5747E-01  8.6037E-01  8.6291E-01  8.6503E-01  8.6852E-01  8.7012E-01  8.7151E-01  8.7273E-01  8.7379E-01  8.7471E-01  8.7550E-01  8.7619E-01  8.7678E-01  8.7729E-01  8.7772E-01  8.7808E-01  8.7839E-01  8.7865E-01  8.7886E-01  8.7903E-01  8.7917E-01  8.7927E-01  8.7935E-01  8.7941E-01  8.7944E-01
  4.5874E-03  5.5318E-03  6.6686E-03  8.0373E-03  9.6835E-03  1.1663E-02  1.4040E-02  1.6896E-02  2.0322E-02  2.4432E-02  2.9358E-02  3.5264E-02  4.2347E-02  5.0853E-02  6.1099E-02  7.3511E-02  8.8668E-02  1.0738E-01  1.3083E-01  1.6069E-01  1.9909E-01  2.4816E-01  3.0855E-01  3.7708E-01  4.4623E-01  5.0800E-01  5.5855E-01  5.9855E-01  6.3262E-01  6.6547E-01  6.9713E-01  7.2393E-01  7.4388E-01  7.5917E-01  7.7316E-01  7.8584E-01  7.9640E-01  8.0658E-01  8.1624E-01  8.2487E-01  8.3261E-01  8.3912E-01  8.4455E-01  8.4907E-01  8.5294E-01  8.5632E-01  8.5929E-01  8.6189E-01  8.5734E-01  8.5923E-01  8.6924E-01  8.7067E-01  8.7191E-01  8.7300E-01  8.7394E-01  8.7476E-01  8.7546E-01  8.7607E-01  8.7659E-01  8.7703E-01  8.7741E-01  8.7773E-01  8.7799E-01  8.7821E-01  8.7839E-01  8.7853E-01  8.7865E-01  8.7873E-01  8.7879E-01  8.7883E-01
  4.4713E-03  5.3919E-03  6.5000E-03  7.8341E-03  9.4387E-03  1.1368E-02  1.3685E-02  1.6469E-02  1.9807E-02  2.3811E-02  2.8609E-02  3.4357E-02  4.1247E-02  4.9512E-02  5.9455E-02  7.1475E-02  8.6119E-02  1.0415E-01  1.2669E-01  1.5537E-01  1.9234E-01  2.3990E-01  2.9924E-01  3.6781E-01  4.3817E-01  5.0148E-01  5.5308E-01  5.9319E-01  6.2659E-01  6.5901E-01  6.9133E-01  7.1940E-01  7.4006E-01  7.5530E-01  7.6917E-01  7.8217E-01  7.9295E-01  8.0334E-01  8.1343E-01  8.2248E-01  8.3058E-01  8.3735E-01  8.4292E-01  8.4753E-01  8.5145E-01  8.5488E-01  8.5792E-01  8.6058E-01  8.6275E-01  8.6640E-01  8.6808E-01  8.6954E-01  8.7082E-01  8.7193E-01  8.7289E-01  8.7373E-01  8.7445E-01  8.7508E-01  8.7561E-01  8.7607E-01  8.7646E-01  8.7679E-01  8.7706E-01  8.7729E-01  8.7747E-01  8.7762E-01  8.7774E-01  8.7783E-01  8.7789E-01  8.7793E-01
  4.3682E-03  5.2675E-03  6.3500E-03  7.6534E-03  9.2210E-03  1.1106E-02  1.3369E-02  1.6088E-02  1.9348E-02  2.3256E-02  2.7938E-02  3.3544E-02  4.0257E-02  4.8300E-02  5.7958E-02  6.9608E-02  8.3761E-02  1.0113E-01  1.2278E-01  1.5027E-01  1.8578E-01  2.3182E-01  2.9014E-01  3.5896E-01  4.3091E-01  4.9607E-01  5.4874E-01  5.8867E-01  6.2084E-01  6.5230E-01  6.8514E-01  7.1482E-01  7.3631E-01  7.5131E-01  7.6482E-01  7.7810E-01  7.8912E-01  7.9974E-01  8.1045E-01  8.2012E-01  8.2873E-01  8.3584E-01  8.4157E-01  8.4622E-01  8.5017E-01  8.5365E-01  8.5675E-01  8.5947E-01  8.6171E-01  8.6539E-01  8.6711E-01  8.6861E-01  8.6992E-01  8.7106E-01  8.7205E-01  8.7291E-01  8.7366E-01  8.7430E-01  8.7485E-01  8.7532E-01  8.7572E-01  8.7606E-01  8.7635E-01  8.7658E-01  8.7678E-01  8.7693E-01  8.7705E-01  8.7715E-01  8.7722E-01  8.7726E-01
  4.2668E-03  5.1453E-03  6.2029E-03  7.4761E-03  9.0075E-03  1.0849E-02  1.3060E-02  1.5715E-02  1.8899E-02  2.2716E-02  2.7285E-02  3.2753E-02  3.9296E-02  4.7125E-02  5.6509E-02  6.7800E-02  8.1472E-02  9.8182E-02  1.1892E-01  1.4517E-01  1.7906E-01  2.2329E-01  2.8021E-01  3.4905E-01  4.2288E-01  4.9059E-01  5.4498E-01  5.8512E-01  6.1587E-01  6.4577E-01  6.7867E-01  7.1036E-01  7.3325E-01  7.4801E-01  7.6087E-01  7.7431E-01  7.8559E-01  7.9632E-01  8.0778E-01  8.1829E-01  8.2764E-01  8.3526E-01  8.4120E-01  8.4588E-01  8.4982E-01  8.5332E-01  8.5649E-01  8.6097E-01  8.6328E-01  8.6530E-01  8.6706E-01  8.6860E-01  8.6994E-01  8.7111E-01  8.7213E-01  8.7301E-01  8.7378E-01  8.7444E-01  8.7501E-01  8.7550E-01  8.7592E-01  8.7627E-01  8.7657E-01  8.7682E-01  8.7702E-01  8.7718E-01  8.7731E-01  8.7742E-01  8.7749E-01  8.7754E-01
  4.1630E-03  5.0202E-03  6.0522E-03  7.2948E-03  8.7893E-03  1.0586E-02  1.2744E-02  1.5336E-02  1.8442E-02  2.2166E-02  2.6623E-02  3.1954E-02  3.8328E-02  4.5945E-02  5.5060E-02  6.6000E-02  7.9199E-02  9.5259E-02  1.1508E-01  1.4004E-01  1.7219E-01  2.1430E-01  2.6927E-01  3.3755E-01  4.1324E-01  4.8422E-01  5.4120E-01  5.8225E-01  6.1164E-01  6.3941E-01  6.7151E-01  7.0538E-01  7.3052E-01  7.4533E-01  7.5716E-01  7.7054E-01  7.8212E-01  7.9271E-01  8.0497E-01  8.1660E-01  8.2698E-01  8.3541E-01  8.4170E-01  8.4642E-01  8.5027E-01  8.5377E-01  8.5700E-01  8.6155E-01  8.6392E-01  8.6598E-01  8.6779E-01  8.6936E-01  8.7074E-01  8.7194E-01  8.7299E-01  8.7390E-01  8.7469E-01  8.7537E-01  8.7596E-01  8.7647E-01  8.7691E-01  8.7727E-01  8.7759E-01  8.7785E-01  8.7806E-01  8.7824E-01  8.7838E-01  8.7849E-01  8.7857E-01  8.7863E-01
  4.0543E-03  4.8893E-03  5.8947E-03  7.1052E-03  8.5612E-03  1.0312E-02  1.2415E-02  1.4939E-02  1.7967E-02  2.1594E-02  2.5936E-02  3.1127E-02  3.7329E-02  4.4734E-02  5.3582E-02  6.4175E-02  7.6914E-02  9.2341E-02  1.1127E-01  1.3495E-01  1.6529E-01  2.0503E-01  2.5747E-01  3.2430E-01  4.0131E-01  4.7603E-01  5.3660E-01  5.7961E-01  6.0814E-01  6.3334E-01  6.6357E-01  6.9915E-01  7.2757E-01  7.4317E-01  7.5361E-01  7.6654E-01  7.7851E-01  7.8858E-01  8.0147E-01  8.1451E-01  8.2626E-01  8.3595E-01  8.4284E-01  8.4766E-01  8.5137E-01  8.5478E-01  8.5807E-01  8.6104E-01  8.6514E-01  8.6725E-01  8.6910E-01  8.7071E-01  8.7213E-01  8.7336E-01  8.7444E-01  8.7537E-01  8.7619E-01  8.7690E-01  8.7751E-01  8.7803E-01  8.7849E-01  8.7887E-01  8.7920E-01  8.7947E-01  8.7970E-01  8.7989E-01  8.8004E-01  8.8016E-01  8.8025E-01  8.8032E-01
  3.9415E-03  4.7535E-03  5.7312E-03  6.9084E-03  8.3245E-03  1.0027E-02  1.2073E-02  1.4529E-02  1.7474E-02  2.1003E-02  2.5226E-02  3.0274E-02  3.6302E-02  4.3495E-02  5.2077E-02  6.2331E-02  7.4624E-02  8.9444E-02  1.0752E-01  1.2996E-01  1.5850E-01  1.9577E-01  2.4522E-01  3.0967E-01  3.8697E-01  4.6544E-01  5.3052E-01  5.7663E-01  6.0528E-01  6.2768E-01  6.5507E-01  6.9100E-01  7.2366E-01  7.4123E-01  7.5016E-01  7.6204E-01  7.7450E-01  7.8371E-01  7.9660E-01  8.1133E-01  8.2477E-01  8.3636E-01  8.4428E-01  8.4942E-01  8.5292E-01  8.5612E-01  8.5945E-01  8.6425E-01  8.6516E-01  8.6888E-01  8.7078E-01  8.7243E-01  8.7388E-01  8.7515E-01  8.7625E-01  8.7722E-01  8.7806E-01  8.7879E-01  8.7942E-01  8.7997E-01  8.8044E-01  8.8084E-01  8.8118E-01  8.8147E-01  8.8171E-01  8.8191E-01  8.8207E-01  8.8220E-01  8.8231E-01  8.8239E-01
  3.8243E-03  4.6123E-03  5.5612E-03  6.7039E-03  8.0786E-03  9.7318E-03  1.1718E-02  1.4103E-02  1.6963E-02  2.0390E-02  2.4491E-02  2.9393E-02  3.5245E-02  4.2224E-02  5.0543E-02  6.0466E-02  7.2331E-02  8.6579E-02  1.0385E-01  1.2514E-01  1.5199E-01  1.8680E-01  2.3302E-01  2.9420E-01  3.7035E-01  4.5182E-01  5.2211E-01  5.7255E-01  6.0300E-01  6.2291E-01  6.4698E-01  6.8099E-01  7.1817E-01  7.3924E-01  7.4740E-01  7.5738E-01  7.7029E-01  7.7867E-01  7.9033E-01  8.0660E-01  8.2189E-01  8.3598E-01  8.4559E-01  8.5154E-01  8.5490E-01  8.5772E-01  8.6098E-01  8.6433E-01  8.6711E-01  8.6929E-01  8.7274E-01  8.7444E-01  8.7592E-01  8.7722E-01  8.7836E-01  8.7935E-01  8.8021E-01  8.8097E-01  8.8162E-01  8.8218E-01  8.8267E-01  8.8309E-01  8.8345E-01  8.8375E-01  8.8400E-01  8.8422E-01  8.8439E-01  8.8453E-01  8.8465E-01  8.8473E-01
  3.7044E-03  4.4680E-03  5.3874E-03  6.4948E-03  7.8271E-03  9.4295E-03  1.1355E-02  1.3667E-02  1.6440E-02  1.9764E-02  2.3742E-02  2.8496E-02  3.4171E-02  4.0936E-02  4.8995E-02  5.8596E-02  7.0051E-02  8.3759E-02  1.0029E-01  1.2051E-01  1.4578E-01  1.7824E-01  2.2115E-01  2.7843E-01  3.5196E-01  4.3506E-01  5.1084E-01  5.6678E-01  6.0096E-01  6.1940E-01  6.3993E-01  6.6983E-01  7.1036E-01  7.3653E-01  7.4572E-01  7.5285E-01  7.6577E-01  7.7397E-01  7.8292E-01  7.9979E-01  8.1708E-01  8.3395E-01  8.4634E-01  8.5383E-01  8.5742E-01  8.5979E-01  8.6269E-01  8.6624E-01  8.6936E-01  8.7165E-01  8.7505E-01  8.7682E-01  8.7832E-01  8.7966E-01  8.8082E-01  8.8184E-01  8.8273E-01  8.8350E-01  8.8418E-01  8.8476E-01  8.8527E-01  8.8570E-01  8.8608E-01  8.8639E-01  8.8666E-01  8.8689E-01  8.8707E-01  8.8723E-01  8.8735E-01  8.8745E-01
  3.5854E-03  4.3246E-03  5.2148E-03  6.2870E-03  7.5773E-03  9.1292E-03  1.0994E-02  1.3234E-02  1.5921E-02  1.9142E-02  2.2998E-02  2.7606E-02  3.3107E-02  3.9663E-02  4.7468E-02  5.6760E-02  6.7827E-02  8.1035E-02  9.6893E-02  1.1617E-01  1.4003E-01  1.7038E-01  2.1020E-01  2.6348E-01  3.3342E-01  4.1641E-01  4.9695E-01  5.5887E-01  5.9803E-01  6.1687E-01  6.3384E-01  6.5906E-01  6.9977E-01  7.3207E-01  7.4437E-01  7.4842E-01  7.6054E-01  7.6968E-01  7.7519E-01  7.9086E-01  8.1010E-01  8.2931E-01  8.4556E-01  8.5524E-01  8.5984E-01  8.6186E-01  8.6408E-01  8.6766E-01  8.7130E-01  8.7384E-01  8.7575E-01  8.7752E-01  8.8058E-01  8.8194E-01  8.8313E-01  8.8418E-01  8.8509E-01  8.8589E-01  8.8658E-01  8.8719E-01  8.8771E-01  8.8816E-01  8.8855E-01  8.8888E-01  8.8916E-01  8.8940E-01  8.8960E-01  8.8976E-01  8.8989E-01  8.9000E-01
  3.4669E-03  4.1818E-03  5.0429E-03  6.0801E-03  7.3284E-03  8.8301E-03  1.0635E-02  1.2803E-02  1.5404E-02  1.8523E-02  2.2257E-02  2.6720E-02  3.2048E-02  3.8399E-02  4.5958E-02  5.4951E-02  6.5649E-02  7.8387E-02  9.3627E-02  1.1204E-01  1.3466E-01  1.6312E-01  2.0011E-01  2.4944E-01  3.1509E-01  3.9625E-01  4.8029E-01  5.4853E-01  5.9366E-01  6.1541E-01  6.2900E-01  6.5012E-01  6.8680E-01  7.2575E-01  7.4287E-01  7.4509E-01  7.5513E-01  7.6599E-01  7.6843E-01  7.8046E-01  8.0096E-01  8.2174E-01  8.4264E-01  8.5531E-01  8.6216E-01  8.6417E-01  8.6549E-01  8.6872E-01  8.7292E-01  8.7604E-01  8.7792E-01  8.7979E-01  8.8292E-01  8.8426E-01  8.8551E-01  8.8657E-01  8.8751E-01  8.8833E-01  8.8904E-01  8.8967E-01  8.9021E-01  8.9067E-01  8.9108E-01  8.9142E-01  8.9171E-01  8.9196E-01  8.9217E-01  8.9235E-01  8.9249E-01  8.9260E-01
  3.3508E-03  4.0419E-03  4.8744E-03  5.8773E-03  7.0845E-03  8.5368E-03  1.0283E-02  1.2380E-02  1.4897E-02  1.7916E-02  2.1530E-02  2.5852E-02  3.1012E-02  3.7162E-02  4.4483E-02  5.3188E-02  6.3535E-02  7.5836E-02  9.0510E-02  1.0815E-01  1.2967E-01  1.5647E-01  1.9093E-01  2.3658E-01  2.9771E-01  3.7570E-01  4.6150E-01  5.3580E-01  5.8734E-01  6.1415E-01  6.2550E-01  6.4326E-01  6.7306E-01  7.1719E-01  7.3994E-01  7.4329E-01  7.4973E-01  7.6199E-01  7.6329E-01  7.6982E-01  7.8974E-01  8.1154E-01  8.3658E-01  8.5348E-01  8.6362E-01  8.6637E-01  8.6711E-01  8.6945E-01  8.7392E-01  8.7938E-01  8.8007E-01  8.8142E-01  8.8302E-01  8.8653E-01  8.8783E-01  8.8891E-01  8.8988E-01  8.9072E-01  8.9145E-01  8.9209E-01  8.9265E-01  8.9313E-01  8.9355E-01  8.9391E-01  8.9422E-01  8.9448E-01  8.9470E-01  8.9488E-01  8.9503E-01  8.9516E-01
  3.2372E-03  3.9051E-03  4.7096E-03  5.6790E-03  6.8458E-03  8.2499E-03  9.9378E-03  1.1967E-02  1.4401E-02  1.7322E-02  2.0819E-02  2.5002E-02  2.9998E-02  3.5954E-02  4.3043E-02  5.1472E-02  6.1485E-02  7.3375E-02  8.7526E-02  1.0448E-01  1.2501E-01  1.5037E-01  1.8262E-01  2.2494E-01  2.8164E-01  3.5556E-01  4.4126E-01  5.2077E-01  5.7888E-01  6.1213E-01  6.2367E-01  6.3806E-01  6.6109E-01  7.0610E-01  7.3522E-01  7.4293E-01  7.4478E-01  7.5724E-01  7.6032E-01  7.6085E-01  7.7738E-01  7.9974E-01  8.2670E-01  8.4950E-01  8.6326E-01  8.6823E-01  8.6914E-01  8.7005E-01  8.7411E-01  8.7915E-01  8.8046E-01  8.8349E-01  8.8511E-01  8.8880E-01  8.9001E-01  8.9118E-01  8.9216E-01  8.9302E-01  8.9378E-01  8.9444E-01  8.9501E-01  8.9551E-01  8.9594E-01  8.9631E-01  8.9663E-01  8.9690E-01  8.9713E-01  8.9733E-01  8.9749E-01  8.9762E-01
  3.1275E-03  3.7728E-03  4.5503E-03  5.4872E-03  6.6150E-03  7.9724E-03  9.6044E-03  1.1566E-02  1.3921E-02  1.6747E-02  2.0131E-02  2.4180E-02  2.9017E-02  3.4785E-02  4.1651E-02  4.9815E-02  5.9511E-02  7.1015E-02  8.4683E-02  1.0100E-01  1.2068E-01  1.4478E-01  1.7511E-01  2.1452E-01  2.6712E-01  3.3660E-01  4.2062E-01  5.0396E-01  5.6845E-01  6.0849E-01  6.2306E-01  6.3389E-01  6.5240E-01  6.9270E-01  7.2902E-01  7.4250E-01  7.4079E-01  7.5198E-01  7.5881E-01  7.5456E-01  7.6533E-01  7.8724E-01  8.1369E-01  8.4302E-01  8.6037E-01  8.6939E-01  8.7113E-01  8.7059E-01  8.7359E-01  8.7940E-01  8.8360E-01  8.8526E-01  8.8677E-01  8.9095E-01  8.9196E-01  8.9328E-01  8.9424E-01  8.9514E-01  8.9592E-01  8.9659E-01  8.9718E-01  8.9769E-01  8.9814E-01  8.9852E-01  8.9885E-01  8.9914E-01  8.9938E-01  8.9958E-01  8.9975E-01  8.9989E-01
  3.0211E-03  3.6446E-03  4.3958E-03  5.3012E-03  6.3912E-03  7.7033E-03  9.2810E-03  1.1178E-02  1.3455E-02  1.6188E-02  1.9463E-02  2.3382E-02  2.8065E-02  3.3650E-02  4.0300E-02  4.8208E-02  5.7600E-02  6.8736E-02  8.1951E-02  9.7692E-02  1.1658E-01  1.3957E-01  1.6822E-01  2.0505E-01  2.5387E-01  3.1881E-01  3.9994E-01  4.8554E-01  5.5608E-01  6.0289E-01  6.2287E-01  6.3071E-01  6.4655E-01  6.7824E-01  7.2141E-01  7.4042E-01  7.3857E-01  7.4683E-01  7.5719E-01  7.5072E-01  7.5447E-01  7.7396E-01  7.9864E-01  8.3304E-01  8.5489E-01  8.6931E-01  8.7246E-01  8.7143E-01  8.7296E-01  8.7877E-01  8.8451E-01  8.8696E-01  8.8709E-01  8.9285E-01  8.9392E-01  8.9521E-01  8.9623E-01  8.9719E-01  8.9795E-01  8.9865E-01  8.9927E-01  8.9979E-01  9.0025E-01  9.0065E-01  9.0099E-01  9.0129E-01  9.0154E-01  9.0175E-01  9.0193E-01  9.0208E-01
  2.9185E-03  3.5209E-03  4.2469E-03  5.1218E-03  6.1754E-03  7.4435E-03  8.9688E-03  1.0803E-02  1.3006E-02  1.5649E-02  1.8818E-02  2.2611E-02  2.7144E-02  3.2553E-02  3.8996E-02  4.6658E-02  5.5758E-02  6.6545E-02  7.9334E-02  9.4540E-02  1.1272E-01  1.3473E-01  1.6191E-01  1.9649E-01  2.4194E-01  3.0248E-01  3.7993E-01  4.6616E-01  5.4202E-01  5.9533E-01  6.2215E-01  6.2902E-01  6.4263E-01  6.6554E-01  7.1219E-01  7.3629E-01  7.3864E-01  7.4214E-01  7.5420E-01  7.4939E-01  7.4609E-01  7.6108E-01  7.8355E-01  8.1903E-01  8.4733E-01  8.6695E-01  8.7278E-01  8.7300E-01  8.7278E-01  8.7731E-01  8.8632E-01  8.9072E-01  8.8917E-01  8.9411E-01  8.9597E-01  8.9685E-01  8.9817E-01  8.9908E-01  8.9986E-01  9.0062E-01  9.0123E-01  9.0177E-01  9.0225E-01  9.0266E-01  9.0301E-01  9.0332E-01  9.0358E-01  9.0380E-01  9.0399E-01  9.0415E-01
  2.8193E-03  3.4015E-03  4.1030E-03  4.9486E-03  5.9668E-03  7.1927E-03  8.6673E-03  1.0441E-02  1.2571E-02  1.5128E-02  1.8194E-02  2.1865E-02  2.6254E-02  3.1492E-02  3.7734E-02  4.5159E-02  5.3978E-02  6.4432E-02  7.6819E-02  9.1525E-02  1.0906E-01  1.3018E-01  1.5608E-01  1.8870E-01  2.3116E-01  2.8760E-01  3.6095E-01  4.4634E-01  5.2648E-01  5.8597E-01  6.2003E-01  6.2875E-01  6.3952E-01  6.5644E-01  7.0081E-01  7.3079E-01  7.3973E-01  7.3778E-01  7.4967E-01  7.4995E-01  7.4090E-01  7.4965E-01  7.6952E-01  8.0172E-01  8.3799E-01  8.6144E-01  8.7225E-01  8.7482E-01  8.7287E-01  8.7520E-01  8.8279E-01  8.8857E-01  8.9056E-01  8.9146E-01  8.9780E-01  8.9833E-01  8.9994E-01  9.0074E-01  9.0170E-01  9.0243E-01  9.0305E-01  9.0361E-01  9.0410E-01  9.0453E-01  9.0489E-01  9.0521E-01  9.0548E-01  9.0571E-01  9.0591E-01  9.0607E-01
  2.7236E-03  3.2861E-03  3.9640E-03  4.7810E-03  5.7651E-03  6.9500E-03  8.3756E-03  1.0090E-02  1.2150E-02  1.4624E-02  1.7590E-02  2.1143E-02  2.5392E-02  3.0465E-02  3.6512E-02  4.3707E-02  5.2256E-02  6.2390E-02  7.4393E-02  8.8630E-02  1.0557E-01  1.2589E-01  1.5065E-01  1.8154E-01  2.2137E-01  2.7403E-01  3.4311E-01  4.2647E-01  5.0962E-01  5.7495E-01  6.1610E-01  6.2943E-01  6.3708E-01  6.5119E-01  6.8787E-01  7.2483E-01  7.4003E-01  7.3493E-01  7.4532E-01  7.5160E-01  7.3939E-01  7.4120E-01  7.5707E-01  7.8349E-01  8.2605E-01  8.5289E-01  8.7075E-01  8.7580E-01  8.7323E-01  8.7344E-01  8.8051E-01  8.9061E-01  8.9478E-01  8.9067E-01  8.9892E-01  9.0007E-01  9.0134E-01  9.0241E-01  9.0346E-01  9.0410E-01  9.0481E-01  9.0540E-01  9.0590E-01  9.0634E-01  9.0671E-01  9.0704E-01  9.0732E-01  9.0756E-01  9.0776E-01  9.0793E-01
  2.6313E-03  3.1747E-03  3.8298E-03  4.6194E-03  5.5705E-03  6.7158E-03  8.0940E-03  9.7521E-03  1.1744E-02  1.4137E-02  1.7007E-02  2.0445E-02  2.4559E-02  2.9472E-02  3.5330E-02  4.2304E-02  5.0592E-02  6.0418E-02  7.2055E-02  8.5849E-02  1.0224E-01  1.2182E-01  1.4556E-01  1.7494E-01  2.1245E-01  2.6170E-01  3.2660E-01  4.0707E-01  4.9185E-01  5.6249E-01  6.1025E-01  6.3007E-01  6.3560E-01  6.4858E-01  6.7544E-01  7.1844E-01  7.3820E-01  7.3477E-01  7.4219E-01  7.5254E-01  7.4062E-01  7.3605E-01  7.4694E-01  7.6742E-01  8.1074E-01  8.4239E-01  8.6742E-01  8.7513E-01  8.7426E-01  8.7307E-01  8.7814E-01  8.8714E-01  8.9549E-01  8.9318E-01  8.9893E-01  9.0191E-01  9.0234E-01  9.0411E-01  9.0492E-01  9.0570E-01  9.0652E-01  9.0707E-01  9.0758E-01  9.0803E-01  9.0842E-01  9.0876E-01  9.0905E-01  9.0930E-01  9.0951E-01  9.0969E-01
  0.0000E+00  3.0672E-03  3.7002E-03  4.4634E-03  5.3826E-03  6.4897E-03  7.8220E-03  9.4252E-03  1.1352E-02  1.3666E-02  1.6443E-02  1.9770E-02  2.3753E-02  2.8511E-02  3.4186E-02  4.0946E-02  4.8981E-02  5.8510E-02  6.9797E-02  8.3169E-02  9.9034E-02  1.1795E-01  1.4077E-01  1.6880E-01  2.0426E-01  2.5045E-01  3.1132E-01  3.8834E-01  4.7343E-01  5.4868E-01  6.0258E-01  6.2977E-01  6.3536E-01  6.4708E-01  6.6566E-01  7.1079E-01  7.3446E-01  7.3703E-01  7.3954E-01  7.5108E-01  7.4348E-01  7.3311E-01  7.3920E-01  7.5463E-01  7.9231E-01  8.3080E-01  8.6120E-01  8.7307E-01  8.7611E-01  8.7394E-01  8.7575E-01  8.8462E-01  8.9478E-01  8.9767E-01  8.9858E-01  9.0328E-01  9.0349E-01  9.0554E-01  9.0620E-01  9.0739E-01  9.0805E-01  9.0862E-01  9.0919E-01  9.0967E-01  9.1007E-01  9.1042E-01  9.1072E-01  9.1098E-01  9.1120E-01  9.1139E-01
  0.0000E+00  2.9638E-03  3.5756E-03  4.3132E-03  5.2018E-03  6.2721E-03  7.5602E-03  9.1105E-03  1.0974E-02  1.3213E-02  1.5899E-02  1.9120E-02  2.2976E-02  2.7584E-02  3.3083E-02  3.9634E-02  4.7426E-02  5.6669E-02  6.7618E-02  8.0586E-02  9.5959E-02  1.1425E-01  1.3623E-01  1.6307E-01  1.9672E-01  2.4018E-01  2.9733E-01  3.7064E-01  4.5490E-01  5.3381E-01  5.9331E-01  6.2782E-01  6.3604E-01  6.4568E-01  6.5952E-01  7.0134E-01  7.2991E-01  7.3974E-01  7.3679E-01  7.4781E-01  7.4716E-01  7.3292E-01  7.3355E-01  7.4466E-01  7.7352E-01  8.1869E-01  8.5152E-01  8.7020E-01  8.7749E-01  8.7476E-01  8.7360E-01  8.8121E-01  8.9225E-01  8.9889E-01  8.9837E-01  9.0329E-01  9.0500E-01  9.0628E-01  9.0758E-01  9.0882E-01  9.0931E-01  9.1012E-01  9.1072E-01  9.1119E-01  9.1159E-01  9.1195E-01  9.1226E-01  9.1252E-01  9.1275E-01  9.1295E-01
  0.0000E+00  2.8641E-03  3.4553E-03  4.1683E-03  5.0273E-03  6.0620E-03  7.3074E-03  8.8066E-03  1.0609E-02  1.2775E-02  1.5374E-02  1.8491E-02  2.2224E-02  2.6687E-02  3.2015E-02  3.8365E-02  4.5921E-02  5.4887E-02  6.5510E-02  7.8092E-02  9.2997E-02  1.1070E-01  1.3191E-01  1.5766E-01  1.8970E-01  2.3072E-01  2.8442E-01  3.5391E-01  4.3640E-01  5.1794E-01  5.8263E-01  6.2405E-01  6.3723E-01  6.4450E-01  6.5664E-01  6.9072E-01  7.2536E-01  7.4112E-01  7.3529E-01  7.4519E-01  7.5128E-01  7.3596E-01  7.3129E-01  7.3743E-01  7.5675E-01  8.0472E-01  8.3930E-01  8.6639E-01  8.7708E-01  8.7545E-01  8.7287E-01  8.7820E-01  8.8851E-01  8.9852E-01  8.9947E-01  9.0240E-01  9.0666E-01  9.0675E-01  9.0906E-01  9.0982E-01  9.1070E-01  9.1162E-01  9.1212E-01  9.1260E-01  9.1303E-01  9.1342E-01  9.1374E-01  9.1402E-01  9.1426E-01  9.1446E-01
  0.0000E+00  2.7681E-03  3.3397E-03  4.0289E-03  4.8593E-03  5.8598E-03  7.0643E-03  8.5141E-03  1.0257E-02  1.2353E-02  1.4868E-02  1.7885E-02  2.1500E-02  2.5823E-02  3.0985E-02  3.7141E-02  4.4468E-02  5.3166E-02  6.3475E-02  7.5686E-02  9.0146E-02  1.0730E-01  1.2779E-01  1.5257E-01  1.8318E-01  2.2205E-01  2.7264E-01  3.3841E-01  4.1847E-01  5.0152E-01  5.7085E-01  6.1848E-01  6.3808E-01  6.4387E-01  6.5573E-01  6.8085E-01  7.2076E-01  7.4027E-01  7.3640E-01  7.4414E-01  7.5426E-01  7.4077E-01  7.3190E-01  7.3380E-01  7.4529E-01  7.8880E-01  8.2674E-01  8.6080E-01  8.7464E-01  8.7656E-01  8.7418E-01  8.7637E-01  8.8636E-01  8.9715E-01  9.0079E-01  9.0105E-01  9.0735E-01  9.0750E-01  9.1007E-01  9.1065E-01  9.1216E-01  9.1275E-01  9.1332E-01  9.1390E-01  9.1438E-01  9.1477E-01  9.1509E-01  9.1538E-01  9.1563E-01  9.1584E-01
  0.0000E+00  2.6754E-03  3.2279E-03  3.8942E-03  4.6971E-03  5.6645E-03  6.8291E-03  8.2314E-03  9.9176E-03  1.1945E-02  1.4379E-02  1.7299E-02  2.0799E-02  2.4986E-02  2.9987E-02  3.5954E-02  4.3059E-02  5.1498E-02  6.1502E-02  7.3355E-02  8.7387E-02  1.0402E-01  1.2385E-01  1.4773E-01  1.7705E-01  2.1398E-01  2.6175E-01  3.2394E-01  4.0112E-01  4.8466E-01  5.5802E-01  6.1126E-01  6.3791E-01  6.4398E-01  6.5543E-01  6.7320E-01  7.1529E-01  7.3767E-01  7.3966E-01  7.4345E-01  7.5448E-01  7.4587E-01  7.3319E-01  7.3259E-01  7.3900E-01  7.7185E-01  8.1448E-01  8.5292E-01  8.7099E-01  8.7818E-01  8.7644E-01  8.7523E-01  8.8322E-01  8.9461E-01  9.0180E-01  9.0119E-01  9.0691E-01  9.0896E-01  9.1040E-01  9.1177E-01  9.1327E-01  9.1368E-01  9.1458E-01  9.1520E-01  9.1565E-01  9.1603E-01  9.1637E-01  9.1666E-01  9.1691E-01  9.1713E-01
  0.0000E+00  0.0000E+00  3.1201E-03  3.7643E-03  4.5406E-03  5.4760E-03  6.6022E-03  7.9585E-03  9.5896E-03  1.1551E-02  1.3907E-02  1.6733E-02  2.0122E-02  2.4176E-02  2.9023E-02  3.4806E-02  4.1696E-02  4.9883E-02  5.9593E-02  7.1099E-02  8.4721E-02  1.0086E-01  1.2006E-01  1.4311E-01  1.7126E-01  2.0646E-01  2.5167E-01  3.1046E-01  3.8446E-01  4.6755E-01  5.4424E-01  6.0261E-01  6.3633E-01  6.4487E-01  6.5515E-01  6.6860E-01  7.0848E-01  7.3451E-01  7.4362E-01  7.4252E-01  7.5294E-01  7.5138E-01  7.3643E-01  7.3266E-01  7.3565E-01  7.5719E-01  8.0283E-01  8.4211E-01  8.6675E-01  8.7915E-01  8.7824E-01  8.7490E-01  8.8015E-01  8.9133E-01  9.0197E-01  9.0200E-01  9.0539E-01  9.1036E-01  9.1049E-01  9.1313E-01  9.1393E-01  9.1485E-01  9.1585E-01  9.1634E-01  9.1679E-01  9.1722E-01  9.1759E-01  9.1790E-01  9.1817E-01  9.1839E-01
  0.0000E+00  0.0000E+00  3.0161E-03  3.6389E-03  4.3895E-03  5.2940E-03  6.3832E-03  7.6950E-03  9.2728E-03  1.1170E-02  1.3450E-02  1.6186E-02  1.9467E-02  2.3394E-02  2.8089E-02  3.3695E-02  4.0376E-02  4.8318E-02  5.7742E-02  6.8912E-02  8.2138E-02  9.7799E-02  1.1641E-01  1.3869E-01  1.6578E-01  1.9942E-01  2.4232E-01  2.9795E-01  3.6867E-01  4.5054E-01  5.2974E-01  5.9275E-01  6.3305E-01  6.4599E-01  6.5471E-01  6.6664E-01  7.0063E-01  7.3144E-01  7.4640E-01  7.4214E-01  7.5187E-01  7.5705E-01  7.4227E-01  7.3511E-01  7.3477E-01  7.4651E-01  7.9156E-01  8.2980E-01  8.6228E-01  8.7825E-01  8.7930E-01  8.7594E-01  8.7854E-01  8.9010E-01  9.0023E-01  9.0409E-01  9.0444E-01  9.1113E-01  9.1119E-01  9.1400E-01  9.1452E-01  9.1616E-01  9.1678E-01  9.1731E-01  9.1788E-01  9.1836E-01  9.1873E-01  9.1904E-01  9.1932E-01  9.1955E-01
  0.0000E+00  0.0000E+00  2.9159E-03  3.5181E-03  4.2440E-03  5.1188E-03  6.1722E-03  7.4411E-03  8.9675E-03  1.0804E-02  1.3010E-02  1.5658E-02  1.8835E-02  2.2638E-02  2.7187E-02  3.2621E-02  3.9100E-02  4.6805E-02  5.5951E-02  6.6797E-02  7.9640E-02  9.4845E-02  1.1290E-01  1.3446E-01  1.6056E-01  1.9279E-01  2.3360E-01  2.8632E-01  3.5375E-01  4.3380E-01  5.1467E-01  5.8185E-01  6.2810E-01  6.4679E-01  6.5438E-01  6.6627E-01  6.9282E-01  7.2837E-01  7.4710E-01  7.4351E-01  7.5219E-01  7.6171E-01  7.4917E-01  7.3958E-01  7.3644E-01  7.4044E-01  7.7938E-01  8.1781E-01  8.5641E-01  8.7515E-01  8.8024E-01  8.7857E-01  8.7852E-01  8.8716E-01  8.9800E-01  9.0541E-01  9.0417E-01  9.1055E-01  9.1245E-01  9.1431E-01  9.1547E-01  9.1716E-01  9.1751E-01  9.1837E-01  9.1901E-01  9.1946E-01  9.1982E-01  9.2014E-01  9.2041E-01  9.2064E-01
  0.0000E+00  0.0000E+00  2.8191E-03  3.4014E-03  4.1033E-03  4.9493E-03  5.9682E-03  7.1956E-03  8.6723E-03  1.0449E-02  1.2584E-02  1.5147E-02  1.8223E-02  2.1907E-02  2.6314E-02  3.1580E-02  3.7862E-02  4.5337E-02  5.4214E-02  6.4745E-02  7.7219E-02  9.1984E-02  1.0950E-01  1.3039E-01  1.5559E-01  1.8653E-01  2.2546E-01  2.7551E-01  3.3972E-01  4.1747E-01  4.9918E-01  5.7004E-01  6.2166E-01  6.4687E-01  6.5460E-01  6.6669E-01  6.8657E-01  7.2501E-01  7.4622E-01  7.4712E-01  7.5343E-01  7.6435E-01  7.5608E-01  7.4453E-01  7.4053E-01  7.4045E-01  7.6756E-01  8.0768E-01  8.4907E-01  8.7138E-01  8.8177E-01  8.8195E-01  8.7970E-01  8.9016E-01  8.9620E-01  9.0581E-01  9.0591E-01  9.0962E-01  9.1406E-01  9.1441E-01  9.1675E-01  9.1771E-01  9.1848E-01  9.1948E-01  9.1999E-01  9.2041E-01  9.2080E-01  9.2115E-01  9.2145E-01  9.2170E-01
  0.0000E+00  0.0000E+00  2.7257E-03  3.2889E-03  3.9677E-03  4.7859E-03  5.7715E-03  6.9588E-03  8.3875E-03  1.0107E-02  1.2173E-02  1.4655E-02  1.7632E-02  2.1200E-02  2.5470E-02  3.0574E-02  3.6666E-02  4.3918E-02  5.2534E-02  6.2760E-02  7.4876E-02  8.9219E-02  1.0623E-01  1.2648E-01  1.5084E-01  1.8062E-01  2.1784E-01  2.6544E-01  3.2656E-01  4.0173E-01  4.8348E-01  5.5747E-01  6.1389E-01  6.4575E-01  6.5531E-01  6.6715E-01  6.8259E-01  7.2079E-01  7.4455E-01  7.5172E-01  7.5450E-01  7.6497E-01  7.6260E-01  7.4999E-01  7.4509E-01  7.4356E-01  7.5896E-01  7.9920E-01  8.4023E-01  8.6723E-01  8.8274E-01  8.8471E-01  8.8145E-01  8.8429E-01  8.9460E-01  9.0237E-01  9.0802E-01  9.0886E-01  9.1491E-01  9.1507E-01  9.1778E-01  9.1824E-01  9.1968E-01  9.2036E-01  9.2083E-01  9.2134E-01  9.2179E-01  9.2214E-01  9.2244E-01  9.2270E-01
  0.0000E+00  0.0000E+00  2.6356E-03  3.1802E-03  3.8367E-03  4.6281E-03  5.5814E-03  6.7300E-03  8.1123E-03  9.7757E-03  1.1775E-02  1.4178E-02  1.7061E-02  2.0517E-02  2.4654E-02  2.9600E-02  3.5507E-02  4.2541E-02  5.0903E-02  6.0832E-02  7.2601E-02  8.6535E-02  1.0305E-01  1.2270E-01  1.4628E-01  1.7499E-01  2.1067E-01  2.5605E-01  3.1429E-01  3.8674E-01  4.6790E-01  5.4437E-01  6.0505E-01  6.4315E-01  6.5614E-01  6.6728E-01  6.8072E-01  7.1566E-01  7.4279E-01  7.5577E-01  7.5545E-01  7.6533E-01  7.6901E-01  7.5712E-01  7.5051E-01  7.4803E-01  7.5519E-01  7.9285E-01  8.3090E-01  8.6348E-01  8.8246E-01  8.8633E-01  8.8390E-01  8.8471E-01  8.9316E-01  9.0232E-01  9.0995E-01  9.0932E-01  9.1516E-01  9.1629E-01  9.1826E-01  9.1904E-01  9.2061E-01  9.2099E-01  9.2166E-01  9.2224E-01  9.2267E-01  9.2302E-01  9.2332E-01  9.2357E-01
  0.0000E+00  0.0000E+00  0.0000E+00  3.0757E-03  3.7108E-03  4.4763E-03  5.3986E-03  6.5099E-03  7.8475E-03  9.4574E-03  1.1393E-02  1.3719E-02  1.6511E-02  1.9858E-02  2.3866E-02  2.8661E-02  3.4388E-02  4.1212E-02  4.9327E-02  5.8968E-02  7.0400E-02  8.3938E-02  9.9985E-02  1.1905E-01  1.4190E-01  1.6961E-01  2.0388E-01  2.4724E-01  3.0279E-01  3.7247E-01  4.5250E-01  5.3083E-01  5.9528E-01  6.3905E-01  6.5665E-01  6.6710E-01  6.8015E-01  7.0998E-01  7.4092E-01  7.5815E-01  7.5688E-01  7.6637E-01  7.7463E-01  7.6488E-01  7.5694E-01  7.5335E-01  7.5444E-01  7.8719E-01  8.2221E-01  8.5938E-01  8.8030E-01  8.8730E-01  8.8691E-01  8.8638E-01  8.9751E-01  9.0218E-01  9.0657E-01  9.1070E-01  9.1464E-01  9.1762E-01  9.1852E-01  9.2003E-01  9.2114E-01  9.2166E-01  9.2249E-01  9.2301E-01  9.2340E-01  9.2376E-01  9.2407E-01  9.2434E-01
  0.0000E+00  0.0000E+00  0.0000E+00  2.9747E-03  3.5890E-03  4.3296E-03  5.2218E-03  6.2970E-03  7.5913E-03  9.1493E-03  1.1023E-02  1.3274E-02  1.5978E-02  1.9220E-02  2.3103E-02  2.7750E-02  3.3303E-02  3.9921E-02  4.7796E-02  5.7156E-02  6.8259E-02  8.1411E-02  9.6999E-02  1.1551E-01  1.3765E-01  1.6443E-01  1.9739E-01  2.3888E-01  2.9190E-01  3.5881E-01  4.3730E-01  5.1688E-01  5.8470E-01  6.3353E-01  6.5649E-01  6.6678E-01  6.8010E-01  7.0446E-01  7.3869E-01  7.5869E-01  7.5928E-01  7.6796E-01  7.7859E-01  7.7189E-01  7.6321E-01  7.5913E-01  7.5690E-01  7.8146E-01  8.1513E-01  8.5427E-01  8.7714E-01  8.8817E-01  8.9001E-01  8.8857E-01  8.9274E-01  9.0183E-01  9.0755E-01  9.1231E-01  9.1433E-01  9.1855E-01  9.1885E-01  9.2091E-01  9.2150E-01  9.2243E-01  9.2316E-01  9.2361E-01  9.2402E-01  9.2441E-01  9.2474E-01  9.2502E-01
  0.0000E+00  0.0000E+00  0.0000E+00  2.8773E-03  3.4715E-03  4.1880E-03  5.0513E-03  6.0917E-03  7.3442E-03  8.8520E-03  1.0666E-02  1.2845E-02  1.5463E-02  1.8603E-02  2.2365E-02  2.6869E-02  3.2252E-02  3.8671E-02  4.6313E-02  5.5399E-02  6.6182E-02  7.8959E-02  9.4102E-02  1.1208E-01  1.3354E-01  1.5944E-01  1.9119E-01  2.3094E-01  2.8160E-01  3.4578E-01  4.2240E-01  5.0264E-01  5.7342E-01  6.2676E-01  6.5539E-01  6.6646E-01  6.8000E-01  6.9977E-01  7.3574E-01  7.5776E-01  7.6239E-01  7.6933E-01  7.8038E-01  7.7749E-01  7.6840E-01  7.6438E-01  7.6150E-01  7.7649E-01  8.0969E-01  8.4821E-01  8.7369E-01  8.8877E-01  8.9245E-01  8.9059E-01  8.9266E-01  9.0086E-01  9.0715E-01  9.1421E-01  9.1430E-01  9.1903E-01  9.1952E-01  9.2143E-01  9.2193E-01  9.2314E-01  9.2365E-01  9.2414E-01  9.2462E-01  9.2502E-01  9.2535E-01  9.2564E-01
  0.0000E+00  0.0000E+00  0.0000E+00  2.7833E-03  3.3583E-03  4.0515E-03  4.8869E-03  5.8937E-03  7.1058E-03  8.5653E-03  1.0321E-02  1.2431E-02  1.4966E-02  1.8008E-02  2.1653E-02  2.6018E-02  3.1236E-02  3.7463E-02  4.4877E-02  5.3697E-02  6.4169E-02  7.6580E-02  9.1291E-02  1.0875E-01  1.2957E-01  1.5463E-01  1.8524E-01  2.2340E-01  2.7185E-01  3.3338E-01  4.0792E-01  4.8827E-01  5.6159E-01  6.1894E-01  6.5316E-01  6.6612E-01  6.7955E-01  6.9624E-01  7.3184E-01  7.5599E-01  7.6550E-01  7.7005E-01  7.8062E-01  7.8205E-01  7.7323E-01  7.6871E-01  7.6631E-01  7.7374E-01  8.0532E-01  8.4148E-01  8.7018E-01  8.8850E-01  8.9374E-01  8.9237E-01  8.9302E-01  9.0003E-01  9.0788E-01  9.1010E-01  9.1479E-01  9.1890E-01  9.2029E-01  9.2169E-01  9.2247E-01  9.2362E-01  9.2404E-01  9.2465E-01  9.2515E-01  9.2554E-01  9.2587E-01  9.2616E-01
  0.0000E+00  0.0000E+00  0.0000E+00  2.6927E-03  3.2490E-03  3.9198E-03  4.7281E-03  5.7024E-03  6.8757E-03  8.2883E-03  9.9879E-03  1.2031E-02  1.4486E-02  1.7432E-02  2.0964E-02  2.5194E-02  3.0254E-02  3.6292E-02  4.3486E-02  5.2047E-02  6.2216E-02  7.4272E-02  8.8564E-02  1.0552E-01  1.2572E-01  1.4999E-01  1.7954E-01  2.1621E-01  2.6259E-01  3.2156E-01  3.9383E-01  4.7381E-01  5.4924E-01  6.1020E-01  6.4979E-01  6.6576E-01  6.7881E-01  6.9394E-01  7.2712E-01  7.5394E-01  7.6803E-01  7.7050E-01  7.8061E-01  7.8629E-01  7.7870E-01  7.7322E-01  7.7098E-01  7.7329E-01  8.0190E-01  8.3467E-01  8.6677E-01  8.8718E-01  8.9423E-01  8.9424E-01  8.9413E-01  8.9963E-01  9.0741E-01  9.1124E-01  9.1580E-01  9.1872E-01  9.2108E-01  9.2185E-01  9.2308E-01  9.2394E-01  9.2448E-01  9.2515E-01  9.2562E-01  9.2599E-01  9.2634E-01  9.2664E-01
  0.0000E+00  0.0000E+00  0.0000E+00  2.6050E-03  3.1432E-03  3.7923E-03  4.5745E-03  5.5174E-03  6.6529E-03  8.0202E-03  9.6655E-03  1.1644E-02  1.4021E-02  1.6875E-02  2.0296E-02  2.4395E-02  2.9300E-02  3.5156E-02  4.2135E-02  5.0445E-02  6.0318E-02  7.2028E-02  8.5912E-02  1.0238E-01  1.2199E-01  1.4550E-01  1.7404E-01  2.0932E-01  2.5378E-01  3.1028E-01  3.8017E-01  4.5933E-01  5.3643E-01  6.0066E-01  6.4523E-01  6.6514E-01  6.7785E-01  6.9252E-01  7.2192E-01  7.5172E-01  7.6938E-01  7.7119E-01  7.8102E-01  7.8998E-01  7.8439E-01  7.7821E-01  7.7570E-01  7.7456E-01  7.9886E-01  8.2850E-01  8.6307E-01  8.8469E-01  8.9431E-01  8.9625E-01  8.9576E-01  8.9968E-01  9.0725E-01  9.1208E-01  9.1695E-01  9.1842E-01  9.2164E-01  9.2210E-01  9.2359E-01  9.2418E-01  9.2495E-01  9.2556E-01  9.2600E-01  9.2640E-01  9.2676E-01  9.2707E-01
  0.0000E+00  0.0000E+00  0.0000E+00  0.0000E+00  3.0413E-03  3.6694E-03  4.4264E-03  5.3390E-03  6.4380E-03  7.7617E-03  9.3544E-03  1.1270E-02  1.3572E-02  1.6336E-02  1.9651E-02  2.3624E-02  2.8379E-02  3.4057E-02  4.0828E-02  4.8892E-02  5.8479E-02  6.9852E-02  8.3340E-02  9.9336E-02  1.1837E-01  1.4116E-01  1.6875E-01  2.0273E-01  2.4538E-01  2.9953E-01  3.6701E-01  4.4499E-01  5.2329E-01  5.9046E-01  6.3953E-01  6.6400E-01  6.7672E-01  6.9148E-01  7.1671E-01  7.4916E-01  7.6931E-01  7.7238E-01  7.8171E-01  7.9246E-01  7.8929E-01  7.8286E-01  7.8016E-01  7.7745E-01  7.9571E-01  8.2360E-01  8.5879E-01  8.8163E-01  8.9429E-01  8.9806E-01  8.9741E-01  8.9984E-01  9.0679E-01  9.1208E-01  9.1794E-01  9.1845E-01  9.2186E-01  9.2244E-01  9.2392E-01  9.2442E-01  9.2536E-01  9.2586E-01  9.2632E-01  9.2676E-01  9.2713E-01  9.2744E-01
  0.0000E+00  0.0000E+00  0.0000E+00  0.0000E+00  2.9425E-03  3.5503E-03  4.2828E-03  5.1660E-03  6.2297E-03  7.5109E-03  9.0528E-03  1.0908E-02  1.3137E-02  1.5814E-02  1.9025E-02  2.2875E-02  2.7483E-02  3.2989E-02  3.9557E-02  4.7382E-02  5.6688E-02  6.7732E-02  8.0833E-02  9.6368E-02  1.1485E-01  1.3694E-01  1.6363E-01  1.9637E-01  2.3731E-01  2.8923E-01  3.5426E-01  4.3074E-01  5.0980E-01  5.7961E-01  6.3276E-01  6.6213E-01  6.7553E-01  6.9045E-01  7.1191E-01  7.4602E-01  7.6804E-01  7.7406E-01  7.8228E-01  7.9347E-01  7.9311E-01  7.8671E-01  7.8395E-01  7.8139E-01  7.9281E-01  8.1984E-01  8.5383E-01  8.7841E-01  8.9404E-01  8.9931E-01  8.9879E-01  9.0000E-01  9.0617E-01  9.1213E-01  9.1882E-01  9.1868E-01  9.2185E-01  9.2288E-01  9.2407E-01  9.2473E-01  9.2566E-01  9.2611E-01  9.2663E-01  9.2708E-01  9.2745E-01  9.2777E-01
  0.0000E+00  0.0000E+00  0.0000E+00  0.0000E+00  2.8473E-03  3.4356E-03  4.1446E-03  4.9995E-03  6.0291E-03  7.2694E-03  8.7623E-03  1.0558E-02  1.2717E-02  1.5310E-02  1.8422E-02  2.2152E-02  2.6620E-02  3.1958E-02  3.8329E-02  4.5923E-02  5.4956E-02  6.5682E-02  7.8408E-02  9.3498E-02  1.1144E-01  1.3287E-01  1.5869E-01  1.9028E-01  2.2962E-01  2.7941E-01  3.4201E-01  4.1675E-01  4.9612E-01  5.6826E-01  6.2508E-01  6.5942E-01  6.7434E-01  6.8926E-01  7.0790E-01  7.4216E-01  7.6601E-01  7.7586E-01  7.8242E-01  7.9332E-01  7.9610E-01  7.9018E-01  7.8703E-01  7.8536E-01  7.9106E-01  8.1676E-01  8.4842E-01  8.7516E-01  8.9320E-01  8.9981E-01  8.9992E-01  9.0037E-01  9.0549E-01  9.1216E-01  9.1217E-01  9.1916E-01  9.2162E-01  9.2330E-01  9.2416E-01  9.2506E-01  9.2585E-01  9.2636E-01  9.2692E-01  9.2737E-01  9.2774E-01  9.2807E-01
  0.0000E+00  0.0000E+00  0.0000E+00  0.0000E+00  2.7552E-03  3.3244E-03  4.0106E-03  4.8380E-03  5.8347E-03  7.0353E-03  8.4806E-03  1.0220E-02  1.2310E-02  1.4822E-02  1.7836E-02  2.1451E-02  2.5781E-02  3.0957E-02  3.7136E-02  4.4504E-02  5.3272E-02  6.3687E-02  7.6046E-02  9.0703E-02  1.0812E-01  1.2891E-01  1.5391E-01  1.8440E-01  2.2224E-01  2.7000E-01  3.3021E-01  4.0301E-01  4.8227E-01  5.5642E-01  6.1658E-01  6.5577E-01  6.7311E-01  6.8784E-01  7.0476E-01  7.3760E-01  7.6359E-01  7.7734E-01  7.8226E-01  7.9274E-01  7.9872E-01  7.9388E-01  7.9005E-01  7.8897E-01  7.9078E-01  8.1429E-01  8.4301E-01  8.7199E-01  8.9164E-01  8.9969E-01  9.0100E-01  9.0112E-01  9.0514E-01  9.1163E-01  9.1538E-01  9.1979E-01  9.2143E-01  9.2363E-01  9.2424E-01  9.2535E-01  9.2598E-01  9.2660E-01  9.2716E-01  9.2760E-01  9.2797E-01  9.2832E-01
  0.0000E+00  0.0000E+00  0.0000E+00  0.0000E+00  2.6662E-03  3.2171E-03  3.8812E-03  4.6821E-03  5.6468E-03  6.8092E-03  8.2085E-03  9.8922E-03  1.1917E-02  1.4349E-02  1.7269E-02  2.0772E-02  2.4969E-02  2.9988E-02  3.5980E-02  4.3129E-02  5.1639E-02  6.1750E-02  7.3753E-02  8.7989E-02  1.0490E-01  1.2507E-01  1.4929E-01  1.7874E-01  2.1516E-01  2.6100E-01  3.1888E-01  3.8961E-01  4.6838E-01  5.4418E-01  6.0736E-01  6.5112E-01  6.7165E-01  6.8614E-01  7.0228E-01  7.3246E-01  7.6088E-01  7.7793E-01  7.8197E-01  7.9219E-01  8.0086E-01  7.9756E-01  7.9315E-01  7.9210E-01  7.9143E-01  8.1198E-01  8.3797E-01  8.6867E-01  8.8927E-01  8.9921E-01  9.0201E-01  9.0207E-01  9.0502E-01  9.1095E-01  9.0909E-01  9.2038E-01  9.2122E-01  9.2377E-01  9.2434E-01  9.2552E-01  9.2607E-01  9.2680E-01  9.2732E-01  9.2776E-01  9.2816E-01  9.2851E-01
  0.0000E+00  0.0000E+00  0.0000E+00  0.0000E+00  2.5802E-03  3.1133E-03  3.7562E-03  4.5313E-03  5.4652E-03  6.5905E-03  7.9452E-03  9.5756E-03  1.1536E-02  1.3892E-02  1.6721E-02  2.0115E-02  2.4183E-02  2.9048E-02  3.4860E-02  4.1795E-02  5.0054E-02  5.9870E-02  7.1526E-02  8.5352E-02  1.0178E-01  1.2135E-01  1.4481E-01  1.7327E-01  2.0835E-01  2.5237E-01  3.0798E-01  3.7653E-01  4.5445E-01  5.3156E-01  5.9750E-01  6.4550E-01  6.6986E-01  6.8430E-01  7.0024E-01  7.2710E-01  7.5791E-01  7.7747E-01  7.8194E-01  7.9188E-01  8.0232E-01  8.0086E-01  7.9620E-01  7.9493E-01  7.9301E-01  8.0941E-01  8.3357E-01  8.6491E-01  8.8636E-01  8.9860E-01  9.0291E-01  9.0302E-01  9.0501E-01  9.1072E-01  9.1517E-01  9.2082E-01  9.2119E-01  9.2374E-01  9.2449E-01  9.2561E-01  9.2618E-01  9.2697E-01  9.2745E-01  9.2791E-01  9.2833E-01  9.2869E-01
  0.0000E+00  0.0000E+00  0.0000E+00  0.0000E+00  0.0000E+00  3.0129E-03  3.6350E-03  4.3854E-03  5.2893E-03  6.3786E-03  7.6902E-03  9.2688E-03  1.1168E-02  1.3449E-02  1.6190E-02  1.9478E-02  2.3420E-02  2.8137E-02  3.3772E-02  4.0499E-02  4.8514E-02  5.8042E-02  6.9360E-02  8.2786E-02  9.8735E-02  1.1772E-01  1.4046E-01  1.6797E-01  2.0178E-01  2.4407E-01  2.9749E-01  3.6379E-01  4.4055E-01  5.1860E-01  5.8705E-01  6.3893E-01  6.6755E-01  6.8237E-01  6.9835E-01  7.2186E-01  7.5451E-01  7.7597E-01  7.8228E-01  7.9157E-01  8.0274E-01  8.0335E-01  7.9874E-01  7.9724E-01  7.9535E-01  8.0670E-01  8.3000E-01  8.6063E-01  8.8327E-01  8.9787E-01  9.0348E-01  9.0378E-01  9.0499E-01  9.0996E-01  9.1497E-01  9.2116E-01  9.2128E-01  9.2359E-01  9.2467E-01  9.2562E-01  9.2629E-01  9.2706E-01  9.2754E-01  9.2804E-01  9.2847E-01  9.2883E-01
  0.0000E+00  0.0000E+00  0.0000E+00  0.0000E+00  0.0000E+00  2.9160E-03  3.5182E-03  4.2445E-03  5.1196E-03  6.1742E-03  7.4442E-03  8.9728E-03  1.0812E-02  1.3022E-02  1.5676E-02  1.8863E-02  2.2684E-02  2.7256E-02  3.2721E-02  3.9246E-02  4.7023E-02  5.6273E-02  6.7262E-02  8.0301E-02  9.5788E-02  1.1422E-01  1.3626E-01  1.6287E-01  1.9547E-01  2.3614E-01  2.8744E-01  3.5146E-01  4.2678E-01  5.0538E-01  5.7611E-01  6.3154E-01  6.6464E-01  6.8049E-01  6.9650E-01  7.1717E-01  7.5061E-01  7.7373E-01  7.8296E-01  7.9112E-01  8.0227E-01  8.0522E-01  8.0098E-01  7.9912E-01  7.9803E-01  8.0457E-01  8.2708E-01  8.5597E-01  8.8014E-01  8.9682E-01  9.0358E-01  9.0436E-01  9.0504E-01  9.0940E-01  9.1474E-01  9.2124E-01  9.2148E-01  9.2334E-01  9.2483E-01  9.2560E-01  9.2643E-01  9.2712E-01  9.2764E-01  9.2816E-01  9.2859E-01  9.2896E-01
  0.0000E+00  0.0000E+00  0.0000E+00  0.0000E+00  0.0000E+00  2.8222E-03  3.4051E-03  4.1082E-03  4.9553E-03  5.9763E-03  7.2059E-03  8.6861E-03  1.0467E-02  1.2608E-02  1.5179E-02  1.8267E-02  2.1969E-02  2.6402E-02  3.1701E-02  3.8030E-02  4.5576E-02  5.4554E-02  6.5223E-02  7.7885E-02  9.2925E-02  1.1081E-01  1.3218E-01  1.5794E-01  1.8940E-01  2.2852E-01  2.7780E-01  3.3955E-01  4.1321E-01  4.9199E-01  5.6473E-01  6.2339E-01  6.6097E-01  6.7861E-01  6.9452E-01  7.1317E-01  7.4613E-01  7.7104E-01  7.8362E-01  7.9041E-01  8.0124E-01  8.0670E-01  8.0324E-01  8.0080E-01  8.0052E-01  8.0346E-01  8.2464E-01  8.5123E-01  8.7711E-01  8.9530E-01  9.0321E-01  9.0485E-01  9.0530E-01  9.0876E-01  9.1421E-01  9.1179E-01  9.2177E-01  9.2309E-01  9.2492E-01  9.2556E-01  9.2652E-01  9.2712E-01  9.2772E-01  9.2824E-01  9.2867E-01  9.2904E-01
  0.0000E+00  0.0000E+00  0.0000E+00  0.0000E+00  0.0000E+00  2.7313E-03  3.2956E-03  3.9761E-03  4.7962E-03  5.7846E-03  6.9751E-03  8.4083E-03  1.0133E-02  1.2206E-02  1.4697E-02  1.7688E-02  2.1277E-02  2.5573E-02  3.0711E-02  3.6850E-02  4.4171E-02  5.2884E-02  6.3242E-02  7.5537E-02  9.0141E-02  1.0750E-01  1.2823E-01  1.5316E-01  1.8354E-01  2.2119E-01  2.6853E-01  3.2801E-01  3.9984E-01  4.7842E-01  5.5291E-01  6.1453E-01  6.5649E-01  6.7667E-01  6.9240E-01  7.0984E-01  7.4110E-01  7.6807E-01  7.8385E-01  7.8954E-01  8.0009E-01  8.0796E-01  8.0568E-01  8.0264E-01  8.0266E-01  8.0321E-01  8.2239E-01  8.4659E-01  8.7401E-01  8.9319E-01  9.0252E-01  9.0533E-01  9.0577E-01  9.0856E-01  9.1389E-01  9.1757E-01  9.2206E-01  9.2288E-01  9.2492E-01  9.2555E-01  9.2656E-01  9.2712E-01  9.2779E-01  9.2829E-01  9.2873E-01  9.2912E-01
  0.0000E+00  0.0000E+00  0.0000E+00  0.0000E+00  0.0000E+00  2.6435E-03  3.1897E-03  3.8485E-03  4.6423E-03  5.5993E-03  6.7519E-03  8.1397E-03  9.8098E-03  1.1818E-02  1.4231E-02  1.7129E-02  2.0606E-02  2.4770E-02  2.9751E-02  3.5705E-02  4.2808E-02  5.1263E-02  6.1319E-02  7.3256E-02  8.7437E-02  1.0429E-01  1.2439E-01  1.4854E-01  1.7789E-01  2.1414E-01  2.5963E-01  3.1690E-01  3.8675E-01  4.6480E-01  5.4073E-01  6.0507E-01  6.5114E-01  6.7449E-01  6.9009E-01  7.0700E-01  7.3570E-01  7.6486E-01  7.8329E-01  7.8870E-01  7.9905E-01  8.0879E-01  8.0795E-01  8.0455E-01  8.0444E-01  8.0362E-01  8.2003E-01  8.4236E-01  8.7069E-01  8.9058E-01  9.0165E-01  9.0574E-01  9.0626E-01  9.0832E-01  9.1333E-01  9.1748E-01  9.2224E-01  9.2271E-01  9.2479E-01  9.2555E-01  9.2653E-01  9.2711E-01  9.2781E-01  9.2830E-01  9.2875E-01  9.2916E-01
  0.0000E+00  0.0000E+00  0.0000E+00  0.0000E+00  0.0000E+00  2.5587E-03  3.0874E-03  3.7252E-03  4.4938E-03  5.4202E-03  6.5363E-03  7.8801E-03  9.4975E-03  1.1442E-02  1.3780E-02  1.6588E-02  1.9957E-02  2.3994E-02  2.8823E-02  3.4597E-02  4.1488E-02  4.9694E-02  5.9454E-02  7.1046E-02  8.4815E-02  1.0118E-01  1.2068E-01  1.4407E-01  1.7243E-01  2.0737E-01  2.5110E-01  3.0620E-01  3.7397E-01  4.5117E-01  5.2824E-01  5.9507E-01  6.4497E-01  6.7200E-01  6.8772E-01  7.0448E-01  7.3024E-01  7.6138E-01  7.8188E-01  7.8816E-01  7.9817E-01  8.0903E-01  8.0980E-01  8.0633E-01  8.0593E-01  8.0474E-01  8.1744E-01  8.3873E-01  8.6702E-01  8.8772E-01  9.0074E-01  9.0600E-01  9.0669E-01  9.0815E-01  9.1269E-01  9.1725E-01  9.2233E-01  9.2265E-01  9.2458E-01  9.2555E-01  9.2645E-01  9.2709E-01  9.2779E-01  9.2829E-01  9.2876E-01  9.2918E-01
  0.0000E+00  0.0000E+00  0.0000E+00  0.0000E+00  0.0000E+00  0.0000E+00  2.9883E-03  3.6056E-03  4.3497E-03  5.2466E-03  6.3272E-03  7.6284E-03  9.1946E-03  1.1078E-02  1.3342E-02  1.6062E-02  1.9328E-02  2.3240E-02  2.7922E-02  3.3521E-02  4.0205E-02  4.8167E-02  5.7641E-02  6.8894E-02  8.2263E-02  9.8147E-02  1.1707E-01  1.3973E-01  1.6715E-01  2.0083E-01  2.4288E-01  2.9586E-01  3.6149E-01  4.3754E-01  5.1542E-01  5.8454E-01  6.3798E-01  6.6904E-01  6.8535E-01  7.0209E-01  7.2501E-01  7.5751E-01  7.7970E-01  7.8797E-01  7.9729E-01  8.0850E-01  8.1109E-01  8.0782E-01  8.0706E-01  8.0635E-01  8.1494E-01  8.3569E-01  8.6295E-01  8.8477E-01  8.9967E-01  9.0597E-01  9.0697E-01  9.0795E-01  9.1201E-01  9.1666E-01  9.2231E-01  9.2265E-01  9.2432E-01  9.2556E-01  9.2634E-01  9.2708E-01  9.2775E-01  9.2827E-01  9.2876E-01  9.2918E-01
  0.0000E+00  0.0000E+00  0.0000E+00  0.0000E+00  0.0000E+00  0.0000E+00  2.8925E-03  3.4902E-03  4.2105E-03  5.0789E-03  6.1251E-03  7.3851E-03  8.9019E-03  1.0726E-02  1.2920E-02  1.5555E-02  1.8719E-02  2.2510E-02  2.7050E-02  3.2479E-02  3.8963E-02  4.6689E-02  5.5884E-02  6.6809E-02  7.9790E-02  9.5211E-02  1.1357E-01  1.3553E-01  1.6206E-01  1.9455E-01  2.3499E-01  2.8592E-01  3.4935E-01  4.2401E-01  5.0233E-01  5.7354E-01  6.3025E-01  6.6552E-01  6.8304E-01  6.9973E-01  7.2029E-01  7.5317E-01  7.7697E-01  7.8801E-01  7.9626E-01  8.0735E-01  8.1197E-01  8.0921E-01  8.0793E-01  8.0804E-01  8.1297E-01  8.3300E-01  8.5858E-01  8.8180E-01  8.9828E-01  9.0557E-01  9.0716E-01  9.0788E-01  9.1135E-01  9.1623E-01  9.2212E-01  9.2273E-01  9.2404E-01  9.2554E-01  9.2624E-01  9.2708E-01  9.2770E-01  9.2826E-01  9.2876E-01  9.2919E-01
  0.0000E+00  0.0000E+00  0.0000E+00  0.0000E+00  0.0000E+00  0.0000E+00  2.7998E-03  3.3783E-03  4.0757E-03  4.9164E-03  5.9294E-03  7.1495E-03  8.6183E-03  1.0385E-02  1.2510E-02  1.5063E-02  1.8128E-02  2.1803E-02  2.6203E-02  3.1468E-02  3.7756E-02  4.5252E-02  5.4177E-02  6.4782E-02  7.7385E-02  9.2357E-02  1.1017E-01  1.3146E-01  1.5713E-01  1.8848E-01  2.2740E-01  2.7636E-01  3.3758E-01  4.1062E-01  4.8906E-01  5.6212E-01  6.2182E-01  6.6130E-01  6.8070E-01  6.9726E-01  7.1615E-01  7.4828E-01  7.7386E-01  7.8789E-01  7.9499E-01  8.0581E-01  8.1257E-01  8.1064E-01  8.0875E-01  8.0941E-01  8.1168E-01  8.3052E-01  8.5416E-01  8.7882E-01  8.9646E-01  9.0485E-01  9.0728E-01  9.0794E-01  9.1081E-01  9.1542E-01  9.1325E-01  9.2282E-01  9.2377E-01  9.2546E-01  9.2613E-01  9.2703E-01  9.2762E-01  9.2823E-01  9.2873E-01  9.2916E-01
  0.0000E+00  0.0000E+00  0.0000E+00  0.0000E+00  0.0000E+00  0.0000E+00  2.7101E-03  3.2702E-03  3.9453E-03  4.7593E-03  5.7401E-03  6.9215E-03  8.3439E-03  1.0055E-02  1.2113E-02  1.4586E-02  1.7557E-02  2.1118E-02  2.5383E-02  3.0488E-02  3.6587E-02  4.3860E-02  5.2521E-02  6.2816E-02  7.5052E-02  8.9587E-02  1.0687E-01  1.2752E-01  1.5236E-01  1.8263E-01  2.2010E-01  2.6716E-01  3.2618E-01  3.9743E-01  4.7564E-01  5.5031E-01  6.1278E-01  6.5633E-01  6.7828E-01  6.9467E-01  7.1258E-01  7.4295E-01  7.7051E-01  7.8735E-01  7.9366E-01  8.0427E-01  8.1298E-01  8.1218E-01  8.0976E-01  8.1051E-01  8.1105E-01  8.2806E-01  8.4985E-01  8.7573E-01  8.9417E-01  9.0391E-01  9.0741E-01  9.0812E-01  9.1014E-01  9.1466E-01  9.1850E-01  9.2289E-01  9.2353E-01  9.2532E-01  9.2605E-01  9.2696E-01  9.2754E-01  9.2819E-01  9.2869E-01  9.2913E-01
  0.0000E+00  0.0000E+00  0.0000E+00  0.0000E+00  0.0000E+00  0.0000E+00  2.6232E-03  3.1654E-03  3.8190E-03  4.6071E-03  5.5567E-03  6.7006E-03  8.0780E-03  9.7354E-03  1.1728E-02  1.4124E-02  1.7002E-02  2.0454E-02  2.4588E-02  2.9538E-02  3.5452E-02  4.2508E-02  5.0912E-02  6.0906E-02  7.2785E-02  8.6895E-02  1.0367E-01  1.2369E-01  1.4775E-01  1.7699E-01  2.1307E-01  2.5831E-01  3.1516E-01  3.8448E-01  4.6212E-01  5.3813E-01  6.0315E-01  6.5059E-01  6.7569E-01  6.9203E-01  7.0947E-01  7.3738E-01  7.6697E-01  7.8615E-01  7.9250E-01  8.0291E-01  8.1310E-01  8.1363E-01  8.1095E-01  8.1145E-01  8.1110E-01  8.2546E-01  8.4593E-01  8.7239E-01  8.9152E-01  9.0290E-01  9.0750E-01  9.0834E-01  9.1006E-01  9.1443E-01  9.1813E-01  9.2289E-01  9.2336E-01  9.2511E-01  9.2597E-01  9.2685E-01  9.2747E-01  9.2814E-01  9.2863E-01  9.2909E-01
  0.0000E+00  0.0000E+00  0.0000E+00  0.0000E+00  0.0000E+00  0.0000E+00  0.0000E+00  3.0642E-03  3.6970E-03  4.4599E-03  5.3794E-03  6.4871E-03  7.8211E-03  9.4262E-03  1.1357E-02  1.3678E-02  1.6466E-02  1.9811E-02  2.3819E-02  2.8617E-02  3.4354E-02  4.1198E-02  4.9354E-02  5.9054E-02  7.0586E-02  8.4286E-02  1.0057E-01  1.1999E-01  1.4328E-01  1.7154E-01  2.0632E-01  2.4981E-01  3.0454E-01  3.7182E-01  4.4860E-01  5.2566E-01  5.9304E-01  6.4409E-01  6.7278E-01  6.8935E-01  7.0664E-01  7.3183E-01  7.6315E-01  7.8421E-01  7.9163E-01  8.0166E-01  8.1266E-01  8.1466E-01  8.1199E-01  8.1212E-01  8.1172E-01  8.2271E-01  8.4253E-01  8.6873E-01  8.8871E-01  9.0182E-01  9.0743E-01  9.0847E-01  9.0978E-01  9.1373E-01  9.1463E-01  9.2282E-01  9.2324E-01  9.2485E-01  9.2590E-01  9.2670E-01  9.2739E-01  9.2805E-01  9.2855E-01  9.2903E-01
  0.0000E+00  0.0000E+00  0.0000E+00  0.0000E+00  0.0000E+00  0.0000E+00  0.0000E+00  2.9660E-03  3.5786E-03  4.3173E-03  5.2075E-03  6.2801E-03  7.5718E-03  9.1263E-03  1.0996E-02  1.3245E-02  1.5946E-02  1.9187E-02  2.3072E-02  2.7724E-02  3.3286E-02  3.9925E-02  4.7838E-02  5.7252E-02  6.8447E-02  8.1747E-02  9.7553E-02  1.1639E-01  1.3895E-01  1.6627E-01  1.9980E-01  2.4163E-01  2.9428E-01  3.5945E-01  4.3509E-01  5.1288E-01  5.8244E-01  6.3683E-01  6.6942E-01  6.8668E-01  7.0391E-01  7.2654E-01  7.5895E-01  7.8161E-01  7.9105E-01  8.0037E-01  8.1158E-01  8.1524E-01  8.1283E-01  8.1248E-01  8.1267E-01  8.2011E-01  8.3955E-01  8.6474E-01  8.8583E-01  9.0057E-01  9.0709E-01  9.0848E-01  9.0946E-01  9.1303E-01  9.1596E-01  9.2264E-01  9.2315E-01  9.2454E-01  9.2580E-01  9.2654E-01  9.2730E-01  9.2793E-01  9.2847E-01  9.2896E-01
  0.0000E+00  0.0000E+00  0.0000E+00  0.0000E+00  0.0000E+00  0.0000E+00  0.0000E+00  2.8713E-03  3.4643E-03  4.1796E-03  5.0416E-03  6.0801E-03  7.3310E-03  8.8365E-03  1.0648E-02  1.2826E-02  1.5443E-02  1.8584E-02  2.2349E-02  2.6859E-02  3.2253E-02  3.8693E-02  4.6371E-02  5.5507E-02  6.6375E-02  7.9286E-02  9.4629E-02  1.1290E-01  1.3477E-01  1.6119E-01  1.9353E-01  2.3378E-01  2.8441E-01  3.4744E-01  4.2170E-01  4.9990E-01  5.7144E-01  6.2891E-01  6.6552E-01  6.8404E-01  7.0118E-01  7.2172E-01  7.5428E-01  7.7854E-01  7.9060E-01  7.9891E-01  8.0997E-01  8.1547E-01  8.1359E-01  8.1267E-01  8.1355E-01  8.1800E-01  8.3684E-01  8.6055E-01  8.8296E-01  8.9902E-01  9.0644E-01  9.0841E-01  9.0923E-01  9.1229E-01  9.1675E-01  9.1930E-01  9.2310E-01  9.2422E-01  9.2566E-01  9.2636E-01  9.2719E-01  9.2779E-01  9.2836E-01  9.2886E-01
  0.0000E+00  0.0000E+00  0.0000E+00  0.0000E+00  0.0000E+00  0.0000E+00  0.0000E+00  2.7795E-03  3.3537E-03  4.0462E-03  4.8808E-03  5.8865E-03  7.0979E-03  8.5559E-03  1.0310E-02  1.2420E-02  1.4956E-02  1.8000E-02  2.1649E-02  2.6021E-02  3.1251E-02  3.7498E-02  4.4947E-02  5.3814E-02  6.4363E-02  7.6897E-02  9.1790E-02  1.0952E-01  1.3071E-01  1.5627E-01  1.8748E-01  2.2621E-01  2.7490E-01  3.3576E-01  4.0843E-01  4.8669E-01  5.6000E-01  6.2033E-01  6.6097E-01  6.8141E-01  6.9838E-01  7.1744E-01  7.4913E-01  7.7515E-01  7.9000E-01  7.9729E-01  8.0813E-01  8.1554E-01  8.1447E-01  8.1293E-01  8.1418E-01  8.1643E-01  8.3418E-01  8.5626E-01  8.8001E-01  8.9708E-01  9.0555E-01  9.0834E-01  9.0914E-01  9.1174E-01  9.1617E-01  9.2196E-01  9.2307E-01  9.2392E-01  9.2550E-01  9.2620E-01  9.2707E-01  9.2766E-01  9.2827E-01  9.2877E-01
  0.0000E+00  0.0000E+00  0.0000E+00  0.0000E+00  0.0000E+00  0.0000E+00  0.0000E+00  2.6906E-03  3.2465E-03  3.9169E-03  4.7250E-03  5.6988E-03  6.8718E-03  8.2839E-03  9.9830E-03  1.2027E-02  1.4484E-02  1.7433E-02  2.0969E-02  2.5207E-02  3.0279E-02  3.6336E-02  4.3564E-02  5.2168E-02  6.2407E-02  7.4574E-02  8.9031E-02  1.0623E-01  1.2678E-01  1.5151E-01  1.8164E-01  2.1893E-01  2.6574E-01  3.2443E-01  3.9532E-01  4.7333E-01  5.4818E-01  6.1117E-01  6.5572E-01  6.7871E-01  6.9552E-01  7.1369E-01  7.4359E-01  7.7155E-01  7.8899E-01  7.9567E-01  8.0634E-01  8.1546E-01  8.1546E-01  8.1344E-01  8.1464E-01  8.1547E-01  8.3149E-01  8.5211E-01  8.7693E-01  8.9473E-01  9.0453E-01  9.0827E-01  9.0914E-01  9.1125E-01  9.1551E-01  9.1682E-01  9.2301E-01  9.2365E-01  9.2529E-01  9.2606E-01  9.2692E-01  9.2752E-01  9.2816E-01  9.2866E-01
  0.0000E+00  0.0000E+00  0.0000E+00  0.0000E+00  0.0000E+00  0.0000E+00  0.0000E+00  2.6046E-03  3.1428E-03  3.7919E-03  4.5744E-03  5.5173E-03  6.6532E-03  8.0208E-03  9.6664E-03  1.1646E-02  1.4027E-02  1.6884E-02  2.0311E-02  2.4420E-02  2.9337E-02  3.5212E-02  4.2223E-02  5.0572E-02  6.0510E-02  7.2322E-02  8.6355E-02  1.0305E-01  1.2297E-01  1.4691E-01  1.7601E-01  2.1193E-01  2.5694E-01  3.1349E-01  3.8247E-01  4.5990E-01  5.3604E-01  6.0148E-01  6.4974E-01  6.7583E-01  6.9260E-01  7.1035E-01  7.3787E-01  7.6775E-01  7.8735E-01  7.9423E-01  8.0469E-01  8.1506E-01  8.1629E-01  8.1404E-01  8.1491E-01  8.1509E-01  8.2862E-01  8.4829E-01  8.7360E-01  8.9211E-01  9.0343E-01  9.0815E-01  9.0913E-01  9.1077E-01  9.1483E-01  9.1846E-01  9.2290E-01  9.2341E-01  9.2502E-01  9.2591E-01  9.2675E-01  9.2738E-01  9.2803E-01  9.2853E-01
  0.0000E+00  0.0000E+00  0.0000E+00  0.0000E+00  0.0000E+00  0.0000E+00  0.0000E+00  0.0000E+00  3.0424E-03  3.6709E-03  4.4284E-03  5.3415E-03  6.4414E-03  7.7658E-03  9.3596E-03  1.1277E-02  1.3583E-02  1.6352E-02  1.9673E-02  2.3656E-02  2.8423E-02  3.4120E-02  4.0921E-02  4.9023E-02  5.8668E-02  7.0134E-02  8.3755E-02  9.9953E-02  1.1927E-01  1.4246E-01  1.7057E-01  2.0519E-01  2.4846E-01  3.0291E-01  3.6988E-01  4.4644E-01  5.2357E-01  5.9131E-01  6.4304E-01  6.7266E-01  6.8970E-01  7.0728E-01  7.3220E-01  7.6370E-01  7.8508E-01  7.9312E-01  8.0316E-01  8.1420E-01  8.1680E-01  8.1458E-01  8.1502E-01  8.1528E-01  8.2567E-01  8.4493E-01  8.6995E-01  8.8935E-01  9.0227E-01  9.0789E-01  9.0907E-01  9.1037E-01  9.1392E-01  9.1806E-01  9.2274E-01  9.2323E-01  9.2471E-01  9.2576E-01  9.2655E-01  9.2724E-01  9.2788E-01  9.2840E-01
  0.0000E+00  0.0000E+00  0.0000E+00  0.0000E+00  0.0000E+00  0.0000E+00  0.0000E+00  0.0000E+00  2.9454E-03  3.5538E-03  4.2873E-03  5.1714E-03  6.2366E-03  7.5191E-03  9.0628E-03  1.0920E-02  1.3154E-02  1.5837E-02  1.9056E-02  2.2916E-02  2.7538E-02  3.3063E-02  3.9660E-02  4.7521E-02  5.6882E-02  6.8012E-02  8.1235E-02  9.6956E-02  1.1569E-01  1.3815E-01  1.6533E-01  1.9870E-01  2.4033E-01  2.9271E-01  3.5759E-01  4.3301E-01  5.1083E-01  5.8068E-01  6.3566E-01  6.6908E-01  6.8687E-01  7.0436E-01  7.2686E-01  7.5929E-01  7.8226E-01  7.9232E-01  8.0164E-01  8.1282E-01  8.1700E-01  8.1505E-01  8.1496E-01  8.1577E-01  8.2294E-01  8.4193E-01  8.6601E-01  8.8655E-01  9.0095E-01  9.0742E-01  9.0895E-01  9.0998E-01  9.1334E-01  9.1730E-01  9.2249E-01  9.2309E-01  9.2438E-01  9.2561E-01  9.2635E-01  9.2711E-01  9.2773E-01  9.2827E-01
  0.0000E+00  0.0000E+00  0.0000E+00  0.0000E+00  0.0000E+00  0.0000E+00  0.0000E+00  0.0000E+00  2.8513E-03  3.4405E-03  4.1507E-03  5.0067E-03  6.0382E-03  7.2803E-03  8.7754E-03  1.0575E-02  1.2739E-02  1.5338E-02  1.8457E-02  2.2199E-02  2.6680E-02  3.2037E-02  3.8437E-02  4.6063E-02  5.5148E-02  6.5951E-02  7.8788E-02  9.4045E-02  1.1222E-01  1.3398E-01  1.6026E-01  1.9244E-01  2.3249E-01  2.8288E-01  3.4562E-01  4.1965E-01  4.9784E-01  5.6963E-01  6.2761E-01  6.6496E-01  6.8407E-01  7.0142E-01  7.2196E-01  7.5442E-01  7.7898E-01  7.9161E-01  7.9992E-01  8.1098E-01  8.1690E-01  8.1547E-01  8.1477E-01  8.1616E-01  8.2062E-01  8.3905E-01  8.6185E-01  8.8369E-01  8.9934E-01  9.0667E-01  9.0877E-01  9.0967E-01  9.1259E-01  9.1645E-01  9.1852E-01  9.2297E-01  9.2405E-01  9.2544E-01  9.2615E-01  9.2696E-01  9.2757E-01  9.2814E-01
  0.0000E+00  0.0000E+00  0.0000E+00  0.0000E+00  0.0000E+00  0.0000E+00  0.0000E+00  0.0000E+00  2.7603E-03  3.3306E-03  4.0183E-03  4.8471E-03  5.8459E-03  7.0487E-03  8.4967E-03  1.0240E-02  1.2336E-02  1.4854E-02  1.7876E-02  2.1503E-02  2.5847E-02  3.1042E-02  3.7248E-02  4.4647E-02  5.3463E-02  6.3949E-02  7.6409E-02  9.1217E-02  1.0885E-01  1.2993E-01  1.5535E-01  1.8641E-01  2.2495E-01  2.7340E-01  3.3399E-01  4.0642E-01  4.8466E-01  5.5818E-01  6.1894E-01  6.6021E-01  6.8127E-01  6.9843E-01  7.1759E-01  7.4909E-01  7.7543E-01  7.9073E-01  7.9810E-01  8.0896E-01  8.1667E-01  8.1604E-01  8.1472E-01  8.1636E-01  8.1886E-01  8.3627E-01  8.5764E-01  8.8080E-01  8.9736E-01  9.0573E-01  9.0859E-01  9.0947E-01  9.1182E-01  9.1583E-01  9.1922E-01  9.2286E-01  9.2371E-01  9.2522E-01  9.2594E-01  9.2679E-01  9.2739E-01  9.2800E-01
  0.0000E+00  0.0000E+00  0.0000E+00  0.0000E+00  0.0000E+00  0.0000E+00  0.0000E+00  0.0000E+00  2.6722E-03  3.2245E-03  3.8903E-03  4.6929E-03  5.6602E-03  6.8250E-03  8.2275E-03  9.9156E-03  1.1947E-02  1.4386E-02  1.7315E-02  2.0830E-02  2.5041E-02  3.0078E-02  3.6097E-02  4.3276E-02  5.1831E-02  6.2009E-02  7.4104E-02  8.8477E-02  1.0558E-01  1.2602E-01  1.5062E-01  1.8060E-01  2.1770E-01  2.6429E-01  3.2273E-01  3.9339E-01  4.7135E-01  5.4638E-01  6.0973E-01  6.5480E-01  6.7840E-01  6.9538E-01  7.1371E-01  7.4341E-01  7.7167E-01  7.8942E-01  7.9628E-01  8.0699E-01  8.1628E-01  8.1665E-01  8.1486E-01  8.1637E-01  8.1760E-01  8.3336E-01  8.5353E-01  8.7773E-01  8.9503E-01  9.0466E-01  9.0841E-01  9.0934E-01  9.1143E-01  9.1537E-01  9.1841E-01  9.2273E-01  9.2340E-01  9.2497E-01  9.2575E-01  9.2660E-01  9.2721E-01  9.2784E-01
  0.0000E+00  0.0000E+00  0.0000E+00  0.0000E+00  0.0000E+00  0.0000E+00  0.0000E+00  0.0000E+00  2.5869E-03  3.1216E-03  3.7663E-03  4.5435E-03  5.4801E-03  6.6081E-03  7.9664E-03  9.6015E-03  1.1569E-02  1.3933E-02  1.6770E-02  2.0177E-02  2.4259E-02  2.9143E-02  3.4981E-02  4.1945E-02  5.0246E-02  6.0124E-02  7.1864E-02  8.5816E-02  1.0241E-01  1.2223E-01  1.4604E-01  1.7499E-01  2.1073E-01  2.5552E-01  3.1183E-01  3.8059E-01  4.5795E-01  5.3423E-01  6.0000E-01  6.4869E-01  6.7538E-01  6.9235E-01  7.1026E-01  7.3760E-01  7.6775E-01  7.8758E-01  7.9473E-01  8.0522E-01  8.1567E-01  8.1721E-01  8.1520E-01  8.1633E-01  8.1700E-01  8.3034E-01  8.4979E-01  8.7442E-01  8.9246E-01  9.0356E-01  9.0820E-01  9.0923E-01  9.1091E-01  9.1477E-01  9.1844E-01  9.2257E-01  9.2313E-01  9.2468E-01  9.2556E-01  9.2639E-01  9.2703E-01  9.2768E-01
  0.0000E+00  0.0000E+00  0.0000E+00  0.0000E+00  0.0000E+00  0.0000E+00  0.0000E+00  0.0000E+00  0.0000E+00  3.0220E-03  3.6462E-03  4.3987E-03  5.3057E-03  6.3980E-03  7.7134E-03  9.2971E-03  1.1203E-02  1.3493E-02  1.6243E-02  1.9544E-02  2.3500E-02  2.8236E-02  3.3897E-02  4.0652E-02  4.8707E-02  5.8293E-02  6.9689E-02  8.3231E-02  9.9334E-02  1.1855E-01  1.4160E-01  1.6957E-01  2.0401E-01  2.4707E-01  3.0128E-01  3.6803E-01  4.4451E-01  5.2176E-01  5.8979E-01  6.4188E-01  6.7205E-01  6.8931E-01  7.0704E-01  7.3184E-01  7.6352E-01  7.8510E-01  7.9347E-01  8.0350E-01  8.1455E-01  8.1741E-01  8.1542E-01  8.1606E-01  8.1684E-01  8.2718E-01  8.4637E-01  8.7077E-01  8.8974E-01  9.0238E-01  9.0786E-01  9.0906E-01  9.1040E-01  9.1402E-01  9.1415E-01  9.2236E-01  9.2290E-01  9.2435E-01  9.2538E-01  9.2617E-01  9.2686E-01  9.2750E-01
  0.0000E+00  0.0000E+00  0.0000E+00  0.0000E+00  0.0000E+00  0.0000E+00  0.0000E+00  0.0000E+00  0.0000E+00  2.9257E-03  3.5301E-03  4.2587E-03  5.1370E-03  6.1948E-03  7.4688E-03  9.0027E-03  1.0849E-02  1.3067E-02  1.5732E-02  1.8931E-02  2.2766E-02  2.7357E-02  3.2847E-02  3.9400E-02  4.7215E-02  5.6519E-02  6.7580E-02  8.0724E-02  9.6351E-02  1.1498E-01  1.3731E-01  1.6435E-01  1.9754E-01  2.3896E-01  2.9111E-01  3.5578E-01  4.3110E-01  5.0902E-01  5.7914E-01  6.3440E-01  6.6833E-01  6.8634E-01  7.0394E-01  7.2639E-01  7.5894E-01  7.8208E-01  7.9248E-01  8.0175E-01  8.1293E-01  8.1731E-01  8.1556E-01  8.1563E-01  8.1691E-01  8.2422E-01  8.4323E-01  8.6682E-01  8.8697E-01  9.0102E-01  9.0730E-01  9.0883E-01  9.0991E-01  9.1295E-01  9.1726E-01  9.2208E-01  9.2270E-01  9.2399E-01  9.2518E-01  9.2593E-01  9.2668E-01  9.2731E-01
  0.0000E+00  0.0000E+00  0.0000E+00  0.0000E+00  0.0000E+00  0.0000E+00  0.0000E+00  0.0000E+00  0.0000E+00  2.8325E-03  3.4177E-03  4.1232E-03  4.9736E-03  5.9980E-03  7.2319E-03  8.7175E-03  1.0506E-02  1.2655E-02  1.5237E-02  1.8337E-02  2.2054E-02  2.6505E-02  3.1829E-02  3.8185E-02  4.5767E-02  5.4796E-02  6.5533E-02  7.8292E-02  9.3457E-02  1.1153E-01  1.3316E-01  1.5930E-01  1.9131E-01  2.3116E-01  2.8132E-01  3.4385E-01  4.1777E-01  4.9605E-01  5.6809E-01  6.2629E-01  6.6408E-01  6.8342E-01  7.0085E-01  7.2140E-01  7.5390E-01  7.7866E-01  7.9158E-01  7.9985E-01  8.1091E-01  8.1699E-01  8.1573E-01  8.1516E-01  8.1692E-01  8.2168E-01  8.4023E-01  8.6268E-01  8.8416E-01  8.9940E-01  9.0651E-01  9.0856E-01  9.0951E-01  9.1232E-01  9.1639E-01  9.1660E-01  9.2253E-01  9.2362E-01  9.2497E-01  9.2569E-01  9.2649E-01  9.2711E-01
  0.0000E+00  0.0000E+00  0.0000E+00  0.0000E+00  0.0000E+00  0.0000E+00  0.0000E+00  0.0000E+00  0.0000E+00  2.7421E-03  3.3087E-03  3.9918E-03  4.8153E-03  5.8073E-03  7.0021E-03  8.4410E-03  1.0173E-02  1.2255E-02  1.4756E-02  1.7760E-02  2.1364E-02  2.5679E-02  3.0841E-02  3.7005E-02  4.4361E-02  5.3122E-02  6.3543E-02  7.5927E-02  9.0645E-02  1.0817E-01  1.2913E-01  1.5442E-01  1.8530E-01  2.2364E-01  2.7187E-01  3.3225E-01  4.0457E-01  4.8287E-01  5.5664E-01  6.1758E-01  6.5923E-01  6.8052E-01  6.9772E-01  7.1693E-01  7.4843E-01  7.7499E-01  7.9052E-01  7.9787E-01  8.0874E-01  8.1656E-01  8.1606E-01  8.1485E-01  8.1678E-01  8.1967E-01  8.3726E-01  8.5847E-01  8.8129E-01  8.9744E-01  9.0555E-01  9.0831E-01  9.0922E-01  9.1171E-01  9.1588E-01  9.1880E-01  9.2236E-01  9.2326E-01  9.2473E-01  9.2545E-01  9.2629E-01  9.2690E-01
  0.0000E+00  0.0000E+00  0.0000E+00  0.0000E+00  0.0000E+00  0.0000E+00  0.0000E+00  0.0000E+00  0.0000E+00  2.6548E-03  3.2034E-03  3.8648E-03  4.6622E-03  5.6229E-03  6.7801E-03  8.1738E-03  9.8515E-03  1.1869E-02  1.4292E-02  1.7203E-02  2.0695E-02  2.4878E-02  2.9884E-02  3.5863E-02  4.2999E-02  5.1501E-02  6.1615E-02  7.3636E-02  8.7921E-02  1.0493E-01  1.2524E-01  1.4970E-01  1.7951E-01  2.1643E-01  2.6279E-01  3.2101E-01  3.9156E-01  4.6957E-01  5.4483E-01  6.0834E-01  6.5373E-01  6.7757E-01  6.9457E-01  7.1297E-01  7.4264E-01  7.7113E-01  7.8907E-01  7.9594E-01  8.0666E-01  8.1602E-01  8.1647E-01  8.1479E-01  8.1651E-01  8.1818E-01  8.3417E-01  8.5436E-01  8.7824E-01  8.9513E-01  9.0449E-01  9.0809E-01  9.0901E-01  9.1112E-01  9.1514E-01  9.1820E-01  9.2219E-01  9.2291E-01  9.2445E-01  9.2522E-01  9.2607E-01  9.2669E-01
  0.0000E+00  0.0000E+00  0.0000E+00  0.0000E+00  0.0000E+00  0.0000E+00  0.0000E+00  0.0000E+00  0.0000E+00  2.5701E-03  3.1013E-03  3.7418E-03  4.5140E-03  5.4443E-03  6.5649E-03  7.9147E-03  9.5398E-03  1.1494E-02  1.3842E-02  1.6663E-02  2.0047E-02  2.4102E-02  2.8956E-02  3.4754E-02  4.1677E-02  4.9927E-02  5.9743E-02  7.1411E-02  8.5275E-02  1.0177E-01  1.2147E-01  1.4514E-01  1.7393E-01  2.0947E-01  2.5404E-01  3.1013E-01  3.7876E-01  4.5615E-01  5.3266E-01  5.9857E-01  6.4755E-01  6.7444E-01  6.9141E-01  7.0937E-01  7.3668E-01  7.6705E-01  7.8703E-01  7.9423E-01  8.0471E-01  8.1518E-01  8.1675E-01  8.1481E-01  8.1611E-01  8.1722E-01  8.3084E-01  8.5050E-01  8.7488E-01  8.9257E-01  9.0337E-01  9.0782E-01  9.0881E-01  9.1052E-01  9.1443E-01  9.1796E-01  9.2200E-01  9.2260E-01  9.2414E-01  9.2501E-01  9.2584E-01  9.2649E-01
  0.0000E+00  0.0000E+00  0.0000E+00  0.0000E+00  0.0000E+00  0.0000E+00  0.0000E+00  0.0000E+00  0.0000E+00  0.0000E+00  3.0025E-03  3.6227E-03  4.3704E-03  5.2712E-03  6.3565E-03  7.6638E-03  9.2379E-03  1.1131E-02  1.3406E-02  1.6139E-02  1.9419E-02  2.3350E-02  2.8055E-02  3.3678E-02  4.0394E-02  4.8399E-02  5.7925E-02  6.9250E-02  8.2706E-02  9.8714E-02  1.1781E-01  1.4073E-01  1.6853E-01  2.0278E-01  2.4563E-01  2.9962E-01  3.6623E-01  4.4273E-01  5.2020E-01  5.8836E-01  6.4068E-01  6.7103E-01  6.8827E-01  7.0602E-01  7.3080E-01  7.6269E-01  7.8439E-01  7.9283E-01  8.0282E-01  8.1386E-01  8.1672E-01  8.1475E-01  8.1552E-01  8.1672E-01  8.2744E-01  8.4697E-01  8.7123E-01  8.8989E-01  9.0219E-01  9.0742E-01  9.0854E-01  9.0990E-01  9.1362E-01  9.1514E-01  9.2176E-01  9.2231E-01  9.2378E-01  9.2478E-01  9.2558E-01  9.2627E-01
  0.0000E+00  0.0000E+00  0.0000E+00  0.0000E+00  0.0000E+00  0.0000E+00  0.0000E+00  0.0000E+00  0.0000E+00  0.0000E+00  2.9069E-03  3.5075E-03  4.2315E-03  5.1038E-03  6.1549E-03  7.4211E-03  8.9457E-03  1.0779E-02  1.2983E-02  1.5632E-02  1.8811E-02  2.2621E-02  2.7183E-02  3.2636E-02  3.9151E-02  4.6917E-02  5.6162E-02  6.7155E-02  8.0216E-02  9.5749E-02  1.1426E-01  1.3646E-01  1.6333E-01  1.9633E-01  2.3754E-01  2.8947E-01  3.5398E-01  4.2930E-01  5.0744E-01  5.7770E-01  6.3316E-01  6.6723E-01  6.8521E-01  7.0280E-01  7.2523E-01  7.5795E-01  7.8124E-01  7.9172E-01  8.0090E-01  8.1207E-01  8.1642E-01  8.1466E-01  8.1482E-01  8.1644E-01  8.2420E-01  8.4364E-01  8.6722E-01  8.8713E-01  9.0084E-01  9.0683E-01  9.0824E-01  9.0937E-01  9.1277E-01  9.1605E-01  9.2146E-01  9.2207E-01  9.2341E-01  9.2457E-01  9.2533E-01  9.2607E-01
  0.0000E+00  0.0000E+00  0.0000E+00  0.0000E+00  0.0000E+00  0.0000E+00  0.0000E+00  0.0000E+00  0.0000E+00  0.0000E+00  2.8143E-03  3.3958E-03  4.0968E-03  4.9416E-03  5.9594E-03  7.1857E-03  8.6624E-03  1.0439E-02  1.2574E-02  1.5140E-02  1.8221E-02  2.1914E-02  2.6337E-02  3.1625E-02  3.7943E-02  4.5478E-02  5.4450E-02  6.5119E-02  7.7796E-02  9.2870E-02  1.1082E-01  1.3232E-01  1.5830E-01  1.9012E-01  2.2976E-01  2.7969E-01  3.4206E-01  4.1596E-01  4.9444E-01  5.6662E-01  6.2501E-01  6.6293E-01  6.8223E-01  6.9961E-01  7.2013E-01  7.5278E-01  7.7772E-01  7.9071E-01  7.9886E-01  8.0991E-01  8.1596E-01  8.1464E-01  8.1412E-01  8.1615E-01  8.2139E-01  8.4045E-01  8.6302E-01  8.8433E-01  8.9922E-01  9.0603E-01  9.0792E-01  9.0890E-01  9.1194E-01  9.1586E-01  9.1542E-01  9.2186E-01  9.2302E-01  9.2433E-01  9.2506E-01  9.2586E-01
  0.0000E+00  0.0000E+00  0.0000E+00  0.0000E+00  0.0000E+00  0.0000E+00  0.0000E+00  0.0000E+00  0.0000E+00  0.0000E+00  2.7248E-03  3.2878E-03  3.9667E-03  4.7848E-03  5.7705E-03  6.9581E-03  8.3885E-03  1.0109E-02  1.2178E-02  1.4664E-02  1.7650E-02  2.1229E-02  2.5518E-02  3.0645E-02  3.6774E-02  4.4084E-02  5.2790E-02  6.3146E-02  7.5450E-02  9.0079E-02  1.0749E-01  1.2832E-01  1.5345E-01  1.8414E-01  2.2227E-01  2.7027E-01  3.3047E-01  4.0275E-01  4.8125E-01  5.5516E-01  6.1629E-01  6.5803E-01  6.7926E-01  6.9637E-01  7.1554E-01  7.4715E-01  7.7391E-01  7.8951E-01  7.9670E-01  8.0758E-01  8.1538E-01  8.1474E-01  8.1354E-01  8.1565E-01  8.1900E-01  8.3719E-01  8.5868E-01  8.8142E-01  8.9727E-01  9.0506E-01  9.0762E-01  9.0852E-01  9.1110E-01  9.1532E-01  9.1739E-01  9.2166E-01  9.2263E-01  9.2408E-01  9.2480E-01  9.2564E-01
  0.0000E+00  0.0000E+00  0.0000E+00  0.0000E+00  0.0000E+00  0.0000E+00  0.0000E+00  0.0000E+00  0.0000E+00  0.0000E+00  2.6379E-03  3.1831E-03  3.8404E-03  4.6325E-03  5.5871E-03  6.7373E-03  8.1226E-03  9.7892E-03  1.1793E-02  1.4202E-02  1.7095E-02  2.0565E-02  2.4722E-02  2.9694E-02  3.5637E-02  4.2729E-02  5.1177E-02  6.1227E-02  7.3170E-02  8.7366E-02  1.0426E-01  1.2444E-01  1.4875E-01  1.7837E-01  2.1507E-01  2.6119E-01  3.1922E-01  3.8970E-01  4.6789E-01  5.4330E-01  6.0700E-01  6.5248E-01  6.7626E-01  6.9312E-01  7.1145E-01  7.4118E-01  7.6993E-01  7.8793E-01  7.9463E-01  8.0535E-01  8.1470E-01  8.1497E-01  8.1324E-01  8.1509E-01  8.1717E-01  8.3380E-01  8.5442E-01  8.7833E-01  8.9496E-01  9.0400E-01  9.0736E-01  9.0823E-01  9.1033E-01  9.1458E-01  9.1776E-01  9.2147E-01  9.2225E-01  9.2379E-01  9.2455E-01  9.2541E-01
  0.0000E+00  0.0000E+00  0.0000E+00  0.0000E+00  0.0000E+00  0.0000E+00  0.0000E+00  0.0000E+00  0.0000E+00  0.0000E+00  0.0000E+00  3.0819E-03  3.7183E-03  4.4855E-03  5.4099E-03  6.5238E-03  7.8657E-03  9.4801E-03  1.1421E-02  1.3756E-02  1.6559E-02  1.9922E-02  2.3952E-02  2.8773E-02  3.4537E-02  4.1417E-02  4.9614E-02  5.9368E-02  7.0960E-02  8.4739E-02  1.0113E-01  1.2069E-01  1.4421E-01  1.7281E-01  2.0814E-01  2.5247E-01  3.0835E-01  3.7688E-01  4.5444E-01  5.3111E-01  5.9723E-01  6.4626E-01  6.7310E-01  6.8986E-01  7.0775E-01  7.3505E-01  7.6572E-01  7.8576E-01  7.9279E-01  8.0324E-01  8.1370E-01  8.1505E-01  8.1301E-01  8.1438E-01  8.1584E-01  8.3013E-01  8.5035E-01  8.7491E-01  8.9240E-01  9.0289E-01  9.0706E-01  9.0795E-01  9.0980E-01  9.1380E-01  9.1126E-01  9.2126E-01  9.2190E-01  9.2348E-01  9.2431E-01  9.2517E-01
  0.0000E+00  0.0000E+00  0.0000E+00  0.0000E+00  0.0000E+00  0.0000E+00  0.0000E+00  0.0000E+00  0.0000E+00  0.0000E+00  0.0000E+00  2.9838E-03  3.6001E-03  4.3430E-03  5.2382E-03  6.3170E-03  7.6166E-03  9.1803E-03  1.1061E-02  1.3322E-02  1.6039E-02  1.9298E-02  2.3204E-02  2.7879E-02  3.3469E-02  4.0143E-02  4.8096E-02  5.7562E-02  6.8813E-02  8.2186E-02  9.8086E-02  1.1705E-01  1.3982E-01  1.6744E-01  2.0146E-01  2.4407E-01  2.9783E-01  3.6432E-01  4.4095E-01  5.1860E-01  5.8699E-01  6.3936E-01  6.6965E-01  6.8665E-01  7.0429E-01  7.2900E-01  7.6121E-01  7.8299E-01  7.9127E-01  8.0118E-01  8.1223E-01  8.1484E-01  8.1271E-01  8.1350E-01  8.1497E-01  8.2634E-01  8.4656E-01  8.7113E-01  8.8969E-01  9.0170E-01  9.0664E-01  9.0761E-01  9.0911E-01  9.1293E-01  9.1669E-01  9.2102E-01  9.2157E-01  9.2312E-01  9.2408E-01  9.2490E-01
  0.0000E+00  0.0000E+00  0.0000E+00  0.0000E+00  0.0000E+00  0.0000E+00  0.0000E+00  0.0000E+00  0.0000E+00  0.0000E+00  0.0000E+00  2.8889E-03  3.4856E-03  4.2049E-03  5.0718E-03  6.1166E-03  7.3753E-03  8.8900E-03  1.0712E-02  1.2903E-02  1.5535E-02  1.8694E-02  2.2480E-02  2.7012E-02  3.2433E-02  3.8907E-02  4.6623E-02  5.5809E-02  6.6730E-02  7.9708E-02  9.5135E-02  1.1353E-01  1.3557E-01  1.6226E-01  1.9504E-01  2.3599E-01  2.8769E-01  3.5205E-01  4.2748E-01  5.0579E-01  5.7630E-01  6.3180E-01  6.6582E-01  6.8352E-01  7.0095E-01  7.2325E-01  7.5631E-01  7.7969E-01  7.9004E-01  7.9907E-01  8.1024E-01  8.1437E-01  8.1236E-01  8.1249E-01  8.1432E-01  8.2269E-01  8.4295E-01  8.6699E-01  8.8689E-01  9.0035E-01  9.0603E-01  9.0724E-01  9.0843E-01  9.1202E-01  9.1367E-01  9.2072E-01  9.2129E-01  9.2272E-01  9.2384E-01  9.2462E-01
  0.0000E+00  0.0000E+00  0.0000E+00  0.0000E+00  0.0000E+00  0.0000E+00  0.0000E+00  0.0000E+00  0.0000E+00  0.0000E+00  0.0000E+00  2.7969E-03  3.3749E-03  4.0714E-03  4.9109E-03  5.9227E-03  7.1418E-03  8.6090E-03  1.0374E-02  1.2497E-02  1.5047E-02  1.8108E-02  2.1778E-02  2.6172E-02  3.1429E-02  3.7708E-02  4.5195E-02  5.4109E-02  6.4708E-02  7.7305E-02  9.2274E-02  1.1011E-01  1.3146E-01  1.5725E-01  1.8885E-01  2.2823E-01  2.7791E-01  3.4010E-01  4.1408E-01  4.9273E-01  5.6520E-01  6.2363E-01  6.6148E-01  6.8047E-01  6.9763E-01  7.1797E-01  7.5094E-01  7.7600E-01  7.8890E-01  7.9680E-01  8.0786E-01  8.1372E-01  8.1206E-01  8.1145E-01  8.1360E-01  8.1939E-01  8.3938E-01  8.6257E-01  8.8402E-01  8.9873E-01  9.0521E-01  9.0685E-01  9.0784E-01  9.1108E-01  9.1539E-01  9.1323E-01  9.2103E-01  9.2231E-01  9.2360E-01  9.2434E-01
  0.0000E+00  0.0000E+00  0.0000E+00  0.0000E+00  0.0000E+00  0.0000E+00  0.0000E+00  0.0000E+00  0.0000E+00  0.0000E+00  0.0000E+00  2.7080E-03  3.2675E-03  3.9420E-03  4.7550E-03  5.7349E-03  6.9156E-03  8.3367E-03  1.0046E-02  1.2103E-02  1.4574E-02  1.7541E-02  2.1098E-02  2.5358E-02  3.0456E-02  3.6546E-02  4.3810E-02  5.2460E-02  6.2746E-02  7.4973E-02  8.9500E-02  1.0680E-01  1.2748E-01  1.5242E-01  1.8290E-01  2.2076E-01  2.6849E-01  3.2849E-01  4.0080E-01  4.7946E-01  5.5368E-01  6.1487E-01  6.5657E-01  6.7749E-01  6.9431E-01  7.1326E-01  7.4511E-01  7.7207E-01  7.8763E-01  7.9448E-01  8.0536E-01  8.1304E-01  8.1200E-01  8.1064E-01  8.1279E-01  8.1658E-01  8.3576E-01  8.5798E-01  8.8103E-01  8.9676E-01  9.0424E-01  9.0652E-01  9.0738E-01  9.1027E-01  9.1454E-01  9.1682E-01  9.2082E-01  9.2189E-01  9.2335E-01  9.2407E-01
  0.0000E+00  0.0000E+00  0.0000E+00  0.0000E+00  0.0000E+00  0.0000E+00  0.0000E+00  0.0000E+00  0.0000E+00  0.0000E+00  0.0000E+00  2.6218E-03  3.1636E-03  3.8168E-03  4.6041E-03  5.5531E-03  6.6966E-03  8.0731E-03  9.7291E-03  1.1722E-02  1.4116E-02  1.6991E-02  2.0439E-02  2.4568E-02  2.9512E-02  3.5418E-02  4.2465E-02  5.0859E-02  6.0842E-02  7.2709E-02  8.6807E-02  1.0358E-01  1.2362E-01  1.4775E-01  1.7715E-01  2.1358E-01  2.5943E-01  3.1723E-01  3.8770E-01  4.6602E-01  5.4178E-01  6.0558E-01  6.5101E-01  6.7448E-01  6.9097E-01  7.0906E-01  7.3893E-01  7.6794E-01  7.8594E-01  7.9225E-01  8.0294E-01  8.1223E-01  8.1205E-01  8.1009E-01  8.1190E-01  8.1429E-01  8.3196E-01  8.5342E-01  8.7782E-01  8.9443E-01  9.0316E-01  9.0622E-01  9.0700E-01  9.0943E-01  9.1357E-01  9.1644E-01  9.2062E-01  9.2148E-01  9.2307E-01  9.2380E-01
  0.0000E+00  0.0000E+00  0.0000E+00  0.0000E+00  0.0000E+00  0.0000E+00  0.0000E+00  0.0000E+00  0.0000E+00  0.0000E+00  0.0000E+00  0.0000E+00  3.0630E-03  3.6955E-03  4.4579E-03  5.3769E-03  6.4844E-03  7.8176E-03  9.4218E-03  1.1352E-02  1.3672E-02  1.6458E-02  1.9800E-02  2.3803E-02  2.8596E-02  3.4324E-02  4.1161E-02  4.9305E-02  5.8994E-02  7.0512E-02  8.4194E-02  1.0047E-01  1.1989E-01  1.4323E-01  1.7162E-01  2.0668E-01  2.5072E-01  3.0635E-01  3.7483E-01  4.5249E-01  5.2953E-01  5.9577E-01  6.4478E-01  6.7134E-01  6.8768E-01  7.0530E-01  7.3261E-01  7.6363E-01  7.8370E-01  7.9032E-01  8.0070E-01  8.1116E-01  8.1203E-01  8.0968E-01  8.1097E-01  8.1263E-01  8.2790E-01  8.4908E-01  8.7429E-01  8.9182E-01  9.0206E-01  9.0592E-01  9.0666E-01  9.0865E-01  9.1293E-01  9.1043E-01  9.2041E-01  9.2109E-01  9.2275E-01  9.2355E-01
  0.0000E+00  0.0000E+00  0.0000E+00  0.0000E+00  0.0000E+00  0.0000E+00  0.0000E+00  0.0000E+00  0.0000E+00  0.0000E+00  0.0000E+00  0.0000E+00  2.9656E-03  3.5779E-03  4.3162E-03  5.2061E-03  6.2787E-03  7.5700E-03  9.1238E-03  1.0994E-02  1.3242E-02  1.5941E-02  1.9180E-02  2.3060E-02  2.7707E-02  3.3263E-02  3.9894E-02  4.7796E-02  5.7199E-02  6.8378E-02  8.1656E-02  9.7445E-02  1.1627E-01  1.3887E-01  1.6627E-01  2.0003E-01  2.4234E-01  2.9582E-01  3.6222E-01  4.3890E-01  5.1692E-01  5.8548E-01  6.3786E-01  6.6792E-01  6.8444E-01  7.0179E-01  7.2638E-01  7.5900E-01  7.8082E-01  7.8875E-01  7.9853E-01  8.0958E-01  8.1175E-01  8.0922E-01  8.0988E-01  8.1146E-01  8.2367E-01  8.4497E-01  8.7034E-01  8.8904E-01  9.0089E-01  9.0552E-01  9.0628E-01  9.0788E-01  9.1199E-01  9.1393E-01  9.2019E-01  9.2074E-01  9.2240E-01  9.2332E-01
  0.0000E+00  0.0000E+00  0.0000E+00  0.0000E+00  0.0000E+00  0.0000E+00  0.0000E+00  0.0000E+00  0.0000E+00  0.0000E+00  0.0000E+00  0.0000E+00  2.8713E-03  3.4642E-03  4.1791E-03  5.0410E-03  6.0798E-03  7.3304E-03  8.8355E-03  1.0647E-02  1.2825E-02  1.5440E-02  1.8579E-02  2.2341E-02  2.6847E-02  3.2234E-02  3.8667E-02  4.6334E-02  5.5459E-02  6.6309E-02  7.9197E-02  9.4516E-02  1.1277E-01  1.3465E-01  1.6112E-01  1.9364E-01  2.3429E-01  2.8568E-01  3.4990E-01  4.2533E-01  5.0400E-01  5.7473E-01  6.3029E-01  6.6414E-01  6.8134E-01  6.9844E-01  7.2050E-01  7.5398E-01  7.7743E-01  7.8753E-01  7.9631E-01  8.0749E-01  8.1125E-01  8.0875E-01  8.0871E-01  8.1056E-01  8.1959E-01  8.4101E-01  8.6595E-01  8.8615E-01  8.9956E-01  9.0494E-01  9.0589E-01  9.0713E-01  9.1098E-01  9.1483E-01  9.1993E-01  9.2044E-01  9.2202E-01  9.2310E-01
  0.0000E+00  0.0000E+00  0.0000E+00  0.0000E+00  0.0000E+00  0.0000E+00  0.0000E+00  0.0000E+00  0.0000E+00  0.0000E+00  0.0000E+00  0.0000E+00  2.7798E-03  3.3541E-03  4.0462E-03  4.8808E-03  5.8868E-03  7.0981E-03  8.5558E-03  1.0311E-02  1.2421E-02  1.4955E-02  1.7997E-02  2.1643E-02  2.6011E-02  3.1235E-02  3.7474E-02  4.4913E-02  5.3768E-02  6.4299E-02  7.6807E-02  9.1672E-02  1.0937E-01  1.3056E-01  1.5614E-01  1.8748E-01  2.2655E-01  2.7591E-01  3.3791E-01  4.1183E-01  4.9083E-01  5.6355E-01  6.2208E-01  6.5984E-01  6.7834E-01  6.9511E-01  7.1514E-01  7.4846E-01  7.7366E-01  7.8643E-01  7.9395E-01  8.0499E-01  8.1061E-01  8.0840E-01  8.0755E-01  8.0967E-01  8.1592E-01  8.3712E-01  8.6127E-01  8.8319E-01  8.9795E-01  9.0414E-01  9.0549E-01  9.0647E-01  9.1000E-01  9.1441E-01  9.1456E-01  9.2018E-01  9.2160E-01  9.2288E-01
  0.0000E+00  0.0000E+00  0.0000E+00  0.0000E+00  0.0000E+00  0.0000E+00  0.0000E+00  0.0000E+00  0.0000E+00  0.0000E+00  0.0000E+00  0.0000E+00  2.6914E-03  3.2474E-03  3.9177E-03  4.7259E-03  5.7001E-03  6.8732E-03  8.2852E-03  9.9849E-03  1.2029E-02  1.4485E-02  1.7433E-02  2.0967E-02  2.5202E-02  3.0268E-02  3.6319E-02  4.3536E-02  5.2129E-02  6.2349E-02  7.4489E-02  8.8915E-02  1.0608E-01  1.2660E-01  1.5134E-01  1.8156E-01  2.1913E-01  2.6652E-01  3.2629E-01  3.9848E-01  4.7745E-01  5.5196E-01  6.1329E-01  6.5495E-01  6.7542E-01  6.9180E-01  7.1041E-01  7.4249E-01  7.6966E-01  7.8519E-01  7.9157E-01  8.0241E-01  8.0996E-01  8.0834E-01  8.0668E-01  8.0873E-01  8.1281E-01  8.3321E-01  8.5642E-01  8.8012E-01  8.9596E-01  9.0318E-01  9.0516E-01  9.0597E-01  9.0911E-01  9.1368E-01  9.1655E-01  9.1998E-01  9.2117E-01  9.2266E-01
  0.0000E+00  0.0000E+00  0.0000E+00  0.0000E+00  0.0000E+00  0.0000E+00  0.0000E+00  0.0000E+00  0.0000E+00  0.0000E+00  0.0000E+00  0.0000E+00  2.6057E-03  3.1441E-03  3.7932E-03  4.5758E-03  5.5193E-03  6.6554E-03  8.0231E-03  9.6696E-03  1.1650E-02  1.4029E-02  1.6886E-02  2.0311E-02  2.4417E-02  2.9329E-02  3.5198E-02  4.2200E-02  5.0538E-02  6.0457E-02  7.2241E-02  8.6240E-02  1.0289E-01  1.2278E-01  1.4671E-01  1.7586E-01  2.1199E-01  2.5749E-01  3.1502E-01  3.8532E-01  4.6390E-01  5.3997E-01  6.0395E-01  6.4940E-01  6.7249E-01  6.8848E-01  7.0621E-01  7.3614E-01  7.6547E-01  7.8350E-01  7.8929E-01  7.9992E-01  8.0919E-01  8.0841E-01  8.0607E-01  8.0771E-01  8.1024E-01  8.2905E-01  8.5155E-01  8.7679E-01  8.9357E-01  9.0212E-01  9.0489E-01  9.0556E-01  9.0822E-01  9.1279E-01  9.1594E-01  9.1979E-01  9.2074E-01  9.2240E-01
  0.0000E+00  0.0000E+00  0.0000E+00  0.0000E+00  0.0000E+00  0.0000E+00  0.0000E+00  0.0000E+00  0.0000E+00  0.0000E+00  0.0000E+00  0.0000E+00  0.0000E+00  3.0440E-03  3.6725E-03  4.4304E-03  5.3440E-03  6.4444E-03  7.7690E-03  9.3639E-03  1.1282E-02  1.3588E-02  1.6356E-02  1.9676E-02  2.3655E-02  2.8418E-02  3.4110E-02  4.0903E-02  4.8993E-02  5.8620E-02  7.0057E-02  8.3643E-02  9.9797E-02  1.1907E-01  1.4222E-01  1.7036E-01  2.0512E-01  2.4881E-01  3.0414E-01  3.7239E-01  4.5025E-01  5.2760E-01  5.9408E-01  6.4316E-01  6.6943E-01  6.8521E-01  7.0248E-01  7.2967E-01  7.6109E-01  7.8122E-01  7.8736E-01  7.9763E-01  8.0812E-01  8.0843E-01  8.0562E-01  8.0668E-01  8.0836E-01  8.2461E-01  8.4690E-01  8.7309E-01  8.9089E-01  9.0103E-01  9.0464E-01  9.0520E-01  9.0740E-01  9.1196E-01  9.1290E-01  9.1961E-01  9.2033E-01  9.2211E-01
  0.0000E+00  0.0000E+00  0.0000E+00  0.0000E+00  0.0000E+00  0.0000E+00  0.0000E+00  0.0000E+00  0.0000E+00  0.0000E+00  0.0000E+00  0.0000E+00  0.0000E+00  2.9472E-03  3.5558E-03  4.2897E-03  5.1745E-03  6.2401E-03  7.5231E-03  9.0680E-03  1.0927E-02  1.3160E-02  1.5842E-02  1.9060E-02  2.2918E-02  2.7536E-02  3.3056E-02  3.9645E-02  4.7495E-02  5.6838E-02  6.7939E-02  8.1125E-02  9.6798E-02  1.1548E-01  1.3789E-01  1.6506E-01  1.9852E-01  2.4048E-01  2.9365E-01  3.5975E-01  4.3658E-01  5.1490E-01  5.8374E-01  6.3624E-01  6.6611E-01  6.8204E-01  6.9903E-01  7.2333E-01  7.5640E-01  7.7831E-01  7.8587E-01  7.9544E-01  8.0652E-01  8.0821E-01  8.0514E-01  8.0556E-01  8.0708E-01  8.2004E-01  8.4253E-01  8.6896E-01  8.8803E-01  8.9990E-01  9.0429E-01  9.0482E-01  9.0653E-01  9.1096E-01  9.0705E-01  9.1943E-01  9.1996E-01  9.2178E-01
  0.0000E+00  0.0000E+00  0.0000E+00  0.0000E+00  0.0000E+00  0.0000E+00  0.0000E+00  0.0000E+00  0.0000E+00  0.0000E+00  0.0000E+00  0.0000E+00  0.0000E+00  2.8534E-03  3.4427E-03  4.1534E-03  5.0102E-03  6.0423E-03  7.2848E-03  8.7812E-03  1.0582E-02  1.2745E-02  1.5345E-02  1.8463E-02  2.2203E-02  2.6680E-02  3.2034E-02  3.8425E-02  4.6041E-02  5.5108E-02  6.5883E-02  7.8681E-02  9.3889E-02  1.1200E-01  1.3370E-01  1.5995E-01  1.9218E-01  2.3248E-01  2.8354E-01  3.4744E-01  4.2294E-01  5.0190E-01  5.7294E-01  6.2864E-01  6.6238E-01  6.7900E-01  6.9572E-01  7.1740E-01  7.5130E-01  7.7486E-01  7.8474E-01  7.9318E-01  8.0436E-01  8.0775E-01  8.0465E-01  8.0433E-01  8.0610E-01  8.1566E-01  8.3836E-01  8.6439E-01  8.8508E-01  8.9860E-01  9.0374E-01  9.0442E-01  9.0570E-01  9.0988E-01  9.1433E-01  9.1918E-01  9.1963E-01  9.2138E-01
  0.0000E+00  0.0000E+00  0.0000E+00  0.0000E+00  0.0000E+00  0.0000E+00  0.0000E+00  0.0000E+00  0.0000E+00  0.0000E+00  0.0000E+00  0.0000E+00  0.0000E+00  2.7626E-03  3.3333E-03  4.0214E-03  4.8511E-03  5.8506E-03  7.0541E-03  8.5035E-03  1.0248E-02  1.2344E-02  1.4863E-02  1.7884E-02  2.1509E-02  2.5851E-02  3.1042E-02  3.7241E-02  4.4631E-02  5.3430E-02  6.3887E-02  7.6310E-02  9.1067E-02  1.0863E-01  1.2965E-01  1.5501E-01  1.8608E-01  2.2480E-01  2.7382E-01  3.3546E-01  4.0939E-01  4.8864E-01  5.6170E-01  6.2042E-01  6.5814E-01  6.7610E-01  6.9246E-01  7.1205E-01  7.4569E-01  7.7105E-01  7.8375E-01  7.9081E-01  8.0182E-01  8.0720E-01  8.0436E-01  8.0318E-01  8.0516E-01  8.1174E-01  8.3424E-01  8.5947E-01  8.8205E-01  8.9700E-01  9.0297E-01  9.0403E-01  9.0500E-01  9.0885E-01  9.1359E-01  9.1887E-01  9.1937E-01  9.2096E-01
  0.0000E+00  0.0000E+00  0.0000E+00  0.0000E+00  0.0000E+00  0.0000E+00  0.0000E+00  0.0000E+00  0.0000E+00  0.0000E+00  0.0000E+00  0.0000E+00  0.0000E+00  2.6746E-03  3.2272E-03  3.8935E-03  4.6970E-03  5.6649E-03  6.8304E-03  8.2343E-03  9.9238E-03  1.1955E-02  1.4395E-02  1.7323E-02  2.0837E-02  2.5046E-02  3.0079E-02  3.6092E-02  4.3262E-02  5.1800E-02  6.1950E-02  7.4007E-02  8.8328E-02  1.0537E-01  1.2572E-01  1.5025E-01  1.8020E-01  2.1742E-01  2.6447E-01  3.2384E-01  3.9599E-01  4.7515E-01  5.5003E-01  6.1158E-01  6.5328E-01  6.7329E-01  6.8918E-01  7.0733E-01  7.3957E-01  7.6700E-01  7.8257E-01  7.8837E-01  7.9916E-01  8.0663E-01  8.0435E-01  8.0229E-01  8.0413E-01  8.0837E-01  8.3004E-01  8.5433E-01  8.7889E-01  8.9498E-01  9.0201E-01  9.0372E-01  9.0446E-01  9.0783E-01  9.1273E-01  9.1850E-01  9.1917E-01  9.2051E-01
  0.0000E+00  0.0000E+00  0.0000E+00  0.0000E+00  0.0000E+00  0.0000E+00  0.0000E+00  0.0000E+00  0.0000E+00  0.0000E+00  0.0000E+00  0.0000E+00  0.0000E+00  2.5895E-03  3.1245E-03  3.7698E-03  4.5478E-03  5.4852E-03  6.6140E-03  7.9738E-03  9.6103E-03  1.1578E-02  1.3942E-02  1.6780E-02  2.0186E-02  2.4266E-02  2.9147E-02  3.4979E-02  4.1934E-02  5.0219E-02  6.0070E-02  7.1774E-02  8.5673E-02  1.0220E-01  1.2193E-01  1.4565E-01  1.7454E-01  2.1034E-01  2.5550E-01  3.1262E-01  3.8280E-01  4.6152E-01  5.3796E-01  6.0220E-01  6.4774E-01  6.7046E-01  6.8590E-01  7.0322E-01  7.3309E-01  7.6279E-01  7.8091E-01  7.8610E-01  7.9665E-01  8.0594E-01  8.0452E-01  8.0172E-01  8.0309E-01  8.0564E-01  8.2561E-01  8.4922E-01  8.7546E-01  8.9254E-01  9.0097E-01  9.0348E-01  9.0403E-01  9.0692E-01  9.1179E-01  9.1802E-01  9.1899E-01  9.2004E-01
  0.0000E+00  0.0000E+00  0.0000E+00  0.0000E+00  0.0000E+00  0.0000E+00  0.0000E+00  0.0000E+00  0.0000E+00  0.0000E+00  0.0000E+00  0.0000E+00  0.0000E+00  0.0000E+00  3.0251E-03  3.6499E-03  4.4033E-03  5.3111E-03  6.4044E-03  7.7213E-03  9.3066E-03  1.1213E-02  1.3504E-02  1.6254E-02  1.9554E-02  2.3509E-02  2.8242E-02  3.3898E-02  4.0646E-02  4.8686E-02  5.8246E-02  6.9606E-02  8.3096E-02  9.9131E-02  1.1825E-01  1.4121E-01  1.6909E-01  2.0354E-01  2.4688E-01  3.0179E-01  3.6987E-01  4.4781E-01  5.2553E-01  5.9231E-01  6.4151E-01  6.6750E-01  6.8270E-01  6.9957E-01  7.2652E-01  7.5839E-01  7.7863E-01  7.8425E-01  7.9439E-01  8.0492E-01  8.0464E-01  8.0132E-01  8.0208E-01  8.0370E-01  8.2090E-01  8.4438E-01  8.7166E-01  8.8980E-01  8.9992E-01  9.0328E-01  9.0367E-01  9.0601E-01  9.1095E-01  9.1740E-01  9.1883E-01  9.1961E-01
  0.0000E+00  0.0000E+00  0.0000E+00  0.0000E+00  0.0000E+00  0.0000E+00  0.0000E+00  0.0000E+00  0.0000E+00  0.0000E+00  0.0000E+00  0.0000E+00  0.0000E+00  0.0000E+00  2.9288E-03  3.5337E-03  4.2633E-03  5.1424E-03  6.2011E-03  7.4766E-03  9.0121E-03  1.0858E-02  1.3078E-02  1.5743E-02  1.8942E-02  2.2776E-02  2.7364E-02  3.2849E-02  3.9395E-02  4.7196E-02  5.6474E-02  6.7501E-02  8.0594E-02  9.6151E-02  1.1469E-01  1.3691E-01  1.6383E-01  1.9699E-01  2.3860E-01  2.9133E-01  3.5721E-01  4.3405E-01  5.1272E-01  5.8190E-01  6.3456E-01  6.6426E-01  6.7961E-01  6.9621E-01  7.2010E-01  7.5366E-01  7.7568E-01  7.8288E-01  7.9220E-01  8.0332E-01  8.0450E-01  8.0086E-01  8.0096E-01  8.0236E-01  8.1599E-01  8.3976E-01  8.6733E-01  8.8686E-01  8.9882E-01  9.0299E-01  9.0329E-01  9.0500E-01  9.0974E-01  9.1672E-01  9.1869E-01  9.1921E-01
  0.0000E+00  0.0000E+00  0.0000E+00  0.0000E+00  0.0000E+00  0.0000E+00  0.0000E+00  0.0000E+00  0.0000E+00  0.0000E+00  0.0000E+00  0.0000E+00  0.0000E+00  0.0000E+00  2.8356E-03  3.4213E-03  4.1278E-03  4.9790E-03  6.0044E-03  7.2397E-03  8.7270E-03  1.0516E-02  1.2666E-02  1.5248E-02  1.8348E-02  2.2065E-02  2.6514E-02  3.1833E-02  3.8182E-02  4.5751E-02  5.4756E-02  6.5458E-02  7.8167E-02  9.3263E-02  1.1124E-01  1.3275E-01  1.5877E-01  1.9070E-01  2.3067E-01  2.8128E-01  3.4491E-01  4.2035E-01  4.9963E-01  5.7104E-01  6.2694E-01  6.6061E-01  6.7667E-01  6.9298E-01  7.1416E-01  7.4849E-01  7.7219E-01  7.8190E-01  7.8995E-01  8.0112E-01  8.0415E-01  8.0041E-01  7.9976E-01  8.0139E-01  8.1136E-01  8.3538E-01  8.6256E-01  8.8384E-01  8.9755E-01  9.0247E-01  9.0289E-01  9.0421E-01  9.0877E-01  9.1599E-01  9.1847E-01  9.1886E-01
  0.0000E+00  0.0000E+00  0.0000E+00  0.0000E+00  0.0000E+00  0.0000E+00  0.0000E+00  0.0000E+00  0.0000E+00  0.0000E+00  0.0000E+00  0.0000E+00  0.0000E+00  0.0000E+00  2.7454E-03  3.3126E-03  3.9967E-03  4.8210E-03  5.8140E-03  7.0105E-03  8.4511E-03  1.0184E-02  1.2267E-02  1.4769E-02  1.7774E-02  2.1376E-02  2.5689E-02  3.0848E-02  3.7007E-02  4.4350E-02  5.3089E-02  6.3478E-02  7.5814E-02  9.0464E-02  1.0790E-01  1.2874E-01  1.5388E-01  1.8466E-01  2.2306E-01  2.7163E-01  3.3298E-01  4.0679E-01  4.8630E-01  5.5976E-01  6.1869E-01  6.5641E-01  6.7388E-01  6.8978E-01  7.0886E-01  7.4278E-01  7.6835E-01  7.8102E-01  7.8754E-01  7.9851E-01  8.0370E-01  8.0018E-01  7.9862E-01  8.0042E-01  8.0725E-01  8.3108E-01  8.5743E-01  8.8077E-01  8.9596E-01  9.0172E-01  9.0250E-01  9.0346E-01  9.0764E-01  9.1516E-01  9.1816E-01  9.1858E-01
  0.0000E+00  0.0000E+00  0.0000E+00  0.0000E+00  0.0000E+00  0.0000E+00  0.0000E+00  0.0000E+00  0.0000E+00  0.0000E+00  0.0000E+00  0.0000E+00  0.0000E+00  0.0000E+00  2.6579E-03  3.2071E-03  3.8696E-03  4.6678E-03  5.6295E-03  6.7883E-03  8.1837E-03  9.8621E-03  1.1881E-02  1.4305E-02  1.7216E-02  2.0708E-02  2.4890E-02  2.9892E-02  3.5865E-02  4.2990E-02  5.1471E-02  6.1553E-02  7.3527E-02  8.7745E-02  1.0465E-01  1.2484E-01  1.4916E-01  1.7883E-01  2.1574E-01  2.6234E-01  3.2140E-01  3.9336E-01  4.7274E-01  5.4803E-01  6.0983E-01  6.5156E-01  6.7116E-01  6.8654E-01  7.0420E-01  7.3653E-01  7.6426E-01  7.7990E-01  7.8507E-01  7.9579E-01  8.0321E-01  8.0023E-01  7.9773E-01  7.9932E-01  8.0366E-01  8.2664E-01  8.5204E-01  8.7754E-01  8.9391E-01  9.0076E-01  9.0220E-01  9.0287E-01  9.0652E-01  9.1425E-01  9.1781E-01  9.1836E-01
  0.0000E+00  0.0000E+00  0.0000E+00  0.0000E+00  0.0000E+00  0.0000E+00  0.0000E+00  0.0000E+00  0.0000E+00  0.0000E+00  0.0000E+00  0.0000E+00  0.0000E+00  0.0000E+00  2.5733E-03  3.1051E-03  3.7466E-03  4.5195E-03  5.4508E-03  6.5731E-03  7.9246E-03  9.5504E-03  1.1506E-02  1.3855E-02  1.6676E-02  2.0060E-02  2.4114E-02  2.8964E-02  3.4758E-02  4.1671E-02  4.9900E-02  5.9686E-02  7.1309E-02  8.5109E-02  1.0151E-01  1.2108E-01  1.4460E-01  1.7323E-01  2.0872E-01  2.5344E-01  3.1022E-01  3.8016E-01  4.5903E-01  5.3589E-01  6.0041E-01  6.4603E-01  6.6846E-01  6.8334E-01  7.0020E-01  7.2995E-01  7.6006E-01  7.7830E-01  7.8287E-01  7.9333E-01  8.0265E-01  8.0057E-01  7.9727E-01  7.9834E-01  8.0086E-01  8.2199E-01  8.4672E-01  8.7404E-01  8.9142E-01  8.9974E-01  9.0202E-01  9.0245E-01  9.0560E-01  9.1345E-01  9.1733E-01  9.1819E-01
  0.0000E+00  0.0000E+00  0.0000E+00  0.0000E+00  0.0000E+00  0.0000E+00  0.0000E+00  0.0000E+00  0.0000E+00  0.0000E+00  0.0000E+00  0.0000E+00  0.0000E+00  0.0000E+00  0.0000E+00  3.0063E-03  3.6274E-03  4.3759E-03  5.2778E-03  6.3647E-03  7.6736E-03  9.2485E-03  1.1143E-02  1.3419E-02  1.6153E-02  1.9433E-02  2.3363E-02  2.8065E-02  3.3684E-02  4.0390E-02  4.8376E-02  5.7874E-02  6.9156E-02  8.2550E-02  9.8466E-02  1.1743E-01  1.4019E-01  1.6783E-01  2.0197E-01  2.4489E-01  2.9943E-01  3.6723E-01  4.4526E-01  5.2338E-01  5.9048E-01  6.3978E-01  6.6559E-01  6.8019E-01  6.9664E-01  7.2326E-01  7.5563E-01  7.7598E-01  7.8109E-01  7.9105E-01  8.0165E-01  8.0076E-01  7.9688E-01  7.9730E-01  7.9882E-01  8.1695E-01  8.4165E-01  8.7009E-01  8.8860E-01  8.9872E-01  9.0187E-01  9.0207E-01  9.0462E-01  9.0990E-01  9.1668E-01  9.1804E-01
  0.0000E+00  0.0000E+00  0.0000E+00  0.0000E+00  0.0000E+00  0.0000E+00  0.0000E+00  0.0000E+00  0.0000E+00  0.0000E+00  0.0000E+00  0.0000E+00  0.0000E+00  0.0000E+00  0.0000E+00  2.9106E-03  3.5120E-03  4.2368E-03  5.1101E-03  6.1628E-03  7.4305E-03  8.9560E-03  1.0791E-02  1.2996E-02  1.5645E-02  1.8824E-02  2.2634E-02  2.7193E-02  3.2643E-02  3.9148E-02  4.6896E-02  5.6115E-02  6.7066E-02  8.0067E-02  9.5510E-02  1.1390E-01  1.3593E-01  1.6262E-01  1.9549E-01  2.3668E-01  2.8904E-01  3.5460E-01  4.3146E-01  5.1050E-01  5.8003E-01  6.3282E-01  6.6243E-01  6.7718E-01  6.9337E-01  7.1679E-01  7.5086E-01  7.7298E-01  7.7984E-01  7.8888E-01  8.0004E-01  8.0071E-01  7.9644E-01  7.9620E-01  7.9747E-01  8.1175E-01  8.3685E-01  8.6561E-01  8.8561E-01  8.9766E-01  9.0162E-01  9.0168E-01  9.0361E-01  9.1192E-01  9.1597E-01  9.1793E-01
  0.0000E+00  0.0000E+00  0.0000E+00  0.0000E+00  0.0000E+00  0.0000E+00  0.0000E+00  0.0000E+00  0.0000E+00  0.0000E+00  0.0000E+00  0.0000E+00  0.0000E+00  0.0000E+00  0.0000E+00  2.8179E-03  3.4003E-03  4.1021E-03  4.9479E-03  5.9673E-03  7.1951E-03  8.6727E-03  1.0450E-02  1.2587E-02  1.5154E-02  1.8234E-02  2.1927E-02  2.6348E-02  3.1633E-02  3.7943E-02  4.5461E-02  5.4408E-02  6.5038E-02  7.7657E-02  9.2643E-02  1.1048E-01  1.3181E-01  1.5759E-01  1.8925E-01  2.2880E-01  2.7904E-01  3.4231E-01  4.1771E-01  4.9732E-01  5.6912E-01  6.2516E-01  6.5883E-01  6.7432E-01  6.9019E-01  7.1081E-01  7.4558E-01  7.6941E-01  7.7897E-01  7.8657E-01  7.9772E-01  8.0039E-01  7.9595E-01  7.9493E-01  7.9639E-01  8.0676E-01  8.3220E-01  8.6059E-01  8.8250E-01  8.9641E-01  9.0112E-01  9.0124E-01  9.0263E-01  9.1119E-01  9.1519E-01  9.1772E-01
  0.0000E+00  0.0000E+00  0.0000E+00  0.0000E+00  0.0000E+00  0.0000E+00  0.0000E+00  0.0000E+00  0.0000E+00  0.0000E+00  0.0000E+00  0.0000E+00  0.0000E+00  0.0000E+00  0.0000E+00  2.7282E-03  3.2920E-03  3.9716E-03  4.7906E-03  5.7778E-03  6.9670E-03  8.3982E-03  1.0120E-02  1.2190E-02  1.4677E-02  1.7663E-02  2.1242E-02  2.5528E-02  3.0653E-02  3.6774E-02  4.4068E-02  5.2751E-02  6.3068E-02  7.5318E-02  8.9862E-02  1.0716E-01  1.2783E-01  1.5275E-01  1.8325E-01  2.2125E-01  2.6944E-01  3.3039E-01  4.0408E-01  4.8387E-01  5.5774E-01  6.1686E-01  6.5466E-01  6.7164E-01  6.8705E-01  7.0555E-01  7.3975E-01  7.6552E-01  7.7822E-01  7.8413E-01  7.9504E-01  8.0006E-01  7.9580E-01  7.9381E-01  7.9538E-01  8.0240E-01  8.2764E-01  8.5517E-01  8.7934E-01  8.9481E-01  9.0038E-01  9.0087E-01  9.0182E-01  9.0632E-01  9.1429E-01  9.1744E-01
  0.0000E+00  0.0000E+00  0.0000E+00  0.0000E+00  0.0000E+00  0.0000E+00  0.0000E+00  0.0000E+00  0.0000E+00  0.0000E+00  0.0000E+00  0.0000E+00  0.0000E+00  0.0000E+00  0.0000E+00  2.6413E-03  3.1872E-03  3.8453E-03  4.6384E-03  5.5945E-03  6.7461E-03  8.1323E-03  9.8003E-03  1.1805E-02  1.4215E-02  1.7108E-02  2.0578E-02  2.4733E-02  2.9703E-02  3.5640E-02  4.2717E-02  5.1142E-02  6.1157E-02  7.3048E-02  8.7163E-02  1.0394E-01  1.2397E-01  1.4806E-01  1.7748E-01  2.1399E-01  2.6022E-01  3.1885E-01  3.9062E-01  4.7022E-01  5.4593E-01  6.0795E-01  6.4983E-01  6.6904E-01  6.8386E-01  7.0099E-01  7.3336E-01  7.6142E-01  7.7717E-01  7.8166E-01  7.9230E-01  7.9969E-01  7.9598E-01  7.9298E-01  7.9426E-01  7.9863E-01  8.2295E-01  8.4950E-01  8.7603E-01  8.9271E-01  8.9942E-01  9.0059E-01  9.0120E-01  9.1026E-01  9.1329E-01  9.1712E-01
  0.0000E+00  0.0000E+00  0.0000E+00  0.0000E+00  0.0000E+00  0.0000E+00  0.0000E+00  0.0000E+00  0.0000E+00  0.0000E+00  0.0000E+00  0.0000E+00  0.0000E+00  0.0000E+00  0.0000E+00  0.0000E+00  3.0858E-03  3.7230E-03  4.4910E-03  5.4168E-03  6.5322E-03  7.8748E-03  9.4905E-03  1.1433E-02  1.3768E-02  1.6571E-02  1.9934E-02  2.3963E-02  2.8781E-02  3.4539E-02  4.1405E-02  4.9581E-02  5.9302E-02  7.0844E-02  8.4545E-02  1.0082E-01  1.2023E-01  1.4354E-01  1.7192E-01  2.0703E-01  2.5136E-01  3.0770E-01  3.7739E-01  4.5642E-01  5.3370E-01  5.9847E-01  6.4429E-01  6.6643E-01  6.8069E-01  6.9706E-01  7.2660E-01  7.5715E-01  7.7554E-01  7.7944E-01  7.8978E-01  7.9917E-01  7.9636E-01  7.9250E-01  7.9318E-01  7.9558E-01  8.1790E-01  8.4384E-01  8.7237E-01  8.9011E-01  8.9839E-01  9.0044E-01  9.0073E-01  9.0418E-01  9.1240E-01  9.1662E-01
  0.0000E+00  0.0000E+00  0.0000E+00  0.0000E+00  0.0000E+00  0.0000E+00  0.0000E+00  0.0000E+00  0.0000E+00  0.0000E+00  0.0000E+00  0.0000E+00  0.0000E+00  0.0000E+00  0.0000E+00  0.0000E+00  2.9876E-03  3.6047E-03  4.3483E-03  5.2448E-03  6.3251E-03  7.6255E-03  9.1905E-03  1.1072E-02  1.3335E-02  1.6052E-02  1.9311E-02  2.3216E-02  2.7888E-02  3.3472E-02  4.0134E-02  4.8068E-02  5.7502E-02  6.8707E-02  8.2005E-02  9.7798E-02  1.1661E-01  1.3917E-01  1.6657E-01  2.0034E-01  2.4288E-01  2.9696E-01  3.6446E-01  4.4257E-01  5.2109E-01  5.8847E-01  6.3801E-01  6.6366E-01  6.7760E-01  6.9360E-01  7.1978E-01  7.5267E-01  7.7316E-01  7.7774E-01  7.8750E-01  7.9818E-01  7.9663E-01  7.9211E-01  7.9211E-01  7.9342E-01  8.1244E-01  8.3847E-01  8.6822E-01  8.8718E-01  8.9740E-01  9.0033E-01  9.0033E-01  9.0308E-01  9.1158E-01  9.1594E-01
  0.0000E+00  0.0000E+00  0.0000E+00  0.0000E+00  0.0000E+00  0.0000E+00  0.0000E+00  0.0000E+00  0.0000E+00  0.0000E+00  0.0000E+00  0.0000E+00  0.0000E+00  0.0000E+00  0.0000E+00  0.0000E+00  2.8924E-03  3.4899E-03  4.2100E-03  5.0782E-03  6.1243E-03  7.3838E-03  8.8997E-03  1.0722E-02  1.2914E-02  1.5547E-02  1.8706E-02  2.2491E-02  2.7021E-02  3.2437E-02  3.8899E-02  4.6597E-02  5.5754E-02  6.6630E-02  7.9538E-02  9.4863E-02  1.1311E-01  1.3495E-01  1.6140E-01  1.9391E-01  2.3472E-01  2.8661E-01  3.5182E-01  4.2867E-01  5.0810E-01  5.7795E-01  6.3099E-01  6.6056E-01  6.7465E-01  6.9038E-01  7.1321E-01  7.4780E-01  7.7004E-01  7.7659E-01  7.8526E-01  7.9645E-01  7.9659E-01  7.9159E-01  7.9092E-01  7.9194E-01  8.0675E-01  8.3333E-01  8.6346E-01  8.8405E-01  8.9636E-01  9.0011E-01  8.9989E-01  9.0191E-01  9.0757E-01  9.1518E-01
  0.0000E+00  0.0000E+00  0.0000E+00  0.0000E+00  0.0000E+00  0.0000E+00  0.0000E+00  0.0000E+00  0.0000E+00  0.0000E+00  0.0000E+00  0.0000E+00  0.0000E+00  0.0000E+00  0.0000E+00  0.0000E+00  2.8003E-03  3.3788E-03  4.0761E-03  4.9168E-03  5.9299E-03  7.1496E-03  8.6179E-03  1.0384E-02  1.2507E-02  1.5058E-02  1.8119E-02  2.1789E-02  2.6181E-02  3.1433E-02  3.7701E-02  4.5170E-02  5.4057E-02  6.4614E-02  7.7144E-02  9.2017E-02  1.0971E-01  1.3086E-01  1.5642E-01  1.8772E-01  2.2691E-01  2.7666E-01  3.3953E-01  4.1484E-01  4.9478E-01  5.6693E-01  6.2328E-01  6.5702E-01  6.7191E-01  6.8729E-01  7.0723E-01  7.4240E-01  7.6640E-01  7.7588E-01  7.8292E-01  7.9403E-01  7.9637E-01  7.9113E-01  7.8964E-01  7.9081E-01  8.0139E-01  8.2835E-01  8.5811E-01  8.8081E-01  8.9510E-01  8.9964E-01  8.9945E-01  9.0087E-01  9.0985E-01  9.1434E-01
  0.0000E+00  0.0000E+00  0.0000E+00  0.0000E+00  0.0000E+00  0.0000E+00  0.0000E+00  0.0000E+00  0.0000E+00  0.0000E+00  0.0000E+00  0.0000E+00  0.0000E+00  0.0000E+00  0.0000E+00  0.0000E+00  2.7111E-03  3.2712E-03  3.9464E-03  4.7606E-03  5.7416E-03  6.9229E-03  8.3452E-03  1.0056E-02  1.2113E-02  1.4585E-02  1.7551E-02  2.1108E-02  2.5366E-02  3.0459E-02  3.6539E-02  4.3787E-02  5.2411E-02  6.2659E-02  7.4822E-02  8.9256E-02  1.0642E-01  1.2691E-01  1.5161E-01  1.8178E-01  2.1941E-01  2.6712E-01  3.2763E-01  4.0115E-01  4.8122E-01  5.5546E-01  6.1491E-01  6.5287E-01  6.6935E-01  6.8419E-01  7.0202E-01  7.3640E-01  7.6243E-01  7.7523E-01  7.8041E-01  7.9123E-01  7.9612E-01  7.9101E-01  7.8848E-01  7.8968E-01  7.9670E-01  8.2345E-01  8.5229E-01  8.7752E-01  8.9346E-01  8.9887E-01  8.9906E-01  8.9997E-01  9.0488E-01  9.1333E-01
  0.0000E+00  0.0000E+00  0.0000E+00  0.0000E+00  0.0000E+00  0.0000E+00  0.0000E+00  0.0000E+00  0.0000E+00  0.0000E+00  0.0000E+00  0.0000E+00  0.0000E+00  0.0000E+00  0.0000E+00  0.0000E+00  2.6247E-03  3.1671E-03  3.8208E-03  4.6092E-03  5.5593E-03  6.7034E-03  8.0809E-03  9.7376E-03  1.1731E-02  1.4126E-02  1.7000E-02  2.0448E-02  2.4576E-02  2.9515E-02  3.5412E-02  4.2444E-02  5.0813E-02  6.0760E-02  7.2568E-02  8.6578E-02  1.0322E-01  1.2308E-01  1.4697E-01  1.7606E-01  2.1222E-01  2.5796E-01  3.1612E-01  3.8765E-01  4.6744E-01  5.4353E-01  6.0593E-01  6.4804E-01  6.6689E-01  6.8108E-01  6.9759E-01  7.2984E-01  7.5829E-01  7.7425E-01  7.7793E-01  7.8845E-01  7.9590E-01  7.9136E-01  7.8773E-01  7.8853E-01  7.9271E-01  8.1840E-01  8.4622E-01  8.7405E-01  8.9126E-01  8.9791E-01  8.9882E-01  8.9933E-01  9.0369E-01  9.1222E-01
  0.0000E+00  0.0000E+00  0.0000E+00  0.0000E+00  0.0000E+00  0.0000E+00  0.0000E+00  0.0000E+00  0.0000E+00  0.0000E+00  0.0000E+00  0.0000E+00  0.0000E+00  0.0000E+00  0.0000E+00  0.0000E+00  0.0000E+00  3.0661E-03  3.6991E-03  4.4625E-03  5.3826E-03  6.4906E-03  7.8247E-03  9.4295E-03  1.1360E-02  1.3681E-02  1.6466E-02  1.9808E-02  2.3810E-02  2.8598E-02  3.4318E-02  4.1140E-02  4.9262E-02  5.8917E-02  7.0379E-02  8.3978E-02  1.0013E-01  1.1937E-01  1.4249E-01  1.7056E-01  2.0532E-01  2.4918E-01  3.0503E-01  3.7441E-01  4.5353E-01  5.3117E-01  5.9636E-01  6.4248E-01  6.6443E-01  6.7802E-01  6.9385E-01  7.2296E-01  7.5405E-01  7.7264E-01  7.7584E-01  7.8601E-01  7.9554E-01  7.9198E-01  7.8744E-01  7.8757E-01  7.8962E-01  8.1301E-01  8.4024E-01  8.7021E-01  8.8853E-01  8.9690E-01  8.9877E-01  8.9888E-01  9.0834E-01  9.1125E-01
  0.0000E+00  0.0000E+00  0.0000E+00  0.0000E+00  0.0000E+00  0.0000E+00  0.0000E+00  0.0000E+00  0.0000E+00  0.0000E+00  0.0000E+00  0.0000E+00  0.0000E+00  0.0000E+00  0.0000E+00  0.0000E+00  0.0000E+00  2.9684E-03  3.5813E-03  4.3205E-03  5.2114E-03  6.2844E-03  7.5765E-03  9.1308E-03  1.1001E-02  1.3249E-02  1.5949E-02  1.9187E-02  2.3066E-02  2.7709E-02  3.3256E-02  3.9875E-02  4.7756E-02  5.7127E-02  6.8254E-02  8.1454E-02  9.7127E-02  1.1578E-01  1.3816E-01  1.6525E-01  1.9870E-01  2.4076E-01  2.9433E-01  3.6145E-01  4.3954E-01  5.1839E-01  5.8625E-01  6.3614E-01  6.6180E-01  6.7507E-01  6.9059E-01  7.1608E-01  7.4956E-01  7.7024E-01  7.7436E-01  7.8384E-01  7.9464E-01  7.9247E-01  7.8722E-01  7.8666E-01  7.8755E-01  8.0715E-01  8.3456E-01  8.6579E-01  8.8546E-01  8.9596E-01  8.9877E-01  8.9852E-01  9.0141E-01  9.1036E-01
  0.0000E+00  0.0000E+00  0.0000E+00  0.0000E+00  0.0000E+00  0.0000E+00  0.0000E+00  0.0000E+00  0.0000E+00  0.0000E+00  0.0000E+00  0.0000E+00  0.0000E+00  0.0000E+00  0.0000E+00  0.0000E+00  0.0000E+00  2.8738E-03  3.4673E-03  4.1830E-03  5.0458E-03  6.0849E-03  7.3362E-03  8.8419E-03  1.0654E-02  1.2832E-02  1.5447E-02  1.8586E-02  2.2346E-02  2.6848E-02  3.2228E-02  3.8648E-02  4.6296E-02  5.5391E-02  6.6192E-02  7.9007E-02  9.4217E-02  1.1231E-01  1.3397E-01  1.6014E-01  1.9234E-01  2.3270E-01  2.8408E-01  3.4885E-01  4.2561E-01  5.0529E-01  5.7564E-01  6.2908E-01  6.5881E-01  6.7229E-01  6.8757E-01  7.0958E-01  7.4469E-01  7.6711E-01  7.7351E-01  7.8172E-01  7.9293E-01  7.9265E-01  7.8687E-01  7.8567E-01  7.8631E-01  8.0124E-01  8.2928E-01  8.6079E-01  8.8223E-01  8.9498E-01  8.9864E-01  8.9813E-01  9.0022E-01  9.0616E-01
  0.0000E+00  0.0000E+00  0.0000E+00  0.0000E+00  0.0000E+00  0.0000E+00  0.0000E+00  0.0000E+00  0.0000E+00  0.0000E+00  0.0000E+00  0.0000E+00  0.0000E+00  0.0000E+00  0.0000E+00  0.0000E+00  0.0000E+00  2.7822E-03  3.3568E-03  4.0498E-03  4.8853E-03  5.8915E-03  7.1034E-03  8.5617E-03  1.0317E-02  1.2427E-02  1.4961E-02  1.8002E-02  2.1648E-02  2.6012E-02  3.1229E-02  3.7457E-02  4.4878E-02  5.3705E-02  6.4190E-02  7.6631E-02  9.1393E-02  1.0894E-01  1.2993E-01  1.5522E-01  1.8623E-01  2.2497E-01  2.7422E-01  3.3662E-01  4.1174E-01  4.9186E-01  5.6452E-01  6.2130E-01  6.5533E-01  6.6976E-01  6.8466E-01  7.0379E-01  7.3926E-01  7.6349E-01  7.7310E-01  7.7949E-01  7.9053E-01  7.9271E-01  7.8669E-01  7.8464E-01  7.8544E-01  7.9584E-01  8.2419E-01  8.5517E-01  8.7892E-01  8.9376E-01  8.9822E-01  8.9775E-01  8.9913E-01  9.0492E-01
  0.0000E+00  0.0000E+00  0.0000E+00  0.0000E+00  0.0000E+00  0.0000E+00  0.0000E+00  0.0000E+00  0.0000E+00  0.0000E+00  0.0000E+00  0.0000E+00  0.0000E+00  0.0000E+00  0.0000E+00  0.0000E+00  0.0000E+00  2.6934E-03  3.2497E-03  3.9208E-03  4.7298E-03  5.7042E-03  6.8779E-03  8.2903E-03  9.9903E-03  1.2034E-02  1.4490E-02  1.7437E-02  2.0970E-02  2.5202E-02  3.0261E-02  3.6302E-02  4.3502E-02  5.2069E-02  6.2247E-02  7.4324E-02  8.8653E-02  1.0568E-01  1.2601E-01  1.5046E-01  1.8035E-01  2.1756E-01  2.6477E-01  3.2479E-01  3.9805E-01  4.7820E-01  5.5295E-01  6.1285E-01  6.5120E-01  6.6739E-01  6.8171E-01  6.9882E-01  7.3319E-01  7.5956E-01  7.7267E-01  7.7707E-01  7.8777E-01  7.9275E-01  7.8690E-01  7.8376E-01  7.8452E-01  7.9120E-01  8.1918E-01  8.4908E-01  8.7557E-01  8.9209E-01  8.9748E-01  8.9745E-01  8.9828E-01  9.0804E-01
  0.0000E+00  0.0000E+00  0.0000E+00  0.0000E+00  0.0000E+00  0.0000E+00  0.0000E+00  0.0000E+00  0.0000E+00  0.0000E+00  0.0000E+00  0.0000E+00  0.0000E+00  0.0000E+00  0.0000E+00  0.0000E+00  0.0000E+00  2.6075E-03  3.1462E-03  3.7960E-03  4.5793E-03  5.5229E-03  6.6596E-03  8.0275E-03  9.6742E-03  1.1654E-02  1.4034E-02  1.6890E-02  2.0314E-02  2.4417E-02  2.9322E-02  3.5182E-02  4.2167E-02  5.0481E-02  6.0361E-02  7.2086E-02  8.5996E-02  1.0251E-01  1.2222E-01  1.4587E-01  1.7470E-01  2.1047E-01  2.5573E-01  3.1339E-01  3.8459E-01  4.6437E-01  5.4094E-01  6.0381E-01  6.4636E-01  6.6511E-01  6.7874E-01  6.9468E-01  7.2658E-01  7.5552E-01  7.7182E-01  7.7476E-01  7.8515E-01  7.9282E-01  7.8763E-01  7.8338E-01  7.8367E-01  7.8742E-01  8.1410E-01  8.4287E-01  8.7206E-01  8.8982E-01  8.9656E-01  8.9733E-01  8.9771E-01  9.0234E-01
  0.0000E+00  0.0000E+00  0.0000E+00  0.0000E+00  0.0000E+00  0.0000E+00  0.0000E+00  0.0000E+00  0.0000E+00  0.0000E+00  0.0000E+00  0.0000E+00  0.0000E+00  0.0000E+00  0.0000E+00  0.0000E+00  0.0000E+00  0.0000E+00  3.0459E-03  3.6750E-03  4.4335E-03  5.3473E-03  6.4481E-03  7.7729E-03  9.3680E-03  1.1286E-02  1.3591E-02  1.6359E-02  1.9678E-02  2.3655E-02  2.8412E-02  3.4095E-02  4.0872E-02  4.8940E-02  5.8531E-02  6.9913E-02  8.3416E-02  9.9445E-02  1.1855E-01  1.4144E-01  1.6926E-01  2.0366E-01  2.4706E-01  3.0240E-01  3.7141E-01  4.5044E-01  5.2851E-01  5.9419E-01  6.4075E-01  6.6279E-01  6.7582E-01  6.9120E-01  7.1970E-01  7.5135E-01  7.7025E-01  7.7291E-01  7.8290E-01  7.9265E-01  7.8855E-01  7.8340E-01  7.8299E-01  7.8461E-01  8.0861E-01  8.3682E-01  8.6814E-01  8.8700E-01  8.9561E-01  8.9740E-01  8.9734E-01  9.0118E-01
  0.0000E+00  0.0000E+00  0.0000E+00  0.0000E+00  0.0000E+00  0.0000E+00  0.0000E+00  0.0000E+00  0.0000E+00  0.0000E+00  0.0000E+00  0.0000E+00  0.0000E+00  0.0000E+00  0.0000E+00  0.0000E+00  0.0000E+00  0.0000E+00  2.9488E-03  3.5579E-03  4.2924E-03  5.1772E-03  6.2432E-03  7.5263E-03  9.0713E-03  1.0930E-02  1.3163E-02  1.5845E-02  1.9061E-02  2.2916E-02  2.7529E-02  3.3040E-02  3.9615E-02  4.7445E-02  5.6754E-02  6.7804E-02  8.0912E-02  9.6468E-02  1.1499E-01  1.3715E-01  1.6402E-01  1.9711E-01  2.3875E-01  2.9183E-01  3.5854E-01  4.3646E-01  5.1569E-01  5.8402E-01  6.3436E-01  6.6025E-01  6.7301E-01  6.8815E-01  7.1288E-01  7.4693E-01  7.6784E-01  7.7172E-01  7.8091E-01  7.9182E-01  7.8926E-01  7.8340E-01  7.8236E-01  7.8290E-01  8.0267E-01  8.3119E-01  8.6364E-01  8.8391E-01  8.9476E-01  8.9751E-01  8.9703E-01  9.0000E-01
  0.0000E+00  0.0000E+00  0.0000E+00  0.0000E+00  0.0000E+00  0.0000E+00  0.0000E+00  0.0000E+00  0.0000E+00  0.0000E+00  0.0000E+00  0.0000E+00  0.0000E+00  0.0000E+00  0.0000E+00  0.0000E+00  0.0000E+00  0.0000E+00  2.8548E-03  3.4446E-03  4.1558E-03  5.0126E-03  6.0450E-03  7.2877E-03  8.7841E-03  1.0584E-02  1.2748E-02  1.5346E-02  1.8464E-02  2.2201E-02  2.6673E-02  3.2018E-02  3.8396E-02  4.5994E-02  5.5029E-02  6.5757E-02  7.8483E-02  9.3581E-02  1.1155E-01  1.3301E-01  1.5896E-01  1.9083E-01  2.3078E-01  2.8169E-01  3.4603E-01  4.2254E-01  5.0254E-01  5.7337E-01  6.2723E-01  6.5730E-01  6.7036E-01  6.8527E-01  7.0650E-01  7.4204E-01  7.6467E-01  7.7112E-01  7.7887E-01  7.9007E-01  7.8959E-01  7.8317E-01  7.8153E-01  7.8191E-01  7.9672E-01  8.2591E-01  8.5851E-01  8.8066E-01  8.9383E-01  8.9742E-01  8.9666E-01  8.9877E-01
  0.0000E+00  0.0000E+00  0.0000E+00  0.0000E+00  0.0000E+00  0.0000E+00  0.0000E+00  0.0000E+00  0.0000E+00  0.0000E+00  0.0000E+00  0.0000E+00  0.0000E+00  0.0000E+00  0.0000E+00  0.0000E+00  0.0000E+00  0.0000E+00  2.7638E-03  3.3349E-03  4.0235E-03  4.8532E-03  5.8530E-03  7.0565E-03  8.5059E-03  1.0250E-02  1.2346E-02  1.4864E-02  1.7885E-02  2.1507E-02  2.5843E-02  3.1026E-02  3.7214E-02  4.4586E-02  5.3356E-02  6.3770E-02  7.6125E-02  9.0781E-02  1.0821E-01  1.2900E-01  1.5409E-01  1.8479E-01  2.2315E-01  2.7195E-01  3.3391E-01  4.0873E-01  4.8909E-01  5.6222E-01  6.1940E-01  6.5381E-01  6.6795E-01  6.8244E-01  7.0087E-01  7.3655E-01  7.6103E-01  7.7089E-01  7.7665E-01  7.8761E-01  7.8978E-01  7.8311E-01  7.8062E-01  7.8117E-01  7.9137E-01  8.2083E-01  8.5277E-01  8.7735E-01  8.9262E-01  8.9700E-01  8.9630E-01  8.9766E-01
  0.0000E+00  0.0000E+00  0.0000E+00  0.0000E+00  0.0000E+00  0.0000E+00  0.0000E+00  0.0000E+00  0.0000E+00  0.0000E+00  0.0000E+00  0.0000E+00  0.0000E+00  0.0000E+00  0.0000E+00  0.0000E+00  0.0000E+00  0.0000E+00  2.6759E-03  3.2289E-03  3.8958E-03  4.6993E-03  5.6675E-03  6.8332E-03  8.2371E-03  9.9263E-03  1.1957E-02  1.4397E-02  1.7325E-02  2.0836E-02  2.5040E-02  3.0067E-02  3.6070E-02  4.3223E-02  5.1735E-02  6.1845E-02  7.3842E-02  8.8069E-02  1.0498E-01  1.2513E-01  1.4939E-01  1.7900E-01  2.1585E-01  2.6263E-01  3.2221E-01  3.9511E-01  4.7543E-01  5.5062E-01  6.1092E-01  6.4967E-01  6.6569E-01  6.7956E-01  6.9608E-01  7.3038E-01  7.5711E-01  7.7054E-01  7.7424E-01  7.8484E-01  7.8996E-01  7.8350E-01  7.7986E-01  7.8030E-01  7.8676E-01  8.1577E-01  8.4653E-01  8.7400E-01  8.9091E-01  8.9624E-01  8.9602E-01  8.9679E-01
  0.0000E+00  0.0000E+00  0.0000E+00  0.0000E+00  0.0000E+00  0.0000E+00  0.0000E+00  0.0000E+00  0.0000E+00  0.0000E+00  0.0000E+00  0.0000E+00  0.0000E+00  0.0000E+00  0.0000E+00  0.0000E+00  0.0000E+00  0.0000E+00  2.5903E-03  3.1256E-03  3.7712E-03  4.5492E-03  5.4867E-03  6.6154E-03  7.9750E-03  9.6111E-03  1.1578E-02  1.3942E-02  1.6779E-02  2.0182E-02  2.4257E-02  2.9131E-02  3.4953E-02  4.1893E-02  5.0152E-02  5.9966E-02  7.1611E-02  8.5421E-02  1.0183E-01  1.2136E-01  1.4483E-01  1.7338E-01  2.0880E-01  2.5364E-01  3.1084E-01  3.8164E-01  4.6151E-01  5.3850E-01  6.0178E-01  6.4476E-01  6.6351E-01  6.7664E-01  6.9211E-01  7.2365E-01  7.5308E-01  7.6971E-01  7.7200E-01  7.8228E-01  7.9017E-01  7.8442E-01  7.7966E-01  7.7953E-01  7.8299E-01  8.1051E-01  8.4012E-01  8.7042E-01  8.8855E-01  8.9532E-01  8.9597E-01  8.9624E-01
  0.0000E+00  0.0000E+00  0.0000E+00  0.0000E+00  0.0000E+00  0.0000E+00  0.0000E+00  0.0000E+00  0.0000E+00  0.0000E+00  0.0000E+00  0.0000E+00  0.0000E+00  0.0000E+00  0.0000E+00  0.0000E+00  0.0000E+00  0.0000E+00  0.0000E+00  3.0261E-03  3.6512E-03  4.4045E-03  5.3124E-03  6.4055E-03  7.7224E-03  9.3071E-03  1.1213E-02  1.3503E-02  1.6252E-02  1.9551E-02  2.3501E-02  2.8227E-02  3.3874E-02  4.0607E-02  4.8623E-02  5.8149E-02  6.9455E-02  8.2863E-02  9.8785E-02  1.1772E-01  1.4044E-01  1.6800E-01  2.0206E-01  2.4506E-01  2.9995E-01  3.6851E-01  4.4755E-01  5.2600E-01  5.9210E-01  6.3908E-01  6.6127E-01  6.7378E-01  6.8879E-01  7.1669E-01  7.4891E-01  7.6807E-01  7.7028E-01  7.8010E-01  7.9004E-01  7.8546E-01  7.7978E-01  7.7893E-01  7.8024E-01  8.0477E-01  8.3395E-01  8.6638E-01  8.8564E-01  8.9441E-01  8.9611E-01  8.9588E-01
  0.0000E+00  0.0000E+00  0.0000E+00  0.0000E+00  0.0000E+00  0.0000E+00  0.0000E+00  0.0000E+00  0.0000E+00  0.0000E+00  0.0000E+00  0.0000E+00  0.0000E+00  0.0000E+00  0.0000E+00  0.0000E+00  0.0000E+00  0.0000E+00  0.0000E+00  2.9296E-03  3.5348E-03  4.2642E-03  5.1434E-03  6.2020E-03  7.4773E-03  9.0122E-03  1.0858E-02  1.3077E-02  1.5741E-02  1.8938E-02  2.2767E-02  2.7350E-02  3.2825E-02  3.9358E-02  4.7137E-02  5.6383E-02  6.7359E-02  8.0376E-02  9.5829E-02  1.1419E-01  1.3619E-01  1.6280E-01  1.9559E-01  2.3682E-01  2.8946E-01  3.5569E-01  4.3354E-01  5.1310E-01  5.8186E-01  6.3262E-01  6.5876E-01  6.7104E-01  6.8585E-01  7.0985E-01  7.4445E-01  7.6555E-01  7.6927E-01  7.7815E-01  7.8914E-01  7.8623E-01  7.7979E-01  7.7835E-01  7.7863E-01  7.9855E-01  8.2820E-01  8.6170E-01  8.8247E-01  8.9360E-01  8.9626E-01  8.9557E-01
  0.0000E+00  0.0000E+00  0.0000E+00  0.0000E+00  0.0000E+00  0.0000E+00  0.0000E+00  0.0000E+00  0.0000E+00  0.0000E+00  0.0000E+00  0.0000E+00  0.0000E+00  0.0000E+00  0.0000E+00  0.0000E+00  0.0000E+00  0.0000E+00  0.0000E+00  2.8360E-03  3.4220E-03  4.1283E-03  4.9795E-03  6.0046E-03  7.2397E-03  8.7263E-03  1.0514E-02  1.2664E-02  1.5245E-02  1.8343E-02  2.2055E-02  2.6498E-02  3.1808E-02  3.8145E-02  4.5692E-02  5.4667E-02  6.5322E-02  7.7959E-02  9.2958E-02  1.1077E-01  1.3207E-01  1.5779E-01  1.8935E-01  2.2892E-01  2.7937E-01  3.4321E-01  4.1956E-01  4.9983E-01  5.7110E-01  6.2539E-01  6.5583E-01  6.6850E-01  6.8306E-01  7.0352E-01  7.3946E-01  7.6229E-01  7.6887E-01  7.7611E-01  7.8728E-01  7.8664E-01  7.7959E-01  7.7756E-01  7.7772E-01  7.9236E-01  8.2276E-01  8.5633E-01  8.7914E-01  8.9269E-01  8.9619E-01  8.9519E-01
  0.0000E+00  0.0000E+00  0.0000E+00  0.0000E+00  0.0000E+00  0.0000E+00  0.0000E+00  0.0000E+00  0.0000E+00  0.0000E+00  0.0000E+00  0.0000E+00  0.0000E+00  0.0000E+00  0.0000E+00  0.0000E+00  0.0000E+00  0.0000E+00  0.0000E+00  2.7459E-03  3.3133E-03  3.9972E-03  4.8215E-03  5.8144E-03  7.0106E-03  8.4506E-03  1.0183E-02  1.2265E-02  1.4767E-02  1.7769E-02  2.1367E-02  2.5675E-02  3.0826E-02  3.6973E-02  4.4298E-02  5.3009E-02  6.3354E-02  7.5624E-02  9.0185E-02  1.0747E-01  1.2811E-01  1.5297E-01  1.8339E-01  2.2139E-01  2.6974E-01  3.3118E-01  4.0578E-01  4.8634E-01  5.5989E-01  6.1750E-01  6.5234E-01  6.6620E-01  6.8030E-01  6.9804E-01  7.3387E-01  7.5861E-01  7.6878E-01  7.7388E-01  7.8473E-01  7.8695E-01  7.7964E-01  7.7670E-01  7.7699E-01  7.8693E-01  8.1754E-01  8.5035E-01  8.7578E-01  8.9146E-01  8.9576E-01  8.9484E-01
  0.0000E+00  0.0000E+00  0.0000E+00  0.0000E+00  0.0000E+00  0.0000E+00  0.0000E+00  0.0000E+00  0.0000E+00  0.0000E+00  0.0000E+00  0.0000E+00  0.0000E+00  0.0000E+00  0.0000E+00  0.0000E+00  0.0000E+00  0.0000E+00  0.0000E+00  2.6580E-03  3.2073E-03  3.8695E-03  4.6677E-03  5.6289E-03  6.7874E-03  8.1819E-03  9.8597E-03  1.1877E-02  1.4300E-02  1.7209E-02  2.0697E-02  2.4873E-02  2.9867E-02  3.5830E-02  4.2936E-02  5.1390E-02  6.1432E-02  7.3344E-02  8.7478E-02  1.0424E-01  1.2425E-01  1.4829E-01  1.7762E-01  2.1412E-01  2.6045E-01  3.1949E-01  3.9210E-01  4.7253E-01  5.4814E-01  6.0889E-01  6.4814E-01  6.6407E-01  6.7749E-01  6.9344E-01  7.2756E-01  7.5471E-01  7.6854E-01  7.7151E-01  7.8199E-01  7.8734E-01  7.8029E-01  7.7615E-01  7.7623E-01  7.8236E-01  8.1236E-01  8.4387E-01  8.7238E-01  8.8970E-01  8.9501E-01  8.9463E-01
  0.0000E+00  0.0000E+00  0.0000E+00  0.0000E+00  0.0000E+00  0.0000E+00  0.0000E+00  0.0000E+00  0.0000E+00  0.0000E+00  0.0000E+00  0.0000E+00  0.0000E+00  0.0000E+00  0.0000E+00  0.0000E+00  0.0000E+00  0.0000E+00  0.0000E+00  2.5734E-03  3.1054E-03  3.7465E-03  4.5194E-03  5.4504E-03  6.5723E-03  7.9231E-03  9.5484E-03  1.1503E-02  1.3851E-02  1.6670E-02  2.0050E-02  2.4099E-02  2.8942E-02  3.4726E-02  4.1621E-02  4.9827E-02  5.9575E-02  7.1141E-02  8.4864E-02  1.0114E-01  1.2053E-01  1.4380E-01  1.7209E-01  2.0718E-01  2.5160E-01  3.0827E-01  3.7873E-01  4.5863E-01  5.3600E-01  5.9972E-01  6.4319E-01  6.6199E-01  6.7463E-01  6.8966E-01  7.2074E-01  7.5068E-01  7.6767E-01  7.6934E-01  7.7949E-01  7.8763E-01  7.8136E-01  7.7606E-01  7.7550E-01  7.7859E-01  8.0691E-01  8.3730E-01  8.6872E-01  8.8722E-01  8.9408E-01  8.9462E-01
  0.0000E+00  0.0000E+00  0.0000E+00  0.0000E+00  0.0000E+00  0.0000E+00  0.0000E+00  0.0000E+00  0.0000E+00  0.0000E+00  0.0000E+00  0.0000E+00  0.0000E+00  0.0000E+00  0.0000E+00  0.0000E+00  0.0000E+00  0.0000E+00  0.0000E+00  0.0000E+00  3.0065E-03  3.6274E-03  4.3759E-03  5.2775E-03  6.3640E-03  7.6724E-03  9.2467E-03  1.1140E-02  1.3415E-02  1.6147E-02  1.9424E-02  2.3349E-02  2.8045E-02  3.3656E-02  4.0346E-02  4.8309E-02  5.7773E-02  6.9003E-02  8.2327E-02  9.8120E-02  1.1693E-01  1.3945E-01  1.6677E-01  2.0052E-01  2.4312E-01  2.9748E-01  3.6567E-01  4.4466E-01  5.2345E-01  5.8998E-01  6.3746E-01  6.5983E-01  6.7186E-01  6.8653E-01  7.1375E-01  7.4655E-01  7.6599E-01  7.6782E-01  7.7744E-01  7.8757E-01  7.8257E-01  7.7635E-01  7.7507E-01  7.7604E-01  8.0098E-01  8.3107E-01  8.6458E-01  8.8425E-01  8.9324E-01  8.9486E-01
  0.0000E+00  0.0000E+00  0.0000E+00  0.0000E+00  0.0000E+00  0.0000E+00  0.0000E+00  0.0000E+00  0.0000E+00  0.0000E+00  0.0000E+00  0.0000E+00  0.0000E+00  0.0000E+00  0.0000E+00  0.0000E+00  0.0000E+00  0.0000E+00  0.0000E+00  0.0000E+00  2.9104E-03  3.5115E-03  4.2361E-03  5.1091E-03  6.1613E-03  7.4283E-03  8.9530E-03  1.0787E-02  1.2991E-02  1.5638E-02  1.8813E-02  2.2618E-02  2.7171E-02  3.2611E-02  3.9102E-02  4.6829E-02  5.6015E-02  6.6916E-02  7.9851E-02  9.5179E-02  1.1342E-01  1.3523E-01  1.6161E-01  1.9409E-01  2.3494E-01  2.8705E-01  3.5287E-01  4.3060E-01  5.1043E-01  5.7965E-01  6.3089E-01  6.5736E-01  6.6920E-01  6.8370E-01  7.0692E-01  7.4204E-01  7.6336E-01  7.6701E-01  7.7554E-01  7.8660E-01  7.8341E-01  7.7639E-01  7.7456E-01  7.7458E-01  7.9450E-01  8.2523E-01  8.5972E-01  8.8101E-01  8.9248E-01  8.9507E-01
  0.0000E+00  0.0000E+00  0.0000E+00  0.0000E+00  0.0000E+00  0.0000E+00  0.0000E+00  0.0000E+00  0.0000E+00  0.0000E+00  0.0000E+00  0.0000E+00  0.0000E+00  0.0000E+00  0.0000E+00  0.0000E+00  0.0000E+00  0.0000E+00  0.0000E+00  0.0000E+00  2.8179E-03  3.3999E-03  4.1016E-03  4.9470E-03  5.9660E-03  7.1932E-03  8.6701E-03  1.0447E-02  1.2582E-02  1.5147E-02  1.8225E-02  2.1913E-02  2.6328E-02  3.1605E-02  3.7901E-02  4.5400E-02  5.4317E-02  6.4902E-02  7.7462E-02  9.2342E-02  1.1004E-01  1.3117E-01  1.5666E-01  1.8795E-01  2.2716E-01  2.7710E-01  3.4051E-01  4.1667E-01  4.9715E-01  5.6885E-01  6.2362E-01  6.5446E-01  6.6680E-01  6.8103E-01  7.0075E-01  7.3703E-01  7.6007E-01  7.6685E-01  7.7356E-01  7.8467E-01  7.8396E-01  7.7631E-01  7.7390E-01  7.7386E-01  7.8827E-01  8.1976E-01  8.5421E-01  8.7765E-01  8.9161E-01  8.9503E-01
  0.0000E+00  0.0000E+00  0.0000E+00  0.0000E+00  0.0000E+00  0.0000E+00  0.0000E+00  0.0000E+00  0.0000E+00  0.0000E+00  0.0000E+00  0.0000E+00  0.0000E+00  0.0000E+00  0.0000E+00  0.0000E+00  0.0000E+00  0.0000E+00  0.0000E+00  0.0000E+00  2.7278E-03  3.2913E-03  3.9707E-03  4.7893E-03  5.7760E-03  6.9644E-03  8.3948E-03  1.0116E-02  1.2184E-02  1.4670E-02  1.7652E-02  2.1227E-02  2.5507E-02  3.0624E-02  3.6732E-02  4.4008E-02  5.2662E-02  6.2937E-02  7.5132E-02  8.9576E-02  1.0674E-01  1.2722E-01  1.5187E-01  1.8202E-01  2.1966E-01  2.6751E-01  3.2849E-01  4.0282E-01  4.8350E-01  5.5750E-01  6.1560E-01  6.5093E-01  6.6463E-01  6.7835E-01  6.9542E-01  7.3130E-01  7.5636E-01  7.6693E-01  7.7133E-01  7.8207E-01  7.8445E-01  7.7655E-01  7.7317E-01  7.7321E-01  7.8282E-01  8.1442E-01  8.4796E-01  8.7424E-01  8.9037E-01  8.9460E-01
  0.0000E+00  0.0000E+00  0.0000E+00  0.0000E+00  0.0000E+00  0.0000E+00  0.0000E+00  0.0000E+00  0.0000E+00  0.0000E+00  0.0000E+00  0.0000E+00  0.0000E+00  0.0000E+00  0.0000E+00  0.0000E+00  0.0000E+00  0.0000E+00  0.0000E+00  0.0000E+00  2.6408E-03  3.1863E-03  3.8442E-03  4.6368E-03  5.5923E-03  6.7432E-03  8.1285E-03  9.7954E-03  1.1799E-02  1.4207E-02  1.7097E-02  2.0563E-02  2.4712E-02  2.9674E-02  3.5598E-02  4.2658E-02  5.1058E-02  6.1033E-02  7.2872E-02  8.6895E-02  1.0355E-01  1.2340E-01  1.4724E-01  1.7632E-01  2.1248E-01  2.5833E-01  3.1691E-01  3.8919E-01  4.6967E-01  5.4570E-01  6.0693E-01  6.4668E-01  6.6260E-01  6.7557E-01  6.9101E-01  7.2486E-01  7.5245E-01  7.6670E-01  7.6896E-01  7.7932E-01  7.8494E-01  7.7736E-01  7.7271E-01  7.7245E-01  7.7823E-01  8.0911E-01  8.4129E-01  8.7080E-01  8.8852E-01  8.9382E-01
  0.0000E+00  0.0000E+00  0.0000E+00  0.0000E+00  0.0000E+00  0.0000E+00  0.0000E+00  0.0000E+00  0.0000E+00  0.0000E+00  0.0000E+00  0.0000E+00  0.0000E+00  0.0000E+00  0.0000E+00  0.0000E+00  0.0000E+00  0.0000E+00  0.0000E+00  0.0000E+00  0.0000E+00  3.0848E-03  3.7218E-03  4.4893E-03  5.4146E-03  6.5291E-03  7.8710E-03  9.4856E-03  1.1427E-02  1.3760E-02  1.6561E-02  1.9919E-02  2.3942E-02  2.8754E-02  3.4500E-02  4.1350E-02  4.9502E-02  5.9186E-02  7.0681E-02  8.4296E-02  1.0046E-01  1.1970E-01  1.4278E-01  1.7083E-01  2.0560E-01  2.4955E-01  3.0576E-01  3.7585E-01  4.5571E-01  5.3345E-01  5.9767E-01  6.4164E-01  6.6060E-01  6.7276E-01  6.8740E-01  7.1792E-01  7.4844E-01  7.6579E-01  7.6690E-01  7.7691E-01  7.8534E-01  7.7861E-01  7.7280E-01  7.7181E-01  7.7451E-01  8.0346E-01  8.3457E-01  8.6705E-01  8.8593E-01  8.9291E-01
  0.0000E+00  0.0000E+00  0.0000E+00  0.0000E+00  0.0000E+00  0.0000E+00  0.0000E+00  0.0000E+00  0.0000E+00  0.0000E+00  0.0000E+00  0.0000E+00  0.0000E+00  0.0000E+00  0.0000E+00  0.0000E+00  0.0000E+00  0.0000E+00  0.0000E+00  0.0000E+00  0.0000E+00  2.9861E-03  3.6029E-03  4.3460E-03  5.2419E-03  6.3212E-03  7.6206E-03  9.1844E-03  1.1065E-02  1.3325E-02  1.6039E-02  1.9294E-02  2.3193E-02  2.7858E-02  3.3431E-02  4.0076E-02  4.7987E-02  5.7387E-02  6.8547E-02  8.1764E-02  9.7455E-02  1.1611E-01  1.3845E-01  1.6553E-01  1.9897E-01  2.4111E-01  2.9499E-01  3.6276E-01  4.4162E-01  5.2074E-01  5.8779E-01  6.3579E-01  6.5847E-01  6.7003E-01  6.8439E-01  7.1084E-01  7.4425E-01  7.6397E-01  7.6552E-01  7.7492E-01  7.8525E-01  7.7989E-01  7.7313E-01  7.7141E-01  7.7203E-01  7.9717E-01  8.2816E-01  8.6270E-01  8.8283E-01  8.9209E-01
  0.0000E+00  0.0000E+00  0.0000E+00  0.0000E+00  0.0000E+00  0.0000E+00  0.0000E+00  0.0000E+00  0.0000E+00  0.0000E+00  0.0000E+00  0.0000E+00  0.0000E+00  0.0000E+00  0.0000E+00  0.0000E+00  0.0000E+00  0.0000E+00  0.0000E+00  0.0000E+00  0.0000E+00  2.8913E-03  3.4885E-03  4.2081E-03  5.0758E-03  6.1210E-03  7.3797E-03  8.8946E-03  1.0716E-02  1.2907E-02  1.5536E-02  1.8691E-02  2.2471E-02  2.6995E-02  3.2401E-02  3.8849E-02  4.6526E-02  5.5652E-02  6.6488E-02  7.9323E-02  9.4555E-02  1.1265E-01  1.3429E-01  1.6045E-01  1.9265E-01  2.3307E-01  2.8473E-01  3.5011E-01  4.2764E-01  5.0773E-01  5.7745E-01  6.2918E-01  6.5604E-01  6.6749E-01  6.8170E-01  7.0410E-01  7.3972E-01  7.6126E-01  7.6494E-01  7.7308E-01  7.8419E-01  7.8080E-01  7.7321E-01  7.7100E-01  7.7078E-01  7.9053E-01  8.2232E-01  8.5771E-01  8.7956E-01  8.9139E-01
  0.0000E+00  0.0000E+00  0.0000E+00  0.0000E+00  0.0000E+00  0.0000E+00  0.0000E+00  0.0000E+00  0.0000E+00  0.0000E+00  0.0000E+00  0.0000E+00  0.0000E+00  0.0000E+00  0.0000E+00  0.0000E+00  0.0000E+00  0.0000E+00  0.0000E+00  0.0000E+00  0.0000E+00  2.7987E-03  3.3769E-03  4.0736E-03  4.9137E-03  5.9258E-03  7.1446E-03  8.6117E-03  1.0376E-02  1.2498E-02  1.5045E-02  1.8102E-02  2.1767E-02  2.6152E-02  3.1394E-02  3.7648E-02  4.5098E-02  5.3954E-02  6.4474E-02  7.6935E-02  9.1720E-02  1.0927E-01  1.3023E-01  1.5552E-01  1.8653E-01  2.2531E-01  2.7480E-01  3.3774E-01  4.1362E-01  4.9428E-01  5.6650E-01  6.2176E-01  6.5310E-01  6.6518E-01  6.7909E-01  6.9801E-01  7.3458E-01  7.5787E-01  7.6497E-01  7.7108E-01  7.8212E-01  7.8143E-01  7.7318E-01  7.7038E-01  7.7014E-01  7.8416E-01  8.1671E-01  8.5195E-01  8.7612E-01  8.9052E-01
  0.0000E+00  0.0000E+00  0.0000E+00  0.0000E+00  0.0000E+00  0.0000E+00  0.0000E+00  0.0000E+00  0.0000E+00  0.0000E+00  0.0000E+00  0.0000E+00  0.0000E+00  0.0000E+00  0.0000E+00  0.0000E+00  0.0000E+00  0.0000E+00  0.0000E+00  0.0000E+00  0.0000E+00  2.7097E-03  3.2695E-03  3.9441E-03  4.7577E-03  5.7379E-03  6.9184E-03  8.3394E-03  1.0049E-02  1.2104E-02  1.4573E-02  1.7536E-02  2.1088E-02  2.5340E-02  3.0424E-02  3.6492E-02  4.3721E-02  5.2318E-02  6.2532E-02  7.4631E-02  8.8987E-02  1.0602E-01  1.2634E-01  1.5079E-01  1.8068E-01  2.1792E-01  2.6534E-01  3.2584E-01  3.9983E-01  4.8062E-01  5.5510E-01  6.1368E-01  6.4955E-01  6.6313E-01  6.7646E-01  6.9289E-01  7.2874E-01  7.5414E-01  7.6515E-01  7.6883E-01  7.7944E-01  7.8204E-01  7.7356E-01  7.6971E-01  7.6948E-01  7.7870E-01  8.1126E-01  8.4546E-01  8.7268E-01  8.8925E-01
  0.0000E+00  0.0000E+00  0.0000E+00  0.0000E+00  0.0000E+00  0.0000E+00  0.0000E+00  0.0000E+00  0.0000E+00  0.0000E+00  0.0000E+00  0.0000E+00  0.0000E+00  0.0000E+00  0.0000E+00  0.0000E+00  0.0000E+00  0.0000E+00  0.0000E+00  0.0000E+00  0.0000E+00  2.6233E-03  3.1653E-03  3.8186E-03  4.6063E-03  5.5556E-03  6.6988E-03  8.0751E-03  9.7309E-03  1.1722E-02  1.4114E-02  1.6986E-02  2.0428E-02  2.4551E-02  2.9481E-02  3.5367E-02  4.2381E-02  5.0726E-02  6.0642E-02  7.2390E-02  8.6328E-02  1.0286E-01  1.2255E-01  1.4621E-01  1.7504E-01  2.1083E-01  2.5625E-01  3.1434E-01  3.8624E-01  4.6673E-01  5.4321E-01  6.0493E-01  6.4524E-01  6.6123E-01  6.7376E-01  6.8871E-01  7.2219E-01  7.5026E-01  7.6498E-01  7.6653E-01  7.7677E-01  7.8273E-01  7.7464E-01  7.6949E-01  7.6883E-01  7.7418E-01  8.0584E-01  8.3859E-01  8.6919E-01  8.8731E-01
  0.0000E+00  0.0000E+00  0.0000E+00  0.0000E+00  0.0000E+00  0.0000E+00  0.0000E+00  0.0000E+00  0.0000E+00  0.0000E+00  0.0000E+00  0.0000E+00  0.0000E+00  0.0000E+00  0.0000E+00  0.0000E+00  0.0000E+00  0.0000E+00  0.0000E+00  0.0000E+00  0.0000E+00  0.0000E+00  3.0642E-03  3.6967E-03  4.4594E-03  5.3785E-03  6.4856E-03  7.8186E-03  9.4223E-03  1.1351E-02  1.3669E-02  1.6451E-02  1.9788E-02  2.3784E-02  2.8565E-02  3.4273E-02  4.1079E-02  4.9177E-02  5.8803E-02  7.0210E-02  8.3742E-02  9.9787E-02  1.1888E-01  1.4178E-01  1.6960E-01  2.0400E-01  2.4754E-01  3.0325E-01  3.7288E-01  4.5266E-01  5.3082E-01  5.9554E-01  6.4012E-01  6.5935E-01  6.7106E-01  6.8535E-01  7.1518E-01  7.4630E-01  7.6406E-01  7.6468E-01  7.7454E-01  7.8331E-01  7.7620E-01  7.6989E-01  7.6843E-01  7.7063E-01  7.9997E-01  8.3169E-01  8.6531E-01  8.8459E-01
  0.0000E+00  0.0000E+00  0.0000E+00  0.0000E+00  0.0000E+00  0.0000E+00  0.0000E+00  0.0000E+00  0.0000E+00  0.0000E+00  0.0000E+00  0.0000E+00  0.0000E+00  0.0000E+00  0.0000E+00  0.0000E+00  0.0000E+00  0.0000E+00  0.0000E+00  0.0000E+00  0.0000E+00  0.0000E+00  2.9662E-03  3.5785E-03  4.3170E-03  5.2070E-03  6.2790E-03  7.5698E-03  9.1230E-03  1.0991E-02  1.3236E-02  1.5932E-02  1.9166E-02  2.3040E-02  2.7675E-02  3.3211E-02  3.9813E-02  4.7672E-02  5.7016E-02  6.8090E-02  8.1228E-02  9.6802E-02  1.1532E-01  1.3749E-01  1.6435E-01  1.9745E-01  2.3918E-01  2.9258E-01  3.5986E-01  4.3855E-01  5.1802E-01  5.8557E-01  6.3416E-01  6.5729E-01  6.6844E-01  6.8254E-01  7.0812E-01  7.4215E-01  7.6216E-01  7.6358E-01  7.7272E-01  7.8324E-01  7.7766E-01  7.7040E-01  7.6826E-01  7.6848E-01  7.9350E-01  8.2529E-01  8.6083E-01  8.8143E-01
  0.0000E+00  0.0000E+00  0.0000E+00  0.0000E+00  0.0000E+00  0.0000E+00  0.0000E+00  0.0000E+00  0.0000E+00  0.0000E+00  0.0000E+00  0.0000E+00  0.0000E+00  0.0000E+00  0.0000E+00  0.0000E+00  0.0000E+00  0.0000E+00  0.0000E+00  0.0000E+00  0.0000E+00  0.0000E+00  2.8716E-03  3.4645E-03  4.1795E-03  5.0413E-03  6.0794E-03  7.3296E-03  8.8340E-03  1.0644E-02  1.2819E-02  1.5431E-02  1.8565E-02  2.2320E-02  2.6814E-02  3.2184E-02  3.8589E-02  4.6215E-02  5.5286E-02  6.6039E-02  7.8796E-02  9.3914E-02  1.1188E-01  1.3335E-01  1.5931E-01  1.9117E-01  2.3121E-01  2.8238E-01  3.4724E-01  4.2450E-01  5.0487E-01  5.7509E-01  6.2743E-01  6.5489E-01  6.6605E-01  6.8001E-01  7.0151E-01  7.3760E-01  7.5939E-01  7.6333E-01  7.7102E-01  7.8215E-01  7.7876E-01  7.7065E-01  7.6810E-01  7.6762E-01  7.8678E-01  8.1946E-01  8.5566E-01  8.7812E-01
  0.0000E+00  0.0000E+00  0.0000E+00  0.0000E+00  0.0000E+00  0.0000E+00  0.0000E+00  0.0000E+00  0.0000E+00  0.0000E+00  0.0000E+00  0.0000E+00  0.0000E+00  0.0000E+00  0.0000E+00  0.0000E+00  0.0000E+00  0.0000E+00  0.0000E+00  0.0000E+00  0.0000E+00  0.0000E+00  2.7799E-03  3.3539E-03  4.0462E-03  4.8807E-03  5.8860E-03  7.0967E-03  8.5537E-03  1.0307E-02  1.2414E-02  1.4945E-02  1.7982E-02  2.1622E-02  2.5979E-02  3.1186E-02  3.7400E-02  4.4801E-02  5.3605E-02  6.4045E-02  7.6432E-02  9.1109E-02  1.0854E-01  1.2935E-01  1.5444E-01  1.8514E-01  2.2357E-01  2.7258E-01  3.3499E-01  4.1054E-01  4.9138E-01  5.6408E-01  6.1994E-01  6.5195E-01  6.6392E-01  6.7755E-01  6.9570E-01  7.3243E-01  7.5603E-01  7.6364E-01  7.6912E-01  7.8006E-01  7.7963E-01  7.7089E-01  7.6771E-01  7.6728E-01  7.8060E-01  8.1394E-01  8.4975E-01  8.7470E-01
  0.0000E+00  0.0000E+00  0.0000E+00  0.0000E+00  0.0000E+00  0.0000E+00  0.0000E+00  0.0000E+00  0.0000E+00  0.0000E+00  0.0000E+00  0.0000E+00  0.0000E+00  0.0000E+00  0.0000E+00  0.0000E+00  0.0000E+00  0.0000E+00  0.0000E+00  0.0000E+00  0.0000E+00  0.0000E+00  2.6914E-03  3.2473E-03  3.9177E-03  4.7258E-03  5.6994E-03  6.8719E-03  8.2833E-03  9.9817E-03  1.2023E-02  1.4476E-02  1.7419E-02  2.0948E-02  2.5173E-02  3.0223E-02  3.6251E-02  4.3433E-02  5.1979E-02  6.2116E-02  7.4145E-02  8.8396E-02  1.0531E-01  1.2548E-01  1.4975E-01  1.7935E-01  2.1626E-01  2.6323E-01  3.2321E-01  3.9681E-01  4.7769E-01  5.5262E-01  6.1176E-01  6.4832E-01  6.6198E-01  6.7498E-01  6.9083E-01  7.2649E-01  7.5232E-01  7.6392E-01  7.6690E-01  7.7739E-01  7.8040E-01  7.7153E-01  7.6723E-01  7.6677E-01  7.7540E-01  8.0857E-01  8.4316E-01  8.7130E-01
  0.0000E+00  0.0000E+00  0.0000E+00  0.0000E+00  0.0000E+00  0.0000E+00  0.0000E+00  0.0000E+00  0.0000E+00  0.0000E+00  0.0000E+00  0.0000E+00  0.0000E+00  0.0000E+00  0.0000E+00  0.0000E+00  0.0000E+00  0.0000E+00  0.0000E+00  0.0000E+00  0.0000E+00  0.0000E+00  2.6054E-03  3.1435E-03  3.7926E-03  4.5750E-03  5.5177E-03  6.6532E-03  8.0200E-03  9.6650E-03  1.1643E-02  1.4019E-02  1.6871E-02  2.0291E-02  2.4386E-02  2.9283E-02  3.5131E-02  4.2098E-02  5.0393E-02  6.0234E-02  7.1913E-02  8.5750E-02  1.0217E-01  1.2172E-01  1.4520E-01  1.7376E-01  2.0923E-01  2.5423E-01  3.1180E-01  3.8325E-01  4.6374E-01  5.4062E-01  6.0290E-01  6.4392E-01  6.6019E-01  6.7236E-01  6.8693E-01  7.1988E-01  7.4852E-01  7.6380E-01  7.6477E-01  7.7490E-01  7.8133E-01  7.7298E-01  7.6738E-01  7.6639E-01  7.7118E-01  8.0320E-01  8.3625E-01  8.6784E-01
  0.0000E+00  0.0000E+00  0.0000E+00  0.0000E+00  0.0000E+00  0.0000E+00  0.0000E+00  0.0000E+00  0.0000E+00  0.0000E+00  0.0000E+00  0.0000E+00  0.0000E+00  0.0000E+00  0.0000E+00  0.0000E+00  0.0000E+00  0.0000E+00  0.0000E+00  0.0000E+00  0.0000E+00  0.0000E+00  0.0000E+00  3.0430E-03  3.6715E-03  4.4290E-03  5.3419E-03  6.4414E-03  7.7651E-03  9.3584E-03  1.1274E-02  1.3576E-02  1.6340E-02  1.9654E-02  2.3624E-02  2.8372E-02  3.4044E-02  4.0804E-02  4.8854E-02  5.8407E-02  6.9746E-02  8.3181E-02  9.9115E-02  1.1808E-01  1.4081E-01  1.6837E-01  2.0248E-01  2.4561E-01  3.0081E-01  3.6998E-01  4.4967E-01  5.2817E-01  5.9343E-01  6.3868E-01  6.5836E-01  6.6971E-01  6.8377E-01  7.1284E-01  7.4459E-01  7.6277E-01  7.6310E-01  7.7282E-01  7.8195E-01  7.7468E-01  7.6796E-01  7.6617E-01  7.6792E-01  7.9727E-01  8.2943E-01  8.6392E-01
  0.0000E+00  0.0000E+00  0.0000E+00  0.0000E+00  0.0000E+00  0.0000E+00  0.0000E+00  0.0000E+00  0.0000E+00  0.0000E+00  0.0000E+00  0.0000E+00  0.0000E+00  0.0000E+00  0.0000E+00  0.0000E+00  0.0000E+00  0.0000E+00  0.0000E+00  0.0000E+00  0.0000E+00  0.0000E+00  0.0000E+00  2.9462E-03  3.5547E-03  4.2882E-03  5.1722E-03  6.2371E-03  7.5192E-03  9.0625E-03  1.0918E-02  1.3149E-02  1.5827E-02  1.9039E-02  2.2888E-02  2.7493E-02  3.2994E-02  3.9553E-02  4.7366E-02  5.6640E-02  6.7651E-02  8.0697E-02  9.6166E-02  1.1456E-01  1.3657E-01  1.6320E-01  1.9602E-01  2.3738E-01  2.9029E-01  3.5709E-01  4.3562E-01  5.1536E-01  5.8343E-01  6.3264E-01  6.5632E-01  6.6718E-01  6.8110E-01  7.0585E-01  7.4044E-01  7.6075E-01  7.6223E-01  7.7111E-01  7.8181E-01  7.7619E-01  7.6853E-01  7.6612E-01  7.6608E-01  7.9068E-01  8.2313E-01  8.5934E-01
  0.0000E+00  0.0000E+00  0.0000E+00  0.0000E+00  0.0000E+00  0.0000E+00  0.0000E+00  0.0000E+00  0.0000E+00  0.0000E+00  0.0000E+00  0.0000E+00  0.0000E+00  0.0000E+00  0.0000E+00  0.0000E+00  0.0000E+00  0.0000E+00  0.0000E+00  0.0000E+00  0.0000E+00  0.0000E+00  0.0000E+00  2.8520E-03  3.4412E-03  4.1514E-03  5.0073E-03  6.0385E-03  7.2801E-03  8.7748E-03  1.0572E-02  1.2733E-02  1.5328E-02  1.8441E-02  2.2172E-02  2.6636E-02  3.1971E-02  3.8334E-02  4.5916E-02  5.4918E-02  6.5609E-02  7.8276E-02  9.3293E-02  1.1114E-01  1.3246E-01  1.5819E-01  1.8979E-01  2.2947E-01  2.8015E-01  3.4451E-01  4.2154E-01  5.0210E-01  5.7283E-01  6.2577E-01  6.5388E-01  6.6486E-01  6.7864E-01  6.9933E-01  7.3580E-01  7.5785E-01  7.6218E-01  7.6941E-01  7.8054E-01  7.7731E-01  7.6877E-01  7.6598E-01  7.6538E-01  7.8384E-01  8.1728E-01  8.5399E-01
  0.0000E+00  0.0000E+00  0.0000E+00  0.0000E+00  0.0000E+00  0.0000E+00  0.0000E+00  0.0000E+00  0.0000E+00  0.0000E+00  0.0000E+00  0.0000E+00  0.0000E+00  0.0000E+00  0.0000E+00  0.0000E+00  0.0000E+00  0.0000E+00  0.0000E+00  0.0000E+00  0.0000E+00  0.0000E+00  0.0000E+00  2.7609E-03  3.3313E-03  4.0190E-03  4.8477E-03  5.8463E-03  7.0487E-03  8.4963E-03  1.0237E-02  1.2331E-02  1.4845E-02  1.7862E-02  2.1478E-02  2.5806E-02  3.0980E-02  3.7153E-02  4.4509E-02  5.3248E-02  6.3627E-02  7.5927E-02  9.0506E-02  1.0782E-01  1.2849E-01  1.5336E-01  1.8381E-01  2.2189E-01  2.7044E-01  3.3234E-01  4.0760E-01  4.8854E-01  5.6172E-01  6.1816E-01  6.5086E-01  6.6281E-01  6.7619E-01  6.9368E-01  7.3049E-01  7.5441E-01  7.6259E-01  7.6746E-01  7.7830E-01  7.7821E-01  7.6906E-01  7.6558E-01  7.6505E-01  7.7771E-01  8.1171E-01  8.4788E-01
  0.0000E+00  0.0000E+00  0.0000E+00  0.0000E+00  0.0000E+00  0.0000E+00  0.0000E+00  0.0000E+00  0.0000E+00  0.0000E+00  0.0000E+00  0.0000E+00  0.0000E+00  0.0000E+00  0.0000E+00  0.0000E+00  0.0000E+00  0.0000E+00  0.0000E+00  0.0000E+00  0.0000E+00  0.0000E+00  0.0000E+00  2.6728E-03  3.2250E-03  3.8909E-03  4.6934E-03  5.6603E-03  6.8248E-03  8.2268E-03  9.9133E-03  1.1941E-02  1.4377E-02  1.7301E-02  2.0806E-02  2.5002E-02  3.0019E-02  3.6007E-02  4.3146E-02  5.1627E-02  6.1705E-02  7.3648E-02  8.7803E-02  1.0461E-01  1.2464E-01  1.4870E-01  1.7806E-01  2.1464E-01  2.6114E-01  3.2059E-01  3.9384E-01  4.7473E-01  5.5012E-01  6.0984E-01  6.4713E-01  6.6096E-01  6.7364E-01  6.8900E-01  7.2437E-01  7.5067E-01  7.6291E-01  7.6522E-01  7.7560E-01  7.7911E-01  7.6990E-01  7.6521E-01  7.6453E-01  7.7256E-01  8.0624E-01  8.4105E-01
  0.0000E+00  0.0000E+00  0.0000E+00  0.0000E+00  0.0000E+00  0.0000E+00  0.0000E+00  0.0000E+00  0.0000E+00  0.0000E+00  0.0000E+00  0.0000E+00  0.0000E+00  0.0000E+00  0.0000E+00  0.0000E+00  0.0000E+00  0.0000E+00  0.0000E+00  0.0000E+00  0.0000E+00  0.0000E+00  0.0000E+00  2.5875E-03  3.1222E-03  3.7669E-03  4.5440E-03  5.4804E-03  6.6082E-03  7.9661E-03  9.5996E-03  1.1564E-02  1.3925E-02  1.6758E-02  2.0155E-02  2.4224E-02  2.9089E-02  3.4897E-02  4.1824E-02  5.0056E-02  5.9840E-02  7.1437E-02  8.5182E-02  1.0149E-01  1.2091E-01  1.4420E-01  1.7252E-01  2.0768E-01  2.5224E-01  3.0928E-01  3.8034E-01  4.6075E-01  5.3804E-01  6.0088E-01  6.4261E-01  6.5921E-01  6.7101E-01  6.8525E-01  7.1759E-01  7.4683E-01  7.6265E-01  7.6309E-01  7.7311E-01  7.8002E-01  7.7142E-01  7.6539E-01  7.6406E-01  7.6828E-01  8.0062E-01  8.3395E-01
  0.0000E+00  0.0000E+00  0.0000E+00  0.0000E+00  0.0000E+00  0.0000E+00  0.0000E+00  0.0000E+00  0.0000E+00  0.0000E+00  0.0000E+00  0.0000E+00  0.0000E+00  0.0000E+00  0.0000E+00  0.0000E+00  0.0000E+00  0.0000E+00  0.0000E+00  0.0000E+00  0.0000E+00  0.0000E+00  0.0000E+00  0.0000E+00  3.0225E-03  3.6467E-03  4.3991E-03  5.3058E-03  6.3978E-03  7.7130E-03  9.2952E-03  1.1198E-02  1.3485E-02  1.6230E-02  1.9523E-02  2.3467E-02  2.8184E-02  3.3818E-02  4.0538E-02  4.8528E-02  5.8026E-02  6.9286E-02  8.2632E-02  9.8462E-02  1.1730E-01  1.3984E-01  1.6718E-01  2.0099E-01  2.4370E-01  2.9839E-01  3.6712E-01  4.4666E-01  5.2550E-01  5.9131E-01  6.3724E-01  6.5741E-01  6.6840E-01  6.8225E-01  7.1049E-01  7.4289E-01  7.6147E-01  7.6158E-01  7.7114E-01  7.8061E-01  7.7321E-01  7.6608E-01  7.6392E-01  7.6520E-01  7.9446E-01  8.2708E-01
  0.0000E+00  0.0000E+00  0.0000E+00  0.0000E+00  0.0000E+00  0.0000E+00  0.0000E+00  0.0000E+00  0.0000E+00  0.0000E+00  0.0000E+00  0.0000E+00  0.0000E+00  0.0000E+00  0.0000E+00  0.0000E+00  0.0000E+00  0.0000E+00  0.0000E+00  0.0000E+00  0.0000E+00  0.0000E+00  0.0000E+00  0.0000E+00  2.9260E-03  3.5304E-03  4.2590E-03  5.1369E-03  6.1945E-03  7.4681E-03  9.0007E-03  1.0844E-02  1.3059E-02  1.5720E-02  1.8911E-02  2.2734E-02  2.7308E-02  3.2772E-02  3.9292E-02  4.7046E-02  5.6266E-02  6.7200E-02  8.0159E-02  9.5527E-02  1.1380E-01  1.3563E-01  1.6204E-01  1.9458E-01  2.3553E-01  2.8793E-01  3.5425E-01  4.3254E-01  5.1255E-01  5.8116E-01  6.3105E-01  6.5536E-01  6.6595E-01  6.7969E-01  7.0351E-01  7.3867E-01  7.5928E-01  7.6093E-01  7.6948E-01  7.8033E-01  7.7474E-01  7.6664E-01  7.6394E-01  7.6359E-01  7.8757E-01  8.2073E-01
  0.0000E+00  0.0000E+00  0.0000E+00  0.0000E+00  0.0000E+00  0.0000E+00  0.0000E+00  0.0000E+00  0.0000E+00  0.0000E+00  0.0000E+00  0.0000E+00  0.0000E+00  0.0000E+00  0.0000E+00  0.0000E+00  0.0000E+00  0.0000E+00  0.0000E+00  0.0000E+00  0.0000E+00  0.0000E+00  0.0000E+00  0.0000E+00  2.8328E-03  3.4180E-03  4.1235E-03  4.9737E-03  5.9978E-03  7.2314E-03  8.7158E-03  1.0502E-02  1.2648E-02  1.5226E-02  1.8319E-02  2.2025E-02  2.6460E-02  3.1760E-02  3.8086E-02  4.5611E-02  5.4562E-02  6.5178E-02  7.7763E-02  9.2684E-02  1.1041E-01  1.3156E-01  1.5709E-01  1.8843E-01  2.2772E-01  2.7792E-01  3.4179E-01  4.1851E-01  4.9926E-01  5.7050E-01  6.2408E-01  6.5289E-01  6.6373E-01  6.7731E-01  6.9716E-01  7.3395E-01  7.5629E-01  7.6108E-01  7.6780E-01  7.7889E-01  7.7588E-01  7.6689E-01  7.6384E-01  7.6307E-01  7.8071E-01  8.1489E-01
  0.0000E+00  0.0000E+00  0.0000E+00  0.0000E+00  0.0000E+00  0.0000E+00  0.0000E+00  0.0000E+00  0.0000E+00  0.0000E+00  0.0000E+00  0.0000E+00  0.0000E+00  0.0000E+00  0.0000E+00  0.0000E+00  0.0000E+00  0.0000E+00  0.0000E+00  0.0000E+00  0.0000E+00  0.0000E+00  0.0000E+00  0.0000E+00  2.7421E-03  3.3086E-03  3.9916E-03  4.8148E-03  5.8064E-03  7.0009E-03  8.4385E-03  1.0168E-02  1.2247E-02  1.4745E-02  1.7742E-02  2.1334E-02  2.5634E-02  3.0773E-02  3.6909E-02  4.4210E-02  5.2898E-02  6.3205E-02  7.5424E-02  8.9910E-02  1.0711E-01  1.2761E-01  1.5229E-01  1.8249E-01  2.2020E-01  2.6827E-01  3.2967E-01  4.0454E-01  4.8558E-01  5.5926E-01  6.1631E-01  6.4978E-01  6.6177E-01  6.7488E-01  6.9168E-01  7.2847E-01  7.5276E-01  7.6160E-01  7.6578E-01  7.7649E-01  7.7685E-01  7.6729E-01  7.6344E-01  7.6273E-01  7.7461E-01  8.0921E-01
  0.0000E+00  0.0000E+00  0.0000E+00  0.0000E+00  0.0000E+00  0.0000E+00  0.0000E+00  0.0000E+00  0.0000E+00  0.0000E+00  0.0000E+00  0.0000E+00  0.0000E+00  0.0000E+00  0.0000E+00  0.0000E+00  0.0000E+00  0.0000E+00  0.0000E+00  0.0000E+00  0.0000E+00  0.0000E+00  0.0000E+00  0.0000E+00  2.6548E-03  3.2033E-03  3.8647E-03  4.6618E-03  5.6221E-03  6.7791E-03  8.1715E-03  9.8469E-03  1.1861E-02  1.4281E-02  1.7186E-02  2.0668E-02  2.4837E-02  2.9821E-02  3.5774E-02  4.2859E-02  5.1292E-02  6.1300E-02  7.3166E-02  8.7233E-02  1.0393E-01  1.2380E-01  1.4768E-01  1.7681E-01  2.1304E-01  2.5909E-01  3.1804E-01  3.9086E-01  4.7175E-01  5.4758E-01  6.0791E-01  6.4597E-01  6.6004E-01  6.7240E-01  6.8729E-01  7.2227E-01  7.4908E-01  7.6199E-01  7.6363E-01  7.7388E-01  7.7795E-01  7.6846E-01  7.6333E-01  7.6238E-01  7.6973E-01  8.0380E-01
  0.0000E+00  0.0000E+00  0.0000E+00  0.0000E+00  0.0000E+00  0.0000E+00  0.0000E+00  0.0000E+00  0.0000E+00  0.0000E+00  0.0000E+00  0.0000E+00  0.0000E+00  0.0000E+00  0.0000E+00  0.0000E+00  0.0000E+00  0.0000E+00  0.0000E+00  0.0000E+00  0.0000E+00  0.0000E+00  0.0000E+00  0.0000E+00  0.0000E+00  3.1009E-03  3.7412E-03  4.5130E-03  5.4428E-03  6.5631E-03  7.9116E-03  9.5344E-03  1.1486E-02  1.3830E-02  1.6645E-02  2.0019E-02  2.4061E-02  2.8893E-02  3.4667E-02  4.1542E-02  4.9727E-02  5.9443E-02  7.0964E-02  8.4623E-02  1.0083E-01  1.2010E-01  1.4321E-01  1.7131E-01  2.0614E-01  2.5026E-01  3.0680E-01  3.7738E-01  4.5770E-01  5.3538E-01  5.9882E-01  6.4132E-01  6.5839E-01  6.6986E-01  6.8383E-01  7.1543E-01  7.4531E-01  7.6171E-01  7.6171E-01  7.7161E-01  7.7906E-01  7.7033E-01  7.6389E-01  7.6221E-01  7.6578E-01  7.9818E-01
  0.0000E+00  0.0000E+00  0.0000E+00  0.0000E+00  0.0000E+00  0.0000E+00  0.0000E+00  0.0000E+00  0.0000E+00  0.0000E+00  0.0000E+00  0.0000E+00  0.0000E+00  0.0000E+00  0.0000E+00  0.0000E+00  0.0000E+00  0.0000E+00  0.0000E+00  0.0000E+00  0.0000E+00  0.0000E+00  0.0000E+00  0.0000E+00  0.0000E+00  3.0020E-03  3.6219E-03  4.3693E-03  5.2697E-03  6.3546E-03  7.6607E-03  9.2325E-03  1.1123E-02  1.3394E-02  1.6122E-02  1.9392E-02  2.3310E-02  2.7997E-02  3.3597E-02  4.0267E-02  4.8211E-02  5.7644E-02  6.8832E-02  8.2095E-02  9.7827E-02  1.1652E-01  1.3890E-01  1.6604E-01  1.9954E-01  2.4183E-01  2.9603E-01  3.6426E-01  4.4361E-01  5.2276E-01  5.8916E-01  6.3584E-01  6.5665E-01  6.6737E-01  6.8106E-01  7.0838E-01  7.4144E-01  7.6044E-01  7.6050E-01  7.6987E-01  7.7971E-01  7.7234E-01  7.6484E-01  7.6238E-01  7.6315E-01  7.9192E-01
  0.0000E+00  0.0000E+00  0.0000E+00  0.0000E+00  0.0000E+00  0.0000E+00  0.0000E+00  0.0000E+00  0.0000E+00  0.0000E+00  0.0000E+00  0.0000E+00  0.0000E+00  0.0000E+00  0.0000E+00  0.0000E+00  0.0000E+00  0.0000E+00  0.0000E+00  0.0000E+00  0.0000E+00  0.0000E+00  0.0000E+00  0.0000E+00  0.0000E+00  2.9060E-03  3.5061E-03  4.2297E-03  5.1015E-03  6.1520E-03  7.4168E-03  8.9391E-03  1.0770E-02  1.2971E-02  1.5613E-02  1.8783E-02  2.2580E-02  2.7124E-02  3.2555E-02  3.9026E-02  4.6735E-02  5.5891E-02  6.6754E-02  7.9633E-02  9.4905E-02  1.1304E-01  1.3472E-01  1.6093E-01  1.9318E-01  2.3374E-01  2.8566E-01  3.5146E-01  4.2948E-01  5.0971E-01  5.7890E-01  6.2951E-01  6.5459E-01  6.6502E-01  6.7864E-01  7.0154E-01  7.3721E-01  7.5815E-01  7.6016E-01  7.6836E-01  7.7933E-01  7.7397E-01  7.6553E-01  7.6263E-01  7.6203E-01  7.8507E-01
  0.0000E+00  0.0000E+00  0.0000E+00  0.0000E+00  0.0000E+00  0.0000E+00  0.0000E+00  0.0000E+00  0.0000E+00  0.0000E+00  0.0000E+00  0.0000E+00  0.0000E+00  0.0000E+00  0.0000E+00  0.0000E+00  0.0000E+00  0.0000E+00  0.0000E+00  0.0000E+00  0.0000E+00  0.0000E+00  0.0000E+00  0.0000E+00  0.0000E+00  2.8132E-03  3.3944E-03  4.0949E-03  4.9391E-03  5.9564E-03  7.1813E-03  8.6557E-03  1.0429E-02  1.2561E-02  1.5122E-02  1.8193E-02  2.1875E-02  2.6280E-02  3.1548E-02  3.7826E-02  4.5307E-02  5.4195E-02  6.4743E-02  7.7249E-02  9.2077E-02  1.0967E-01  1.3068E-01  1.5602E-01  1.8708E-01  2.2600E-01  2.7574E-01  3.3908E-01  4.1546E-01  4.9634E-01  5.6813E-01  6.2239E-01  6.5206E-01  6.6292E-01  6.7634E-01  6.9540E-01  7.3242E-01  7.5509E-01  7.6055E-01  7.6672E-01  7.7776E-01  7.7521E-01  7.6590E-01  7.6264E-01  7.6180E-01  7.7836E-01
  0.0000E+00  0.0000E+00  0.0000E+00  0.0000E+00  0.0000E+00  0.0000E+00  0.0000E+00  0.0000E+00  0.0000E+00  0.0000E+00  0.0000E+00  0.0000E+00  0.0000E+00  0.0000E+00  0.0000E+00  0.0000E+00  0.0000E+00  0.0000E+00  0.0000E+00  0.0000E+00  0.0000E+00  0.0000E+00  0.0000E+00  0.0000E+00  0.0000E+00  2.7235E-03  3.2861E-03  3.9644E-03  4.7819E-03  5.7671E-03  6.9533E-03  8.3813E-03  1.0099E-02  1.2165E-02  1.4646E-02  1.7623E-02  2.1191E-02  2.5462E-02  3.0571E-02  3.6661E-02  4.3921E-02  5.2549E-02  6.2790E-02  7.4935E-02  8.9332E-02  1.0641E-01  1.2677E-01  1.5128E-01  1.8122E-01  2.1859E-01  2.6623E-01  3.2710E-01  4.0159E-01  4.8267E-01  5.5684E-01  6.1453E-01  6.4885E-01  6.6104E-01  6.7394E-01  6.9017E-01  7.2682E-01  7.5155E-01  7.6114E-01  7.6468E-01  7.7529E-01  7.7624E-01  7.6646E-01  7.6230E-01  7.6152E-01  7.7256E-01
  0.0000E+00  0.0000E+00  0.0000E+00  0.0000E+00  0.0000E+00  0.0000E+00  0.0000E+00  0.0000E+00  0.0000E+00  0.0000E+00  0.0000E+00  0.0000E+00  0.0000E+00  0.0000E+00  0.0000E+00  0.0000E+00  0.0000E+00  0.0000E+00  0.0000E+00  0.0000E+00  0.0000E+00  0.0000E+00  0.0000E+00  0.0000E+00  0.0000E+00  2.6363E-03  3.1810E-03  3.8377E-03  4.6292E-03  5.5831E-03  6.7317E-03  8.1147E-03  9.7787E-03  1.1779E-02  1.4183E-02  1.7067E-02  2.0526E-02  2.4667E-02  2.9620E-02  3.5528E-02  4.2572E-02  5.0946E-02  6.0888E-02  7.2680E-02  8.6660E-02  1.0323E-01  1.2297E-01  1.4668E-01  1.7556E-01  2.1146E-01  2.5708E-01  3.1550E-01  3.8787E-01  4.6871E-01  5.4499E-01  6.0595E-01  6.4488E-01  6.5937E-01  6.7146E-01  6.8599E-01  7.2043E-01  7.4784E-01  7.6148E-01  7.6254E-01  7.7270E-01  7.7743E-01  7.6785E-01  7.6235E-01  7.6120E-01  7.6779E-01
  0.0000E+00  0.0000E+00  0.0000E+00  0.0000E+00  0.0000E+00  0.0000E+00  0.0000E+00  0.0000E+00  0.0000E+00  0.0000E+00  0.0000E+00  0.0000E+00  0.0000E+00  0.0000E+00  0.0000E+00  0.0000E+00  0.0000E+00  0.0000E+00  0.0000E+00  0.0000E+00  0.0000E+00  0.0000E+00  0.0000E+00  0.0000E+00  0.0000E+00  0.0000E+00  3.0796E-03  3.7155E-03  4.4819E-03  5.4056E-03  6.5180E-03  7.8574E-03  9.4692E-03  1.1407E-02  1.3736E-02  1.6532E-02  1.9884E-02  2.3898E-02  2.8702E-02  3.4432E-02  4.1267E-02  4.9395E-02  5.9049E-02  7.0500E-02  8.4075E-02  1.0016E-01  1.1930E-01  1.4226E-01  1.7013E-01  2.0464E-01  2.4836E-01  3.0438E-01  3.7448E-01  4.5465E-01  5.3271E-01  5.9676E-01  6.4009E-01  6.5776E-01  6.6894E-01  6.8272E-01  7.1350E-01  7.4407E-01  7.6104E-01  7.6074E-01  7.7055E-01  7.7853E-01  7.6983E-01  7.6305E-01  7.6108E-01  7.6399E-01
  0.0000E+00  0.0000E+00  0.0000E+00  0.0000E+00  0.0000E+00  0.0000E+00  0.0000E+00  0.0000E+00  0.0000E+00  0.0000E+00  0.0000E+00  0.0000E+00  0.0000E+00  0.0000E+00  0.0000E+00  0.0000E+00  0.0000E+00  0.0000E+00  0.0000E+00  0.0000E+00  0.0000E+00  0.0000E+00  0.0000E+00  0.0000E+00  0.0000E+00  0.0000E+00  2.9812E-03  3.5969E-03  4.3389E-03  5.2334E-03  6.3106E-03  7.6078E-03  9.1688E-03  1.1046E-02  1.3302E-02  1.6011E-02  1.9260E-02  2.3151E-02  2.7809E-02  3.3367E-02  3.9999E-02  4.7887E-02  5.7258E-02  6.8378E-02  8.1560E-02  9.7174E-02  1.1574E-01  1.3797E-01  1.6488E-01  1.9808E-01  2.3999E-01  2.9367E-01  3.6139E-01  4.4050E-01  5.1996E-01  5.8695E-01  6.3443E-01  6.5599E-01  6.6648E-01  6.8006E-01  7.0641E-01  7.4012E-01  7.5955E-01  7.5971E-01  7.6887E-01  7.7904E-01  7.7182E-01  7.6400E-01  7.6127E-01  7.6158E-01
  0.0000E+00  0.0000E+00  0.0000E+00  0.0000E+00  0.0000E+00  0.0000E+00  0.0000E+00  0.0000E+00  0.0000E+00  0.0000E+00  0.0000E+00  0.0000E+00  0.0000E+00  0.0000E+00  0.0000E+00  0.0000E+00  0.0000E+00  0.0000E+00  0.0000E+00  0.0000E+00  0.0000E+00  0.0000E+00  0.0000E+00  0.0000E+00  0.0000E+00  0.0000E+00  2.8861E-03  3.4821E-03  4.2006E-03  5.0667E-03  6.1099E-03  7.3662E-03  8.8782E-03  1.0697E-02  1.2883E-02  1.5507E-02  1.8656E-02  2.2428E-02  2.6945E-02  3.2335E-02  3.8769E-02  4.6425E-02  5.5522E-02  6.6319E-02  7.9120E-02  9.4280E-02  1.1230E-01  1.3383E-01  1.5983E-01  1.9180E-01  2.3199E-01  2.8341E-01  3.4868E-01  4.2638E-01  5.0683E-01  5.7658E-01  6.2795E-01  6.5390E-01  6.6422E-01  6.7774E-01  6.9969E-01  7.3582E-01  7.5710E-01  7.5961E-01  7.6740E-01  7.7846E-01  7.7344E-01  7.6465E-01  7.6157E-01  7.6073E-01
  0.0000E+00  0.0000E+00  0.0000E+00  0.0000E+00  0.0000E+00  0.0000E+00  0.0000E+00  0.0000E+00  0.0000E+00  0.0000E+00  0.0000E+00  0.0000E+00  0.0000E+00  0.0000E+00  0.0000E+00  0.0000E+00  0.0000E+00  0.0000E+00  0.0000E+00  0.0000E+00  0.0000E+00  0.0000E+00  0.0000E+00  0.0000E+00  0.0000E+00  0.0000E+00  2.7938E-03  3.3709E-03  4.0665E-03  4.9052E-03  5.9153E-03  7.1318E-03  8.5962E-03  1.0358E-02  1.2475E-02  1.5018E-02  1.8070E-02  2.1726E-02  2.6105E-02  3.1332E-02  3.7574E-02  4.5003E-02  5.3834E-02  6.4317E-02  7.6748E-02  9.1466E-02  1.0895E-01  1.2981E-01  1.5495E-01  1.8574E-01  2.2432E-01  2.7356E-01  3.3634E-01  4.1234E-01  4.9333E-01  5.6566E-01  6.2066E-01  6.5126E-01  6.6221E-01  6.7547E-01  6.9372E-01  7.3087E-01  7.5391E-01  7.6014E-01  7.6571E-01  7.7666E-01  7.7467E-01  7.6504E-01  7.6153E-01  7.6058E-01
  0.0000E+00  0.0000E+00  0.0000E+00  0.0000E+00  0.0000E+00  0.0000E+00  0.0000E+00  0.0000E+00  0.0000E+00  0.0000E+00  0.0000E+00  0.0000E+00  0.0000E+00  0.0000E+00  0.0000E+00  0.0000E+00  0.0000E+00  0.0000E+00  0.0000E+00  0.0000E+00  0.0000E+00  0.0000E+00  0.0000E+00  0.0000E+00  0.0000E+00  0.0000E+00  2.7046E-03  3.2634E-03  3.9369E-03  4.7489E-03  5.7271E-03  6.9054E-03  8.3237E-03  1.0030E-02  1.2081E-02  1.4545E-02  1.7502E-02  2.1047E-02  2.5292E-02  3.0362E-02  3.6417E-02  4.3626E-02  5.2198E-02  6.2377E-02  7.4448E-02  8.8740E-02  1.0571E-01  1.2593E-01  1.5025E-01  1.7994E-01  2.1698E-01  2.6414E-01  3.2446E-01  3.9850E-01  4.7960E-01  5.5426E-01  6.1266E-01  6.4794E-01  6.6044E-01  6.7311E-01  6.8878E-01  7.2513E-01  7.5037E-01  7.6082E-01  7.6368E-01  7.7416E-01  7.7585E-01  7.6588E-01  7.6135E-01  7.6041E-01
  0.0000E+00  0.0000E+00  0.0000E+00  0.0000E+00  0.0000E+00  0.0000E+00  0.0000E+00  0.0000E+00  0.0000E+00  0.0000E+00  0.0000E+00  0.0000E+00  0.0000E+00  0.0000E+00  0.0000E+00  0.0000E+00  0.0000E+00  0.0000E+00  0.0000E+00  0.0000E+00  0.0000E+00  0.0000E+00  0.0000E+00  0.0000E+00  0.0000E+00  0.0000E+00  2.6182E-03  3.1591E-03  3.8112E-03  4.5975E-03  5.5447E-03  6.6856E-03  8.0592E-03  9.7120E-03  1.1699E-02  1.4086E-02  1.6952E-02  2.0387E-02  2.4503E-02  2.9419E-02  3.5292E-02  4.2288E-02  5.0608E-02  6.0490E-02  7.2212E-02  8.6090E-02  1.0256E-01  1.2217E-01  1.4570E-01  1.7434E-01  2.0993E-01  2.5511E-01  3.1298E-01  3.8487E-01  4.6562E-01  5.4232E-01  6.0395E-01  6.4383E-01  6.5884E-01  6.7066E-01  6.8488E-01  7.1864E-01  7.4669E-01  7.6109E-01  7.6162E-01  7.7169E-01  7.7715E-01  7.6755E-01  7.6165E-01  7.6022E-01
  0.0000E+00  0.0000E+00  0.0000E+00  0.0000E+00  0.0000E+00  0.0000E+00  0.0000E+00  0.0000E+00  0.0000E+00  0.0000E+00  0.0000E+00  0.0000E+00  0.0000E+00  0.0000E+00  0.0000E+00  0.0000E+00  0.0000E+00  0.0000E+00  0.0000E+00  0.0000E+00  0.0000E+00  0.0000E+00  0.0000E+00  0.0000E+00  0.0000E+00  0.0000E+00  0.0000E+00  3.0582E-03  3.6895E-03  4.4508E-03  5.3679E-03  6.4728E-03  7.8030E-03  9.4038E-03  1.1329E-02  1.3642E-02  1.6418E-02  1.9748E-02  2.3737E-02  2.8504E-02  3.4201E-02  4.0988E-02  4.9064E-02  5.8658E-02  7.0040E-02  8.3516E-02  9.9502E-02  1.1852E-01  1.4130E-01  1.6894E-01  2.0316E-01  2.4646E-01  3.0194E-01  3.7152E-01  4.5151E-01  5.2992E-01  5.9461E-01  6.3886E-01  6.5725E-01  6.6818E-01  6.8182E-01  7.1165E-01  7.4294E-01  7.6049E-01  7.6002E-01  7.6971E-01  7.7827E-01  7.6970E-01  7.6259E-01  7.6031E-01
  0.0000E+00  0.0000E+00  0.0000E+00  0.0000E+00  0.0000E+00  0.0000E+00  0.0000E+00  0.0000E+00  0.0000E+00  0.0000E+00  0.0000E+00  0.0000E+00  0.0000E+00  0.0000E+00  0.0000E+00  0.0000E+00  0.0000E+00  0.0000E+00  0.0000E+00  0.0000E+00  0.0000E+00  0.0000E+00  0.0000E+00  0.0000E+00  0.0000E+00  0.0000E+00  0.0000E+00  2.9603E-03  3.5716E-03  4.3087E-03  5.1967E-03  6.2665E-03  7.5548E-03  9.1051E-03  1.0970E-02  1.3210E-02  1.5901E-02  1.9127E-02  2.2995E-02  2.7617E-02  3.3142E-02  3.9727E-02  4.7564E-02  5.6877E-02  6.7929E-02  8.1015E-02  9.6535E-02  1.1498E-01  1.3705E-01  1.6374E-01  1.9667E-01  2.3817E-01  2.9133E-01  3.5850E-01  4.3735E-01  5.1707E-01  5.8467E-01  6.3303E-01  6.5547E-01  6.6581E-01  6.7933E-01  7.0464E-01  7.3899E-01  7.5883E-01  7.5929E-01  7.6821E-01  7.7867E-01  7.7177E-01  7.6365E-01  7.6072E-01
  0.0000E+00  0.0000E+00  0.0000E+00  0.0000E+00  0.0000E+00  0.0000E+00  0.0000E+00  0.0000E+00  0.0000E+00  0.0000E+00  0.0000E+00  0.0000E+00  0.0000E+00  0.0000E+00  0.0000E+00  0.0000E+00  0.0000E+00  0.0000E+00  0.0000E+00  0.0000E+00  0.0000E+00  0.0000E+00  0.0000E+00  0.0000E+00  0.0000E+00  0.0000E+00  0.0000E+00  2.8658E-03  3.4577E-03  4.1713E-03  5.0312E-03  6.0673E-03  7.3148E-03  8.8164E-03  1.0623E-02  1.2793E-02  1.5400E-02  1.8527E-02  2.2276E-02  2.6758E-02  3.2116E-02  3.8505E-02  4.6111E-02  5.5153E-02  6.5885E-02  7.8593E-02  9.3661E-02  1.1156E-01  1.3294E-01  1.5874E-01  1.9044E-01  2.3025E-01  2.8117E-01  3.4588E-01  4.2323E-01  5.0384E-01  5.7418E-01  6.2638E-01  6.5332E-01  6.6366E-01  6.7712E-01  6.9811E-01  7.3462E-01  7.5625E-01  7.5947E-01  7.6682E-01  7.7791E-01  7.7343E-01  7.6436E-01  7.6114E-01
  0.0000E+00  0.0000E+00  0.0000E+00  0.0000E+00  0.0000E+00  0.0000E+00  0.0000E+00  0.0000E+00  0.0000E+00  0.0000E+00  0.0000E+00  0.0000E+00  0.0000E+00  0.0000E+00  0.0000E+00  0.0000E+00  0.0000E+00  0.0000E+00  0.0000E+00  0.0000E+00  0.0000E+00  0.0000E+00  0.0000E+00  0.0000E+00  0.0000E+00  0.0000E+00  0.0000E+00  2.7740E-03  3.3470E-03  4.0379E-03  4.8705E-03  5.8736E-03  7.0817E-03  8.5360E-03  1.0285E-02  1.2388E-02  1.4914E-02  1.7944E-02  2.1578E-02  2.5923E-02  3.1119E-02  3.7317E-02  4.4697E-02  5.3474E-02  6.3894E-02  7.6234E-02  9.0864E-02  1.0823E-01  1.2895E-01  1.5390E-01  1.8444E-01  2.2265E-01  2.7140E-01  3.3361E-01  4.0917E-01  4.9022E-01  5.6310E-01  6.1892E-01  6.5060E-01  6.6180E-01  6.7494E-01  6.9245E-01  7.2957E-01  7.5303E-01  7.6023E-01  7.6517E-01  7.7601E-01  7.7482E-01  7.6501E-01  7.6126E-01
  0.0000E+00  0.0000E+00  0.0000E+00  0.0000E+00  0.0000E+00  0.0000E+00  0.0000E+00  0.0000E+00  0.0000E+00  0.0000E+00  0.0000E+00  0.0000E+00  0.0000E+00  0.0000E+00  0.0000E+00  0.0000E+00  0.0000E+00  0.0000E+00  0.0000E+00  0.0000E+00  0.0000E+00  0.0000E+00  0.0000E+00  0.0000E+00  0.0000E+00  0.0000E+00  0.0000E+00  2.6853E-03  3.2400E-03  3.9089E-03  4.7150E-03  5.6863E-03  6.8562E-03  8.2645E-03  9.9590E-03  1.1996E-02  1.4443E-02  1.7379E-02  2.0901E-02  2.5114E-02  3.0153E-02  3.6164E-02  4.3326E-02  5.1845E-02  6.1961E-02  7.3945E-02  8.8151E-02  1.0501E-01  1.2509E-01  1.4922E-01  1.7868E-01  2.1537E-01  2.6206E-01  3.2180E-01  3.9533E-01  4.7636E-01  5.5152E-01  6.1072E-01  6.4713E-01  6.6015E-01  6.7263E-01  6.8784E-01  7.2369E-01  7.4950E-01  7.6097E-01  7.6321E-01  7.7356E-01  7.7618E-01  7.6622E-01  7.6133E-01
  0.0000E+00  0.0000E+00  0.0000E+00  0.0000E+00  0.0000E+00  0.0000E+00  0.0000E+00  0.0000E+00  0.0000E+00  0.0000E+00  0.0000E+00  0.0000E+00  0.0000E+00  0.0000E+00  0.0000E+00  0.0000E+00  0.0000E+00  0.0000E+00  0.0000E+00  0.0000E+00  0.0000E+00  0.0000E+00  0.0000E+00  0.0000E+00  0.0000E+00  0.0000E+00  0.0000E+00  2.5996E-03  3.1367E-03  3.7843E-03  4.5649E-03  5.5055E-03  6.6384E-03  8.0025E-03  9.6438E-03  1.1617E-02  1.3988E-02  1.6833E-02  2.0247E-02  2.4331E-02  2.9218E-02  3.5050E-02  4.1999E-02  5.0268E-02  6.0091E-02  7.1728E-02  8.5524E-02  1.0189E-01  1.2136E-01  1.4472E-01  1.7314E-01  2.0841E-01  2.5314E-01  3.1045E-01  3.8178E-01  4.6236E-01  5.3948E-01  6.0188E-01  6.4284E-01  6.5862E-01  6.7023E-01  6.8423E-01  7.1711E-01  7.4586E-01  7.6114E-01  7.6129E-01  7.7127E-01  7.7758E-01  7.6819E-01  7.6194E-01
  0.0000E+00  0.0000E+00  0.0000E+00  0.0000E+00  0.0000E+00  0.0000E+00  0.0000E+00  0.0000E+00  0.0000E+00  0.0000E+00  0.0000E+00  0.0000E+00  0.0000E+00  0.0000E+00  0.0000E+00  0.0000E+00  0.0000E+00  0.0000E+00  0.0000E+00  0.0000E+00  0.0000E+00  0.0000E+00  0.0000E+00  0.0000E+00  0.0000E+00  0.0000E+00  0.0000E+00  0.0000E+00  3.0362E-03  3.6632E-03  4.4190E-03  5.3297E-03  6.4267E-03  7.7476E-03  9.3372E-03  1.1249E-02  1.3545E-02  1.6302E-02  1.9611E-02  2.3570E-02  2.8308E-02  3.3964E-02  4.0706E-02  4.8731E-02  5.8267E-02  6.9567E-02  8.2963E-02  9.8850E-02  1.1774E-01  1.4035E-01  1.6779E-01  2.0170E-01  2.4457E-01  2.9949E-01  3.6849E-01  4.4820E-01  5.2693E-01  5.9236E-01  6.3766E-01  6.5703E-01  6.6781E-01  6.8139E-01  7.1011E-01  7.4212E-01  7.6033E-01  7.5994E-01  7.6949E-01  7.7866E-01  7.7049E-01  7.6310E-01
  0.0000E+00  0.0000E+00  0.0000E+00  0.0000E+00  0.0000E+00  0.0000E+00  0.0000E+00  0.0000E+00  0.0000E+00  0.0000E+00  0.0000E+00  0.0000E+00  0.0000E+00  0.0000E+00  0.0000E+00  0.0000E+00  0.0000E+00  0.0000E+00  0.0000E+00  0.0000E+00  0.0000E+00  0.0000E+00  0.0000E+00  0.0000E+00  0.0000E+00  0.0000E+00  0.0000E+00  0.0000E+00  2.9394E-03  3.5465E-03  4.2781E-03  5.1601E-03  6.2224E-03  7.5017E-03  9.0413E-03  1.0893E-02  1.3118E-02  1.5790E-02  1.8996E-02  2.2834E-02  2.7429E-02  3.2915E-02  3.9456E-02  4.7245E-02  5.6503E-02  6.7476E-02  8.0485E-02  9.5910E-02  1.1423E-01  1.3614E-01  1.6264E-01  1.9528E-01  2.3639E-01  2.8900E-01  3.5558E-01  4.3406E-01  5.1399E-01  5.8229E-01  6.3164E-01  6.5519E-01  6.6550E-01  6.7903E-01  7.0321E-01  7.3811E-01  7.5845E-01  7.5947E-01  7.6809E-01  7.7882E-01  7.7251E-01  7.6415E-01
  0.0000E+00  0.0000E+00  0.0000E+00  0.0000E+00  0.0000E+00  0.0000E+00  0.0000E+00  0.0000E+00  0.0000E+00  0.0000E+00  0.0000E+00  0.0000E+00  0.0000E+00  0.0000E+00  0.0000E+00  0.0000E+00  0.0000E+00  0.0000E+00  0.0000E+00  0.0000E+00  0.0000E+00  0.0000E+00  0.0000E+00  0.0000E+00  0.0000E+00  0.0000E+00  0.0000E+00  0.0000E+00  2.8452E-03  3.4329E-03  4.1413E-03  4.9951E-03  6.0238E-03  7.2626E-03  8.7537E-03  1.0547E-02  1.2703E-02  1.5291E-02  1.8398E-02  2.2118E-02  2.6573E-02  3.1892E-02  3.8239E-02  4.5797E-02  5.4783E-02  6.5437E-02  7.8070E-02  9.3045E-02  1.1082E-01  1.3205E-01  1.5766E-01  1.8909E-01  2.2852E-01  2.7891E-01  3.4301E-01  4.1991E-01  5.0062E-01  5.7162E-01  6.2476E-01  6.5291E-01  6.6343E-01  6.7685E-01  6.9687E-01  7.3359E-01  7.5568E-01  7.5985E-01  7.6668E-01  7.7776E-01  7.7410E-01  7.6482E-01
  0.0000E+00  0.0000E+00  0.0000E+00  0.0000E+00  0.0000E+00  0.0000E+00  0.0000E+00  0.0000E+00  0.0000E+00  0.0000E+00  0.0000E+00  0.0000E+00  0.0000E+00  0.0000E+00  0.0000E+00  0.0000E+00  0.0000E+00  0.0000E+00  0.0000E+00  0.0000E+00  0.0000E+00  0.0000E+00  0.0000E+00  0.0000E+00  0.0000E+00  0.0000E+00  0.0000E+00  0.0000E+00  2.7541E-03  3.3231E-03  4.0090E-03  4.8357E-03  5.8317E-03  7.0313E-03  8.4753E-03  1.0212E-02  1.2300E-02  1.4808E-02  1.7819E-02  2.1425E-02  2.5743E-02  3.0902E-02  3.7059E-02  4.4393E-02  5.3116E-02  6.3460E-02  7.5728E-02  9.0268E-02  1.0752E-01  1.2809E-01  1.5286E-01  1.8315E-01  2.2099E-01  2.6924E-01  3.3084E-01  4.0589E-01  4.8692E-01  5.6039E-01  6.1709E-01  6.5001E-01  6.6164E-01  6.7466E-01  6.9148E-01  7.2834E-01  7.5235E-01  7.6067E-01  7.6495E-01  7.7565E-01  7.7546E-01  7.6558E-01
  0.0000E+00  0.0000E+00  0.0000E+00  0.0000E+00  0.0000E+00  0.0000E+00  0.0000E+00  0.0000E+00  0.0000E+00  0.0000E+00  0.0000E+00  0.0000E+00  0.0000E+00  0.0000E+00  0.0000E+00  0.0000E+00  0.0000E+00  0.0000E+00  0.0000E+00  0.0000E+00  0.0000E+00  0.0000E+00  0.0000E+00  0.0000E+00  0.0000E+00  0.0000E+00  0.0000E+00  0.0000E+00  2.6661E-03  3.2169E-03  3.8810E-03  4.6815E-03  5.6460E-03  6.8077E-03  8.2062E-03  9.8886E-03  1.1912E-02  1.4341E-02  1.7259E-02  2.0754E-02  2.4941E-02  2.9944E-02  3.5916E-02  4.3033E-02  5.1500E-02  6.1544E-02  7.3457E-02  8.7578E-02  1.0432E-01  1.2427E-01  1.4823E-01  1.7745E-01  2.1380E-01  2.6001E-01  3.1914E-01  3.9211E-01  4.7301E-01  5.4867E-01  6.0872E-01  6.4636E-01  6.6008E-01  6.7239E-01  6.8720E-01  7.2231E-01  7.4883E-01  7.6138E-01  7.6303E-01  7.7325E-01  7.7694E-01  7.6713E-01
  0.0000E+00  0.0000E+00  0.0000E+00  0.0000E+00  0.0000E+00  0.0000E+00  0.0000E+00  0.0000E+00  0.0000E+00  0.0000E+00  0.0000E+00  0.0000E+00  0.0000E+00  0.0000E+00  0.0000E+00  0.0000E+00  0.0000E+00  0.0000E+00  0.0000E+00  0.0000E+00  0.0000E+00  0.0000E+00  0.0000E+00  0.0000E+00  0.0000E+00  0.0000E+00  0.0000E+00  0.0000E+00  2.5806E-03  3.1139E-03  3.7568E-03  4.5318E-03  5.4656E-03  6.5905E-03  7.9448E-03  9.5743E-03  1.1534E-02  1.3888E-02  1.6715E-02  2.0102E-02  2.4161E-02  2.9012E-02  3.4804E-02  4.1710E-02  4.9928E-02  5.9679E-02  7.1247E-02  8.4959E-02  1.0122E-01  1.2056E-01  1.4375E-01  1.7194E-01  2.0689E-01  2.5116E-01  3.0786E-01  3.7858E-01  4.5891E-01  5.3645E-01  5.9966E-01  6.4185E-01  6.5861E-01  6.7005E-01  6.8392E-01  7.1565E-01  7.4525E-01  7.6142E-01  7.6135E-01  7.7122E-01  7.7846E-01  7.6947E-01
  0.0000E+00  0.0000E+00  0.0000E+00  0.0000E+00  0.0000E+00  0.0000E+00  0.0000E+00  0.0000E+00  0.0000E+00  0.0000E+00  0.0000E+00  0.0000E+00  0.0000E+00  0.0000E+00  0.0000E+00  0.0000E+00  0.0000E+00  0.0000E+00  0.0000E+00  0.0000E+00  0.0000E+00  0.0000E+00  0.0000E+00  0.0000E+00  0.0000E+00  0.0000E+00  0.0000E+00  0.0000E+00  0.0000E+00  3.0144E-03  3.6368E-03  4.3871E-03  5.2914E-03  6.3807E-03  7.6923E-03  9.2705E-03  1.1168E-02  1.3449E-02  1.6189E-02  1.9471E-02  2.3406E-02  2.8110E-02  3.3728E-02  4.0428E-02  4.8404E-02  5.7872E-02  6.9106E-02  8.2422E-02  9.8205E-02  1.1697E-01  1.3943E-01  1.6666E-01  2.0027E-01  2.4271E-01  2.9706E-01  3.6541E-01  4.4476E-01  5.2379E-01  5.9000E-01  6.3648E-01  6.5706E-01  6.6778E-01  6.8140E-01  7.0880E-01  7.4161E-01  7.6049E-01  7.6044E-01  7.6981E-01  7.7957E-01  7.7205E-01
  0.0000E+00  0.0000E+00  0.0000E+00  0.0000E+00  0.0000E+00  0.0000E+00  0.0000E+00  0.0000E+00  0.0000E+00  0.0000E+00  0.0000E+00  0.0000E+00  0.0000E+00  0.0000E+00  0.0000E+00  0.0000E+00  0.0000E+00  0.0000E+00  0.0000E+00  0.0000E+00  0.0000E+00  0.0000E+00  0.0000E+00  0.0000E+00  0.0000E+00  0.0000E+00  0.0000E+00  0.0000E+00  0.0000E+00  2.9178E-03  3.5204E-03  4.2469E-03  5.1224E-03  6.1771E-03  7.4472E-03  8.9756E-03  1.0814E-02  1.3023E-02  1.5678E-02  1.8859E-02  2.2672E-02  2.7233E-02  3.2682E-02  3.9182E-02  4.6923E-02  5.6113E-02  6.7022E-02  7.9953E-02  9.5277E-02  1.1348E-01  1.3524E-01  1.6155E-01  1.9391E-01  2.3461E-01  2.8667E-01  3.5258E-01  4.3059E-01  5.1070E-01  5.7973E-01  6.3022E-01  6.5518E-01  6.6564E-01  6.7925E-01  7.0217E-01  7.3762E-01  7.5848E-01  7.6041E-01  7.6866E-01  7.7962E-01  7.7423E-01
  0.0000E+00  0.0000E+00  0.0000E+00  0.0000E+00  0.0000E+00  0.0000E+00  0.0000E+00  0.0000E+00  0.0000E+00  0.0000E+00  0.0000E+00  0.0000E+00  0.0000E+00  0.0000E+00  0.0000E+00  0.0000E+00  0.0000E+00  0.0000E+00  0.0000E+00  0.0000E+00  0.0000E+00  0.0000E+00  0.0000E+00  0.0000E+00  0.0000E+00  0.0000E+00  0.0000E+00  0.0000E+00  0.0000E+00  2.8244E-03  3.4078E-03  4.1111E-03  4.9588E-03  5.9801E-03  7.2100E-03  8.6903E-03  1.0471E-02  1.2611E-02  1.5183E-02  1.8265E-02  2.1962E-02  2.6384E-02  3.1668E-02  3.7974E-02  4.5486E-02  5.4407E-02  6.4999E-02  7.7557E-02  9.2436E-02  1.1010E-01  1.3119E-01  1.5662E-01  1.8780E-01  2.2685E-01  2.7672E-01  3.4015E-01  4.1652E-01  4.9727E-01  5.6892E-01  6.2312E-01  6.5275E-01  6.6371E-01  6.7716E-01  6.9622E-01  7.3302E-01  7.5562E-01  7.6106E-01  7.6732E-01  7.7835E-01  7.7586E-01
  0.0000E+00  0.0000E+00  0.0000E+00  0.0000E+00  0.0000E+00  0.0000E+00  0.0000E+00  0.0000E+00  0.0000E+00  0.0000E+00  0.0000E+00  0.0000E+00  0.0000E+00  0.0000E+00  0.0000E+00  0.0000E+00  0.0000E+00  0.0000E+00  0.0000E+00  0.0000E+00  0.0000E+00  0.0000E+00  0.0000E+00  0.0000E+00  0.0000E+00  0.0000E+00  0.0000E+00  0.0000E+00  0.0000E+00  2.7340E-03  3.2988E-03  3.9798E-03  4.8005E-03  5.7894E-03  6.9805E-03  8.4140E-03  1.0139E-02  1.2212E-02  1.4704E-02  1.7691E-02  2.1274E-02  2.5561E-02  3.0685E-02  3.6802E-02  4.4092E-02  5.2752E-02  6.3036E-02  7.5231E-02  8.9679E-02  1.0682E-01  1.2727E-01  1.5186E-01  1.8191E-01  2.1942E-01  2.6717E-01  3.2813E-01  4.0258E-01  4.8353E-01  5.5756E-01  6.1525E-01  6.4964E-01  6.6200E-01  6.7498E-01  6.9122E-01  7.2762E-01  7.5227E-01  7.6193E-01  7.6561E-01  7.7618E-01  7.7729E-01
  0.0000E+00  0.0000E+00  0.0000E+00  0.0000E+00  0.0000E+00  0.0000E+00  0.0000E+00  0.0000E+00  0.0000E+00  0.0000E+00  0.0000E+00  0.0000E+00  0.0000E+00  0.0000E+00  0.0000E+00  0.0000E+00  0.0000E+00  0.0000E+00  0.0000E+00  0.0000E+00  0.0000E+00  0.0000E+00  0.0000E+00  0.0000E+00  0.0000E+00  0.0000E+00  0.0000E+00  0.0000E+00  0.0000E+00  2.6465E-03  3.1932E-03  3.8525E-03  4.6471E-03  5.6045E-03  6.7579E-03  8.1461E-03  9.8166E-03  1.1825E-02  1.4239E-02  1.7133E-02  2.0606E-02  2.4762E-02  2.9731E-02  3.5664E-02  4.2737E-02  5.1143E-02  6.1127E-02  7.2969E-02  8.6998E-02  1.0364E-01  1.2346E-01  1.4726E-01  1.7625E-01  2.1227E-01  2.5802E-01  3.1651E-01  3.8885E-01  4.6954E-01  5.4567E-01  6.0665E-01  6.4572E-01  6.6045E-01  6.7267E-01  6.8723E-01  7.2141E-01  7.4872E-01  7.6246E-01  7.6371E-01  7.7384E-01  7.7875E-01
  0.0000E+00  0.0000E+00  0.0000E+00  0.0000E+00  0.0000E+00  0.0000E+00  0.0000E+00  0.0000E+00  0.0000E+00  0.0000E+00  0.0000E+00  0.0000E+00  0.0000E+00  0.0000E+00  0.0000E+00  0.0000E+00  0.0000E+00  0.0000E+00  0.0000E+00  0.0000E+00  0.0000E+00  0.0000E+00  0.0000E+00  0.0000E+00  0.0000E+00  0.0000E+00  0.0000E+00  0.0000E+00  0.0000E+00  0.0000E+00  3.0910E-03  3.7292E-03  4.4987E-03  5.4257E-03  6.5425E-03  7.8869E-03  9.5048E-03  1.1450E-02  1.3789E-02  1.6593E-02  1.9959E-02  2.3988E-02  2.8806E-02  3.4561E-02  4.1424E-02  4.9582E-02  5.9276E-02  7.0775E-02  8.4399E-02  1.0055E-01  1.1978E-01  1.4282E-01  1.7079E-01  2.0543E-01  2.4926E-01  3.0535E-01  3.7540E-01  4.5540E-01  5.3330E-01  5.9739E-01  6.4094E-01  6.5895E-01  6.7034E-01  6.8420E-01  7.1468E-01  7.4512E-01  7.6222E-01  7.6221E-01  7.7199E-01  7.8016E-01
  0.0000E+00  0.0000E+00  0.0000E+00  0.0000E+00  0.0000E+00  0.0000E+00  0.0000E+00  0.0000E+00  0.0000E+00  0.0000E+00  0.0000E+00  0.0000E+00  0.0000E+00  0.0000E+00  0.0000E+00  0.0000E+00  0.0000E+00  0.0000E+00  0.0000E+00  0.0000E+00  0.0000E+00  0.0000E+00  0.0000E+00  0.0000E+00  0.0000E+00  0.0000E+00  0.0000E+00  0.0000E+00  0.0000E+00  0.0000E+00  2.9920E-03  3.6099E-03  4.3548E-03  5.2524E-03  6.3338E-03  7.6357E-03  9.2025E-03  1.1087E-02  1.3352E-02  1.6070E-02  1.9331E-02  2.3237E-02  2.7908E-02  3.3490E-02  4.0148E-02  4.8066E-02  5.7477E-02  6.8643E-02  8.1873E-02  9.7555E-02  1.1620E-01  1.3852E-01  1.6554E-01  1.9886E-01  2.4088E-01  2.9462E-01  3.6228E-01  4.4120E-01  5.2047E-01  5.8750E-01  6.3527E-01  6.5729E-01  6.6810E-01  6.8181E-01  7.0786E-01  7.4138E-01  7.6094E-01  7.6153E-01  7.7069E-01  7.8097E-01
  0.0000E+00  0.0000E+00  0.0000E+00  0.0000E+00  0.0000E+00  0.0000E+00  0.0000E+00  0.0000E+00  0.0000E+00  0.0000E+00  0.0000E+00  0.0000E+00  0.0000E+00  0.0000E+00  0.0000E+00  0.0000E+00  0.0000E+00  0.0000E+00  0.0000E+00  0.0000E+00  0.0000E+00  0.0000E+00  0.0000E+00  0.0000E+00  0.0000E+00  0.0000E+00  0.0000E+00  0.0000E+00  0.0000E+00  0.0000E+00  2.8961E-03  3.4943E-03  4.2154E-03  5.0845E-03  6.1316E-03  7.3923E-03  8.9097E-03  1.0735E-02  1.2929E-02  1.5562E-02  1.8723E-02  2.2508E-02  2.7038E-02  3.2451E-02  3.8910E-02  4.6594E-02  5.5729E-02  6.6572E-02  7.9419E-02  9.4645E-02  1.1274E-01  1.3436E-01  1.6047E-01  1.9256E-01  2.3286E-01  2.8434E-01  3.4954E-01  4.2704E-01  5.0725E-01  5.7703E-01  6.2873E-01  6.5525E-01  6.6602E-01  6.7971E-01  7.0144E-01  7.3725E-01  7.5866E-01  7.6174E-01  7.6955E-01  7.8064E-01
  0.0000E+00  0.0000E+00  0.0000E+00  0.0000E+00  0.0000E+00  0.0000E+00  0.0000E+00  0.0000E+00  0.0000E+00  0.0000E+00  0.0000E+00  0.0000E+00  0.0000E+00  0.0000E+00  0.0000E+00  0.0000E+00  0.0000E+00  0.0000E+00  0.0000E+00  0.0000E+00  0.0000E+00  0.0000E+00  0.0000E+00  0.0000E+00  0.0000E+00  0.0000E+00  0.0000E+00  0.0000E+00  0.0000E+00  0.0000E+00  2.8657E-03  3.4576E-03  4.1712E-03  5.0312E-03  6.0674E-03  7.3151E-03  8.8168E-03  1.0623E-02  1.2795E-02  1.5401E-02  1.8530E-02  2.2277E-02  2.6761E-02  3.2121E-02  3.8517E-02  4.6126E-02  5.5174E-02  6.5913E-02  7.8639E-02  9.3720E-02  1.1164E-01  1.3304E-01  1.5886E-01  1.9057E-01  2.3033E-01  2.8109E-01  3.4550E-01  4.2246E-01  5.0289E-01  5.7352E-01  6.2643E-01  6.5447E-01  6.6540E-01  6.7905E-01  6.9952E-01  7.3578E-01  7.5774E-01  7.6195E-01  7.6915E-01  7.8026E-01
  0.0000E+00  0.0000E+00  0.0000E+00  0.0000E+00  0.0000E+00  0.0000E+00  0.0000E+00  0.0000E+00  0.0000E+00  0.0000E+00  0.0000E+00  0.0000E+00  0.0000E+00  0.0000E+00  0.0000E+00  0.0000E+00  0.0000E+00  0.0000E+00  0.0000E+00  0.0000E+00  0.0000E+00  0.0000E+00  0.0000E+00  0.0000E+00  0.0000E+00  0.0000E+00  0.0000E+00  0.0000E+00  0.0000E+00  0.0000E+00  2.8354E-03  3.4211E-03  4.1271E-03  4.9781E-03  6.0034E-03  7.2380E-03  8.7241E-03  1.0511E-02  1.2661E-02  1.5240E-02  1.8337E-02  2.2046E-02  2.6485E-02  3.1791E-02  3.8124E-02  4.5659E-02  5.4619E-02  6.5255E-02  7.7860E-02  9.2797E-02  1.1054E-01  1.3172E-01  1.5726E-01  1.8858E-01  2.2782E-01  2.7787E-01  3.4146E-01  4.1786E-01  4.9845E-01  5.6992E-01  6.2403E-01  6.5362E-01  6.6481E-01  6.7838E-01  6.9769E-01  7.3423E-01  7.5677E-01  7.6224E-01  7.6872E-01  7.7977E-01
  0.0000E+00  0.0000E+00  0.0000E+00  0.0000E+00  0.0000E+00  0.0000E+00  0.0000E+00  0.0000E+00  0.0000E+00  0.0000E+00  0.0000E+00  0.0000E+00  0.0000E+00  0.0000E+00  0.0000E+00  0.0000E+00  0.0000E+00  0.0000E+00  0.0000E+00  0.0000E+00  0.0000E+00  0.0000E+00  0.0000E+00  0.0000E+00  0.0000E+00  0.0000E+00  0.0000E+00  0.0000E+00  0.0000E+00  0.0000E+00  2.8055E-03  3.3850E-03  4.0837E-03  4.9258E-03  5.9404E-03  7.1621E-03  8.6328E-03  1.0402E-02  1.2529E-02  1.5082E-02  1.8147E-02  2.1819E-02  2.6213E-02  3.1467E-02  3.7737E-02  4.5199E-02  5.4073E-02  6.4608E-02  7.7093E-02  9.1888E-02  1.0946E-01  1.3043E-01  1.5569E-01  1.8664E-01  2.2536E-01  2.7471E-01  3.3749E-01  4.1330E-01  4.9401E-01  5.6628E-01  6.2155E-01  6.5271E-01  6.6425E-01  6.7772E-01  6.9597E-01  7.3261E-01  7.5576E-01  7.6255E-01  7.6825E-01  7.7918E-01
  0.0000E+00  0.0000E+00  0.0000E+00  0.0000E+00  0.0000E+00  0.0000E+00  0.0000E+00  0.0000E+00  0.0000E+00  0.0000E+00  0.0000E+00  0.0000E+00  0.0000E+00  0.0000E+00  0.0000E+00  0.0000E+00  0.0000E+00  0.0000E+00  0.0000E+00  0.0000E+00  0.0000E+00  0.0000E+00  0.0000E+00  0.0000E+00  0.0000E+00  0.0000E+00  0.0000E+00  0.0000E+00  0.0000E+00  0.0000E+00  2.7760E-03  3.3493E-03  4.0408E-03  4.8740E-03  5.8780E-03  7.0870E-03  8.5424E-03  1.0293E-02  1.2399E-02  1.4925E-02  1.7959E-02  2.1594E-02  2.5944E-02  3.1145E-02  3.7354E-02  4.4743E-02  5.3532E-02  6.3966E-02  7.6333E-02  9.0986E-02  1.0839E-01  1.2914E-01  1.5414E-01  1.8472E-01  2.2293E-01  2.7159E-01  3.3357E-01  4.0877E-01  4.8954E-01  5.6259E-01  6.1900E-01  6.5171E-01  6.6370E-01  6.7704E-01  6.9436E-01  7.3090E-01  7.5470E-01  7.6286E-01  7.6774E-01  7.7852E-01
  0.0000E+00  0.0000E+00  0.0000E+00  0.0000E+00  0.0000E+00  0.0000E+00  0.0000E+00  0.0000E+00  0.0000E+00  0.0000E+00  0.0000E+00  0.0000E+00  0.0000E+00  0.0000E+00  0.0000E+00  0.0000E+00  0.0000E+00  0.0000E+00  0.0000E+00  0.0000E+00  0.0000E+00  0.0000E+00  0.0000E+00  0.0000E+00  0.0000E+00  0.0000E+00  0.0000E+00  0.0000E+00  0.0000E+00  0.0000E+00  2.7467E-03  3.3141E-03  3.9982E-03  4.8228E-03  5.8163E-03  7.0127E-03  8.4529E-03  1.0185E-02  1.2269E-02  1.4770E-02  1.7773E-02  2.1371E-02  2.5677E-02  3.0827E-02  3.6975E-02  4.4291E-02  5.2995E-02  6.3330E-02  7.5579E-02  9.0093E-02  1.0733E-01  1.2787E-01  1.5260E-01  1.8282E-01  2.2053E-01  2.6852E-01  3.2969E-01  4.0425E-01  4.8505E-01  5.5884E-01  6.1637E-01  6.5062E-01  6.6316E-01  6.7633E-01  6.9285E-01  7.2910E-01  7.5360E-01  7.6314E-01  7.6718E-01  7.7780E-01
  0.0000E+00  0.0000E+00  0.0000E+00  0.0000E+00  0.0000E+00  0.0000E+00  0.0000E+00  0.0000E+00  0.0000E+00  0.0000E+00  0.0000E+00  0.0000E+00  0.0000E+00  0.0000E+00  0.0000E+00  0.0000E+00  0.0000E+00  0.0000E+00  0.0000E+00  0.0000E+00  0.0000E+00  0.0000E+00  0.0000E+00  0.0000E+00  0.0000E+00  0.0000E+00  0.0000E+00  0.0000E+00  0.0000E+00  0.0000E+00  2.7178E-03  3.2793E-03  3.9563E-03  4.7723E-03  5.7555E-03  6.9395E-03  8.3648E-03  1.0079E-02  1.2142E-02  1.4617E-02  1.7590E-02  2.1151E-02  2.5415E-02  3.0513E-02  3.6601E-02  4.3846E-02  5.2466E-02  6.2703E-02  7.4836E-02  8.9213E-02  1.0628E-01  1.2662E-01  1.5109E-01  1.8095E-01  2.1817E-01  2.6550E-01  3.2588E-01  3.9978E-01  4.8056E-01  5.5506E-01  6.1367E-01  6.4946E-01  6.6265E-01  6.7562E-01  6.9147E-01  7.2723E-01  7.5250E-01  7.6341E-01  7.6662E-01  7.7708E-01
  0.0000E+00  0.0000E+00  0.0000E+00  0.0000E+00  0.0000E+00  0.0000E+00  0.0000E+00  0.0000E+00  0.0000E+00  0.0000E+00  0.0000E+00  0.0000E+00  0.0000E+00  0.0000E+00  0.0000E+00  0.0000E+00  0.0000E+00  0.0000E+00  0.0000E+00  0.0000E+00  0.0000E+00  0.0000E+00  0.0000E+00  0.0000E+00  0.0000E+00  0.0000E+00  0.0000E+00  0.0000E+00  0.0000E+00  0.0000E+00  2.6892E-03  3.2447E-03  3.9146E-03  4.7219E-03  5.6949E-03  6.8665E-03  8.2770E-03  9.9738E-03  1.2015E-02  1.4465E-02  1.7407E-02  2.0932E-02  2.5153E-02  3.0200E-02  3.6228E-02  4.3402E-02  5.1939E-02  6.2077E-02  7.4095E-02  8.8335E-02  1.0524E-01  1.2538E-01  1.4958E-01  1.7910E-01  2.1584E-01  2.6251E-01  3.2209E-01  3.9531E-01  4.7601E-01  5.5120E-01  6.1088E-01  6.4821E-01  6.6217E-01  6.7491E-01  6.9020E-01  7.2528E-01  7.5139E-01  7.6364E-01  7.6607E-01  7.7639E-01
  0.0000E+00  0.0000E+00  0.0000E+00  0.0000E+00  0.0000E+00  0.0000E+00  0.0000E+00  0.0000E+00  0.0000E+00  0.0000E+00  0.0000E+00  0.0000E+00  0.0000E+00  0.0000E+00  0.0000E+00  0.0000E+00  0.0000E+00  0.0000E+00  0.0000E+00  0.0000E+00  0.0000E+00  0.0000E+00  0.0000E+00  0.0000E+00  0.0000E+00  0.0000E+00  0.0000E+00  0.0000E+00  0.0000E+00  0.0000E+00  2.6607E-03  3.2104E-03  3.8732E-03  4.6721E-03  5.6348E-03  6.7942E-03  8.1901E-03  9.8693E-03  1.1889E-02  1.4314E-02  1.7226E-02  2.0715E-02  2.4893E-02  2.9890E-02  3.5858E-02  4.2963E-02  5.1417E-02  6.1457E-02  7.3361E-02  8.7465E-02  1.0421E-01  1.2414E-01  1.4809E-01  1.7726E-01  2.1353E-01  2.5956E-01  3.1834E-01  3.9086E-01  4.7144E-01  5.4728E-01  6.0802E-01  6.4686E-01  6.6168E-01  6.7417E-01  6.8903E-01  7.2325E-01  7.5026E-01  7.6380E-01  7.6552E-01  7.7571E-01
  0.0000E+00  0.0000E+00  0.0000E+00  0.0000E+00  0.0000E+00  0.0000E+00  0.0000E+00  0.0000E+00  0.0000E+00  0.0000E+00  0.0000E+00  0.0000E+00  0.0000E+00  0.0000E+00  0.0000E+00  0.0000E+00  0.0000E+00  0.0000E+00  0.0000E+00  0.0000E+00  0.0000E+00  0.0000E+00  0.0000E+00  0.0000E+00  0.0000E+00  0.0000E+00  0.0000E+00  0.0000E+00  0.0000E+00  0.0000E+00  2.6327E-03  3.1767E-03  3.8326E-03  4.6231E-03  5.5758E-03  6.7231E-03  8.1044E-03  9.7663E-03  1.1766E-02  1.4165E-02  1.7048E-02  2.0502E-02  2.4638E-02  2.9585E-02  3.5494E-02  4.2529E-02  5.0902E-02  6.0847E-02  7.2637E-02  8.6607E-02  1.0319E-01  1.2293E-01  1.4662E-01  1.7546E-01  2.1127E-01  2.5666E-01  3.1466E-01  3.8646E-01  4.6688E-01  5.4333E-01  6.0510E-01  6.4542E-01  6.6120E-01  6.7344E-01  6.8796E-01  7.2117E-01  7.4913E-01  7.6386E-01  7.6501E-01  7.7508E-01
  0.0000E+00  0.0000E+00  0.0000E+00  0.0000E+00  0.0000E+00  0.0000E+00  0.0000E+00  0.0000E+00  0.0000E+00  0.0000E+00  0.0000E+00  0.0000E+00  0.0000E+00  0.0000E+00  0.0000E+00  0.0000E+00  0.0000E+00  0.0000E+00  0.0000E+00  0.0000E+00  0.0000E+00  0.0000E+00  0.0000E+00  0.0000E+00  0.0000E+00  0.0000E+00  0.0000E+00  0.0000E+00  0.0000E+00  0.0000E+00  2.6050E-03  3.1433E-03  3.7923E-03  4.5745E-03  5.5173E-03  6.6526E-03  8.0196E-03  9.6643E-03  1.1643E-02  1.4018E-02  1.6871E-02  2.0290E-02  2.4385E-02  2.9283E-02  3.5133E-02  4.2100E-02  5.0392E-02  6.0241E-02  7.1920E-02  8.5758E-02  1.0218E-01  1.2172E-01  1.4517E-01  1.7368E-01  2.0903E-01  2.5380E-01  3.1102E-01  3.8208E-01  4.6230E-01  5.3933E-01  6.0210E-01  6.4390E-01  6.6072E-01  6.7270E-01  6.8697E-01  7.1904E-01  7.4800E-01  7.6384E-01  7.6454E-01  7.7451E-01
  0.0000E+00  0.0000E+00  0.0000E+00  0.0000E+00  0.0000E+00  0.0000E+00  0.0000E+00  0.0000E+00  0.0000E+00  0.0000E+00  0.0000E+00  0.0000E+00  0.0000E+00  0.0000E+00  0.0000E+00  0.0000E+00  0.0000E+00  0.0000E+00  0.0000E+00  0.0000E+00  0.0000E+00  0.0000E+00  0.0000E+00  0.0000E+00  0.0000E+00  0.0000E+00  0.0000E+00  0.0000E+00  0.0000E+00  0.0000E+00  2.5776E-03  3.1101E-03  3.7524E-03  4.5265E-03  5.4593E-03  6.5829E-03  7.9357E-03  9.5633E-03  1.1522E-02  1.3872E-02  1.6696E-02  2.0081E-02  2.4134E-02  2.8983E-02  3.4776E-02  4.1674E-02  4.9886E-02  5.9641E-02  7.1209E-02  8.4915E-02  1.0118E-01  1.2053E-01  1.4373E-01  1.7192E-01  2.0682E-01  2.5098E-01  3.0742E-01  3.7775E-01  4.5771E-01  5.3528E-01  5.9904E-01  6.4227E-01  6.6022E-01  6.7195E-01  6.8606E-01  7.1687E-01  7.4685E-01  7.6370E-01  7.6413E-01  7.7399E-01
  0.0000E+00  0.0000E+00  0.0000E+00  0.0000E+00  0.0000E+00  0.0000E+00  0.0000E+00  0.0000E+00  0.0000E+00  0.0000E+00  0.0000E+00  0.0000E+00  0.0000E+00  0.0000E+00  0.0000E+00  0.0000E+00  0.0000E+00  0.0000E+00  0.0000E+00  0.0000E+00  0.0000E+00  0.0000E+00  0.0000E+00  0.0000E+00  0.0000E+00  0.0000E+00  0.0000E+00  0.0000E+00  0.0000E+00  0.0000E+00  0.0000E+00  3.0774E-03  3.7129E-03  4.4789E-03  5.4020E-03  6.5139E-03  7.8526E-03  9.4634E-03  1.1402E-02  1.3728E-02  1.6523E-02  1.9873E-02  2.3886E-02  2.8686E-02  3.4422E-02  4.1253E-02  4.9385E-02  5.9047E-02  7.0504E-02  8.4081E-02  1.0019E-01  1.1935E-01  1.4231E-01  1.7017E-01  2.0465E-01  2.4820E-01  3.0388E-01  3.7344E-01  4.5312E-01  5.3119E-01  5.9592E-01  6.4055E-01  6.5970E-01  6.7121E-01  6.8521E-01  7.1469E-01  7.4568E-01  7.6344E-01  7.6379E-01  7.7352E-01
  0.0000E+00  0.0000E+00  0.0000E+00  0.0000E+00  0.0000E+00  0.0000E+00  0.0000E+00  0.0000E+00  0.0000E+00  0.0000E+00  0.0000E+00  0.0000E+00  0.0000E+00  0.0000E+00  0.0000E+00  0.0000E+00  0.0000E+00  0.0000E+00  0.0000E+00  0.0000E+00  0.0000E+00  0.0000E+00  0.0000E+00  0.0000E+00  0.0000E+00  0.0000E+00  0.0000E+00  0.0000E+00  0.0000E+00  0.0000E+00  0.0000E+00  3.0450E-03  3.6738E-03  4.4317E-03  5.3452E-03  6.4455E-03  7.7703E-03  9.3643E-03  1.1282E-02  1.3585E-02  1.6351E-02  1.9668E-02  2.3640E-02  2.8392E-02  3.4071E-02  4.0835E-02  4.8888E-02  5.8458E-02  6.9806E-02  8.3253E-02  9.9206E-02  1.1818E-01  1.4090E-01  1.6845E-01  2.0249E-01  2.4546E-01  3.0037E-01  3.6917E-01  4.4852E-01  5.2704E-01  5.9273E-01  6.3873E-01  6.5916E-01  6.7047E-01  6.8442E-01  7.1250E-01  7.4449E-01  7.6307E-01  7.6354E-01  7.7310E-01
  0.0000E+00  0.0000E+00  0.0000E+00  0.0000E+00  0.0000E+00  0.0000E+00  0.0000E+00  0.0000E+00  0.0000E+00  0.0000E+00  0.0000E+00  0.0000E+00  0.0000E+00  0.0000E+00  0.0000E+00  0.0000E+00  0.0000E+00  0.0000E+00  0.0000E+00  0.0000E+00  0.0000E+00  0.0000E+00  0.0000E+00  0.0000E+00  0.0000E+00  0.0000E+00  0.0000E+00  0.0000E+00  0.0000E+00  0.0000E+00  0.0000E+00  3.0129E-03  3.6351E-03  4.3851E-03  5.2890E-03  6.3778E-03  7.6888E-03  9.2663E-03  1.1165E-02  1.3444E-02  1.6182E-02  1.9464E-02  2.3396E-02  2.8101E-02  3.3723E-02  4.0421E-02  4.8396E-02  5.7874E-02  6.9114E-02  8.2433E-02  9.8234E-02  1.1702E-01  1.3950E-01  1.6675E-01  2.0037E-01  2.4275E-01  2.9691E-01  3.6493E-01  4.4391E-01  5.2285E-01  5.8947E-01  6.3682E-01  6.5858E-01  6.6974E-01  6.8367E-01  7.1032E-01  7.4326E-01  7.6259E-01  7.6338E-01  7.7272E-01
  0.0000E+00  0.0000E+00  0.0000E+00  0.0000E+00  0.0000E+00  0.0000E+00  0.0000E+00  0.0000E+00  0.0000E+00  0.0000E+00  0.0000E+00  0.0000E+00  0.0000E+00  0.0000E+00  0.0000E+00  0.0000E+00  0.0000E+00  0.0000E+00  0.0000E+00  0.0000E+00  0.0000E+00  0.0000E+00  0.0000E+00  0.0000E+00  0.0000E+00  0.0000E+00  0.0000E+00  0.0000E+00  0.0000E+00  0.0000E+00  0.0000E+00  2.9811E-03  3.5968E-03  4.3389E-03  5.2334E-03  6.3108E-03  7.6081E-03  9.1693E-03  1.1048E-02  1.3303E-02  1.6013E-02  1.9262E-02  2.3155E-02  2.7813E-02  3.3379E-02  4.0011E-02  4.7909E-02  5.7295E-02  6.8428E-02  8.1621E-02  9.7269E-02  1.1587E-01  1.3812E-01  1.6506E-01  1.9827E-01  2.4008E-01  2.9349E-01  3.6073E-01  4.3930E-01  5.1861E-01  5.8615E-01  6.3481E-01  6.5797E-01  6.6903E-01  6.8294E-01  7.0817E-01  7.4199E-01  7.6198E-01  7.6331E-01  7.7234E-01
  0.0000E+00  0.0000E+00  0.0000E+00  0.0000E+00  0.0000E+00  0.0000E+00  0.0000E+00  0.0000E+00  0.0000E+00  0.0000E+00  0.0000E+00  0.0000E+00  0.0000E+00  0.0000E+00  0.0000E+00  0.0000E+00  0.0000E+00  0.0000E+00  0.0000E+00  0.0000E+00  0.0000E+00  0.0000E+00  0.0000E+00  0.0000E+00  0.0000E+00  0.0000E+00  0.0000E+00  0.0000E+00  0.0000E+00  0.0000E+00  0.0000E+00  2.9498E-03  3.5590E-03  4.2934E-03  5.1786E-03  6.2448E-03  7.5287E-03  9.0737E-03  1.0933E-02  1.3165E-02  1.5848E-02  1.9064E-02  2.2917E-02  2.7529E-02  3.3040E-02  3.9607E-02  4.7428E-02  5.6725E-02  6.7752E-02  8.0820E-02  9.6320E-02  1.1474E-01  1.3677E-01  1.6341E-01  1.9620E-01  2.3745E-01  2.9013E-01  3.5658E-01  4.3471E-01  5.1435E-01  5.8278E-01  6.3272E-01  6.5730E-01  6.6833E-01  6.8224E-01  7.0607E-01  7.4067E-01  7.6127E-01  7.6331E-01  7.7197E-01
  0.0000E+00  0.0000E+00  0.0000E+00  0.0000E+00  0.0000E+00  0.0000E+00  0.0000E+00  0.0000E+00  0.0000E+00  0.0000E+00  0.0000E+00  0.0000E+00  0.0000E+00  0.0000E+00  0.0000E+00  0.0000E+00  0.0000E+00  0.0000E+00  0.0000E+00  0.0000E+00  0.0000E+00  0.0000E+00  0.0000E+00  0.0000E+00  0.0000E+00  0.0000E+00  0.0000E+00  0.0000E+00  0.0000E+00  0.0000E+00  0.0000E+00  2.9186E-03  3.5215E-03  4.2482E-03  5.1240E-03  6.1791E-03  7.4496E-03  8.9786E-03  1.0819E-02  1.3028E-02  1.5683E-02  1.8866E-02  2.2680E-02  2.7246E-02  3.2702E-02  3.9205E-02  4.6950E-02  5.6156E-02  6.7078E-02  8.0022E-02  9.5373E-02  1.1361E-01  1.3541E-01  1.6176E-01  1.9415E-01  2.3485E-01  2.8679E-01  3.5245E-01  4.3010E-01  5.1003E-01  5.7933E-01  6.3053E-01  6.5658E-01  6.6764E-01  6.8153E-01  7.0400E-01  7.3928E-01  7.6045E-01  7.6337E-01  7.7156E-01
  0.0000E+00  0.0000E+00  0.0000E+00  0.0000E+00  0.0000E+00  0.0000E+00  0.0000E+00  0.0000E+00  0.0000E+00  0.0000E+00  0.0000E+00  0.0000E+00  0.0000E+00  0.0000E+00  0.0000E+00  0.0000E+00  0.0000E+00  0.0000E+00  0.0000E+00  0.0000E+00  0.0000E+00  0.0000E+00  0.0000E+00  0.0000E+00  0.0000E+00  0.0000E+00  0.0000E+00  0.0000E+00  0.0000E+00  0.0000E+00  0.0000E+00  2.8880E-03  3.4845E-03  4.2036E-03  5.0704E-03  6.1144E-03  7.3718E-03  8.8849E-03  1.0706E-02  1.2893E-02  1.5520E-02  1.8672E-02  2.2447E-02  2.6967E-02  3.2369E-02  3.8808E-02  4.6478E-02  5.5596E-02  6.6414E-02  7.9235E-02  9.4440E-02  1.1250E-01  1.3408E-01  1.6013E-01  1.9214E-01  2.3229E-01  2.8351E-01  3.4837E-01  4.2552E-01  5.0568E-01  5.7584E-01  6.2825E-01  6.5580E-01  6.6697E-01  6.8084E-01  7.0202E-01  7.3782E-01  7.5954E-01  7.6351E-01  7.7113E-01
  0.0000E+00  0.0000E+00  0.0000E+00  0.0000E+00  0.0000E+00  0.0000E+00  0.0000E+00  0.0000E+00  0.0000E+00  0.0000E+00  0.0000E+00  0.0000E+00  0.0000E+00  0.0000E+00  0.0000E+00  0.0000E+00  0.0000E+00  0.0000E+00  0.0000E+00  0.0000E+00  0.0000E+00  0.0000E+00  0.0000E+00  0.0000E+00  0.0000E+00  0.0000E+00  0.0000E+00  0.0000E+00  0.0000E+00  0.0000E+00  0.0000E+00  2.8575E-03  3.4477E-03  4.1592E-03  5.0169E-03  6.0500E-03  7.2942E-03  8.7915E-03  1.0594E-02  1.2758E-02  1.5359E-02  1.8477E-02  2.2215E-02  2.6689E-02  3.2037E-02  3.8413E-02  4.6008E-02  5.5038E-02  6.5752E-02  7.8451E-02  9.3509E-02  1.1139E-01  1.3275E-01  1.5852E-01  1.9014E-01  2.2975E-01  2.8026E-01  3.4431E-01  4.2091E-01  5.0126E-01  5.7226E-01  6.2587E-01  6.5495E-01  6.6633E-01  6.8013E-01  7.0011E-01  7.3628E-01  7.5856E-01  7.6370E-01  7.7067E-01
  0.0000E+00  0.0000E+00  0.0000E+00  0.0000E+00  0.0000E+00  0.0000E+00  0.0000E+00  0.0000E+00  0.0000E+00  0.0000E+00  0.0000E+00  0.0000E+00  0.0000E+00  0.0000E+00  0.0000E+00  0.0000E+00  0.0000E+00  0.0000E+00  0.0000E+00  0.0000E+00  0.0000E+00  0.0000E+00  0.0000E+00  0.0000E+00  0.0000E+00  0.0000E+00  0.0000E+00  0.0000E+00  0.0000E+00  0.0000E+00  0.0000E+00  2.8274E-03  3.4114E-03  4.1155E-03  4.9642E-03  5.9865E-03  7.2178E-03  8.6996E-03  1.0483E-02  1.2625E-02  1.5199E-02  1.8286E-02  2.1986E-02  2.6415E-02  3.1711E-02  3.8023E-02  4.5545E-02  5.4488E-02  6.5100E-02  7.7678E-02  9.2593E-02  1.1030E-01  1.3144E-01  1.5693E-01  1.8817E-01  2.2725E-01  2.7706E-01  3.4030E-01  4.1633E-01  4.9682E-01  5.6863E-01  6.2342E-01  6.5404E-01  6.6573E-01  6.7944E-01  6.9831E-01  7.3466E-01  7.5752E-01  7.6393E-01  7.7017E-01
  0.0000E+00  0.0000E+00  0.0000E+00  0.0000E+00  0.0000E+00  0.0000E+00  0.0000E+00  0.0000E+00  0.0000E+00  0.0000E+00  0.0000E+00  0.0000E+00  0.0000E+00  0.0000E+00  0.0000E+00  0.0000E+00  0.0000E+00  0.0000E+00  0.0000E+00  0.0000E+00  0.0000E+00  0.0000E+00  0.0000E+00  0.0000E+00  0.0000E+00  0.0000E+00  0.0000E+00  0.0000E+00  0.0000E+00  0.0000E+00  0.0000E+00  2.7976E-03  3.3755E-03  4.0722E-03  4.9120E-03  5.9237E-03  7.1422E-03  8.6086E-03  1.0374E-02  1.2494E-02  1.5041E-02  1.8097E-02  2.1759E-02  2.6144E-02  3.1387E-02  3.7638E-02  4.5086E-02  5.3943E-02  6.4454E-02  7.6912E-02  9.1685E-02  1.0922E-01  1.3015E-01  1.5536E-01  1.8622E-01  2.2479E-01  2.7390E-01  3.3633E-01  4.1176E-01  4.9235E-01  5.6494E-01  6.2088E-01  6.5306E-01  6.6515E-01  6.7874E-01  6.9663E-01  7.3297E-01  7.5645E-01  7.6419E-01  7.6965E-01
  0.0000E+00  0.0000E+00  0.0000E+00  0.0000E+00  0.0000E+00  0.0000E+00  0.0000E+00  0.0000E+00  0.0000E+00  0.0000E+00  0.0000E+00  0.0000E+00  0.0000E+00  0.0000E+00  0.0000E+00  0.0000E+00  0.0000E+00  0.0000E+00  0.0000E+00  0.0000E+00  0.0000E+00  0.0000E+00  0.0000E+00  0.0000E+00  0.0000E+00  0.0000E+00  0.0000E+00  0.0000E+00  0.0000E+00  0.0000E+00  0.0000E+00  2.7680E-03  3.3398E-03  4.0291E-03  4.8601E-03  5.8612E-03  7.0669E-03  8.5180E-03  1.0265E-02  1.2363E-02  1.4884E-02  1.7909E-02  2.1534E-02  2.5874E-02  3.1065E-02  3.7253E-02  4.4628E-02  5.3400E-02  6.3810E-02  7.6149E-02  9.0780E-02  1.0815E-01  1.2886E-01  1.5380E-01  1.8429E-01  2.2235E-01  2.7078E-01  3.3240E-01  4.0720E-01  4.8783E-01  5.6118E-01  6.1826E-01  6.5200E-01  6.6459E-01  6.7803E-01  6.9505E-01  7.3119E-01  7.5535E-01  7.6446E-01  7.6909E-01
  0.0000E+00  0.0000E+00  0.0000E+00  0.0000E+00  0.0000E+00  0.0000E+00  0.0000E+00  0.0000E+00  0.0000E+00  0.0000E+00  0.0000E+00  0.0000E+00  0.0000E+00  0.0000E+00  0.0000E+00  0.0000E+00  0.0000E+00  0.0000E+00  0.0000E+00  0.0000E+00  0.0000E+00  0.0000E+00  0.0000E+00  0.0000E+00  0.0000E+00  0.0000E+00  0.0000E+00  0.0000E+00  0.0000E+00  0.0000E+00  0.0000E+00  2.7387E-03  3.3046E-03  3.9867E-03  4.8090E-03  5.7997E-03  6.9928E-03  8.4289E-03  1.0158E-02  1.2234E-02  1.4729E-02  1.7723E-02  2.1311E-02  2.5608E-02  3.0747E-02  3.6875E-02  4.4178E-02  5.2865E-02  6.3175E-02  7.5397E-02  8.9889E-02  1.0709E-01  1.2759E-01  1.5226E-01  1.8240E-01  2.1996E-01  2.6771E-01  3.2853E-01  4.0268E-01  4.8331E-01  5.5738E-01  6.1556E-01  6.5086E-01  6.6407E-01  6.7732E-01  6.9361E-01  7.2935E-01  7.5424E-01  7.6472E-01  7.6854E-01
  0.0000E+00  0.0000E+00  0.0000E+00  0.0000E+00  0.0000E+00  0.0000E+00  0.0000E+00  0.0000E+00  0.0000E+00  0.0000E+00  0.0000E+00  0.0000E+00  0.0000E+00  0.0000E+00  0.0000E+00  0.0000E+00  0.0000E+00  0.0000E+00  0.0000E+00  0.0000E+00  0.0000E+00  0.0000E+00  0.0000E+00  0.0000E+00  0.0000E+00  0.0000E+00  0.0000E+00  0.0000E+00  0.0000E+00  0.0000E+00  0.0000E+00  2.7099E-03  3.2698E-03  3.9447E-03  4.7584E-03  5.7386E-03  6.9193E-03  8.3405E-03  1.0051E-02  1.2106E-02  1.4576E-02  1.7539E-02  2.1091E-02  2.5345E-02  3.0432E-02  3.6500E-02  4.3732E-02  5.2335E-02  6.2547E-02  7.4652E-02  8.9006E-02  1.0604E-01  1.2634E-01  1.5075E-01  1.8053E-01  2.1760E-01  2.6469E-01  3.2470E-01  3.9818E-01  4.7876E-01  5.5353E-01  6.1279E-01  6.4963E-01  6.6357E-01  6.7661E-01  6.9229E-01  7.2743E-01  7.5312E-01  7.6495E-01  7.6798E-01
  0.0000E+00  0.0000E+00  0.0000E+00  0.0000E+00  0.0000E+00  0.0000E+00  0.0000E+00  0.0000E+00  0.0000E+00  0.0000E+00  0.0000E+00  0.0000E+00  0.0000E+00  0.0000E+00  0.0000E+00  0.0000E+00  0.0000E+00  0.0000E+00  0.0000E+00  0.0000E+00  0.0000E+00  0.0000E+00  0.0000E+00  0.0000E+00  0.0000E+00  0.0000E+00  0.0000E+00  0.0000E+00  0.0000E+00  0.0000E+00  0.0000E+00  2.6813E-03  3.2353E-03  3.9032E-03  4.7083E-03  5.6784E-03  6.8467E-03  8.2531E-03  9.9462E-03  1.1980E-02  1.4424E-02  1.7357E-02  2.0873E-02  2.5084E-02  3.0121E-02  3.6129E-02  4.3290E-02  5.1810E-02  6.1924E-02  7.3915E-02  8.8132E-02  1.0500E-01  1.2510E-01  1.4925E-01  1.7868E-01  2.1528E-01  2.6171E-01  3.2093E-01  3.9372E-01  4.7420E-01  5.4963E-01  6.0995E-01  6.4832E-01  6.6308E-01  6.7589E-01  6.9109E-01  7.2545E-01  7.5200E-01  7.6513E-01  7.6744E-01
  0.0000E+00  0.0000E+00  0.0000E+00  0.0000E+00  0.0000E+00  0.0000E+00  0.0000E+00  0.0000E+00  0.0000E+00  0.0000E+00  0.0000E+00  0.0000E+00  0.0000E+00  0.0000E+00  0.0000E+00  0.0000E+00  0.0000E+00  0.0000E+00  0.0000E+00  0.0000E+00  0.0000E+00  0.0000E+00  0.0000E+00  0.0000E+00  0.0000E+00  0.0000E+00  0.0000E+00  0.0000E+00  0.0000E+00  0.0000E+00  0.0000E+00  2.6530E-03  3.2011E-03  3.8620E-03  4.6587E-03  5.6186E-03  6.7748E-03  8.1665E-03  9.8421E-03  1.1855E-02  1.4274E-02  1.7177E-02  2.0657E-02  2.4826E-02  2.9812E-02  3.5761E-02  4.2852E-02  5.1289E-02  6.1307E-02  7.3184E-02  8.7266E-02  1.0397E-01  1.2387E-01  1.4776E-01  1.7686E-01  2.1299E-01  2.5878E-01  3.1721E-01  3.8928E-01  4.6961E-01  5.4567E-01  6.0704E-01  6.4692E-01  6.6261E-01  6.7519E-01  6.9000E-01  7.2343E-01  7.5090E-01  7.6526E-01  7.6695E-01
  0.0000E+00  0.0000E+00  0.0000E+00  0.0000E+00  0.0000E+00  0.0000E+00  0.0000E+00  0.0000E+00  0.0000E+00  0.0000E+00  0.0000E+00  0.0000E+00  0.0000E+00  0.0000E+00  0.0000E+00  0.0000E+00  0.0000E+00  0.0000E+00  0.0000E+00  0.0000E+00  0.0000E+00  0.0000E+00  0.0000E+00  0.0000E+00  0.0000E+00  0.0000E+00  0.0000E+00  0.0000E+00  0.0000E+00  0.0000E+00  0.0000E+00  2.6250E-03  3.1674E-03  3.8213E-03  4.6097E-03  5.5595E-03  6.7036E-03  8.0808E-03  9.7390E-03  1.1731E-02  1.4126E-02  1.6999E-02  2.0444E-02  2.4570E-02  2.9507E-02  3.5396E-02  4.2418E-02  5.0774E-02  6.0696E-02  7.2459E-02  8.6408E-02  1.0295E-01  1.2266E-01  1.4630E-01  1.7506E-01  2.1073E-01  2.5589E-01  3.1353E-01  3.8488E-01  4.6502E-01  5.4167E-01  6.0405E-01  6.4542E-01  6.6214E-01  6.7448E-01  6.8902E-01  7.2135E-01  7.4979E-01  7.6530E-01  7.6652E-01
  0.0000E+00  0.0000E+00  0.0000E+00  0.0000E+00  0.0000E+00  0.0000E+00  0.0000E+00  0.0000E+00  0.0000E+00  0.0000E+00  0.0000E+00  0.0000E+00  0.0000E+00  0.0000E+00  0.0000E+00  0.0000E+00  0.0000E+00  0.0000E+00  0.0000E+00  0.0000E+00  0.0000E+00  0.0000E+00  0.0000E+00  0.0000E+00  0.0000E+00  0.0000E+00  0.0000E+00  0.0000E+00  0.0000E+00  0.0000E+00  0.0000E+00  2.5973E-03  3.1340E-03  3.7810E-03  4.5611E-03  5.5010E-03  6.6332E-03  7.9961E-03  9.6370E-03  1.1608E-02  1.3978E-02  1.6822E-02  2.0232E-02  2.4317E-02  2.9205E-02  3.5036E-02  4.1989E-02  5.0264E-02  6.0090E-02  7.1742E-02  8.5559E-02  1.0195E-01  1.2145E-01  1.4485E-01  1.7328E-01  2.0850E-01  2.5304E-01  3.0991E-01  3.8051E-01  4.6043E-01  5.3762E-01  6.0100E-01  6.4383E-01  6.6165E-01  6.7375E-01  6.8810E-01  7.1924E-01  7.4866E-01  7.6522E-01  7.6611E-01
  0.0000E+00  0.0000E+00  0.0000E+00  0.0000E+00  0.0000E+00  0.0000E+00  0.0000E+00  0.0000E+00  0.0000E+00  0.0000E+00  0.0000E+00  0.0000E+00  0.0000E+00  0.0000E+00  0.0000E+00  0.0000E+00  0.0000E+00  0.0000E+00  0.0000E+00  0.0000E+00  0.0000E+00  0.0000E+00  0.0000E+00  0.0000E+00  0.0000E+00  0.0000E+00  0.0000E+00  0.0000E+00  0.0000E+00  0.0000E+00  0.0000E+00  2.5698E-03  3.1009E-03  3.7412E-03  4.5130E-03  5.4431E-03  6.5635E-03  7.9122E-03  9.5361E-03  1.1487E-02  1.3833E-02  1.6647E-02  2.0023E-02  2.4067E-02  2.8905E-02  3.4678E-02  4.1563E-02  4.9758E-02  5.9491E-02  7.1032E-02  8.4717E-02  1.0095E-01  1.2026E-01  1.4341E-01  1.7152E-01  2.0630E-01  2.5023E-01  3.0632E-01  3.7618E-01  4.5582E-01  5.3353E-01  5.9788E-01  6.4213E-01  6.6113E-01  6.7302E-01  6.8724E-01  7.1708E-01  7.4751E-01  7.6502E-01  7.6576E-01
  0.0000E+00  0.0000E+00  0.0000E+00  0.0000E+00  0.0000E+00  0.0000E+00  0.0000E+00  0.0000E+00  0.0000E+00  0.0000E+00  0.0000E+00  0.0000E+00  0.0000E+00  0.0000E+00  0.0000E+00  0.0000E+00  0.0000E+00  0.0000E+00  0.0000E+00  0.0000E+00  0.0000E+00  0.0000E+00  0.0000E+00  0.0000E+00  0.0000E+00  0.0000E+00  0.0000E+00  0.0000E+00  0.0000E+00  0.0000E+00  0.0000E+00  0.0000E+00  3.0682E-03  3.7017E-03  4.4655E-03  5.3859E-03  6.4945E-03  7.8292E-03  9.4363E-03  1.1367E-02  1.3689E-02  1.6474E-02  1.9815E-02  2.3819E-02  2.8609E-02  3.4325E-02  4.1142E-02  4.9258E-02  5.8896E-02  7.0328E-02  8.3883E-02  9.9957E-02  1.1908E-01  1.4199E-01  1.6978E-01  2.0412E-01  2.4746E-01  3.0278E-01  3.7187E-01  4.5120E-01  5.2938E-01  5.9469E-01  6.4033E-01  6.6059E-01  6.7228E-01  6.8642E-01  7.1491E-01  7.4632E-01  7.6469E-01  7.6548E-01
  0.0000E+00  0.0000E+00  0.0000E+00  0.0000E+00  0.0000E+00  0.0000E+00  0.0000E+00  0.0000E+00  0.0000E+00  0.0000E+00  0.0000E+00  0.0000E+00  0.0000E+00  0.0000E+00  0.0000E+00  0.0000E+00  0.0000E+00  0.0000E+00  0.0000E+00  0.0000E+00  0.0000E+00  0.0000E+00  0.0000E+00  0.0000E+00  0.0000E+00  0.0000E+00  0.0000E+00  0.0000E+00  0.0000E+00  0.0000E+00  0.0000E+00  0.0000E+00  3.0357E-03  3.6627E-03  4.4185E-03  5.3292E-03  6.4262E-03  7.7470E-03  9.3374E-03  1.1248E-02  1.3546E-02  1.6303E-02  1.9610E-02  2.3573E-02  2.8315E-02  3.3974E-02  4.0725E-02  4.8762E-02  5.8308E-02  6.9630E-02  8.3056E-02  9.8976E-02  1.1791E-01  1.4058E-01  1.6806E-01  2.0198E-01  2.4472E-01  2.9928E-01  3.6760E-01  4.4657E-01  5.2518E-01  5.9143E-01  6.3844E-01  6.6003E-01  6.7157E-01  6.8567E-01  7.1275E-01  7.4511E-01  7.6425E-01  7.6530E-01
  0.0000E+00  0.0000E+00  0.0000E+00  0.0000E+00  0.0000E+00  0.0000E+00  0.0000E+00  0.0000E+00  0.0000E+00  0.0000E+00  0.0000E+00  0.0000E+00  0.0000E+00  0.0000E+00  0.0000E+00  0.0000E+00  0.0000E+00  0.0000E+00  0.0000E+00  0.0000E+00  0.0000E+00  0.0000E+00  0.0000E+00  0.0000E+00  0.0000E+00  0.0000E+00  0.0000E+00  0.0000E+00  0.0000E+00  0.0000E+00  0.0000E+00  0.0000E+00  3.0037E-03  3.6240E-03  4.3719E-03  5.2730E-03  6.3586E-03  7.6656E-03  9.2395E-03  1.1130E-02  1.3404E-02  1.6134E-02  1.9407E-02  2.3330E-02  2.8024E-02  3.3627E-02  4.0312E-02  4.8270E-02  5.7725E-02  6.8939E-02  8.2237E-02  9.8005E-02  1.1675E-01  1.3919E-01  1.6636E-01  1.9986E-01  2.4202E-01  2.9583E-01  3.6336E-01  4.4194E-01  5.2093E-01  5.8811E-01  6.3646E-01  6.5942E-01  6.7086E-01  6.8495E-01  7.1061E-01  7.4386E-01  7.6370E-01  7.6520E-01
  0.0000E+00  0.0000E+00  0.0000E+00  0.0000E+00  0.0000E+00  0.0000E+00  0.0000E+00  0.0000E+00  0.0000E+00  0.0000E+00  0.0000E+00  0.0000E+00  0.0000E+00  0.0000E+00  0.0000E+00  0.0000E+00  0.0000E+00  0.0000E+00  0.0000E+00  0.0000E+00  0.0000E+00  0.0000E+00  0.0000E+00  0.0000E+00  0.0000E+00  0.0000E+00  0.0000E+00  0.0000E+00  0.0000E+00  0.0000E+00  0.0000E+00  0.0000E+00  2.9720E-03  3.5858E-03  4.3258E-03  5.2175E-03  6.2917E-03  7.5851E-03  9.1426E-03  1.1014E-02  1.3265E-02  1.5966E-02  1.9206E-02  2.3089E-02  2.7736E-02  3.3283E-02  3.9903E-02  4.7784E-02  5.7147E-02  6.8254E-02  8.1426E-02  9.7043E-02  1.1561E-01  1.3781E-01  1.6468E-01  1.9776E-01  2.3936E-01  2.9242E-01  3.5917E-01  4.3731E-01  5.1664E-01  5.8472E-01  6.3437E-01  6.5877E-01  6.7018E-01  6.8426E-01  7.0852E-01  7.4257E-01  7.6304E-01  7.6520E-01
  0.0000E+00  0.0000E+00  0.0000E+00  0.0000E+00  0.0000E+00  0.0000E+00  0.0000E+00  0.0000E+00  0.0000E+00  0.0000E+00  0.0000E+00  0.0000E+00  0.0000E+00  0.0000E+00  0.0000E+00  0.0000E+00  0.0000E+00  0.0000E+00  0.0000E+00  0.0000E+00  0.0000E+00  0.0000E+00  0.0000E+00  0.0000E+00  0.0000E+00  0.0000E+00  0.0000E+00  0.0000E+00  0.0000E+00  0.0000E+00  0.0000E+00  0.0000E+00  2.9406E-03  3.5479E-03  4.2801E-03  5.1625E-03  6.2255E-03  7.5054E-03  9.0467E-03  1.0899E-02  1.3126E-02  1.5800E-02  1.9007E-02  2.2850E-02  2.7451E-02  3.2943E-02  3.9497E-02  4.7302E-02  5.6575E-02  6.7576E-02  8.0623E-02  9.6090E-02  1.1447E-01  1.3645E-01  1.6302E-01  1.9570E-01  2.3673E-01  2.8906E-01  3.5501E-01  4.3268E-01  5.1231E-01  5.8127E-01  6.3220E-01  6.5808E-01  6.6951E-01  6.8359E-01  7.0650E-01  7.4123E-01  7.6228E-01  7.6529E-01
  0.0000E+00  0.0000E+00  0.0000E+00  0.0000E+00  0.0000E+00  0.0000E+00  0.0000E+00  0.0000E+00  0.0000E+00  0.0000E+00  0.0000E+00  0.0000E+00  0.0000E+00  0.0000E+00  0.0000E+00  0.0000E+00  0.0000E+00  0.0000E+00  0.0000E+00  0.0000E+00  0.0000E+00  0.0000E+00  0.0000E+00  0.0000E+00  0.0000E+00  0.0000E+00  0.0000E+00  0.0000E+00  0.0000E+00  0.0000E+00  0.0000E+00  0.0000E+00  2.9097E-03  3.5107E-03  4.2353E-03  5.1084E-03  6.1604E-03  7.4270E-03  8.9524E-03  1.0785E-02  1.2990E-02  1.5636E-02  1.8811E-02  2.2615E-02  2.7170E-02  3.2608E-02  3.9098E-02  4.6827E-02  5.6012E-02  6.6908E-02  7.9832E-02  9.5151E-02  1.1336E-01  1.3511E-01  1.6139E-01  1.9367E-01  2.3416E-01  2.8576E-01  3.5091E-01  4.2809E-01  5.0796E-01  5.7778E-01  6.2995E-01  6.5732E-01  6.6888E-01  6.8294E-01  7.0455E-01  7.3983E-01  7.6144E-01  7.6545E-01
  0.0000E+00  0.0000E+00  0.0000E+00  0.0000E+00  0.0000E+00  0.0000E+00  0.0000E+00  0.0000E+00  0.0000E+00  0.0000E+00  0.0000E+00  0.0000E+00  0.0000E+00  0.0000E+00  0.0000E+00  0.0000E+00  0.0000E+00  0.0000E+00  0.0000E+00  0.0000E+00  0.0000E+00  0.0000E+00  0.0000E+00  0.0000E+00  0.0000E+00  0.0000E+00  0.0000E+00  0.0000E+00  0.0000E+00  0.0000E+00  0.0000E+00  0.0000E+00  2.8790E-03  3.4737E-03  4.1906E-03  5.0546E-03  6.0955E-03  7.3490E-03  8.8585E-03  1.0672E-02  1.2854E-02  1.5473E-02  1.8615E-02  2.2382E-02  2.6891E-02  3.2275E-02  3.8701E-02  4.6354E-02  5.5450E-02  6.6243E-02  7.9044E-02  9.4217E-02  1.1224E-01  1.3378E-01  1.5977E-01  1.9166E-01  2.3160E-01  2.8249E-01  3.4684E-01  4.2349E-01  5.0356E-01  5.7421E-01  6.2760E-01  6.5650E-01  6.6826E-01  6.8229E-01  7.0270E-01  7.3837E-01  7.6054E-01  7.6567E-01
  0.0000E+00  0.0000E+00  0.0000E+00  0.0000E+00  0.0000E+00  0.0000E+00  0.0000E+00  0.0000E+00  0.0000E+00  0.0000E+00  0.0000E+00  0.0000E+00  0.0000E+00  0.0000E+00  0.0000E+00  0.0000E+00  0.0000E+00  0.0000E+00  0.0000E+00  0.0000E+00  0.0000E+00  0.0000E+00  0.0000E+00  0.0000E+00  0.0000E+00  0.0000E+00  0.0000E+00  0.0000E+00  0.0000E+00  0.0000E+00  0.0000E+00  0.0000E+00  2.8486E-03  3.4370E-03  4.1464E-03  5.0013E-03  6.0314E-03  7.2717E-03  8.7655E-03  1.0561E-02  1.2720E-02  1.5312E-02  1.8422E-02  2.2150E-02  2.6614E-02  3.1945E-02  3.8307E-02  4.5886E-02  5.4895E-02  6.5584E-02  7.8263E-02  9.3291E-02  1.1114E-01  1.3246E-01  1.5817E-01  1.8967E-01  2.2909E-01  2.7927E-01  3.4281E-01  4.1890E-01  4.9912E-01  5.7058E-01  6.2516E-01  6.5562E-01  6.6768E-01  6.8164E-01  7.0094E-01  7.3683E-01  7.5958E-01  7.6595E-01
  0.0000E+00  0.0000E+00  0.0000E+00  0.0000E+00  0.0000E+00  0.0000E+00  0.0000E+00  0.0000E+00  0.0000E+00  0.0000E+00  0.0000E+00  0.0000E+00  0.0000E+00  0.0000E+00  0.0000E+00  0.0000E+00  0.0000E+00  0.0000E+00  0.0000E+00  0.0000E+00  0.0000E+00  0.0000E+00  0.0000E+00  0.0000E+00  0.0000E+00  0.0000E+00  0.0000E+00  0.0000E+00  0.0000E+00  0.0000E+00  0.0000E+00  0.0000E+00  2.8185E-03  3.4007E-03  4.1026E-03  4.9486E-03  5.9679E-03  7.1953E-03  8.6735E-03  1.0450E-02  1.2587E-02  1.5153E-02  1.8231E-02  2.1921E-02  2.6341E-02  3.1618E-02  3.7917E-02  4.5423E-02  5.4344E-02  6.4932E-02  7.7490E-02  9.2375E-02  1.1005E-01  1.3115E-01  1.5658E-01  1.8771E-01  2.2661E-01  2.7609E-01  3.3883E-01  4.1432E-01  4.9465E-01  5.6689E-01  6.2263E-01  6.5466E-01  6.6712E-01  6.8098E-01  6.9929E-01  7.3521E-01  7.5856E-01  7.6625E-01
  0.0000E+00  0.0000E+00  0.0000E+00  0.0000E+00  0.0000E+00  0.0000E+00  0.0000E+00  0.0000E+00  0.0000E+00  0.0000E+00  0.0000E+00  0.0000E+00  0.0000E+00  0.0000E+00  0.0000E+00  0.0000E+00  0.0000E+00  0.0000E+00  0.0000E+00  0.0000E+00  0.0000E+00  0.0000E+00  0.0000E+00  0.0000E+00  0.0000E+00  0.0000E+00  0.0000E+00  0.0000E+00  0.0000E+00  0.0000E+00  0.0000E+00  0.0000E+00  2.7887E-03  3.3648E-03  4.0594E-03  4.8965E-03  5.9051E-03  7.1197E-03  8.5826E-03  1.0341E-02  1.2456E-02  1.4995E-02  1.8042E-02  2.1695E-02  2.6069E-02  3.1294E-02  3.7532E-02  4.4964E-02  5.3799E-02  6.4285E-02  7.6724E-02  9.1467E-02  1.0897E-01  1.2986E-01  1.5502E-01  1.8578E-01  2.2416E-01  2.7296E-01  3.3489E-01  4.0977E-01  4.9015E-01  5.6315E-01  6.2002E-01  6.5361E-01  6.6658E-01  6.8031E-01  6.9774E-01  7.3351E-01  7.5750E-01  7.6653E-01
  0.0000E+00  0.0000E+00  0.0000E+00  0.0000E+00  0.0000E+00  0.0000E+00  0.0000E+00  0.0000E+00  0.0000E+00  0.0000E+00  0.0000E+00  0.0000E+00  0.0000E+00  0.0000E+00  0.0000E+00  0.0000E+00  0.0000E+00  0.0000E+00  0.0000E+00  0.0000E+00  0.0000E+00  0.0000E+00  0.0000E+00  0.0000E+00  0.0000E+00  0.0000E+00  0.0000E+00  0.0000E+00  0.0000E+00  0.0000E+00  0.0000E+00  0.0000E+00  2.7592E-03  3.3293E-03  4.0166E-03  4.8449E-03  5.8430E-03  7.0449E-03  8.4926E-03  1.0232E-02  1.2326E-02  1.4839E-02  1.7854E-02  2.1471E-02  2.5801E-02  3.0974E-02  3.7150E-02  4.4509E-02  5.3259E-02  6.3645E-02  7.5966E-02  9.0569E-02  1.0791E-01  1.2858E-01  1.5347E-01  1.8386E-01  2.2175E-01  2.6987E-01  3.3100E-01  4.0524E-01  4.8563E-01  5.5936E-01  6.1734E-01  6.5248E-01  6.6604E-01  6.7961E-01  6.9630E-01  7.3172E-01  7.5642E-01  7.6680E-01
  0.0000E+00  0.0000E+00  0.0000E+00  0.0000E+00  0.0000E+00  0.0000E+00  0.0000E+00  0.0000E+00  0.0000E+00  0.0000E+00  0.0000E+00  0.0000E+00  0.0000E+00  0.0000E+00  0.0000E+00  0.0000E+00  0.0000E+00  0.0000E+00  0.0000E+00  0.0000E+00  0.0000E+00  0.0000E+00  0.0000E+00  0.0000E+00  0.0000E+00  0.0000E+00  0.0000E+00  0.0000E+00  0.0000E+00  0.0000E+00  0.0000E+00  0.0000E+00  2.7300E-03  3.2939E-03  3.9740E-03  4.7936E-03  5.7812E-03  6.9704E-03  8.4030E-03  1.0125E-02  1.2196E-02  1.4683E-02  1.7668E-02  2.1247E-02  2.5534E-02  3.0655E-02  3.6770E-02  4.4057E-02  5.2722E-02  6.3008E-02  7.5211E-02  8.9674E-02  1.0684E-01  1.2731E-01  1.5193E-01  1.8197E-01  2.1936E-01  2.6681E-01  3.2713E-01  4.0071E-01  4.8107E-01  5.5549E-01  6.1456E-01  6.5125E-01  6.6553E-01  6.7891E-01  6.9496E-01  7.2984E-01  7.5531E-01  7.6704E-01
  0.0000E+00  0.0000E+00  0.0000E+00  0.0000E+00  0.0000E+00  0.0000E+00  0.0000E+00  0.0000E+00  0.0000E+00  0.0000E+00  0.0000E+00  0.0000E+00  0.0000E+00  0.0000E+00  0.0000E+00  0.0000E+00  0.0000E+00  0.0000E+00  0.0000E+00  0.0000E+00  0.0000E+00  0.0000E+00  0.0000E+00  0.0000E+00  0.0000E+00  0.0000E+00  0.0000E+00  0.0000E+00  0.0000E+00  0.0000E+00  0.0000E+00  0.0000E+00  2.7011E-03  3.2593E-03  3.9321E-03  4.7431E-03  5.7204E-03  6.8972E-03  8.3149E-03  1.0019E-02  1.2069E-02  1.4530E-02  1.7485E-02  2.1028E-02  2.5272E-02  3.0341E-02  3.6396E-02  4.3612E-02  5.2193E-02  6.2381E-02  7.4468E-02  8.8793E-02  1.0580E-01  1.2606E-01  1.5041E-01  1.8010E-01  2.1701E-01  2.6380E-01  3.2334E-01  3.9624E-01  4.7651E-01  5.5159E-01  6.1172E-01  6.4994E-01  6.6502E-01  6.7820E-01  6.9374E-01  7.2790E-01  7.5419E-01  7.6721E-01
  0.0000E+00  0.0000E+00  0.0000E+00  0.0000E+00  0.0000E+00  0.0000E+00  0.0000E+00  0.0000E+00  0.0000E+00  0.0000E+00  0.0000E+00  0.0000E+00  0.0000E+00  0.0000E+00  0.0000E+00  0.0000E+00  0.0000E+00  0.0000E+00  0.0000E+00  0.0000E+00  0.0000E+00  0.0000E+00  0.0000E+00  0.0000E+00  0.0000E+00  0.0000E+00  0.0000E+00  0.0000E+00  0.0000E+00  0.0000E+00  0.0000E+00  0.0000E+00  2.6726E-03  3.2248E-03  3.8907E-03  4.6932E-03  5.6602E-03  6.8248E-03  8.2277E-03  9.9139E-03  1.1943E-02  1.4379E-02  1.7303E-02  2.0810E-02  2.5011E-02  3.0030E-02  3.6025E-02  4.3171E-02  5.1669E-02  6.1759E-02  7.3731E-02  8.7920E-02  1.0476E-01  1.2482E-01  1.4892E-01  1.7826E-01  2.1470E-01  2.6084E-01  3.1958E-01  3.9178E-01  4.7192E-01  5.4763E-01  6.0880E-01  6.4853E-01  6.6452E-01  6.7747E-01  6.9260E-01  7.2589E-01  7.5306E-01  7.6731E-01
  0.0000E+00  0.0000E+00  0.0000E+00  0.0000E+00  0.0000E+00  0.0000E+00  0.0000E+00  0.0000E+00  0.0000E+00  0.0000E+00  0.0000E+00  0.0000E+00  0.0000E+00  0.0000E+00  0.0000E+00  0.0000E+00  0.0000E+00  0.0000E+00  0.0000E+00  0.0000E+00  0.0000E+00  0.0000E+00  0.0000E+00  0.0000E+00  0.0000E+00  0.0000E+00  0.0000E+00  0.0000E+00  0.0000E+00  0.0000E+00  0.0000E+00  0.0000E+00  2.6444E-03  3.1908E-03  3.8496E-03  4.6438E-03  5.6007E-03  6.7531E-03  8.1414E-03  9.8101E-03  1.1818E-02  1.4229E-02  1.7124E-02  2.0595E-02  2.4754E-02  2.9723E-02  3.5658E-02  4.2734E-02  5.1150E-02  6.1144E-02  7.3002E-02  8.7056E-02  1.0373E-01  1.2359E-01  1.4744E-01  1.7644E-01  2.1241E-01  2.5792E-01  3.1588E-01  3.8736E-01  4.6732E-01  5.4362E-01  6.0581E-01  6.4703E-01  6.6402E-01  6.7675E-01  6.9158E-01  7.2383E-01  7.5193E-01  7.6733E-01
  0.0000E+00  0.0000E+00  0.0000E+00  0.0000E+00  0.0000E+00  0.0000E+00  0.0000E+00  0.0000E+00  0.0000E+00  0.0000E+00  0.0000E+00  0.0000E+00  0.0000E+00  0.0000E+00  0.0000E+00  0.0000E+00  0.0000E+00  0.0000E+00  0.0000E+00  0.0000E+00  0.0000E+00  0.0000E+00  0.0000E+00  0.0000E+00  0.0000E+00  0.0000E+00  0.0000E+00  0.0000E+00  0.0000E+00  0.0000E+00  0.0000E+00  0.0000E+00  2.6165E-03  3.1571E-03  3.8091E-03  4.5949E-03  5.5418E-03  6.6822E-03  8.0560E-03  9.7074E-03  1.1695E-02  1.4081E-02  1.6946E-02  2.0382E-02  2.4499E-02  2.9418E-02  3.5295E-02  4.2301E-02  5.0636E-02  6.0534E-02  7.2279E-02  8.6200E-02  1.0272E-01  1.2238E-01  1.4598E-01  1.7465E-01  2.1016E-01  2.5505E-01  3.1222E-01  3.8297E-01  4.6271E-01  5.3956E-01  6.0275E-01  6.4544E-01  6.6352E-01  6.7603E-01  6.9064E-01  7.2174E-01  7.5079E-01  7.6726E-01
  0.0000E+00  0.0000E+00  0.0000E+00  0.0000E+00  0.0000E+00  0.0000E+00  0.0000E+00  0.0000E+00  0.0000E+00  0.0000E+00  0.0000E+00  0.0000E+00  0.0000E+00  0.0000E+00  0.0000E+00  0.0000E+00  0.0000E+00  0.0000E+00  0.0000E+00  0.0000E+00  0.0000E+00  0.0000E+00  0.0000E+00  0.0000E+00  0.0000E+00  0.0000E+00  0.0000E+00  0.0000E+00  0.0000E+00  0.0000E+00  0.0000E+00  0.0000E+00  2.5887E-03  3.1237E-03  3.7688E-03  4.5462E-03  5.4831E-03  6.6116E-03  7.9711E-03  9.6053E-03  1.1572E-02  1.3934E-02  1.6769E-02  2.0170E-02  2.4245E-02  2.9115E-02  3.4934E-02  4.1871E-02  5.0125E-02  5.9928E-02  7.1560E-02  8.5348E-02  1.0171E-01  1.2118E-01  1.4452E-01  1.7287E-01  2.0793E-01  2.5220E-01  3.0859E-01  3.7858E-01  4.5806E-01  5.3543E-01  5.9960E-01  6.4374E-01  6.6300E-01  6.7530E-01  6.8977E-01  7.1961E-01  7.4963E-01  7.6708E-01
  0.0000E+00  0.0000E+00  0.0000E+00  0.0000E+00  0.0000E+00  0.0000E+00  0.0000E+00  0.0000E+00  0.0000E+00  0.0000E+00  0.0000E+00  0.0000E+00  0.0000E+00  0.0000E+00  0.0000E+00  0.0000E+00  0.0000E+00  0.0000E+00  0.0000E+00  0.0000E+00  0.0000E+00  0.0000E+00  0.0000E+00  0.0000E+00  0.0000E+00  0.0000E+00  0.0000E+00  0.0000E+00  0.0000E+00  0.0000E+00  0.0000E+00  0.0000E+00  0.0000E+00  3.0908E-03  3.7290E-03  4.4984E-03  5.4255E-03  6.5422E-03  7.8875E-03  9.5048E-03  1.1451E-02  1.3789E-02  1.6595E-02  1.9962E-02  2.3996E-02  2.8817E-02  3.4578E-02  4.1447E-02  4.9621E-02  5.9330E-02  7.0852E-02  8.4509E-02  1.0071E-01  1.1999E-01  1.4309E-01  1.7111E-01  2.0574E-01  2.4940E-01  3.0502E-01  3.7426E-01  4.5343E-01  5.3127E-01  5.9640E-01  6.4194E-01  6.6246E-01  6.7459E-01  6.8896E-01  7.1748E-01  7.4846E-01  7.6678E-01
  0.0000E+00  0.0000E+00  0.0000E+00  0.0000E+00  0.0000E+00  0.0000E+00  0.0000E+00  0.0000E+00  0.0000E+00  0.0000E+00  0.0000E+00  0.0000E+00  0.0000E+00  0.0000E+00  0.0000E+00  0.0000E+00  0.0000E+00  0.0000E+00  0.0000E+00  0.0000E+00  0.0000E+00  0.0000E+00  0.0000E+00  0.0000E+00  0.0000E+00  0.0000E+00  0.0000E+00  0.0000E+00  0.0000E+00  0.0000E+00  0.0000E+00  0.0000E+00  0.0000E+00  3.0580E-03  3.6896E-03  4.4508E-03  5.3682E-03  6.4731E-03  7.8044E-03  9.4048E-03  1.1331E-02  1.3644E-02  1.6422E-02  1.9754E-02  2.3747E-02  2.8520E-02  3.4224E-02  4.1026E-02  4.9120E-02  5.8735E-02  7.0147E-02  8.3674E-02  9.9719E-02  1.1881E-01  1.4167E-01  1.6938E-01  2.0357E-01  2.4663E-01  3.0149E-01  3.6996E-01  4.4879E-01  5.2705E-01  5.9312E-01  6.4004E-01  6.6188E-01  6.7387E-01  6.8821E-01  7.1535E-01  7.4726E-01  7.6636E-01
  0.0000E+00  0.0000E+00  0.0000E+00  0.0000E+00  0.0000E+00  0.0000E+00  0.0000E+00  0.0000E+00  0.0000E+00  0.0000E+00  0.0000E+00  0.0000E+00  0.0000E+00  0.0000E+00  0.0000E+00  0.0000E+00  0.0000E+00  0.0000E+00  0.0000E+00  0.0000E+00  0.0000E+00  0.0000E+00  0.0000E+00  0.0000E+00  0.0000E+00  0.0000E+00  0.0000E+00  0.0000E+00  0.0000E+00  0.0000E+00  0.0000E+00  0.0000E+00  0.0000E+00  3.0258E-03  3.6507E-03  4.4039E-03  5.3118E-03  6.4052E-03  7.7226E-03  9.3065E-03  1.1213E-02  1.3502E-02  1.6251E-02  1.9550E-02  2.3503E-02  2.8228E-02  3.3874E-02  4.0610E-02  4.8626E-02  5.8149E-02  6.9453E-02  8.2851E-02  9.8743E-02  1.1764E-01  1.4027E-01  1.6766E-01  2.0143E-01  2.4391E-01  2.9802E-01  3.6570E-01  4.4415E-01  5.2281E-01  5.8979E-01  6.3806E-01  6.6127E-01  6.7317E-01  6.8749E-01  7.1324E-01  7.4602E-01  7.6582E-01
  0.0000E+00  0.0000E+00  0.0000E+00  0.0000E+00  0.0000E+00  0.0000E+00  0.0000E+00  0.0000E+00  0.0000E+00  0.0000E+00  0.0000E+00  0.0000E+00  0.0000E+00  0.0000E+00  0.0000E+00  0.0000E+00  0.0000E+00  0.0000E+00  0.0000E+00  0.0000E+00  0.0000E+00  0.0000E+00  0.0000E+00  0.0000E+00  0.0000E+00  0.0000E+00  0.0000E+00  0.0000E+00  0.0000E+00  0.0000E+00  0.0000E+00  0.0000E+00  0.0000E+00  2.9938E-03  3.6121E-03  4.3575E-03  5.2557E-03  6.3377E-03  7.6413E-03  9.2086E-03  1.1095E-02  1.3361E-02  1.6082E-02  1.9347E-02  2.3260E-02  2.7937E-02  3.3528E-02  4.0197E-02  4.8135E-02  5.7566E-02  6.8762E-02  8.2032E-02  9.7771E-02  1.1648E-01  1.3888E-01  1.6597E-01  1.9931E-01  2.4122E-01  2.9457E-01  3.6147E-01  4.3950E-01  5.1850E-01  5.8638E-01  6.3596E-01  6.6060E-01  6.7248E-01  6.8678E-01  7.1116E-01  7.4472E-01  7.6516E-01
  0.0000E+00  0.0000E+00  0.0000E+00  0.0000E+00  0.0000E+00  0.0000E+00  0.0000E+00  0.0000E+00  0.0000E+00  0.0000E+00  0.0000E+00  0.0000E+00  0.0000E+00  0.0000E+00  0.0000E+00  0.0000E+00  0.0000E+00  0.0000E+00  0.0000E+00  0.0000E+00  0.0000E+00  0.0000E+00  0.0000E+00  0.0000E+00  0.0000E+00  0.0000E+00  0.0000E+00  0.0000E+00  0.0000E+00  0.0000E+00  0.0000E+00  0.0000E+00  0.0000E+00  2.9621E-03  3.5739E-03  4.3114E-03  5.2002E-03  6.2709E-03  7.5609E-03  9.1119E-03  1.0979E-02  1.3221E-02  1.5914E-02  1.9146E-02  2.3019E-02  2.7650E-02  3.3184E-02  3.9788E-02  4.7649E-02  5.6989E-02  6.8078E-02  8.1222E-02  9.6810E-02  1.1534E-01  1.3750E-01  1.6429E-01  1.9722E-01  2.3856E-01  2.9118E-01  3.5728E-01  4.3485E-01  5.1414E-01  5.8290E-01  6.3377E-01  6.5989E-01  6.7180E-01  6.8610E-01  7.0913E-01  7.4338E-01  7.6440E-01
  0.0000E+00  0.0000E+00  0.0000E+00  0.0000E+00  0.0000E+00  0.0000E+00  0.0000E+00  0.0000E+00  0.0000E+00  0.0000E+00  0.0000E+00  0.0000E+00  0.0000E+00  0.0000E+00  0.0000E+00  0.0000E+00  0.0000E+00  0.0000E+00  0.0000E+00  0.0000E+00  0.0000E+00  0.0000E+00  0.0000E+00  0.0000E+00  0.0000E+00  0.0000E+00  0.0000E+00  0.0000E+00  0.0000E+00  0.0000E+00  0.0000E+00  0.0000E+00  0.0000E+00  2.9307E-03  3.5361E-03  4.2659E-03  5.1453E-03  6.2048E-03  7.4813E-03  9.0161E-03  1.0864E-02  1.3083E-02  1.5748E-02  1.8947E-02  2.2781E-02  2.7365E-02  3.2845E-02  3.9384E-02  4.7167E-02  5.6418E-02  6.7400E-02  8.0419E-02  9.5858E-02  1.1421E-01  1.3614E-01  1.6263E-01  1.9516E-01  2.3595E-01  2.8783E-01  3.5313E-01  4.3020E-01  5.0975E-01  5.7937E-01  6.3149E-01  6.5912E-01  6.7116E-01  6.8544E-01  7.0720E-01  7.4198E-01  7.6357E-01
  0.0000E+00  0.0000E+00  0.0000E+00  0.0000E+00  0.0000E+00  0.0000E+00  0.0000E+00  0.0000E+00  0.0000E+00  0.0000E+00  0.0000E+00  0.0000E+00  0.0000E+00  0.0000E+00  0.0000E+00  0.0000E+00  0.0000E+00  0.0000E+00  0.0000E+00  0.0000E+00  0.0000E+00  0.0000E+00  0.0000E+00  0.0000E+00  0.0000E+00  0.0000E+00  0.0000E+00  0.0000E+00  0.0000E+00  0.0000E+00  0.0000E+00  0.0000E+00  0.0000E+00  2.8997E-03  3.4987E-03  4.2208E-03  5.0910E-03  6.1394E-03  7.4026E-03  8.9214E-03  1.0750E-02  1.2946E-02  1.5584E-02  1.8750E-02  2.2545E-02  2.7083E-02  3.2508E-02  3.8983E-02  4.6691E-02  5.5852E-02  6.6729E-02  7.9624E-02  9.4915E-02  1.1308E-01  1.3479E-01  1.6099E-01  1.9313E-01  2.3337E-01  2.8453E-01  3.4903E-01  4.2557E-01  5.0532E-01  5.7577E-01  6.2912E-01  6.5830E-01  6.7055E-01  6.8481E-01  7.0536E-01  7.4053E-01  7.6267E-01
  0.0000E+00  0.0000E+00  0.0000E+00  0.0000E+00  0.0000E+00  0.0000E+00  0.0000E+00  0.0000E+00  0.0000E+00  0.0000E+00  0.0000E+00  0.0000E+00  0.0000E+00  0.0000E+00  0.0000E+00  0.0000E+00  0.0000E+00  0.0000E+00  0.0000E+00  0.0000E+00  0.0000E+00  0.0000E+00  0.0000E+00  0.0000E+00  0.0000E+00  0.0000E+00  0.0000E+00  0.0000E+00  0.0000E+00  0.0000E+00  0.0000E+00  0.0000E+00  0.0000E+00  2.8690E-03  3.4617E-03  4.1762E-03  5.0373E-03  6.0747E-03  7.3247E-03  8.8277E-03  1.0637E-02  1.2811E-02  1.5422E-02  1.8555E-02  2.2312E-02  2.6804E-02  3.2175E-02  3.8586E-02  4.6219E-02  5.5292E-02  6.6065E-02  7.8838E-02  9.3983E-02  1.1198E-01  1.3346E-01  1.5938E-01  1.9113E-01  2.3084E-01  2.8128E-01  3.4498E-01  4.2097E-01  5.0087E-01  5.7212E-01  6.2667E-01  6.5741E-01  6.6999E-01  6.8419E-01  7.0365E-01  7.3904E-01  7.6175E-01
  0.0000E+00  0.0000E+00  0.0000E+00  0.0000E+00  0.0000E+00  0.0000E+00  0.0000E+00  0.0000E+00  0.0000E+00  0.0000E+00  0.0000E+00  0.0000E+00  0.0000E+00  0.0000E+00  0.0000E+00  0.0000E+00  0.0000E+00  0.0000E+00  0.0000E+00  0.0000E+00  0.0000E+00  0.0000E+00  0.0000E+00  0.0000E+00  0.0000E+00  0.0000E+00  0.0000E+00  0.0000E+00  0.0000E+00  0.0000E+00  0.0000E+00  0.0000E+00  0.0000E+00  2.8387E-03  3.4251E-03  4.1321E-03  4.9842E-03  6.0106E-03  7.2476E-03  8.7350E-03  1.0526E-02  1.2677E-02  1.5261E-02  1.8362E-02  2.2081E-02  2.6528E-02  3.1846E-02  3.8193E-02  4.5752E-02  5.4737E-02  6.5408E-02  7.8060E-02  9.3061E-02  1.1088E-01  1.3215E-01  1.5778E-01  1.8916E-01  2.2834E-01  2.7809E-01  3.4098E-01  4.1639E-01  4.9639E-01  5.6842E-01  6.2413E-01  6.5646E-01  6.6945E-01  6.8358E-01  7.0206E-01  7.3748E-01  7.6078E-01
  0.0000E+00  0.0000E+00  0.0000E+00  0.0000E+00  0.0000E+00  0.0000E+00  0.0000E+00  0.0000E+00  0.0000E+00  0.0000E+00  0.0000E+00  0.0000E+00  0.0000E+00  0.0000E+00  0.0000E+00  0.0000E+00  0.0000E+00  0.0000E+00  0.0000E+00  0.0000E+00  0.0000E+00  0.0000E+00  0.0000E+00  0.0000E+00  0.0000E+00  0.0000E+00  0.0000E+00  0.0000E+00  0.0000E+00  0.0000E+00  0.0000E+00  0.0000E+00  0.0000E+00  2.8085E-03  3.3888E-03  4.0883E-03  4.9314E-03  5.9471E-03  7.1711E-03  8.6429E-03  1.0415E-02  1.2544E-02  1.5101E-02  1.8171E-02  2.1852E-02  2.6254E-02  3.1519E-02  3.7803E-02  4.5288E-02  5.4186E-02  6.4755E-02  7.7286E-02  9.2144E-02  1.0979E-01  1.3085E-01  1.5620E-01  1.8721E-01  2.2588E-01  2.7494E-01  3.3703E-01  4.1182E-01  4.9188E-01  5.6465E-01  6.2151E-01  6.5541E-01  6.6893E-01  6.8296E-01  7.0059E-01  7.3585E-01  7.5979E-01
  0.0000E+00  0.0000E+00  0.0000E+00  0.0000E+00  0.0000E+00  0.0000E+00  0.0000E+00  0.0000E+00  0.0000E+00  0.0000E+00  0.0000E+00  0.0000E+00  0.0000E+00  0.0000E+00  0.0000E+00  0.0000E+00  0.0000E+00  0.0000E+00  0.0000E+00  0.0000E+00  0.0000E+00  0.0000E+00  0.0000E+00  0.0000E+00  0.0000E+00  0.0000E+00  0.0000E+00  0.0000E+00  0.0000E+00  0.0000E+00  0.0000E+00  0.0000E+00  0.0000E+00  2.7789E-03  3.3531E-03  4.0452E-03  4.8795E-03  5.8846E-03  7.0958E-03  8.5523E-03  1.0306E-02  1.2413E-02  1.4944E-02  1.7982E-02  2.1626E-02  2.5984E-02  3.1196E-02  3.7419E-02  4.4831E-02  5.3643E-02  6.4111E-02  7.6523E-02  9.1240E-02  1.0871E-01  1.2956E-01  1.5465E-01  1.8529E-01  2.2345E-01  2.7184E-01  3.3313E-01  4.0730E-01  4.8737E-01  5.6086E-01  6.1881E-01  6.5428E-01  6.6842E-01  6.8230E-01  6.9921E-01  7.3413E-01  7.5875E-01
  0.0000E+00  0.0000E+00  0.0000E+00  0.0000E+00  0.0000E+00  0.0000E+00  0.0000E+00  0.0000E+00  0.0000E+00  0.0000E+00  0.0000E+00  0.0000E+00  0.0000E+00  0.0000E+00  0.0000E+00  0.0000E+00  0.0000E+00  0.0000E+00  0.0000E+00  0.0000E+00  0.0000E+00  0.0000E+00  0.0000E+00  0.0000E+00  0.0000E+00  0.0000E+00  0.0000E+00  0.0000E+00  0.0000E+00  0.0000E+00  0.0000E+00  0.0000E+00  0.0000E+00  2.7495E-03  3.3176E-03  4.0025E-03  4.8279E-03  5.8225E-03  7.0210E-03  8.4623E-03  1.0198E-02  1.2283E-02  1.4788E-02  1.7795E-02  2.1402E-02  2.5716E-02  3.0876E-02  3.7037E-02  4.4376E-02  5.3104E-02  6.3471E-02  7.5765E-02  9.0341E-02  1.0765E-01  1.2828E-01  1.5310E-01  1.8338E-01  2.2105E-01  2.6877E-01  3.2927E-01  4.0279E-01  4.8282E-01  5.5699E-01  6.1603E-01  6.5304E-01  6.6789E-01  6.8162E-01  6.9790E-01  7.3231E-01  7.5767E-01
  0.0000E+00  0.0000E+00  0.0000E+00  0.0000E+00  0.0000E+00  0.0000E+00  0.0000E+00  0.0000E+00  0.0000E+00  0.0000E+00  0.0000E+00  0.0000E+00  0.0000E+00  0.0000E+00  0.0000E+00  0.0000E+00  0.0000E+00  0.0000E+00  0.0000E+00  0.0000E+00  0.0000E+00  0.0000E+00  0.0000E+00  0.0000E+00  0.0000E+00  0.0000E+00  0.0000E+00  0.0000E+00  0.0000E+00  0.0000E+00  0.0000E+00  0.0000E+00  0.0000E+00  2.7204E-03  3.2825E-03  3.9601E-03  4.7769E-03  5.7610E-03  6.9470E-03  8.3734E-03  1.0091E-02  1.2154E-02  1.4634E-02  1.7610E-02  2.1180E-02  2.5451E-02  3.0559E-02  3.6659E-02  4.3927E-02  5.2569E-02  6.2837E-02  7.5014E-02  8.9451E-02  1.0659E-01  1.2702E-01  1.5157E-01  1.8149E-01  2.1868E-01  2.6573E-01  3.2544E-01  3.9828E-01  4.7824E-01  5.5306E-01  6.1315E-01  6.5169E-01  6.6735E-01  6.8088E-01  6.9665E-01  7.3036E-01  7.5652E-01
  0.0000E+00  0.0000E+00  0.0000E+00  0.0000E+00  0.0000E+00  0.0000E+00  0.0000E+00  0.0000E+00  0.0000E+00  0.0000E+00  0.0000E+00  0.0000E+00  0.0000E+00  0.0000E+00  0.0000E+00  0.0000E+00  0.0000E+00  0.0000E+00  0.0000E+00  0.0000E+00  0.0000E+00  0.0000E+00  0.0000E+00  0.0000E+00  0.0000E+00  0.0000E+00  0.0000E+00  0.0000E+00  0.0000E+00  0.0000E+00  0.0000E+00  0.0000E+00  0.0000E+00  2.6916E-03  3.2478E-03  3.9183E-03  4.7266E-03  5.7003E-03  6.8739E-03  8.2854E-03  9.9848E-03  1.2027E-02  1.4481E-02  1.7427E-02  2.0960E-02  2.5188E-02  3.0245E-02  3.6285E-02  4.3481E-02  5.2040E-02  6.2210E-02  7.4270E-02  8.8569E-02  1.0554E-01  1.2576E-01  1.5005E-01  1.7963E-01  2.1633E-01  2.6274E-01  3.2165E-01  3.9380E-01  4.7363E-01  5.4907E-01  6.1020E-01  6.5025E-01  6.6681E-01  6.8013E-01  6.9549E-01  7.2834E-01  7.5534E-01
  0.0000E+00  0.0000E+00  0.0000E+00  0.0000E+00  0.0000E+00  0.0000E+00  0.0000E+00  0.0000E+00  0.0000E+00  0.0000E+00  0.0000E+00  0.0000E+00  0.0000E+00  0.0000E+00  0.0000E+00  0.0000E+00  0.0000E+00  0.0000E+00  0.0000E+00  0.0000E+00  0.0000E+00  0.0000E+00  0.0000E+00  0.0000E+00  0.0000E+00  0.0000E+00  0.0000E+00  0.0000E+00  0.0000E+00  0.0000E+00  0.0000E+00  0.0000E+00  0.0000E+00  2.6631E-03  3.2134E-03  3.8769E-03  4.6766E-03  5.6402E-03  6.8015E-03  8.1982E-03  9.8800E-03  1.1901E-02  1.4330E-02  1.7245E-02  2.0743E-02  2.4928E-02  2.9935E-02  3.5915E-02  4.3040E-02  5.1516E-02  6.1588E-02  7.3533E-02  8.7695E-02  1.0450E-01  1.2452E-01  1.4855E-01  1.7779E-01  2.1402E-01  2.5977E-01  3.1789E-01  3.8932E-01  4.6898E-01  5.4501E-01  6.0715E-01  6.4871E-01  6.6627E-01  6.7937E-01  6.9441E-01  7.2625E-01  7.5415E-01
  0.0000E+00  0.0000E+00  0.0000E+00  0.0000E+00  0.0000E+00  0.0000E+00  0.0000E+00  0.0000E+00  0.0000E+00  0.0000E+00  0.0000E+00  0.0000E+00  0.0000E+00  0.0000E+00  0.0000E+00  0.0000E+00  0.0000E+00  0.0000E+00  0.0000E+00  0.0000E+00  0.0000E+00  0.0000E+00  0.0000E+00  0.0000E+00  0.0000E+00  0.0000E+00  0.0000E+00  0.0000E+00  0.0000E+00  0.0000E+00  0.0000E+00  0.0000E+00  0.0000E+00  2.6349E-03  3.1794E-03  3.8359E-03  4.6272E-03  5.5807E-03  6.7299E-03  8.1120E-03  9.7763E-03  1.1777E-02  1.4180E-02  1.7066E-02  2.0528E-02  2.4671E-02  2.9627E-02  3.5548E-02  4.2604E-02  5.0997E-02  6.0972E-02  7.2803E-02  8.6831E-02  1.0348E-01  1.2330E-01  1.4708E-01  1.7597E-01  2.1173E-01  2.5685E-01  3.1418E-01  3.8487E-01  4.6431E-01  5.4089E-01  6.0403E-01  6.4708E-01  6.6574E-01  6.7864E-01  6.9346E-01  7.2415E-01  7.5297E-01
  0.0000E+00  0.0000E+00  0.0000E+00  0.0000E+00  0.0000E+00  0.0000E+00  0.0000E+00  0.0000E+00  0.0000E+00  0.0000E+00  0.0000E+00  0.0000E+00  0.0000E+00  0.0000E+00  0.0000E+00  0.0000E+00  0.0000E+00  0.0000E+00  0.0000E+00  0.0000E+00  0.0000E+00  0.0000E+00  0.0000E+00  0.0000E+00  0.0000E+00  0.0000E+00  0.0000E+00  0.0000E+00  0.0000E+00  0.0000E+00  0.0000E+00  0.0000E+00  0.0000E+00  2.6069E-03  3.1456E-03  3.7951E-03  4.5781E-03  5.5215E-03  6.6586E-03  8.0263E-03  9.6732E-03  1.1653E-02  1.4031E-02  1.6887E-02  2.0314E-02  2.4415E-02  2.9322E-02  3.5183E-02  4.2169E-02  5.0481E-02  6.0360E-02  7.2078E-02  8.5971E-02  1.0246E-01  1.2208E-01  1.4561E-01  1.7417E-01  2.0947E-01  2.5397E-01  3.1050E-01  3.8044E-01  4.5961E-01  5.3669E-01  6.0082E-01  6.4535E-01  6.6522E-01  6.7794E-01  6.9261E-01  7.2203E-01  7.5180E-01
  0.0000E+00  0.0000E+00  0.0000E+00  0.0000E+00  0.0000E+00  0.0000E+00  0.0000E+00  0.0000E+00  0.0000E+00  0.0000E+00  0.0000E+00  0.0000E+00  0.0000E+00  0.0000E+00  0.0000E+00  0.0000E+00  0.0000E+00  0.0000E+00  0.0000E+00  0.0000E+00  0.0000E+00  0.0000E+00  0.0000E+00  0.0000E+00  0.0000E+00  0.0000E+00  0.0000E+00  0.0000E+00  0.0000E+00  0.0000E+00  0.0000E+00  0.0000E+00  0.0000E+00  2.5792E-03  3.1122E-03  3.7549E-03  4.5296E-03  5.4630E-03  6.5882E-03  7.9415E-03  9.5712E-03  1.1530E-02  1.3884E-02  1.6711E-02  2.0102E-02  2.4162E-02  2.9019E-02  3.4822E-02  4.1740E-02  4.9971E-02  5.9755E-02  7.1361E-02  8.5122E-02  1.0145E-01  1.2088E-01  1.4416E-01  1.7240E-01  2.0726E-01  2.5115E-01  3.0691E-01  3.7608E-01  4.5494E-01  5.3248E-01  5.9757E-01  6.4353E-01  6.6470E-01  6.7729E-01  6.9189E-01  7.1999E-01  7.5069E-01
  0.0000E+00  0.0000E+00  0.0000E+00  0.0000E+00  0.0000E+00  0.0000E+00  0.0000E+00  0.0000E+00  0.0000E+00  0.0000E+00  0.0000E+00  0.0000E+00  0.0000E+00  0.0000E+00  0.0000E+00  0.0000E+00  0.0000E+00  0.0000E+00  0.0000E+00  0.0000E+00  0.0000E+00  0.0000E+00  0.0000E+00  0.0000E+00  0.0000E+00  0.0000E+00  0.0000E+00  0.0000E+00  0.0000E+00  0.0000E+00  0.0000E+00  0.0000E+00  0.0000E+00  0.0000E+00  3.0793E-03  3.7152E-03  4.4818E-03  5.4055E-03  6.5188E-03  7.8581E-03  9.4708E-03  1.1409E-02  1.3739E-02  1.6537E-02  1.9894E-02  2.3912E-02  2.8721E-02  3.4467E-02  4.1317E-02  4.9468E-02  5.9159E-02  7.0654E-02  8.4285E-02  1.0046E-01  1.1970E-01  1.4274E-01  1.7066E-01  2.0509E-01  2.4838E-01  3.0338E-01  3.7179E-01  4.5030E-01  5.2826E-01  5.9428E-01  6.4163E-01  6.6415E-01  6.7666E-01  6.9123E-01  7.1800E-01  7.4958E-01
  0.0000E+00  0.0000E+00  0.0000E+00  0.0000E+00  0.0000E+00  0.0000E+00  0.0000E+00  0.0000E+00  0.0000E+00  0.0000E+00  0.0000E+00  0.0000E+00  0.0000E+00  0.0000E+00  0.0000E+00  0.0000E+00  0.0000E+00  0.0000E+00  0.0000E+00  0.0000E+00  0.0000E+00  0.0000E+00  0.0000E+00  0.0000E+00  0.0000E+00  0.0000E+00  0.0000E+00  0.0000E+00  0.0000E+00  0.0000E+00  0.0000E+00  0.0000E+00  0.0000E+00  0.0000E+00  3.0467E-03  3.6759E-03  4.4344E-03  5.3484E-03  6.4501E-03  7.7753E-03  9.3712E-03  1.1290E-02  1.3595E-02  1.6364E-02  1.9687E-02  2.3665E-02  2.8426E-02  3.4114E-02  4.0897E-02  4.8969E-02  5.8566E-02  6.9953E-02  8.3454E-02  9.9470E-02  1.1852E-01  1.4133E-01  1.6894E-01  2.0295E-01  2.4566E-01  2.9991E-01  3.6754E-01  4.4567E-01  5.2399E-01  5.9092E-01  6.3963E-01  6.6356E-01  6.7604E-01  6.9061E-01  7.1604E-01  7.4844E-01
  0.0000E+00  0.0000E+00  0.0000E+00  0.0000E+00  0.0000E+00  0.0000E+00  0.0000E+00  0.0000E+00  0.0000E+00  0.0000E+00  0.0000E+00  0.0000E+00  0.0000E+00  0.0000E+00  0.0000E+00  0.0000E+00  0.0000E+00  0.0000E+00  0.0000E+00  0.0000E+00  0.0000E+00  0.0000E+00  0.0000E+00  0.0000E+00  0.0000E+00  0.0000E+00  0.0000E+00  0.0000E+00  0.0000E+00  0.0000E+00  0.0000E+00  0.0000E+00  0.0000E+00  0.0000E+00  3.0143E-03  3.6369E-03  4.3874E-03  5.2917E-03  6.3818E-03  7.6931E-03  9.2724E-03  1.1171E-02  1.3453E-02  1.6193E-02  1.9482E-02  2.3419E-02  2.8132E-02  3.3763E-02  4.0479E-02  4.8473E-02  5.7977E-02  6.9255E-02  8.2628E-02  9.8489E-02  1.1735E-01  1.3992E-01  1.6723E-01  2.0082E-01  2.4296E-01  2.9646E-01  3.6332E-01  4.4103E-01  5.1968E-01  5.8749E-01  6.3751E-01  6.6289E-01  6.7539E-01  6.8998E-01  7.1409E-01  7.4721E-01
  0.0000E+00  0.0000E+00  0.0000E+00  0.0000E+00  0.0000E+00  0.0000E+00  0.0000E+00  0.0000E+00  0.0000E+00  0.0000E+00  0.0000E+00  0.0000E+00  0.0000E+00  0.0000E+00  0.0000E+00  0.0000E+00  0.0000E+00  0.0000E+00  0.0000E+00  0.0000E+00  0.0000E+00  0.0000E+00  0.0000E+00  0.0000E+00  0.0000E+00  0.0000E+00  0.0000E+00  0.0000E+00  0.0000E+00  0.0000E+00  0.0000E+00  0.0000E+00  0.0000E+00  0.0000E+00  2.9825E-03  3.5984E-03  4.3411E-03  5.2359E-03  6.3146E-03  7.6122E-03  9.1751E-03  1.1054E-02  1.3312E-02  1.6025E-02  1.9280E-02  2.3177E-02  2.7843E-02  3.3418E-02  4.0068E-02  4.7984E-02  5.7397E-02  6.8567E-02  8.1813E-02  9.7524E-02  1.1620E-01  1.3854E-01  1.6554E-01  1.9873E-01  2.4030E-01  2.9308E-01  3.5916E-01  4.3642E-01  5.1536E-01  5.8401E-01  6.3531E-01  6.6216E-01  6.7475E-01  6.8934E-01  7.1219E-01  7.4593E-01
  0.0000E+00  0.0000E+00  0.0000E+00  0.0000E+00  0.0000E+00  0.0000E+00  0.0000E+00  0.0000E+00  0.0000E+00  0.0000E+00  0.0000E+00  0.0000E+00  0.0000E+00  0.0000E+00  0.0000E+00  0.0000E+00  0.0000E+00  0.0000E+00  0.0000E+00  0.0000E+00  0.0000E+00  0.0000E+00  0.0000E+00  0.0000E+00  0.0000E+00  0.0000E+00  0.0000E+00  0.0000E+00  0.0000E+00  0.0000E+00  0.0000E+00  0.0000E+00  0.0000E+00  0.0000E+00  2.9508E-03  3.5603E-03  4.2951E-03  5.1805E-03  6.2479E-03  7.5319E-03  9.0785E-03  1.0938E-02  1.3173E-02  1.5857E-02  1.9079E-02  2.2937E-02  2.7555E-02  3.3076E-02  3.9660E-02  4.7498E-02  5.6820E-02  6.7883E-02  8.1003E-02  9.6562E-02  1.1506E-01  1.3717E-01  1.6387E-01  1.9665E-01  2.3766E-01  2.8971E-01  3.5499E-01  4.3176E-01  5.1094E-01  5.8043E-01  6.3298E-01  6.6134E-01  6.7409E-01  6.8866E-01  7.1027E-01  7.4451E-01
  0.0000E+00  0.0000E+00  0.0000E+00  0.0000E+00  0.0000E+00  0.0000E+00  0.0000E+00  0.0000E+00  0.0000E+00  0.0000E+00  0.0000E+00  0.0000E+00  0.0000E+00  0.0000E+00  0.0000E+00  0.0000E+00  0.0000E+00  0.0000E+00  0.0000E+00  0.0000E+00  0.0000E+00  0.0000E+00  0.0000E+00  0.0000E+00  0.0000E+00  0.0000E+00  0.0000E+00  0.0000E+00  0.0000E+00  0.0000E+00  0.0000E+00  0.0000E+00  0.0000E+00  0.0000E+00  2.9196E-03  3.5227E-03  4.2498E-03  5.1259E-03  6.1822E-03  7.4528E-03  8.9832E-03  1.0823E-02  1.3035E-02  1.5692E-02  1.8881E-02  2.2700E-02  2.7272E-02  3.2737E-02  3.9257E-02  4.7019E-02  5.6252E-02  6.7209E-02  8.0203E-02  9.5614E-02  1.1393E-01  1.3581E-01  1.6222E-01  1.9460E-01  2.3507E-01  2.8639E-01  3.5087E-01  4.2712E-01  5.0649E-01  5.7679E-01  6.3056E-01  6.6047E-01  6.7346E-01  6.8800E-01  7.0846E-01  7.4304E-01
  0.0000E+00  0.0000E+00  0.0000E+00  0.0000E+00  0.0000E+00  0.0000E+00  0.0000E+00  0.0000E+00  0.0000E+00  0.0000E+00  0.0000E+00  0.0000E+00  0.0000E+00  0.0000E+00  0.0000E+00  0.0000E+00  0.0000E+00  0.0000E+00  0.0000E+00  0.0000E+00  0.0000E+00  0.0000E+00  0.0000E+00  0.0000E+00  0.0000E+00  0.0000E+00  0.0000E+00  0.0000E+00  0.0000E+00  0.0000E+00  0.0000E+00  0.0000E+00  0.0000E+00  0.0000E+00  2.8886E-03  3.4852E-03  4.2046E-03  5.0715E-03  6.1166E-03  7.3739E-03  8.8883E-03  1.0709E-02  1.2898E-02  1.5527E-02  1.8684E-02  2.2464E-02  2.6990E-02  3.2400E-02  3.8855E-02  4.6541E-02  5.5684E-02  6.6536E-02  7.9405E-02  9.4668E-02  1.1280E-01  1.3446E-01  1.6058E-01  1.9256E-01  2.3248E-01  2.8308E-01  3.4675E-01  4.2244E-01  5.0196E-01  5.7306E-01  6.2803E-01  6.5952E-01  6.7286E-01  6.8734E-01  7.0673E-01  7.4148E-01
  0.0000E+00  0.0000E+00  0.0000E+00  0.0000E+00  0.0000E+00  0.0000E+00  0.0000E+00  0.0000E+00  0.0000E+00  0.0000E+00  0.0000E+00  0.0000E+00  0.0000E+00  0.0000E+00  0.0000E+00  0.0000E+00  0.0000E+00  0.0000E+00  0.0000E+00  0.0000E+00  0.0000E+00  0.0000E+00  0.0000E+00  0.0000E+00  0.0000E+00  0.0000E+00  0.0000E+00  0.0000E+00  0.0000E+00  0.0000E+00  0.0000E+00  0.0000E+00  0.0000E+00  0.0000E+00  2.8580E-03  3.4483E-03  4.1601E-03  5.0179E-03  6.0520E-03  7.2961E-03  8.7947E-03  1.0597E-02  1.2763E-02  1.5365E-02  1.8489E-02  2.2231E-02  2.6711E-02  3.2068E-02  3.8459E-02  4.6070E-02  5.5124E-02  6.5872E-02  7.8620E-02  9.3736E-02  1.1170E-01  1.3313E-01  1.5896E-01  1.9056E-01  2.2996E-01  2.7985E-01  3.4271E-01  4.1782E-01  4.9744E-01  5.6929E-01  6.2543E-01  6.5851E-01  6.7230E-01  6.8671E-01  7.0516E-01  7.3988E-01
  0.0000E+00  0.0000E+00  0.0000E+00  0.0000E+00  0.0000E+00  0.0000E+00  0.0000E+00  0.0000E+00  0.0000E+00  0.0000E+00  0.0000E+00  0.0000E+00  0.0000E+00  0.0000E+00  0.0000E+00  0.0000E+00  0.0000E+00  0.0000E+00  0.0000E+00  0.0000E+00  0.0000E+00  0.0000E+00  0.0000E+00  0.0000E+00  0.0000E+00  0.0000E+00  0.0000E+00  0.0000E+00  0.0000E+00  0.0000E+00  0.0000E+00  0.0000E+00  0.0000E+00  0.0000E+00  2.8277E-03  3.4118E-03  4.1161E-03  4.9648E-03  5.9881E-03  7.2192E-03  8.7022E-03  1.0485E-02  1.2629E-02  1.5205E-02  1.8297E-02  2.2000E-02  2.6436E-02  3.1739E-02  3.8067E-02  4.5604E-02  5.4571E-02  6.5216E-02  7.7842E-02  9.2815E-02  1.1060E-01  1.3182E-01  1.5737E-01  1.8860E-01  2.2747E-01  2.7668E-01  3.3873E-01  4.1323E-01  4.9289E-01  5.6547E-01  6.2275E-01  6.5742E-01  6.7177E-01  6.8608E-01  7.0371E-01  7.3823E-01
  0.0000E+00  0.0000E+00  0.0000E+00  0.0000E+00  0.0000E+00  0.0000E+00  0.0000E+00  0.0000E+00  0.0000E+00  0.0000E+00  0.0000E+00  0.0000E+00  0.0000E+00  0.0000E+00  0.0000E+00  0.0000E+00  0.0000E+00  0.0000E+00  0.0000E+00  0.0000E+00  0.0000E+00  0.0000E+00  0.0000E+00  0.0000E+00  0.0000E+00  0.0000E+00  0.0000E+00  0.0000E+00  0.0000E+00  0.0000E+00  0.0000E+00  0.0000E+00  0.0000E+00  0.0000E+00  2.7976E-03  3.3756E-03  4.0724E-03  4.9121E-03  5.9247E-03  7.1428E-03  8.6103E-03  1.0375E-02  1.2496E-02  1.5045E-02  1.8106E-02  2.1772E-02  2.6162E-02  3.1412E-02  3.7677E-02  4.5140E-02  5.4020E-02  6.4564E-02  7.7070E-02  9.1899E-02  1.0951E-01  1.3052E-01  1.5580E-01  1.8665E-01  2.2502E-01  2.7354E-01  3.3479E-01  4.0865E-01  4.8830E-01  5.6158E-01  6.1999E-01  6.5625E-01  6.7128E-01  6.8547E-01  7.0241E-01  7.3653E-01
  0.0000E+00  0.0000E+00  0.0000E+00  0.0000E+00  0.0000E+00  0.0000E+00  0.0000E+00  0.0000E+00  0.0000E+00  0.0000E+00  0.0000E+00  0.0000E+00  0.0000E+00  0.0000E+00  0.0000E+00  0.0000E+00  0.0000E+00  0.0000E+00  0.0000E+00  0.0000E+00  0.0000E+00  0.0000E+00  0.0000E+00  0.0000E+00  0.0000E+00  0.0000E+00  0.0000E+00  0.0000E+00  0.0000E+00  0.0000E+00  0.0000E+00  0.0000E+00  0.0000E+00  0.0000E+00  2.7679E-03  3.3397E-03  4.0292E-03  4.8601E-03  5.8620E-03  7.0674E-03  8.5195E-03  1.0266E-02  1.2365E-02  1.4888E-02  1.7917E-02  2.1545E-02  2.5891E-02  3.1089E-02  3.7292E-02  4.4682E-02  5.3476E-02  6.3918E-02  7.6305E-02  9.0994E-02  1.0844E-01  1.2923E-01  1.5424E-01  1.8473E-01  2.2261E-01  2.7045E-01  3.3091E-01  4.0411E-01  4.8371E-01  5.5765E-01  6.1714E-01  6.5499E-01  6.7079E-01  6.8485E-01  7.0121E-01  7.3476E-01
  0.0000E+00  0.0000E+00  0.0000E+00  0.0000E+00  0.0000E+00  0.0000E+00  0.0000E+00  0.0000E+00  0.0000E+00  0.0000E+00  0.0000E+00  0.0000E+00  0.0000E+00  0.0000E+00  0.0000E+00  0.0000E+00  0.0000E+00  0.0000E+00  0.0000E+00  0.0000E+00  0.0000E+00  0.0000E+00  0.0000E+00  0.0000E+00  0.0000E+00  0.0000E+00  0.0000E+00  0.0000E+00  0.0000E+00  0.0000E+00  0.0000E+00  0.0000E+00  0.0000E+00  0.0000E+00  2.7385E-03  3.3043E-03  3.9865E-03  4.8086E-03  5.7999E-03  6.9927E-03  8.4296E-03  1.0158E-02  1.2235E-02  1.4732E-02  1.7730E-02  2.1321E-02  2.5624E-02  3.0769E-02  3.6911E-02  4.4228E-02  5.2938E-02  6.3280E-02  7.5549E-02  9.0098E-02  1.0737E-01  1.2796E-01  1.5270E-01  1.8284E-01  2.2023E-01  2.6741E-01  3.2707E-01  3.9959E-01  4.7909E-01  5.5366E-01  6.1421E-01  6.5362E-01  6.7032E-01  6.8423E-01  7.0014E-01  7.3294E-01
  0.0000E+00  0.0000E+00  0.0000E+00  0.0000E+00  0.0000E+00  0.0000E+00  0.0000E+00  0.0000E+00  0.0000E+00  0.0000E+00  0.0000E+00  0.0000E+00  0.0000E+00  0.0000E+00  0.0000E+00  0.0000E+00  0.0000E+00  0.0000E+00  0.0000E+00  0.0000E+00  0.0000E+00  0.0000E+00  0.0000E+00  0.0000E+00  0.0000E+00  0.0000E+00  0.0000E+00  0.0000E+00  0.0000E+00  0.0000E+00  0.0000E+00  0.0000E+00  0.0000E+00  0.0000E+00  2.7093E-03  3.2691E-03  3.9441E-03  4.7575E-03  5.7384E-03  6.9186E-03  8.3405E-03  1.0050E-02  1.2106E-02  1.4577E-02  1.7544E-02  2.1099E-02  2.5358E-02  3.0452E-02  3.6532E-02  4.3778E-02  5.2403E-02  6.2645E-02  7.4798E-02  8.9207E-02  1.0632E-01  1.2670E-01  1.5118E-01  1.8097E-01  2.1787E-01  2.6441E-01  3.2327E-01  3.9509E-01  4.7445E-01  5.4961E-01  6.1119E-01  6.5215E-01  6.6983E-01  6.8358E-01  6.9914E-01  7.3104E-01
  0.0000E+00  0.0000E+00  0.0000E+00  0.0000E+00  0.0000E+00  0.0000E+00  0.0000E+00  0.0000E+00  0.0000E+00  0.0000E+00  0.0000E+00  0.0000E+00  0.0000E+00  0.0000E+00  0.0000E+00  0.0000E+00  0.0000E+00  0.0000E+00  0.0000E+00  0.0000E+00  0.0000E+00  0.0000E+00  0.0000E+00  0.0000E+00  0.0000E+00  0.0000E+00  0.0000E+00  0.0000E+00  0.0000E+00  0.0000E+00  0.0000E+00  0.0000E+00  0.0000E+00  0.0000E+00  2.6805E-03  3.2344E-03  3.9022E-03  4.7071E-03  5.6776E-03  6.8454E-03  8.2524E-03  9.9445E-03  1.1979E-02  1.4425E-02  1.7361E-02  2.0879E-02  2.5095E-02  3.0138E-02  3.6158E-02  4.3333E-02  5.1873E-02  6.2018E-02  7.4054E-02  8.8326E-02  1.0527E-01  1.2545E-01  1.4967E-01  1.7912E-01  2.1555E-01  2.6145E-01  3.1952E-01  3.9063E-01  4.6980E-01  5.4551E-01  6.0810E-01  6.5057E-01  6.6932E-01  6.8292E-01  6.9821E-01  7.2909E-01
  0.0000E+00  0.0000E+00  0.0000E+00  0.0000E+00  0.0000E+00  0.0000E+00  0.0000E+00  0.0000E+00  0.0000E+00  0.0000E+00  0.0000E+00  0.0000E+00  0.0000E+00  0.0000E+00  0.0000E+00  0.0000E+00  0.0000E+00  0.0000E+00  0.0000E+00  0.0000E+00  0.0000E+00  0.0000E+00  0.0000E+00  0.0000E+00  0.0000E+00  0.0000E+00  0.0000E+00  0.0000E+00  0.0000E+00  0.0000E+00  0.0000E+00  0.0000E+00  0.0000E+00  0.0000E+00  2.6521E-03  3.2001E-03  3.8609E-03  4.6573E-03  5.6176E-03  6.7731E-03  8.1653E-03  9.8398E-03  1.1853E-02  1.4273E-02  1.7180E-02  2.0662E-02  2.4835E-02  2.9827E-02  3.5788E-02  4.2892E-02  5.1350E-02  6.1397E-02  7.3318E-02  8.7454E-02  1.0423E-01  1.2421E-01  1.4818E-01  1.7729E-01  2.1326E-01  2.5853E-01  3.1582E-01  3.8620E-01  4.6514E-01  5.4137E-01  6.0494E-01  6.4889E-01  6.6879E-01  6.8223E-01  6.9735E-01  7.2709E-01
  0.0000E+00  0.0000E+00  0.0000E+00  0.0000E+00  0.0000E+00  0.0000E+00  0.0000E+00  0.0000E+00  0.0000E+00  0.0000E+00  0.0000E+00  0.0000E+00  0.0000E+00  0.0000E+00  0.0000E+00  0.0000E+00  0.0000E+00  0.0000E+00  0.0000E+00  0.0000E+00  0.0000E+00  0.0000E+00  0.0000E+00  0.0000E+00  0.0000E+00  0.0000E+00  0.0000E+00  0.0000E+00  0.0000E+00  0.0000E+00  0.0000E+00  0.0000E+00  0.0000E+00  0.0000E+00  2.6239E-03  3.1661E-03  3.8199E-03  4.6079E-03  5.5581E-03  6.7015E-03  8.0792E-03  9.7362E-03  1.1729E-02  1.4124E-02  1.7000E-02  2.0447E-02  2.4578E-02  2.9520E-02  3.5421E-02  4.2456E-02  5.0832E-02  6.0782E-02  7.2590E-02  8.6592E-02  1.0321E-01  1.2299E-01  1.4671E-01  1.7548E-01  2.1100E-01  2.5565E-01  3.1217E-01  3.8180E-01  4.6047E-01  5.3717E-01  6.0169E-01  6.4710E-01  6.6824E-01  6.8156E-01  6.9657E-01  7.2509E-01
  0.0000E+00  0.0000E+00  0.0000E+00  0.0000E+00  0.0000E+00  0.0000E+00  0.0000E+00  0.0000E+00  0.0000E+00  0.0000E+00  0.0000E+00  0.0000E+00  0.0000E+00  0.0000E+00  0.0000E+00  0.0000E+00  0.0000E+00  0.0000E+00  0.0000E+00  0.0000E+00  0.0000E+00  0.0000E+00  0.0000E+00  0.0000E+00  0.0000E+00  0.0000E+00  0.0000E+00  0.0000E+00  0.0000E+00  0.0000E+00  0.0000E+00  0.0000E+00  0.0000E+00  0.0000E+00  2.5960E-03  3.1324E-03  3.7793E-03  4.5590E-03  5.4991E-03  6.6305E-03  7.9937E-03  9.6333E-03  1.1605E-02  1.3975E-02  1.6822E-02  2.0234E-02  2.4323E-02  2.9215E-02  3.5057E-02  4.2023E-02  5.0317E-02  6.0171E-02  7.1866E-02  8.5734E-02  1.0219E-01  1.2178E-01  1.4524E-01  1.7370E-01  2.0877E-01  2.5280E-01  3.0855E-01  3.7742E-01  4.5576E-01  5.3290E-01  5.9837E-01  6.4521E-01  6.6767E-01  6.8091E-01  6.9585E-01  7.2309E-01
  0.0000E+00  0.0000E+00  0.0000E+00  0.0000E+00  0.0000E+00  0.0000E+00  0.0000E+00  0.0000E+00  0.0000E+00  0.0000E+00  0.0000E+00  0.0000E+00  0.0000E+00  0.0000E+00  0.0000E+00  0.0000E+00  0.0000E+00  0.0000E+00  0.0000E+00  0.0000E+00  0.0000E+00  0.0000E+00  0.0000E+00  0.0000E+00  0.0000E+00  0.0000E+00  0.0000E+00  0.0000E+00  0.0000E+00  0.0000E+00  0.0000E+00  0.0000E+00  0.0000E+00  0.0000E+00  2.5683E-03  3.0991E-03  3.7391E-03  4.5105E-03  5.4408E-03  6.5602E-03  7.9092E-03  9.5317E-03  1.1483E-02  1.3829E-02  1.6646E-02  2.0023E-02  2.4070E-02  2.8913E-02  3.4697E-02  4.1594E-02  4.9807E-02  5.9567E-02  7.1150E-02  8.4886E-02  1.0119E-01  1.2058E-01  1.4380E-01  1.7193E-01  2.0656E-01  2.5000E-01  3.0498E-01  3.7308E-01  4.5107E-01  5.2859E-01  5.9497E-01  6.4321E-01  6.6706E-01  6.8026E-01  6.9519E-01  7.2111E-01
  0.0000E+00  0.0000E+00  0.0000E+00  0.0000E+00  0.0000E+00  0.0000E+00  0.0000E+00  0.0000E+00  0.0000E+00  0.0000E+00  0.0000E+00  0.0000E+00  0.0000E+00  0.0000E+00  0.0000E+00  0.0000E+00  0.0000E+00  0.0000E+00  0.0000E+00  0.0000E+00  0.0000E+00  0.0000E+00  0.0000E+00  0.0000E+00  0.0000E+00  0.0000E+00  0.0000E+00  0.0000E+00  0.0000E+00  0.0000E+00  0.0000E+00  0.0000E+00  0.0000E+00  0.0000E+00  0.0000E+00  3.0661E-03  3.6994E-03  4.4627E-03  5.3831E-03  6.4908E-03  7.8255E-03  9.4311E-03  1.1362E-02  1.3684E-02  1.6472E-02  1.9814E-02  2.3820E-02  2.8615E-02  3.4341E-02  4.1170E-02  4.9303E-02  5.8969E-02  7.0441E-02  8.4047E-02  1.0019E-01  1.1939E-01  1.4238E-01  1.7019E-01  2.0439E-01  2.4724E-01  3.0146E-01  3.6878E-01  4.4637E-01  5.2424E-01  5.9151E-01  6.4111E-01  6.6641E-01  6.7965E-01  6.9457E-01  7.1919E-01
  0.0000E+00  0.0000E+00  0.0000E+00  0.0000E+00  0.0000E+00  0.0000E+00  0.0000E+00  0.0000E+00  0.0000E+00  0.0000E+00  0.0000E+00  0.0000E+00  0.0000E+00  0.0000E+00  0.0000E+00  0.0000E+00  0.0000E+00  0.0000E+00  0.0000E+00  0.0000E+00  0.0000E+00  0.0000E+00  0.0000E+00  0.0000E+00  0.0000E+00  0.0000E+00  0.0000E+00  0.0000E+00  0.0000E+00  0.0000E+00  0.0000E+00  0.0000E+00  0.0000E+00  0.0000E+00  0.0000E+00  3.0334E-03  3.6600E-03  4.4152E-03  5.3259E-03  6.4219E-03  7.7426E-03  9.3313E-03  1.1242E-02  1.3539E-02  1.6299E-02  1.9607E-02  2.3572E-02  2.8318E-02  3.3988E-02  4.0749E-02  4.8803E-02  5.8375E-02  6.9738E-02  8.3213E-02  9.9202E-02  1.1822E-01  1.4096E-01  1.6846E-01  2.0225E-01  2.4452E-01  2.9799E-01  3.6452E-01  4.4167E-01  5.1984E-01  5.8797E-01  6.3890E-01  6.6571E-01  6.7905E-01  6.9399E-01  7.1733E-01
  0.0000E+00  0.0000E+00  0.0000E+00  0.0000E+00  0.0000E+00  0.0000E+00  0.0000E+00  0.0000E+00  0.0000E+00  0.0000E+00  0.0000E+00  0.0000E+00  0.0000E+00  0.0000E+00  0.0000E+00  0.0000E+00  0.0000E+00  0.0000E+00  0.0000E+00  0.0000E+00  0.0000E+00  0.0000E+00  0.0000E+00  0.0000E+00  0.0000E+00  0.0000E+00  0.0000E+00  0.0000E+00  0.0000E+00  0.0000E+00  0.0000E+00  0.0000E+00  0.0000E+00  0.0000E+00  0.0000E+00  3.0012E-03  3.6211E-03  4.3682E-03  5.2693E-03  6.3538E-03  7.6607E-03  9.2327E-03  1.1124E-02  1.3397E-02  1.6128E-02  1.9402E-02  2.3327E-02  2.8025E-02  3.3638E-02  4.0333E-02  4.8308E-02  5.7788E-02  6.9042E-02  8.2389E-02  9.8225E-02  1.1705E-01  1.3956E-01  1.6676E-01  2.0013E-01  2.4184E-01  2.9457E-01  3.6032E-01  4.3699E-01  5.1541E-01  5.8438E-01  6.3660E-01  6.6494E-01  6.7845E-01  6.9342E-01  7.1555E-01
  0.0000E+00  0.0000E+00  0.0000E+00  0.0000E+00  0.0000E+00  0.0000E+00  0.0000E+00  0.0000E+00  0.0000E+00  0.0000E+00  0.0000E+00  0.0000E+00  0.0000E+00  0.0000E+00  0.0000E+00  0.0000E+00  0.0000E+00  0.0000E+00  0.0000E+00  0.0000E+00  0.0000E+00  0.0000E+00  0.0000E+00  0.0000E+00  0.0000E+00  0.0000E+00  0.0000E+00  0.0000E+00  0.0000E+00  0.0000E+00  0.0000E+00  0.0000E+00  0.0000E+00  0.0000E+00  0.0000E+00  2.9692E-03  3.5826E-03  4.3220E-03  5.2135E-03  6.2865E-03  7.5796E-03  9.1353E-03  1.1007E-02  1.3256E-02  1.5960E-02  1.9200E-02  2.3085E-02  2.7736E-02  3.3292E-02  3.9921E-02  4.7818E-02  5.7207E-02  6.8353E-02  8.1574E-02  9.7258E-02  1.1590E-01  1.3818E-01  1.6508E-01  1.9805E-01  2.3920E-01  2.9121E-01  3.5616E-01  4.3234E-01  5.1096E-01  5.8073E-01  6.3420E-01  6.6411E-01  6.7788E-01  6.9284E-01  7.1384E-01
  0.0000E+00  0.0000E+00  0.0000E+00  0.0000E+00  0.0000E+00  0.0000E+00  0.0000E+00  0.0000E+00  0.0000E+00  0.0000E+00  0.0000E+00  0.0000E+00  0.0000E+00  0.0000E+00  0.0000E+00  0.0000E+00  0.0000E+00  0.0000E+00  0.0000E+00  0.0000E+00  0.0000E+00  0.0000E+00  0.0000E+00  0.0000E+00  0.0000E+00  0.0000E+00  0.0000E+00  0.0000E+00  0.0000E+00  0.0000E+00  0.0000E+00  0.0000E+00  0.0000E+00  0.0000E+00  0.0000E+00  2.9377E-03  3.5446E-03  4.2761E-03  5.1583E-03  6.2200E-03  7.4996E-03  9.0390E-03  1.0891E-02  1.3117E-02  1.5793E-02  1.9000E-02  2.2845E-02  2.7449E-02  3.2951E-02  3.9514E-02  4.7334E-02  5.6632E-02  6.7672E-02  8.0767E-02  9.6302E-02  1.1476E-01  1.3682E-01  1.6343E-01  1.9600E-01  2.3660E-01  2.8789E-01  3.5205E-01  4.2770E-01  5.0647E-01  5.7702E-01  6.3171E-01  6.6320E-01  6.7733E-01  6.9229E-01  7.1224E-01
  0.0000E+00  0.0000E+00  0.0000E+00  0.0000E+00  0.0000E+00  0.0000E+00  0.0000E+00  0.0000E+00  0.0000E+00  0.0000E+00  0.0000E+00  0.0000E+00  0.0000E+00  0.0000E+00  0.0000E+00  0.0000E+00  0.0000E+00  0.0000E+00  0.0000E+00  0.0000E+00  0.0000E+00  0.0000E+00  0.0000E+00  0.0000E+00  0.0000E+00  0.0000E+00  0.0000E+00  0.0000E+00  0.0000E+00  0.0000E+00  0.0000E+00  0.0000E+00  0.0000E+00  0.0000E+00  0.0000E+00  2.9064E-03  3.5068E-03  4.2306E-03  5.1035E-03  6.1540E-03  7.4201E-03  8.9434E-03  1.0776E-02  1.2979E-02  1.5627E-02  1.8801E-02  2.2608E-02  2.7165E-02  3.2611E-02  3.9109E-02  4.6853E-02  5.6061E-02  6.6995E-02  7.9965E-02  9.5352E-02  1.1363E-01  1.3547E-01  1.6178E-01  1.9396E-01  2.3403E-01  2.8462E-01  3.4797E-01  4.2306E-01  5.0194E-01  5.7324E-01  6.2911E-01  6.6220E-01  6.7679E-01  6.9171E-01  7.1073E-01
  0.0000E+00  0.0000E+00  0.0000E+00  0.0000E+00  0.0000E+00  0.0000E+00  0.0000E+00  0.0000E+00  0.0000E+00  0.0000E+00  0.0000E+00  0.0000E+00  0.0000E+00  0.0000E+00  0.0000E+00  0.0000E+00  0.0000E+00  0.0000E+00  0.0000E+00  0.0000E+00  0.0000E+00  0.0000E+00  0.0000E+00  0.0000E+00  0.0000E+00  0.0000E+00  0.0000E+00  0.0000E+00  0.0000E+00  0.0000E+00  0.0000E+00  0.0000E+00  0.0000E+00  0.0000E+00  0.0000E+00  2.8755E-03  3.4696E-03  4.1857E-03  5.0493E-03  6.0888E-03  7.3417E-03  8.8489E-03  1.0662E-02  1.2843E-02  1.5463E-02  1.8605E-02  2.2372E-02  2.6884E-02  3.2275E-02  3.8709E-02  4.6378E-02  5.5496E-02  6.6326E-02  7.9172E-02  9.4412E-02  1.1252E-01  1.3413E-01  1.6016E-01  1.9196E-01  2.3150E-01  2.8138E-01  3.4394E-01  4.1844E-01  4.9738E-01  5.6940E-01  6.2642E-01  6.6111E-01  6.7626E-01  6.9112E-01  7.0932E-01
  0.0000E+00  0.0000E+00  0.0000E+00  0.0000E+00  0.0000E+00  0.0000E+00  0.0000E+00  0.0000E+00  0.0000E+00  0.0000E+00  0.0000E+00  0.0000E+00  0.0000E+00  0.0000E+00  0.0000E+00  0.0000E+00  0.0000E+00  0.0000E+00  0.0000E+00  0.0000E+00  0.0000E+00  0.0000E+00  0.0000E+00  0.0000E+00  0.0000E+00  0.0000E+00  0.0000E+00  0.0000E+00  0.0000E+00  0.0000E+00  0.0000E+00  0.0000E+00  0.0000E+00  0.0000E+00  0.0000E+00  2.8449E-03  3.4326E-03  4.1411E-03  4.9956E-03  6.0241E-03  7.2638E-03  8.7552E-03  1.0550E-02  1.2707E-02  1.5301E-02  1.8410E-02  2.2139E-02  2.6605E-02  3.1942E-02  3.8312E-02  4.5905E-02  5.4936E-02  6.5661E-02  7.8385E-02  9.3479E-02  1.1141E-01  1.3280E-01  1.5855E-01  1.8997E-01  2.2899E-01  2.7819E-01  3.3995E-01  4.1383E-01  4.9279E-01  5.6549E-01  6.2364E-01  6.5993E-01  6.7574E-01  6.9052E-01  7.0801E-01
  0.0000E+00  0.0000E+00  0.0000E+00  0.0000E+00  0.0000E+00  0.0000E+00  0.0000E+00  0.0000E+00  0.0000E+00  0.0000E+00  0.0000E+00  0.0000E+00  0.0000E+00  0.0000E+00  0.0000E+00  0.0000E+00  0.0000E+00  0.0000E+00  0.0000E+00  0.0000E+00  0.0000E+00  0.0000E+00  0.0000E+00  0.0000E+00  0.0000E+00  0.0000E+00  0.0000E+00  0.0000E+00  0.0000E+00  0.0000E+00  0.0000E+00  0.0000E+00  0.0000E+00  0.0000E+00  0.0000E+00  2.8145E-03  3.3960E-03  4.0970E-03  4.9424E-03  5.9601E-03  7.1867E-03  8.6625E-03  1.0438E-02  1.2574E-02  1.5140E-02  1.8217E-02  2.1908E-02  2.6329E-02  3.1613E-02  3.7920E-02  4.5438E-02  5.4381E-02  6.5004E-02  7.7606E-02  9.2556E-02  1.1031E-01  1.3149E-01  1.5696E-01  1.8801E-01  2.2653E-01  2.7505E-01  3.3601E-01  4.0925E-01  4.8817E-01  5.6153E-01  6.2077E-01  6.5865E-01  6.7523E-01  6.8992E-01  7.0681E-01
  0.0000E+00  0.0000E+00  0.0000E+00  0.0000E+00  0.0000E+00  0.0000E+00  0.0000E+00  0.0000E+00  0.0000E+00  0.0000E+00  0.0000E+00  0.0000E+00  0.0000E+00  0.0000E+00  0.0000E+00  0.0000E+00  0.0000E+00  0.0000E+00  0.0000E+00  0.0000E+00  0.0000E+00  0.0000E+00  0.0000E+00  0.0000E+00  0.0000E+00  0.0000E+00  0.0000E+00  0.0000E+00  0.0000E+00  0.0000E+00  0.0000E+00  0.0000E+00  0.0000E+00  0.0000E+00  0.0000E+00  2.7845E-03  3.3598E-03  4.0534E-03  4.8900E-03  5.8969E-03  7.1106E-03  8.5709E-03  1.0328E-02  1.2441E-02  1.4981E-02  1.8027E-02  2.1680E-02  2.6056E-02  3.1287E-02  3.7531E-02  4.4976E-02  5.3832E-02  6.4353E-02  7.6835E-02  9.1642E-02  1.0923E-01  1.3019E-01  1.5539E-01  1.8608E-01  2.2410E-01  2.7194E-01  3.3211E-01  4.0469E-01  4.8353E-01  5.5751E-01  6.1781E-01  6.5728E-01  6.7472E-01  6.8930E-01  7.0572E-01
  0.0000E+00  0.0000E+00  0.0000E+00  0.0000E+00  0.0000E+00  0.0000E+00  0.0000E+00  0.0000E+00  0.0000E+00  0.0000E+00  0.0000E+00  0.0000E+00  0.0000E+00  0.0000E+00  0.0000E+00  0.0000E+00  0.0000E+00  0.0000E+00  0.0000E+00  0.0000E+00  0.0000E+00  0.0000E+00  0.0000E+00  0.0000E+00  0.0000E+00  0.0000E+00  0.0000E+00  0.0000E+00  0.0000E+00  0.0000E+00  0.0000E+00  0.0000E+00  0.0000E+00  0.0000E+00  0.0000E+00  2.7548E-03  3.3240E-03  4.0103E-03  4.8379E-03  5.8342E-03  7.0351E-03  8.4801E-03  1.0219E-02  1.2310E-02  1.4823E-02  1.7838E-02  2.1454E-02  2.5785E-02  3.0964E-02  3.7146E-02  4.4517E-02  5.3287E-02  6.3707E-02  7.6070E-02  9.0735E-02  1.0815E-01  1.2890E-01  1.5384E-01  1.8416E-01  2.2169E-01  2.6888E-01  3.2826E-01  4.0014E-01  4.7885E-01  5.5342E-01  6.1476E-01  6.5579E-01  6.7422E-01  6.8868E-01  7.0472E-01
  0.0000E+00  0.0000E+00  0.0000E+00  0.0000E+00  0.0000E+00  0.0000E+00  0.0000E+00  0.0000E+00  0.0000E+00  0.0000E+00  0.0000E+00  0.0000E+00  0.0000E+00  0.0000E+00  0.0000E+00  0.0000E+00  0.0000E+00  0.0000E+00  0.0000E+00  0.0000E+00  0.0000E+00  0.0000E+00  0.0000E+00  0.0000E+00  0.0000E+00  0.0000E+00  0.0000E+00  0.0000E+00  0.0000E+00  0.0000E+00  0.0000E+00  0.0000E+00  0.0000E+00  0.0000E+00  0.0000E+00  2.7255E-03  3.2886E-03  3.9675E-03  4.7864E-03  5.7722E-03  6.9604E-03  8.3903E-03  1.0111E-02  1.2180E-02  1.4667E-02  1.7651E-02  2.1230E-02  2.5517E-02  3.0644E-02  3.6764E-02  4.4063E-02  5.2748E-02  6.3068E-02  7.5313E-02  8.9838E-02  1.0708E-01  1.2763E-01  1.5230E-01  1.8228E-01  2.1933E-01  2.6587E-01  3.2445E-01  3.9564E-01  4.7417E-01  5.4929E-01  6.1164E-01  6.5421E-01  6.7370E-01  6.8805E-01  7.0382E-01
  0.0000E+00  0.0000E+00  0.0000E+00  0.0000E+00  0.0000E+00  0.0000E+00  0.0000E+00  0.0000E+00  0.0000E+00  0.0000E+00  0.0000E+00  0.0000E+00  0.0000E+00  0.0000E+00  0.0000E+00  0.0000E+00  0.0000E+00  0.0000E+00  0.0000E+00  0.0000E+00  0.0000E+00  0.0000E+00  0.0000E+00  0.0000E+00  0.0000E+00  0.0000E+00  0.0000E+00  0.0000E+00  0.0000E+00  0.0000E+00  0.0000E+00  0.0000E+00  0.0000E+00  0.0000E+00  0.0000E+00  2.6964E-03  3.2536E-03  3.9253E-03  4.7356E-03  5.7109E-03  6.8867E-03  8.3015E-03  1.0004E-02  1.2052E-02  1.4513E-02  1.7466E-02  2.1008E-02  2.5252E-02  3.0327E-02  3.6387E-02  4.3615E-02  5.2215E-02  6.2435E-02  7.4564E-02  8.8951E-02  1.0603E-01  1.2637E-01  1.5078E-01  1.8042E-01  2.1700E-01  2.6290E-01  3.2070E-01  3.9117E-01  4.6949E-01  5.4511E-01  6.0844E-01  6.5252E-01  6.7317E-01  6.8743E-01  7.0301E-01
  0.0000E+00  0.0000E+00  0.0000E+00  0.0000E+00  0.0000E+00  0.0000E+00  0.0000E+00  0.0000E+00  0.0000E+00  0.0000E+00  0.0000E+00  0.0000E+00  0.0000E+00  0.0000E+00  0.0000E+00  0.0000E+00  0.0000E+00  0.0000E+00  0.0000E+00  0.0000E+00  0.0000E+00  0.0000E+00  0.0000E+00  0.0000E+00  0.0000E+00  0.0000E+00  0.0000E+00  0.0000E+00  0.0000E+00  0.0000E+00  0.0000E+00  0.0000E+00  0.0000E+00  0.0000E+00  0.0000E+00  2.6676E-03  3.2189E-03  3.8835E-03  4.6851E-03  5.6502E-03  6.8135E-03  8.2134E-03  9.8980E-03  1.1924E-02  1.4361E-02  1.7283E-02  2.0789E-02  2.4990E-02  3.0014E-02  3.6012E-02  4.3169E-02  5.1686E-02  6.1808E-02  7.3820E-02  8.8071E-02  1.0499E-01  1.2513E-01  1.4928E-01  1.7858E-01  2.1469E-01  2.5997E-01  3.1699E-01  3.8673E-01  4.6478E-01  5.4086E-01  6.0515E-01  6.5072E-01  6.7262E-01  6.8681E-01  7.0228E-01
  0.0000E+00  0.0000E+00  0.0000E+00  0.0000E+00  0.0000E+00  0.0000E+00  0.0000E+00  0.0000E+00  0.0000E+00  0.0000E+00  0.0000E+00  0.0000E+00  0.0000E+00  0.0000E+00  0.0000E+00  0.0000E+00  0.0000E+00  0.0000E+00  0.0000E+00  0.0000E+00  0.0000E+00  0.0000E+00  0.0000E+00  0.0000E+00  0.0000E+00  0.0000E+00  0.0000E+00  0.0000E+00  0.0000E+00  0.0000E+00  0.0000E+00  0.0000E+00  0.0000E+00  0.0000E+00  0.0000E+00  2.6391E-03  3.1846E-03  3.8421E-03  4.6353E-03  5.5901E-03  6.7411E-03  8.1263E-03  9.7933E-03  1.1799E-02  1.4209E-02  1.7101E-02  2.0572E-02  2.4730E-02  2.9703E-02  3.5642E-02  4.2728E-02  5.1162E-02  6.1187E-02  7.3085E-02  8.7199E-02  1.0395E-01  1.2389E-01  1.4779E-01  1.7676E-01  2.1242E-01  2.5708E-01  3.1333E-01  3.8232E-01  4.6007E-01  5.3657E-01  6.0178E-01  6.4881E-01  6.7204E-01  6.8620E-01  7.0161E-01
  0.0000E+00  0.0000E+00  0.0000E+00  0.0000E+00  0.0000E+00  0.0000E+00  0.0000E+00  0.0000E+00  0.0000E+00  0.0000E+00  0.0000E+00  0.0000E+00  0.0000E+00  0.0000E+00  0.0000E+00  0.0000E+00  0.0000E+00  0.0000E+00  0.0000E+00  0.0000E+00  0.0000E+00  0.0000E+00  0.0000E+00  0.0000E+00  0.0000E+00  0.0000E+00  0.0000E+00  0.0000E+00  0.0000E+00  0.0000E+00  0.0000E+00  0.0000E+00  0.0000E+00  0.0000E+00  0.0000E+00  2.6109E-03  3.1505E-03  3.8010E-03  4.5858E-03  5.5305E-03  6.6693E-03  8.0400E-03  9.6894E-03  1.1674E-02  1.4059E-02  1.6921E-02  2.0356E-02  2.4472E-02  2.9395E-02  3.5275E-02  4.2291E-02  5.0642E-02  6.0570E-02  7.2354E-02  8.6334E-02  1.0293E-01  1.2267E-01  1.4632E-01  1.7496E-01  2.1018E-01  2.5423E-01  3.0971E-01  3.7793E-01  4.5533E-01  5.3221E-01  5.9833E-01  6.4678E-01  6.7142E-01  6.8560E-01  7.0100E-01
  0.0000E+00  0.0000E+00  0.0000E+00  0.0000E+00  0.0000E+00  0.0000E+00  0.0000E+00  0.0000E+00  0.0000E+00  0.0000E+00  0.0000E+00  0.0000E+00  0.0000E+00  0.0000E+00  0.0000E+00  0.0000E+00  0.0000E+00  0.0000E+00  0.0000E+00  0.0000E+00  0.0000E+00  0.0000E+00  0.0000E+00  0.0000E+00  0.0000E+00  0.0000E+00  0.0000E+00  0.0000E+00  0.0000E+00  0.0000E+00  0.0000E+00  0.0000E+00  0.0000E+00  0.0000E+00  0.0000E+00  2.5830E-03  3.1168E-03  3.7604E-03  4.5368E-03  5.4715E-03  6.5984E-03  7.9546E-03  9.5867E-03  1.1550E-02  1.3911E-02  1.6744E-02  2.0143E-02  2.4217E-02  2.9090E-02  3.4911E-02  4.1858E-02  5.0128E-02  5.9960E-02  7.1631E-02  8.5478E-02  1.0191E-01  1.2146E-01  1.4487E-01  1.7318E-01  2.0796E-01  2.5142E-01  3.0614E-01  3.7359E-01  4.5060E-01  5.2782E-01  5.9482E-01  6.4465E-01  6.7075E-01  6.8501E-01  7.0043E-01
  0.0000E+00  0.0000E+00  0.0000E+00  0.0000E+00  0.0000E+00  0.0000E+00  0.0000E+00  0.0000E+00  0.0000E+00  0.0000E+00  0.0000E+00  0.0000E+00  0.0000E+00  0.0000E+00  0.0000E+00  0.0000E+00  0.0000E+00  0.0000E+00  0.0000E+00  0.0000E+00  0.0000E+00  0.0000E+00  0.0000E+00  0.0000E+00  0.0000E+00  0.0000E+00  0.0000E+00  0.0000E+00  0.0000E+00  0.0000E+00  0.0000E+00  0.0000E+00  0.0000E+00  0.0000E+00  0.0000E+00  2.5554E-03  3.0835E-03  3.7203E-03  4.4885E-03  5.4133E-03  6.5283E-03  7.8702E-03  9.4852E-03  1.1428E-02  1.3765E-02  1.6568E-02  1.9932E-02  2.3965E-02  2.8789E-02  3.4552E-02  4.1430E-02  4.9619E-02  5.9357E-02  7.0917E-02  8.4632E-02  1.0091E-01  1.2027E-01  1.4343E-01  1.7143E-01  2.0579E-01  2.4866E-01  3.0263E-01  3.6930E-01  4.4588E-01  5.2338E-01  5.9123E-01  6.4241E-01  6.7004E-01  6.8446E-01  6.9991E-01
  0.0000E+00  0.0000E+00  0.0000E+00  0.0000E+00  0.0000E+00  0.0000E+00  0.0000E+00  0.0000E+00  0.0000E+00  0.0000E+00  0.0000E+00  0.0000E+00  0.0000E+00  0.0000E+00  0.0000E+00  0.0000E+00  0.0000E+00  0.0000E+00  0.0000E+00  0.0000E+00  0.0000E+00  0.0000E+00  0.0000E+00  0.0000E+00  0.0000E+00  0.0000E+00  0.0000E+00  0.0000E+00  0.0000E+00  0.0000E+00  0.0000E+00  0.0000E+00  0.0000E+00  0.0000E+00  0.0000E+00  0.0000E+00  3.0505E-03  3.6806E-03  4.4406E-03  5.3556E-03  6.4587E-03  7.7864E-03  9.3844E-03  1.1307E-02  1.3619E-02  1.6393E-02  1.9723E-02  2.3714E-02  2.8490E-02  3.4195E-02  4.1005E-02  4.9115E-02  5.8758E-02  7.0207E-02  8.3792E-02  9.9911E-02  1.1908E-01  1.4201E-01  1.6970E-01  2.0363E-01  2.4593E-01  2.9916E-01  3.6504E-01  4.4116E-01  5.1890E-01  5.8757E-01  6.4007E-01  6.6926E-01  6.8393E-01  6.9941E-01
  0.0000E+00  0.0000E+00  0.0000E+00  0.0000E+00  0.0000E+00  0.0000E+00  0.0000E+00  0.0000E+00  0.0000E+00  0.0000E+00  0.0000E+00  0.0000E+00  0.0000E+00  0.0000E+00  0.0000E+00  0.0000E+00  0.0000E+00  0.0000E+00  0.0000E+00  0.0000E+00  0.0000E+00  0.0000E+00  0.0000E+00  0.0000E+00  0.0000E+00  0.0000E+00  0.0000E+00  0.0000E+00  0.0000E+00  0.0000E+00  0.0000E+00  0.0000E+00  0.0000E+00  0.0000E+00  0.0000E+00  0.0000E+00  3.0178E-03  3.6411E-03  4.3930E-03  5.2983E-03  6.3897E-03  7.7034E-03  9.2846E-03  1.1187E-02  1.3475E-02  1.6220E-02  1.9516E-02  2.3466E-02  2.8193E-02  3.3841E-02  4.0584E-02  4.8614E-02  5.8163E-02  6.9503E-02  8.2958E-02  9.8923E-02  1.1791E-01  1.4060E-01  1.6798E-01  2.0151E-01  2.4324E-01  2.9574E-01  3.6083E-01  4.3645E-01  5.1438E-01  5.8384E-01  6.3761E-01  6.6841E-01  6.8340E-01  6.9892E-01
  0.0000E+00  0.0000E+00  0.0000E+00  0.0000E+00  0.0000E+00  0.0000E+00  0.0000E+00  0.0000E+00  0.0000E+00  0.0000E+00  0.0000E+00  0.0000E+00  0.0000E+00  0.0000E+00  0.0000E+00  0.0000E+00  0.0000E+00  0.0000E+00  0.0000E+00  0.0000E+00  0.0000E+00  0.0000E+00  0.0000E+00  0.0000E+00  0.0000E+00  0.0000E+00  0.0000E+00  0.0000E+00  0.0000E+00  0.0000E+00  0.0000E+00  0.0000E+00  0.0000E+00  0.0000E+00  0.0000E+00  0.0000E+00  2.9856E-03  3.6023E-03  4.3463E-03  5.2419E-03  6.3218E-03  7.6217E-03  9.1863E-03  1.1069E-02  1.3333E-02  1.6050E-02  1.9312E-02  2.3222E-02  2.7901E-02  3.3493E-02  4.0169E-02  4.8120E-02  5.7578E-02  6.8809E-02  8.2137E-02  9.7949E-02  1.1675E-01  1.3921E-01  1.6630E-01  1.9942E-01  2.4060E-01  2.9238E-01  3.5668E-01  4.3178E-01  5.0985E-01  5.8006E-01  6.3506E-01  6.6747E-01  6.8289E-01  6.9843E-01
  0.0000E+00  0.0000E+00  0.0000E+00  0.0000E+00  0.0000E+00  0.0000E+00  0.0000E+00  0.0000E+00  0.0000E+00  0.0000E+00  0.0000E+00  0.0000E+00  0.0000E+00  0.0000E+00  0.0000E+00  0.0000E+00  0.0000E+00  0.0000E+00  0.0000E+00  0.0000E+00  0.0000E+00  0.0000E+00  0.0000E+00  0.0000E+00  0.0000E+00  0.0000E+00  0.0000E+00  0.0000E+00  0.0000E+00  0.0000E+00  0.0000E+00  0.0000E+00  0.0000E+00  0.0000E+00  0.0000E+00  0.0000E+00  2.9536E-03  3.5637E-03  4.2997E-03  5.1858E-03  6.2543E-03  7.5403E-03  9.0884E-03  1.0951E-02  1.3192E-02  1.5880E-02  1.9108E-02  2.2978E-02  2.7610E-02  3.3146E-02  3.9755E-02  4.7629E-02  5.6994E-02  6.8118E-02  8.1318E-02  9.6980E-02  1.1560E-01  1.3783E-01  1.6462E-01  1.9735E-01  2.3799E-01  2.8905E-01  3.5255E-01  4.2710E-01  5.0526E-01  5.7619E-01  6.3240E-01  6.6644E-01  6.8240E-01  6.9794E-01
  0.0000E+00  0.0000E+00  0.0000E+00  0.0000E+00  0.0000E+00  0.0000E+00  0.0000E+00  0.0000E+00  0.0000E+00  0.0000E+00  0.0000E+00  0.0000E+00  0.0000E+00  0.0000E+00  0.0000E+00  0.0000E+00  0.0000E+00  0.0000E+00  0.0000E+00  0.0000E+00  0.0000E+00  0.0000E+00  0.0000E+00  0.0000E+00  0.0000E+00  0.0000E+00  0.0000E+00  0.0000E+00  0.0000E+00  0.0000E+00  0.0000E+00  0.0000E+00  0.0000E+00  0.0000E+00  0.0000E+00  0.0000E+00  2.9221E-03  3.5256E-03  4.2538E-03  5.1306E-03  6.1877E-03  7.4603E-03  8.9921E-03  1.0836E-02  1.3053E-02  1.5713E-02  1.8908E-02  2.2739E-02  2.7324E-02  3.2804E-02  3.9348E-02  4.7144E-02  5.6420E-02  6.7437E-02  8.0512E-02  9.6024E-02  1.1446E-01  1.3647E-01  1.6297E-01  1.9531E-01  2.3542E-01  2.8579E-01  3.4850E-01  4.2245E-01  5.0066E-01  5.7229E-01  6.2965E-01  6.6532E-01  6.8191E-01  6.9745E-01
  0.0000E+00  0.0000E+00  0.0000E+00  0.0000E+00  0.0000E+00  0.0000E+00  0.0000E+00  0.0000E+00  0.0000E+00  0.0000E+00  0.0000E+00  0.0000E+00  0.0000E+00  0.0000E+00  0.0000E+00  0.0000E+00  0.0000E+00  0.0000E+00  0.0000E+00  0.0000E+00  0.0000E+00  0.0000E+00  0.0000E+00  0.0000E+00  0.0000E+00  0.0000E+00  0.0000E+00  0.0000E+00  0.0000E+00  0.0000E+00  0.0000E+00  0.0000E+00  0.0000E+00  0.0000E+00  0.0000E+00  0.0000E+00  2.8908E-03  3.4879E-03  4.2083E-03  5.0758E-03  6.1217E-03  7.3809E-03  8.8965E-03  1.0721E-02  1.2915E-02  1.5548E-02  1.8710E-02  2.2501E-02  2.7039E-02  3.2464E-02  3.8944E-02  4.6664E-02  5.5849E-02  6.6761E-02  7.9711E-02  9.5076E-02  1.1333E-01  1.3512E-01  1.6134E-01  1.9330E-01  2.3289E-01  2.8256E-01  3.4448E-01  4.1783E-01  4.9603E-01  5.6831E-01  6.2680E-01  6.6410E-01  6.8143E-01  6.9694E-01
  0.0000E+00  0.0000E+00  0.0000E+00  0.0000E+00  0.0000E+00  0.0000E+00  0.0000E+00  0.0000E+00  0.0000E+00  0.0000E+00  0.0000E+00  0.0000E+00  0.0000E+00  0.0000E+00  0.0000E+00  0.0000E+00  0.0000E+00  0.0000E+00  0.0000E+00  0.0000E+00  0.0000E+00  0.0000E+00  0.0000E+00  0.0000E+00  0.0000E+00  0.0000E+00  0.0000E+00  0.0000E+00  0.0000E+00  0.0000E+00  0.0000E+00  0.0000E+00  0.0000E+00  0.0000E+00  0.0000E+00  0.0000E+00  2.8597E-03  3.4506E-03  4.1633E-03  5.0215E-03  6.0564E-03  7.3021E-03  8.8018E-03  1.0607E-02  1.2778E-02  1.5384E-02  1.8513E-02  2.2265E-02  2.6757E-02  3.2128E-02  3.8542E-02  4.6186E-02  5.5283E-02  6.6090E-02  7.8917E-02  9.4134E-02  1.1222E-01  1.3379E-01  1.5972E-01  1.9130E-01  2.3038E-01  2.7937E-01  3.4049E-01  4.1321E-01  4.9136E-01  5.6426E-01  6.2385E-01  6.6277E-01  6.8094E-01  6.9641E-01
  0.0000E+00  0.0000E+00  0.0000E+00  0.0000E+00  0.0000E+00  0.0000E+00  0.0000E+00  0.0000E+00  0.0000E+00  0.0000E+00  0.0000E+00  0.0000E+00  0.0000E+00  0.0000E+00  0.0000E+00  0.0000E+00  0.0000E+00  0.0000E+00  0.0000E+00  0.0000E+00  0.0000E+00  0.0000E+00  0.0000E+00  0.0000E+00  0.0000E+00  0.0000E+00  0.0000E+00  0.0000E+00  0.0000E+00  0.0000E+00  0.0000E+00  0.0000E+00  0.0000E+00  0.0000E+00  0.0000E+00  0.0000E+00  2.8291E-03  3.4136E-03  4.1188E-03  4.9679E-03  5.9917E-03  7.2243E-03  8.7082E-03  1.0494E-02  1.2642E-02  1.5221E-02  1.8318E-02  2.2032E-02  2.6479E-02  3.1795E-02  3.8145E-02  4.5715E-02  5.4723E-02  6.5426E-02  7.8131E-02  9.3204E-02  1.1111E-01  1.3247E-01  1.5813E-01  1.8934E-01  2.2792E-01  2.7624E-01  3.3657E-01  4.0863E-01  4.8668E-01  5.6017E-01  6.2081E-01  6.6134E-01  6.8045E-01  6.9588E-01
  0.0000E+00  0.0000E+00  0.0000E+00  0.0000E+00  0.0000E+00  0.0000E+00  0.0000E+00  0.0000E+00  0.0000E+00  0.0000E+00  0.0000E+00  0.0000E+00  0.0000E+00  0.0000E+00  0.0000E+00  0.0000E+00  0.0000E+00  0.0000E+00  0.0000E+00  0.0000E+00  0.0000E+00  0.0000E+00  0.0000E+00  0.0000E+00  0.0000E+00  0.0000E+00  0.0000E+00  0.0000E+00  0.0000E+00  0.0000E+00  0.0000E+00  0.0000E+00  0.0000E+00  0.0000E+00  0.0000E+00  0.0000E+00  2.7988E-03  3.3770E-03  4.0746E-03  4.9147E-03  5.9276E-03  7.1471E-03  8.6154E-03  1.0383E-02  1.2508E-02  1.5060E-02  1.8125E-02  2.1801E-02  2.6202E-02  3.1465E-02  3.7752E-02  4.5247E-02  5.4167E-02  6.4767E-02  7.7351E-02  9.2280E-02  1.1001E-01  1.3116E-01  1.5655E-01  1.8740E-01  2.2548E-01  2.7314E-01  3.3268E-01  4.0406E-01  4.8197E-01  5.5601E-01  6.1768E-01  6.5979E-01  6.7996E-01  6.9535E-01
  0.0000E+00  0.0000E+00  0.0000E+00  0.0000E+00  0.0000E+00  0.0000E+00  0.0000E+00  0.0000E+00  0.0000E+00  0.0000E+00  0.0000E+00  0.0000E+00  0.0000E+00  0.0000E+00  0.0000E+00  0.0000E+00  0.0000E+00  0.0000E+00  0.0000E+00  0.0000E+00  0.0000E+00  0.0000E+00  0.0000E+00  0.0000E+00  0.0000E+00  0.0000E+00  0.0000E+00  0.0000E+00  0.0000E+00  0.0000E+00  0.0000E+00  0.0000E+00  0.0000E+00  0.0000E+00  0.0000E+00  0.0000E+00  2.7687E-03  3.3408E-03  4.0310E-03  4.8621E-03  5.8643E-03  7.0710E-03  8.5236E-03  1.0272E-02  1.2376E-02  1.4901E-02  1.7934E-02  2.1572E-02  2.5929E-02  3.1139E-02  3.7363E-02  4.4784E-02  5.3618E-02  6.4116E-02  7.6580E-02  9.1367E-02  1.0893E-01  1.2986E-01  1.5499E-01  1.8548E-01  2.2308E-01  2.7010E-01  3.2885E-01  3.9954E-01  4.7727E-01  5.5180E-01  6.1446E-01  6.5814E-01  6.7945E-01  6.9482E-01
  0.0000E+00  0.0000E+00  0.0000E+00  0.0000E+00  0.0000E+00  0.0000E+00  0.0000E+00  0.0000E+00  0.0000E+00  0.0000E+00  0.0000E+00  0.0000E+00  0.0000E+00  0.0000E+00  0.0000E+00  0.0000E+00  0.0000E+00  0.0000E+00  0.0000E+00  0.0000E+00  0.0000E+00  0.0000E+00  0.0000E+00  0.0000E+00  0.0000E+00  0.0000E+00  0.0000E+00  0.0000E+00  0.0000E+00  0.0000E+00  0.0000E+00  0.0000E+00  0.0000E+00  0.0000E+00  0.0000E+00  0.0000E+00  2.7390E-03  3.3049E-03  3.9878E-03  4.8100E-03  5.8016E-03  6.9953E-03  8.4327E-03  1.0163E-02  1.2244E-02  1.4743E-02  1.7745E-02  2.1346E-02  2.5658E-02  3.0815E-02  3.6977E-02  4.4325E-02  5.3072E-02  6.3470E-02  7.5814E-02  9.0461E-02  1.0786E-01  1.2858E-01  1.5344E-01  1.8359E-01  2.2072E-01  2.6709E-01  3.2507E-01  3.9505E-01  4.7255E-01  5.4754E-01  6.1116E-01  6.5637E-01  6.7891E-01  6.9429E-01
  0.0000E+00  0.0000E+00  0.0000E+00  0.0000E+00  0.0000E+00  0.0000E+00  0.0000E+00  0.0000E+00  0.0000E+00  0.0000E+00  0.0000E+00  0.0000E+00  0.0000E+00  0.0000E+00  0.0000E+00  0.0000E+00  0.0000E+00  0.0000E+00  0.0000E+00  0.0000E+00  0.0000E+00  0.0000E+00  0.0000E+00  0.0000E+00  0.0000E+00  0.0000E+00  0.0000E+00  0.0000E+00  0.0000E+00  0.0000E+00  0.0000E+00  0.0000E+00  0.0000E+00  0.0000E+00  0.0000E+00  0.0000E+00  2.7096E-03  3.2695E-03  3.9451E-03  4.7586E-03  5.7396E-03  6.9207E-03  8.3429E-03  1.0055E-02  1.2115E-02  1.4588E-02  1.7558E-02  2.1122E-02  2.5390E-02  3.0495E-02  3.6596E-02  4.3871E-02  5.2534E-02  6.2831E-02  7.5058E-02  8.9565E-02  1.0679E-01  1.2732E-01  1.5192E-01  1.8173E-01  2.1839E-01  2.6414E-01  3.2136E-01  3.9061E-01  4.6784E-01  5.4325E-01  6.0779E-01  6.5448E-01  6.7834E-01  6.9375E-01
  0.0000E+00  0.0000E+00  0.0000E+00  0.0000E+00  0.0000E+00  0.0000E+00  0.0000E+00  0.0000E+00  0.0000E+00  0.0000E+00  0.0000E+00  0.0000E+00  0.0000E+00  0.0000E+00  0.0000E+00  0.0000E+00  0.0000E+00  0.0000E+00  0.0000E+00  0.0000E+00  0.0000E+00  0.0000E+00  0.0000E+00  0.0000E+00  0.0000E+00  0.0000E+00  0.0000E+00  0.0000E+00  0.0000E+00  0.0000E+00  0.0000E+00  0.0000E+00  0.0000E+00  0.0000E+00  0.0000E+00  0.0000E+00  2.6805E-03  3.2344E-03  3.9027E-03  4.7075E-03  5.6781E-03  6.8468E-03  8.2539E-03  9.9478E-03  1.1986E-02  1.4433E-02  1.7373E-02  2.0900E-02  2.5124E-02  3.0178E-02  3.6218E-02  4.3421E-02  5.1999E-02  6.2197E-02  7.4307E-02  8.8677E-02  1.0574E-01  1.2606E-01  1.5040E-01  1.7988E-01  2.1609E-01  2.6123E-01  3.1768E-01  3.8620E-01  4.6311E-01  5.3890E-01  6.0434E-01  6.5248E-01  6.7772E-01  6.9322E-01
  0.0000E+00  0.0000E+00  0.0000E+00  0.0000E+00  0.0000E+00  0.0000E+00  0.0000E+00  0.0000E+00  0.0000E+00  0.0000E+00  0.0000E+00  0.0000E+00  0.0000E+00  0.0000E+00  0.0000E+00  0.0000E+00  0.0000E+00  0.0000E+00  0.0000E+00  0.0000E+00  0.0000E+00  0.0000E+00  0.0000E+00  0.0000E+00  0.0000E+00  0.0000E+00  0.0000E+00  0.0000E+00  0.0000E+00  0.0000E+00  0.0000E+00  0.0000E+00  0.0000E+00  0.0000E+00  0.0000E+00  0.0000E+00  2.6517E-03  3.1997E-03  3.8609E-03  4.6572E-03  5.6174E-03  6.7736E-03  8.1659E-03  9.8420E-03  1.1859E-02  1.4280E-02  1.7189E-02  2.0680E-02  2.4862E-02  2.9864E-02  3.5844E-02  4.2976E-02  5.1470E-02  6.1570E-02  7.3565E-02  8.7798E-02  1.0470E-01  1.2482E-01  1.4891E-01  1.7806E-01  2.1382E-01  2.5836E-01  3.1405E-01  3.8183E-01  4.5839E-01  5.3451E-01  6.0081E-01  6.5037E-01  6.7705E-01  6.9269E-01
  0.0000E+00  0.0000E+00  0.0000E+00  0.0000E+00  0.0000E+00  0.0000E+00  0.0000E+00  0.0000E+00  0.0000E+00  0.0000E+00  0.0000E+00  0.0000E+00  0.0000E+00  0.0000E+00  0.0000E+00  0.0000E+00  0.0000E+00  0.0000E+00  0.0000E+00  0.0000E+00  0.0000E+00  0.0000E+00  0.0000E+00  0.0000E+00  0.0000E+00  0.0000E+00  0.0000E+00  0.0000E+00  0.0000E+00  0.0000E+00  0.0000E+00  0.0000E+00  0.0000E+00  0.0000E+00  0.0000E+00  0.0000E+00  2.6233E-03  3.1653E-03  3.8194E-03  4.6072E-03  5.5572E-03  6.7012E-03  8.0787E-03  9.7371E-03  1.1733E-02  1.4129E-02  1.7008E-02  2.0463E-02  2.4602E-02  2.9553E-02  3.5473E-02  4.2534E-02  5.0946E-02  6.0948E-02  7.2828E-02  8.6925E-02  1.0366E-01  1.2359E-01  1.4743E-01  1.7625E-01  2.1158E-01  2.5552E-01  3.1047E-01  3.7749E-01  4.5366E-01  5.3007E-01  5.9720E-01  6.4813E-01  6.7632E-01  6.9215E-01
  0.0000E+00  0.0000E+00  0.0000E+00  0.0000E+00  0.0000E+00  0.0000E+00  0.0000E+00  0.0000E+00  0.0000E+00  0.0000E+00  0.0000E+00  0.0000E+00  0.0000E+00  0.0000E+00  0.0000E+00  0.0000E+00  0.0000E+00  0.0000E+00  0.0000E+00  0.0000E+00  0.0000E+00  0.0000E+00  0.0000E+00  0.0000E+00  0.0000E+00  0.0000E+00  0.0000E+00  0.0000E+00  0.0000E+00  0.0000E+00  0.0000E+00  0.0000E+00  0.0000E+00  0.0000E+00  0.0000E+00  0.0000E+00  2.5951E-03  3.1314E-03  3.7785E-03  4.5579E-03  5.4978E-03  6.6296E-03  7.9926E-03  9.6335E-03  1.1608E-02  1.3979E-02  1.6828E-02  2.0248E-02  2.4344E-02  2.9246E-02  3.5106E-02  4.2098E-02  5.0427E-02  6.0333E-02  7.2099E-02  8.6063E-02  1.0264E-01  1.2237E-01  1.4597E-01  1.7448E-01  2.0937E-01  2.5273E-01  3.0694E-01  3.7320E-01  4.4894E-01  5.2559E-01  5.9352E-01  6.4578E-01  6.7551E-01  6.9163E-01
  0.0000E+00  0.0000E+00  0.0000E+00  0.0000E+00  0.0000E+00  0.0000E+00  0.0000E+00  0.0000E+00  0.0000E+00  0.0000E+00  0.0000E+00  0.0000E+00  0.0000E+00  0.0000E+00  0.0000E+00  0.0000E+00  0.0000E+00  0.0000E+00  0.0000E+00  0.0000E+00  0.0000E+00  0.0000E+00  0.0000E+00  0.0000E+00  0.0000E+00  0.0000E+00  0.0000E+00  0.0000E+00  0.0000E+00  0.0000E+00  0.0000E+00  0.0000E+00  0.0000E+00  0.0000E+00  0.0000E+00  0.0000E+00  2.5671E-03  3.0977E-03  3.7379E-03  4.5089E-03  5.4388E-03  6.5586E-03  7.9071E-03  9.5306E-03  1.1484E-02  1.3831E-02  1.6650E-02  2.0034E-02  2.4089E-02  2.8941E-02  3.4742E-02  4.1665E-02  4.9912E-02  5.9722E-02  7.1376E-02  8.5207E-02  1.0163E-01  1.2116E-01  1.4452E-01  1.7271E-01  2.0719E-01  2.4997E-01  3.0344E-01  3.6893E-01  4.4420E-01  5.2104E-01  5.8974E-01  6.4331E-01  6.7465E-01  6.9113E-01
  0.0000E+00  0.0000E+00  0.0000E+00  0.0000E+00  0.0000E+00  0.0000E+00  0.0000E+00  0.0000E+00  0.0000E+00  0.0000E+00  0.0000E+00  0.0000E+00  0.0000E+00  0.0000E+00  0.0000E+00  0.0000E+00  0.0000E+00  0.0000E+00  0.0000E+00  0.0000E+00  0.0000E+00  0.0000E+00  0.0000E+00  0.0000E+00  0.0000E+00  0.0000E+00  0.0000E+00  0.0000E+00  0.0000E+00  0.0000E+00  0.0000E+00  0.0000E+00  0.0000E+00  0.0000E+00  0.0000E+00  0.0000E+00  0.0000E+00  3.0644E-03  3.6977E-03  4.4605E-03  5.3805E-03  6.4884E-03  7.8226E-03  9.4290E-03  1.1362E-02  1.3684E-02  1.6474E-02  1.9823E-02  2.3836E-02  2.8639E-02  3.4382E-02  4.1236E-02  4.9403E-02  5.9118E-02  7.0661E-02  8.4360E-02  1.0062E-01  1.1997E-01  1.4309E-01  1.7098E-01  2.0504E-01  2.4726E-01  3.0001E-01  3.6471E-01  4.3948E-01  5.1647E-01  5.8591E-01  6.4074E-01  6.7370E-01  6.9066E-01
  0.0000E+00  0.0000E+00  0.0000E+00  0.0000E+00  0.0000E+00  0.0000E+00  0.0000E+00  0.0000E+00  0.0000E+00  0.0000E+00  0.0000E+00  0.0000E+00  0.0000E+00  0.0000E+00  0.0000E+00  0.0000E+00  0.0000E+00  0.0000E+00  0.0000E+00  0.0000E+00  0.0000E+00  0.0000E+00  0.0000E+00  0.0000E+00  0.0000E+00  0.0000E+00  0.0000E+00  0.0000E+00  0.0000E+00  0.0000E+00  0.0000E+00  0.0000E+00  0.0000E+00  0.0000E+00  0.0000E+00  0.0000E+00  0.0000E+00  3.0314E-03  3.6580E-03  4.4126E-03  5.3228E-03  6.4188E-03  7.7389E-03  9.3283E-03  1.1241E-02  1.3539E-02  1.6300E-02  1.9614E-02  2.3586E-02  2.8340E-02  3.4026E-02  4.0811E-02  4.8898E-02  5.8519E-02  6.9951E-02  8.3521E-02  9.9628E-02  1.1879E-01  1.4168E-01  1.6926E-01  2.0292E-01  2.4459E-01  2.9662E-01  3.6054E-01  4.3478E-01  5.1187E-01  5.8200E-01  6.3805E-01  6.7266E-01  6.9018E-01
  0.0000E+00  0.0000E+00  0.0000E+00  0.0000E+00  0.0000E+00  0.0000E+00  0.0000E+00  0.0000E+00  0.0000E+00  0.0000E+00  0.0000E+00  0.0000E+00  0.0000E+00  0.0000E+00  0.0000E+00  0.0000E+00  0.0000E+00  0.0000E+00  0.0000E+00  0.0000E+00  0.0000E+00  0.0000E+00  0.0000E+00  0.0000E+00  0.0000E+00  0.0000E+00  0.0000E+00  0.0000E+00  0.0000E+00  0.0000E+00  0.0000E+00  0.0000E+00  0.0000E+00  0.0000E+00  0.0000E+00  0.0000E+00  0.0000E+00  2.9987E-03  3.6186E-03  4.3651E-03  5.2656E-03  6.3500E-03  7.6560E-03  9.2286E-03  1.1121E-02  1.3395E-02  1.6127E-02  1.9407E-02  2.3338E-02  2.8044E-02  3.3672E-02  4.0390E-02  4.8397E-02  5.7925E-02  6.9248E-02  8.2688E-02  9.8642E-02  1.1762E-01  1.4028E-01  1.6756E-01  2.0082E-01  2.4195E-01  2.9328E-01  3.5642E-01  4.3011E-01  5.0724E-01  5.7805E-01  6.3526E-01  6.7152E-01  6.8971E-01
  0.0000E+00  0.0000E+00  0.0000E+00  0.0000E+00  0.0000E+00  0.0000E+00  0.0000E+00  0.0000E+00  0.0000E+00  0.0000E+00  0.0000E+00  0.0000E+00  0.0000E+00  0.0000E+00  0.0000E+00  0.0000E+00  0.0000E+00  0.0000E+00  0.0000E+00  0.0000E+00  0.0000E+00  0.0000E+00  0.0000E+00  0.0000E+00  0.0000E+00  0.0000E+00  0.0000E+00  0.0000E+00  0.0000E+00  0.0000E+00  0.0000E+00  0.0000E+00  0.0000E+00  0.0000E+00  0.0000E+00  0.0000E+00  0.0000E+00  2.9665E-03  3.5797E-03  4.3183E-03  5.2091E-03  6.2819E-03  7.5741E-03  9.1300E-03  1.1003E-02  1.3252E-02  1.5956E-02  1.9202E-02  2.3093E-02  2.7751E-02  3.3322E-02  3.9973E-02  4.7903E-02  5.7338E-02  6.8552E-02  8.1865E-02  9.7668E-02  1.1646E-01  1.3889E-01  1.6588E-01  1.9876E-01  2.3936E-01  2.8999E-01  3.5236E-01  4.2547E-01  5.0260E-01  5.7403E-01  6.3238E-01  6.7027E-01  6.8923E-01
  0.0000E+00  0.0000E+00  0.0000E+00  0.0000E+00  0.0000E+00  0.0000E+00  0.0000E+00  0.0000E+00  0.0000E+00  0.0000E+00  0.0000E+00  0.0000E+00  0.0000E+00  0.0000E+00  0.0000E+00  0.0000E+00  0.0000E+00  0.0000E+00  0.0000E+00  0.0000E+00  0.0000E+00  0.0000E+00  0.0000E+00  0.0000E+00  0.0000E+00  0.0000E+00  0.0000E+00  0.0000E+00  0.0000E+00  0.0000E+00  0.0000E+00  0.0000E+00  0.0000E+00  0.0000E+00  0.0000E+00  0.0000E+00  0.0000E+00  2.9345E-03  3.5411E-03  4.2717E-03  5.1530E-03  6.2145E-03  7.4929E-03  9.0323E-03  1.0885E-02  1.3111E-02  1.5787E-02  1.8999E-02  2.2850E-02  2.7460E-02  3.2976E-02  3.9560E-02  4.7411E-02  5.6755E-02  6.7862E-02  8.1048E-02  9.6700E-02  1.1531E-01  1.3752E-01  1.6423E-01  1.9671E-01  2.3680E-01  2.8675E-01  3.4833E-01  4.2083E-01  4.9792E-01  5.6994E-01  6.2938E-01  6.6892E-01  6.8877E-01
  0.0000E+00  0.0000E+00  0.0000E+00  0.0000E+00  0.0000E+00  0.0000E+00  0.0000E+00  0.0000E+00  0.0000E+00  0.0000E+00  0.0000E+00  0.0000E+00  0.0000E+00  0.0000E+00  0.0000E+00  0.0000E+00  0.0000E+00  0.0000E+00  0.0000E+00  0.0000E+00  0.0000E+00  0.0000E+00  0.0000E+00  0.0000E+00  0.0000E+00  0.0000E+00  0.0000E+00  0.0000E+00  0.0000E+00  0.0000E+00  0.0000E+00  0.0000E+00  0.0000E+00  0.0000E+00  0.0000E+00  0.0000E+00  0.0000E+00  2.9029E-03  3.5030E-03  4.2258E-03  5.0977E-03  6.1478E-03  7.4126E-03  8.9357E-03  1.0769E-02  1.2972E-02  1.5619E-02  1.8799E-02  2.2610E-02  2.7173E-02  3.2633E-02  3.9152E-02  4.6926E-02  5.6179E-02  6.7180E-02  8.0240E-02  9.5745E-02  1.1418E-01  1.3617E-01  1.6259E-01  1.9470E-01  2.3428E-01  2.8356E-01  3.4437E-01  4.1623E-01  4.9323E-01  5.6579E-01  6.2629E-01  6.6746E-01  6.8829E-01
  0.0000E+00  0.0000E+00  0.0000E+00  0.0000E+00  0.0000E+00  0.0000E+00  0.0000E+00  0.0000E+00  0.0000E+00  0.0000E+00  0.0000E+00  0.0000E+00  0.0000E+00  0.0000E+00  0.0000E+00  0.0000E+00  0.0000E+00  0.0000E+00  0.0000E+00  0.0000E+00  0.0000E+00  0.0000E+00  0.0000E+00  0.0000E+00  0.0000E+00  0.0000E+00  0.0000E+00  0.0000E+00  0.0000E+00  0.0000E+00  0.0000E+00  0.0000E+00  0.0000E+00  0.0000E+00  0.0000E+00  0.0000E+00  0.0000E+00  2.8715E-03  3.4652E-03  4.1803E-03  5.0428E-03  6.0817E-03  7.3331E-03  8.8400E-03  1.0654E-02  1.2834E-02  1.5454E-02  1.8600E-02  2.2372E-02  2.6888E-02  3.2293E-02  3.8747E-02  4.6444E-02  5.5608E-02  6.6503E-02  7.9439E-02  9.4797E-02  1.1305E-01  1.3483E-01  1.6097E-01  1.9272E-01  2.3180E-01  2.8042E-01  3.4045E-01  4.1166E-01  4.8852E-01  5.6160E-01  6.2311E-01  6.6589E-01  6.8781E-01
  0.0000E+00  0.0000E+00  0.0000E+00  0.0000E+00  0.0000E+00  0.0000E+00  0.0000E+00  0.0000E+00  0.0000E+00  0.0000E+00  0.0000E+00  0.0000E+00  0.0000E+00  0.0000E+00  0.0000E+00  0.0000E+00  0.0000E+00  0.0000E+00  0.0000E+00  0.0000E+00  0.0000E+00  0.0000E+00  0.0000E+00  0.0000E+00  0.0000E+00  0.0000E+00  0.0000E+00  0.0000E+00  0.0000E+00  0.0000E+00  0.0000E+00  0.0000E+00  0.0000E+00  0.0000E+00  0.0000E+00  0.0000E+00  0.0000E+00  2.8405E-03  3.4278E-03  4.1352E-03  4.9885E-03  6.0163E-03  7.2543E-03  8.7453E-03  1.0540E-02  1.2697E-02  1.5289E-02  1.8403E-02  2.2136E-02  2.6606E-02  3.1956E-02  3.8346E-02  4.5967E-02  5.5042E-02  6.5832E-02  7.8646E-02  9.3858E-02  1.1194E-01  1.3350E-01  1.5937E-01  1.9076E-01  2.2935E-01  2.7733E-01  3.3660E-01  4.0715E-01  4.8382E-01  5.5737E-01  6.1985E-01  6.6420E-01  6.8729E-01
  0.0000E+00  0.0000E+00  0.0000E+00  0.0000E+00  0.0000E+00  0.0000E+00  0.0000E+00  0.0000E+00  0.0000E+00  0.0000E+00  0.0000E+00  0.0000E+00  0.0000E+00  0.0000E+00  0.0000E+00  0.0000E+00  0.0000E+00  0.0000E+00  0.0000E+00  0.0000E+00  0.0000E+00  0.0000E+00  0.0000E+00  0.0000E+00  0.0000E+00  0.0000E+00  0.0000E+00  0.0000E+00  0.0000E+00  0.0000E+00  0.0000E+00  0.0000E+00  0.0000E+00  0.0000E+00  0.0000E+00  0.0000E+00  0.0000E+00  2.8099E-03  3.3908E-03  4.0907E-03  4.9349E-03  5.9516E-03  7.1765E-03  8.6516E-03  1.0428E-02  1.2561E-02  1.5127E-02  1.8208E-02  2.1902E-02  2.6327E-02  3.1623E-02  3.7949E-02  4.5496E-02  5.4482E-02  6.5169E-02  7.7861E-02  9.2929E-02  1.1084E-01  1.3219E-01  1.5779E-01  1.8883E-01  2.2695E-01  2.7429E-01  3.3280E-01  4.0267E-01  4.7912E-01  5.5308E-01  6.1651E-01  6.6239E-01  6.8675E-01
  0.0000E+00  0.0000E+00  0.0000E+00  0.0000E+00  0.0000E+00  0.0000E+00  0.0000E+00  0.0000E+00  0.0000E+00  0.0000E+00  0.0000E+00  0.0000E+00  0.0000E+00  0.0000E+00  0.0000E+00  0.0000E+00  0.0000E+00  0.0000E+00  0.0000E+00  0.0000E+00  0.0000E+00  0.0000E+00  0.0000E+00  0.0000E+00  0.0000E+00  0.0000E+00  0.0000E+00  0.0000E+00  0.0000E+00  0.0000E+00  0.0000E+00  0.0000E+00  0.0000E+00  0.0000E+00  0.0000E+00  0.0000E+00  0.0000E+00  2.7795E-03  3.3543E-03  4.0466E-03  4.8817E-03  5.8876E-03  7.0994E-03  8.5589E-03  1.0316E-02  1.2427E-02  1.4966E-02  1.8015E-02  2.1671E-02  2.6051E-02  3.1293E-02  3.7556E-02  4.5028E-02  5.3927E-02  6.4511E-02  7.7082E-02  9.2008E-02  1.0975E-01  1.3089E-01  1.5623E-01  1.8692E-01  2.2457E-01  2.7129E-01  3.2905E-01  3.9823E-01  4.7442E-01  5.4876E-01  6.1308E-01  6.6046E-01  6.8615E-01
  0.0000E+00  0.0000E+00  0.0000E+00  0.0000E+00  0.0000E+00  0.0000E+00  0.0000E+00  0.0000E+00  0.0000E+00  0.0000E+00  0.0000E+00  0.0000E+00  0.0000E+00  0.0000E+00  0.0000E+00  0.0000E+00  0.0000E+00  0.0000E+00  0.0000E+00  0.0000E+00  0.0000E+00  0.0000E+00  0.0000E+00  0.0000E+00  0.0000E+00  0.0000E+00  0.0000E+00  0.0000E+00  0.0000E+00  0.0000E+00  0.0000E+00  0.0000E+00  0.0000E+00  0.0000E+00  0.0000E+00  0.0000E+00  0.0000E+00  2.7495E-03  3.3180E-03  4.0029E-03  4.8291E-03  5.8243E-03  7.0231E-03  8.4670E-03  1.0206E-02  1.2295E-02  1.4807E-02  1.7824E-02  2.1442E-02  2.5777E-02  3.0967E-02  3.7166E-02  4.4564E-02  5.3376E-02  6.3858E-02  7.6309E-02  9.1093E-02  1.0866E-01  1.2959E-01  1.5467E-01  1.8502E-01  2.2221E-01  2.6831E-01  3.2533E-01  3.9379E-01  4.6968E-01  5.4437E-01  6.0955E-01  6.5838E-01  6.8546E-01
  0.0000E+00  0.0000E+00  0.0000E+00  0.0000E+00  0.0000E+00  0.0000E+00  0.0000E+00  0.0000E+00  0.0000E+00  0.0000E+00  0.0000E+00  0.0000E+00  0.0000E+00  0.0000E+00  0.0000E+00  0.0000E+00  0.0000E+00  0.0000E+00  0.0000E+00  0.0000E+00  0.0000E+00  0.0000E+00  0.0000E+00  0.0000E+00  0.0000E+00  0.0000E+00  0.0000E+00  0.0000E+00  0.0000E+00  0.0000E+00  0.0000E+00  0.0000E+00  0.0000E+00  0.0000E+00  0.0000E+00  0.0000E+00  0.0000E+00  2.7198E-03  3.2823E-03  3.9598E-03  4.7771E-03  5.7616E-03  6.9477E-03  8.3763E-03  1.0096E-02  1.2164E-02  1.4649E-02  1.7635E-02  2.1216E-02  2.5507E-02  3.0643E-02  3.6781E-02  4.4106E-02  5.2831E-02  6.3212E-02  7.5545E-02  9.0188E-02  1.0759E-01  1.2832E-01  1.5314E-01  1.8315E-01  2.1989E-01  2.6538E-01  3.2165E-01  3.8939E-01  4.6495E-01  5.3993E-01  6.0593E-01  6.5618E-01  6.8471E-01
  0.0000E+00  0.0000E+00  0.0000E+00  0.0000E+00  0.0000E+00  0.0000E+00  0.0000E+00  0.0000E+00  0.0000E+00  0.0000E+00  0.0000E+00  0.0000E+00  0.0000E+00  0.0000E+00  0.0000E+00  0.0000E+00  0.0000E+00  0.0000E+00  0.0000E+00  0.0000E+00  0.0000E+00  0.0000E+00  0.0000E+00  0.0000E+00  0.0000E+00  0.0000E+00  0.0000E+00  0.0000E+00  0.0000E+00  0.0000E+00  0.0000E+00  0.0000E+00  0.0000E+00  0.0000E+00  0.0000E+00  0.0000E+00  0.0000E+00  2.6904E-03  3.2468E-03  3.9170E-03  4.7255E-03  5.6995E-03  6.8729E-03  8.2863E-03  9.9882E-03  1.2033E-02  1.4493E-02  1.7448E-02  2.0992E-02  2.5238E-02  3.0323E-02  3.6399E-02  4.3651E-02  5.2291E-02  6.2572E-02  7.4786E-02  8.9290E-02  1.0653E-01  1.2705E-01  1.5162E-01  1.8129E-01  2.1758E-01  2.6248E-01  3.1800E-01  3.8500E-01  4.6018E-01  5.3541E-01  6.0221E-01  6.5385E-01  6.8390E-01
  0.0000E+00  0.0000E+00  0.0000E+00  0.0000E+00  0.0000E+00  0.0000E+00  0.0000E+00  0.0000E+00  0.0000E+00  0.0000E+00  0.0000E+00  0.0000E+00  0.0000E+00  0.0000E+00  0.0000E+00  0.0000E+00  0.0000E+00  0.0000E+00  0.0000E+00  0.0000E+00  0.0000E+00  0.0000E+00  0.0000E+00  0.0000E+00  0.0000E+00  0.0000E+00  0.0000E+00  0.0000E+00  0.0000E+00  0.0000E+00  0.0000E+00  0.0000E+00  0.0000E+00  0.0000E+00  0.0000E+00  0.0000E+00  0.0000E+00  2.6613E-03  3.2117E-03  3.8747E-03  4.6746E-03  5.6381E-03  6.7990E-03  8.1973E-03  9.8812E-03  1.1905E-02  1.4339E-02  1.7262E-02  2.0770E-02  2.4973E-02  3.0006E-02  3.6021E-02  4.3200E-02  5.1757E-02  6.1938E-02  7.4037E-02  8.8404E-02  1.0547E-01  1.2580E-01  1.5012E-01  1.7947E-01  2.1532E-01  2.5963E-01  3.1442E-01  3.8068E-01  4.5544E-01  5.3087E-01  5.9843E-01  6.5141E-01  6.8303E-01
  0.0000E+00  0.0000E+00  0.0000E+00  0.0000E+00  0.0000E+00  0.0000E+00  0.0000E+00  0.0000E+00  0.0000E+00  0.0000E+00  0.0000E+00  0.0000E+00  0.0000E+00  0.0000E+00  0.0000E+00  0.0000E+00  0.0000E+00  0.0000E+00  0.0000E+00  0.0000E+00  0.0000E+00  0.0000E+00  0.0000E+00  0.0000E+00  0.0000E+00  0.0000E+00  0.0000E+00  0.0000E+00  0.0000E+00  0.0000E+00  0.0000E+00  0.0000E+00  0.0000E+00  0.0000E+00  0.0000E+00  0.0000E+00  0.0000E+00  2.6324E-03  3.1768E-03  3.8326E-03  4.6239E-03  5.5771E-03  6.7255E-03  8.1089E-03  9.7748E-03  1.1777E-02  1.4185E-02  1.7078E-02  2.0549E-02  2.4709E-02  2.9690E-02  3.5645E-02  4.2753E-02  5.1225E-02  6.1308E-02  7.3291E-02  8.7521E-02  1.0443E-01  1.2456E-01  1.4863E-01  1.7766E-01  2.1309E-01  2.5682E-01  3.1088E-01  3.7639E-01  4.5069E-01  5.2628E-01  5.9456E-01  6.4884E-01  6.8209E-01
  0.0000E+00  0.0000E+00  0.0000E+00  0.0000E+00  0.0000E+00  0.0000E+00  0.0000E+00  0.0000E+00  0.0000E+00  0.0000E+00  0.0000E+00  0.0000E+00  0.0000E+00  0.0000E+00  0.0000E+00  0.0000E+00  0.0000E+00  0.0000E+00  0.0000E+00  0.0000E+00  0.0000E+00  0.0000E+00  0.0000E+00  0.0000E+00  0.0000E+00  0.0000E+00  0.0000E+00  0.0000E+00  0.0000E+00  0.0000E+00  0.0000E+00  0.0000E+00  0.0000E+00  0.0000E+00  0.0000E+00  0.0000E+00  0.0000E+00  2.6038E-03  3.1424E-03  3.7912E-03  4.5739E-03  5.5168E-03  6.6529E-03  8.0216E-03  9.6697E-03  1.1651E-02  1.4033E-02  1.6896E-02  2.0331E-02  2.4448E-02  2.9379E-02  3.5273E-02  4.2311E-02  5.0700E-02  6.0686E-02  7.2554E-02  8.6650E-02  1.0340E-01  1.2333E-01  1.4716E-01  1.7589E-01  2.1090E-01  2.5407E-01  3.0742E-01  3.7217E-01  4.4599E-01  5.2169E-01  5.9064E-01  6.4617E-01  6.8106E-01
  0.0000E+00  0.0000E+00  0.0000E+00  0.0000E+00  0.0000E+00  0.0000E+00  0.0000E+00  0.0000E+00  0.0000E+00  0.0000E+00  0.0000E+00  0.0000E+00  0.0000E+00  0.0000E+00  0.0000E+00  0.0000E+00  0.0000E+00  0.0000E+00  0.0000E+00  0.0000E+00  0.0000E+00  0.0000E+00  0.0000E+00  0.0000E+00  0.0000E+00  0.0000E+00  0.0000E+00  0.0000E+00  0.0000E+00  0.0000E+00  0.0000E+00  0.0000E+00  0.0000E+00  0.0000E+00  0.0000E+00  0.0000E+00  0.0000E+00  2.5757E-03  3.1084E-03  3.7501E-03  4.5245E-03  5.4574E-03  6.5813E-03  7.9354E-03  9.5661E-03  1.1526E-02  1.3884E-02  1.6717E-02  2.0116E-02  2.4191E-02  2.9071E-02  3.4907E-02  4.1874E-02  5.0181E-02  6.0071E-02  7.1826E-02  8.5789E-02  1.0238E-01  1.2212E-01  1.4572E-01  1.7413E-01  2.0874E-01  2.5136E-01  3.0401E-01  3.6801E-01  4.4132E-01  5.1709E-01  5.8667E-01  6.4340E-01  6.7992E-01
  0.0000E+00  0.0000E+00  0.0000E+00  0.0000E+00  0.0000E+00  0.0000E+00  0.0000E+00  0.0000E+00  0.0000E+00  0.0000E+00  0.0000E+00  0.0000E+00  0.0000E+00  0.0000E+00  0.0000E+00  0.0000E+00  0.0000E+00  0.0000E+00  0.0000E+00  0.0000E+00  0.0000E+00  0.0000E+00  0.0000E+00  0.0000E+00  0.0000E+00  0.0000E+00  0.0000E+00  0.0000E+00  0.0000E+00  0.0000E+00  0.0000E+00  0.0000E+00  0.0000E+00  0.0000E+00  0.0000E+00  0.0000E+00  0.0000E+00  2.5477E-03  3.0747E-03  3.7095E-03  4.4755E-03  5.3983E-03  6.5102E-03  7.8498E-03  9.4631E-03  1.1402E-02  1.3735E-02  1.6538E-02  1.9902E-02  2.3935E-02  2.8766E-02  3.4542E-02  4.1440E-02  4.9666E-02  5.9459E-02  7.1102E-02  8.4932E-02  1.0137E-01  1.2092E-01  1.4428E-01  1.7239E-01  2.0659E-01  2.4868E-01  3.0064E-01  3.6389E-01  4.3667E-01  5.1245E-01  5.8263E-01  6.4051E-01  6.7866E-01
  0.0000E+00  0.0000E+00  0.0000E+00  0.0000E+00  0.0000E+00  0.0000E+00  0.0000E+00  0.0000E+00  0.0000E+00  0.0000E+00  0.0000E+00  0.0000E+00  0.0000E+00  0.0000E+00  0.0000E+00  0.0000E+00  0.0000E+00  0.0000E+00  0.0000E+00  0.0000E+00  0.0000E+00  0.0000E+00  0.0000E+00  0.0000E+00  0.0000E+00  0.0000E+00  0.0000E+00  0.0000E+00  0.0000E+00  0.0000E+00  0.0000E+00  0.0000E+00  0.0000E+00  0.0000E+00  0.0000E+00  0.0000E+00  0.0000E+00  0.0000E+00  3.0414E-03  3.6694E-03  4.4272E-03  5.3401E-03  6.4401E-03  7.7654E-03  9.3615E-03  1.1280E-02  1.3589E-02  1.6362E-02  1.9691E-02  2.3682E-02  2.8464E-02  3.4182E-02  4.1011E-02  4.9156E-02  5.8854E-02  7.0386E-02  8.4085E-02  1.0036E-01  1.1973E-01  1.4286E-01  1.7067E-01  2.0448E-01  2.4604E-01  2.9733E-01  3.5983E-01  4.3205E-01  5.0781E-01  5.7855E-01  6.3751E-01  6.7728E-01
  0.0000E+00  0.0000E+00  0.0000E+00  0.0000E+00  0.0000E+00  0.0000E+00  0.0000E+00  0.0000E+00  0.0000E+00  0.0000E+00  0.0000E+00  0.0000E+00  0.0000E+00  0.0000E+00  0.0000E+00  0.0000E+00  0.0000E+00  0.0000E+00  0.0000E+00  0.0000E+00  0.0000E+00  0.0000E+00  0.0000E+00  0.0000E+00  0.0000E+00  0.0000E+00  0.0000E+00  0.0000E+00  0.0000E+00  0.0000E+00  0.0000E+00  0.0000E+00  0.0000E+00  0.0000E+00  0.0000E+00  0.0000E+00  0.0000E+00  0.0000E+00  3.0084E-03  3.6297E-03  4.3793E-03  5.2824E-03  6.3705E-03  7.6817E-03  9.2608E-03  1.1159E-02  1.3443E-02  1.6188E-02  1.9482E-02  2.3432E-02  2.8165E-02  3.3825E-02  4.0586E-02  4.8651E-02  5.8255E-02  6.9676E-02  8.3245E-02  9.9369E-02  1.1855E-01  1.4145E-01  1.6897E-01  2.0239E-01  2.4344E-01  2.9405E-01  3.5580E-01  4.2745E-01  5.0314E-01  5.7440E-01  6.3441E-01  6.7579E-01
  0.0000E+00  0.0000E+00  0.0000E+00  0.0000E+00  0.0000E+00  0.0000E+00  0.0000E+00  0.0000E+00  0.0000E+00  0.0000E+00  0.0000E+00  0.0000E+00  0.0000E+00  0.0000E+00  0.0000E+00  0.0000E+00  0.0000E+00  0.0000E+00  0.0000E+00  0.0000E+00  0.0000E+00  0.0000E+00  0.0000E+00  0.0000E+00  0.0000E+00  0.0000E+00  0.0000E+00  0.0000E+00  0.0000E+00  0.0000E+00  0.0000E+00  0.0000E+00  0.0000E+00  0.0000E+00  0.0000E+00  0.0000E+00  0.0000E+00  0.0000E+00  2.9759E-03  3.5905E-03  4.3320E-03  5.2254E-03  6.3020E-03  7.5992E-03  9.1615E-03  1.1040E-02  1.3300E-02  1.6016E-02  1.9276E-02  2.3185E-02  2.7870E-02  3.3473E-02  4.0167E-02  4.8152E-02  5.7663E-02  6.8974E-02  8.2415E-02  9.8386E-02  1.1738E-01  1.4005E-01  1.6729E-01  2.0034E-01  2.4087E-01  2.9083E-01  3.5184E-01  4.2290E-01  4.9849E-01  5.7022E-01  6.3122E-01  6.7416E-01
  0.0000E+00  0.0000E+00  0.0000E+00  0.0000E+00  0.0000E+00  0.0000E+00  0.0000E+00  0.0000E+00  0.0000E+00  0.0000E+00  0.0000E+00  0.0000E+00  0.0000E+00  0.0000E+00  0.0000E+00  0.0000E+00  0.0000E+00  0.0000E+00  0.0000E+00  0.0000E+00  0.0000E+00  0.0000E+00  0.0000E+00  0.0000E+00  0.0000E+00  0.0000E+00  0.0000E+00  0.0000E+00  0.0000E+00  0.0000E+00  0.0000E+00  0.0000E+00  0.0000E+00  0.0000E+00  0.0000E+00  0.0000E+00  0.0000E+00  0.0000E+00  2.9436E-03  3.5516E-03  4.2851E-03  5.1689E-03  6.2339E-03  7.5172E-03  9.0629E-03  1.0921E-02  1.3157E-02  1.5845E-02  1.9071E-02  2.2940E-02  2.7576E-02  3.3122E-02  3.9749E-02  4.7655E-02  5.7074E-02  6.8276E-02  8.1589E-02  9.7407E-02  1.1622E-01  1.3867E-01  1.6562E-01  1.9829E-01  2.3832E-01  2.8763E-01  3.4789E-01  4.1833E-01  4.9377E-01  5.6594E-01  6.2791E-01  6.7240E-01
  0.0000E+00  0.0000E+00  0.0000E+00  0.0000E+00  0.0000E+00  0.0000E+00  0.0000E+00  0.0000E+00  0.0000E+00  0.0000E+00  0.0000E+00  0.0000E+00  0.0000E+00  0.0000E+00  0.0000E+00  0.0000E+00  0.0000E+00  0.0000E+00  0.0000E+00  0.0000E+00  0.0000E+00  0.0000E+00  0.0000E+00  0.0000E+00  0.0000E+00  0.0000E+00  0.0000E+00  0.0000E+00  0.0000E+00  0.0000E+00  0.0000E+00  0.0000E+00  0.0000E+00  0.0000E+00  0.0000E+00  0.0000E+00  0.0000E+00  0.0000E+00  2.9118E-03  3.5132E-03  4.2388E-03  5.1131E-03  6.1667E-03  7.4363E-03  8.9656E-03  1.0804E-02  1.3017E-02  1.5676E-02  1.8869E-02  2.2697E-02  2.7286E-02  3.2776E-02  3.9337E-02  4.7165E-02  5.6491E-02  6.7586E-02  8.0771E-02  9.6440E-02  1.1507E-01  1.3730E-01  1.6397E-01  1.9627E-01  2.3580E-01  2.8447E-01  3.4399E-01  4.1380E-01  4.8906E-01  5.6163E-01  6.2451E-01  6.7052E-01
  0.0000E+00  0.0000E+00  0.0000E+00  0.0000E+00  0.0000E+00  0.0000E+00  0.0000E+00  0.0000E+00  0.0000E+00  0.0000E+00  0.0000E+00  0.0000E+00  0.0000E+00  0.0000E+00  0.0000E+00  0.0000E+00  0.0000E+00  0.0000E+00  0.0000E+00  0.0000E+00  0.0000E+00  0.0000E+00  0.0000E+00  0.0000E+00  0.0000E+00  0.0000E+00  0.0000E+00  0.0000E+00  0.0000E+00  0.0000E+00  0.0000E+00  0.0000E+00  0.0000E+00  0.0000E+00  0.0000E+00  0.0000E+00  0.0000E+00  0.0000E+00  2.8802E-03  3.4751E-03  4.1929E-03  5.0578E-03  6.1001E-03  7.3561E-03  8.8690E-03  1.0688E-02  1.2877E-02  1.5509E-02  1.8668E-02  2.2457E-02  2.6999E-02  3.2433E-02  3.8928E-02  4.6678E-02  5.5914E-02  6.6901E-02  7.9960E-02  9.5478E-02  1.1393E-01  1.3593E-01  1.6232E-01  1.9425E-01  2.3330E-01  2.8133E-01  3.4009E-01  4.0924E-01  4.8428E-01  5.5721E-01  6.2097E-01  6.6848E-01
  0.0000E+00  0.0000E+00  0.0000E+00  0.0000E+00  0.0000E+00  0.0000E+00  0.0000E+00  0.0000E+00  0.0000E+00  0.0000E+00  0.0000E+00  0.0000E+00  0.0000E+00  0.0000E+00  0.0000E+00  0.0000E+00  0.0000E+00  0.0000E+00  0.0000E+00  0.0000E+00  0.0000E+00  0.0000E+00  0.0000E+00  0.0000E+00  0.0000E+00  0.0000E+00  0.0000E+00  0.0000E+00  0.0000E+00  0.0000E+00  0.0000E+00  0.0000E+00  0.0000E+00  0.0000E+00  0.0000E+00  0.0000E+00  0.0000E+00  0.0000E+00  2.8490E-03  3.4375E-03  4.1476E-03  5.0032E-03  6.0344E-03  7.2769E-03  8.7737E-03  1.0574E-02  1.2740E-02  1.5343E-02  1.8470E-02  2.2219E-02  2.6715E-02  3.2094E-02  3.8524E-02  4.6197E-02  5.5342E-02  6.6224E-02  7.9158E-02  9.4528E-02  1.1280E-01  1.3459E-01  1.6070E-01  1.9227E-01  2.3083E-01  2.7823E-01  3.3624E-01  4.0472E-01  4.7949E-01  5.5275E-01  6.1735E-01  6.6631E-01
  0.0000E+00  0.0000E+00  0.0000E+00  0.0000E+00  0.0000E+00  0.0000E+00  0.0000E+00  0.0000E+00  0.0000E+00  0.0000E+00  0.0000E+00  0.0000E+00  0.0000E+00  0.0000E+00  0.0000E+00  0.0000E+00  0.0000E+00  0.0000E+00  0.0000E+00  0.0000E+00  0.0000E+00  0.0000E+00  0.0000E+00  0.0000E+00  0.0000E+00  0.0000E+00  0.0000E+00  0.0000E+00  0.0000E+00  0.0000E+00  0.0000E+00  0.0000E+00  0.0000E+00  0.0000E+00  0.0000E+00  0.0000E+00  0.0000E+00  0.0000E+00  2.8180E-03  3.4000E-03  4.1025E-03  4.9488E-03  5.9689E-03  7.1981E-03  8.6788E-03  1.0460E-02  1.2603E-02  1.5179E-02  1.8272E-02  2.1983E-02  2.6432E-02  3.1757E-02  3.8121E-02  4.5718E-02  5.4774E-02  6.5549E-02  7.8359E-02  9.3582E-02  1.1168E-01  1.3325E-01  1.5909E-01  1.9030E-01  2.2838E-01  2.7514E-01  3.3240E-01  4.0017E-01  4.7463E-01  5.4817E-01  6.1359E-01  6.6400E-01
  0.0000E+00  0.0000E+00  0.0000E+00  0.0000E+00  0.0000E+00  0.0000E+00  0.0000E+00  0.0000E+00  0.0000E+00  0.0000E+00  0.0000E+00  0.0000E+00  0.0000E+00  0.0000E+00  0.0000E+00  0.0000E+00  0.0000E+00  0.0000E+00  0.0000E+00  0.0000E+00  0.0000E+00  0.0000E+00  0.0000E+00  0.0000E+00  0.0000E+00  0.0000E+00  0.0000E+00  0.0000E+00  0.0000E+00  0.0000E+00  0.0000E+00  0.0000E+00  0.0000E+00  0.0000E+00  0.0000E+00  0.0000E+00  0.0000E+00  0.0000E+00  2.7873E-03  3.3630E-03  4.0578E-03  4.8951E-03  5.9041E-03  7.1201E-03  8.5850E-03  1.0347E-02  1.2467E-02  1.5016E-02  1.8077E-02  2.1749E-02  2.6153E-02  3.1423E-02  3.7723E-02  4.5245E-02  5.4211E-02  6.4883E-02  7.7570E-02  9.2647E-02  1.1057E-01  1.3193E-01  1.5750E-01  1.8835E-01  2.2597E-01  2.7211E-01  3.2862E-01  3.9567E-01  4.6976E-01  5.4353E-01  6.0973E-01  6.6155E-01
  0.0000E+00  0.0000E+00  0.0000E+00  0.0000E+00  0.0000E+00  0.0000E+00  0.0000E+00  0.0000E+00  0.0000E+00  0.0000E+00  0.0000E+00  0.0000E+00  0.0000E+00  0.0000E+00  0.0000E+00  0.0000E+00  0.0000E+00  0.0000E+00  0.0000E+00  0.0000E+00  0.0000E+00  0.0000E+00  0.0000E+00  0.0000E+00  0.0000E+00  0.0000E+00  0.0000E+00  0.0000E+00  0.0000E+00  0.0000E+00  0.0000E+00  0.0000E+00  0.0000E+00  0.0000E+00  0.0000E+00  0.0000E+00  0.0000E+00  0.0000E+00  2.7569E-03  3.3264E-03  4.0136E-03  4.8418E-03  5.8399E-03  7.0428E-03  8.4920E-03  1.0235E-02  1.2333E-02  1.4855E-02  1.7884E-02  2.1518E-02  2.5875E-02  3.1092E-02  3.7329E-02  4.4775E-02  5.3654E-02  6.4222E-02  7.6787E-02  9.1720E-02  1.0947E-01  1.3062E-01  1.5592E-01  1.8644E-01  2.2359E-01  2.6912E-01  3.2488E-01  3.9119E-01  4.6488E-01  5.3884E-01  6.0577E-01  6.5897E-01
  0.0000E+00  0.0000E+00  0.0000E+00  0.0000E+00  0.0000E+00  0.0000E+00  0.0000E+00  0.0000E+00  0.0000E+00  0.0000E+00  0.0000E+00  0.0000E+00  0.0000E+00  0.0000E+00  0.0000E+00  0.0000E+00  0.0000E+00  0.0000E+00  0.0000E+00  0.0000E+00  0.0000E+00  0.0000E+00  0.0000E+00  0.0000E+00  0.0000E+00  0.0000E+00  0.0000E+00  0.0000E+00  0.0000E+00  0.0000E+00  0.0000E+00  0.0000E+00  0.0000E+00  0.0000E+00  0.0000E+00  0.0000E+00  0.0000E+00  0.0000E+00  2.7267E-03  3.2900E-03  3.9698E-03  4.7890E-03  5.7763E-03  6.9662E-03  8.3999E-03  1.0124E-02  1.2199E-02  1.4695E-02  1.7692E-02  2.1288E-02  2.5600E-02  3.0763E-02  3.6937E-02  4.4309E-02  5.3101E-02  6.3566E-02  7.6011E-02  9.0802E-02  1.0838E-01  1.2932E-01  1.5437E-01  1.8455E-01  2.2125E-01  2.6618E-01  3.2120E-01  3.8676E-01  4.6002E-01  5.3411E-01  6.0173E-01  6.5626E-01
  0.0000E+00  0.0000E+00  0.0000E+00  0.0000E+00  0.0000E+00  0.0000E+00  0.0000E+00  0.0000E+00  0.0000E+00  0.0000E+00  0.0000E+00  0.0000E+00  0.0000E+00  0.0000E+00  0.0000E+00  0.0000E+00  0.0000E+00  0.0000E+00  0.0000E+00  0.0000E+00  0.0000E+00  0.0000E+00  0.0000E+00  0.0000E+00  0.0000E+00  0.0000E+00  0.0000E+00  0.0000E+00  0.0000E+00  0.0000E+00  0.0000E+00  0.0000E+00  0.0000E+00  0.0000E+00  0.0000E+00  0.0000E+00  0.0000E+00  0.0000E+00  2.6969E-03  3.2540E-03  3.9264E-03  4.7367E-03  5.7133E-03  6.8904E-03  8.3086E-03  1.0014E-02  1.2067E-02  1.4536E-02  1.7502E-02  2.1060E-02  2.5328E-02  3.0438E-02  3.6550E-02  4.3848E-02  5.2553E-02  6.2917E-02  7.5242E-02  8.9892E-02  1.0731E-01  1.2804E-01  1.5283E-01  1.8268E-01  2.1894E-01  2.6328E-01  3.1757E-01  3.8239E-01  4.5517E-01  5.2934E-01  5.9761E-01  6.5342E-01
  0.0000E+00  0.0000E+00  0.0000E+00  0.0000E+00  0.0000E+00  0.0000E+00  0.0000E+00  0.0000E+00  0.0000E+00  0.0000E+00  0.0000E+00  0.0000E+00  0.0000E+00  0.0000E+00  0.0000E+00  0.0000E+00  0.0000E+00  0.0000E+00  0.0000E+00  0.0000E+00  0.0000E+00  0.0000E+00  0.0000E+00  0.0000E+00  0.0000E+00  0.0000E+00  0.0000E+00  0.0000E+00  0.0000E+00  0.0000E+00  0.0000E+00  0.0000E+00  0.0000E+00  0.0000E+00  0.0000E+00  0.0000E+00  0.0000E+00  0.0000E+00  2.6674E-03  3.2185E-03  3.8836E-03  4.6850E-03  5.6511E-03  6.8155E-03  8.2184E-03  9.9059E-03  1.1937E-02  1.4380E-02  1.7314E-02  2.0835E-02  2.5059E-02  3.0117E-02  3.6167E-02  4.3392E-02  5.2011E-02  6.2275E-02  7.4482E-02  8.8993E-02  1.0624E-01  1.2677E-01  1.5131E-01  1.8083E-01  2.1666E-01  2.6043E-01  3.1400E-01  3.7805E-01  4.5033E-01  5.2454E-01  5.9341E-01  6.5045E-01
  0.0000E+00  0.0000E+00  0.0000E+00  0.0000E+00  0.0000E+00  0.0000E+00  0.0000E+00  0.0000E+00  0.0000E+00  0.0000E+00  0.0000E+00  0.0000E+00  0.0000E+00  0.0000E+00  0.0000E+00  0.0000E+00  0.0000E+00  0.0000E+00  0.0000E+00  0.0000E+00  0.0000E+00  0.0000E+00  0.0000E+00  0.0000E+00  0.0000E+00  0.0000E+00  0.0000E+00  0.0000E+00  0.0000E+00  0.0000E+00  0.0000E+00  0.0000E+00  0.0000E+00  0.0000E+00  0.0000E+00  0.0000E+00  0.0000E+00  0.0000E+00  2.6381E-03  3.1832E-03  3.8411E-03  4.6338E-03  5.5894E-03  6.7411E-03  8.1289E-03  9.7983E-03  1.1808E-02  1.4225E-02  1.7128E-02  2.0612E-02  2.4792E-02  2.9798E-02  3.5786E-02  4.2939E-02  5.1473E-02  6.1636E-02  7.3726E-02  8.8098E-02  1.0518E-01  1.2551E-01  1.4980E-01  1.7900E-01  2.1440E-01  2.5761E-01  3.1045E-01  3.7374E-01  4.4548E-01  5.1969E-01  5.8912E-01  6.4732E-01
  0.0000E+00  0.0000E+00  0.0000E+00  0.0000E+00  0.0000E+00  0.0000E+00  0.0000E+00  0.0000E+00  0.0000E+00  0.0000E+00  0.0000E+00  0.0000E+00  0.0000E+00  0.0000E+00  0.0000E+00  0.0000E+00  0.0000E+00  0.0000E+00  0.0000E+00  0.0000E+00  0.0000E+00  0.0000E+00  0.0000E+00  0.0000E+00  0.0000E+00  0.0000E+00  0.0000E+00  0.0000E+00  0.0000E+00  0.0000E+00  0.0000E+00  0.0000E+00  0.0000E+00  0.0000E+00  0.0000E+00  0.0000E+00  0.0000E+00  0.0000E+00  2.6091E-03  3.1483E-03  3.7989E-03  4.5831E-03  5.5282E-03  6.6675E-03  8.0403E-03  9.6917E-03  1.1680E-02  1.4071E-02  1.6943E-02  2.0391E-02  2.4528E-02  2.9482E-02  3.5409E-02  4.2491E-02  5.0940E-02  6.1004E-02  7.2978E-02  8.7213E-02  1.0413E-01  1.2427E-01  1.4831E-01  1.7719E-01  2.1217E-01  2.5481E-01  3.0694E-01  3.6945E-01  4.4061E-01  5.1475E-01  5.8470E-01  6.4404E-01
  0.0000E+00  0.0000E+00  0.0000E+00  0.0000E+00  0.0000E+00  0.0000E+00  0.0000E+00  0.0000E+00  0.0000E+00  0.0000E+00  0.0000E+00  0.0000E+00  0.0000E+00  0.0000E+00  0.0000E+00  0.0000E+00  0.0000E+00  0.0000E+00  0.0000E+00  0.0000E+00  0.0000E+00  0.0000E+00  0.0000E+00  0.0000E+00  0.0000E+00  0.0000E+00  0.0000E+00  0.0000E+00  0.0000E+00  0.0000E+00  0.0000E+00  0.0000E+00  0.0000E+00  0.0000E+00  0.0000E+00  0.0000E+00  0.0000E+00  0.0000E+00  2.5804E-03  3.1137E-03  3.7572E-03  4.5328E-03  5.4677E-03  6.5946E-03  7.9525E-03  9.5862E-03  1.1553E-02  1.3918E-02  1.6761E-02  2.0172E-02  2.4266E-02  2.9169E-02  3.5036E-02  4.2046E-02  5.0411E-02  6.0378E-02  7.2236E-02  8.6334E-02  1.0309E-01  1.2303E-01  1.4683E-01  1.7540E-01  2.0996E-01  2.5204E-01  3.0346E-01  3.6519E-01  4.3574E-01  5.0977E-01  5.8020E-01  6.4062E-01
  0.0000E+00  0.0000E+00  0.0000E+00  0.0000E+00  0.0000E+00  0.0000E+00  0.0000E+00  0.0000E+00  0.0000E+00  0.0000E+00  0.0000E+00  0.0000E+00  0.0000E+00  0.0000E+00  0.0000E+00  0.0000E+00  0.0000E+00  0.0000E+00  0.0000E+00  0.0000E+00  0.0000E+00  0.0000E+00  0.0000E+00  0.0000E+00  0.0000E+00  0.0000E+00  0.0000E+00  0.0000E+00  0.0000E+00  0.0000E+00  0.0000E+00  0.0000E+00  0.0000E+00  0.0000E+00  0.0000E+00  0.0000E+00  0.0000E+00  0.0000E+00  2.5520E-03  3.0794E-03  3.7159E-03  4.4830E-03  5.4077E-03  6.5223E-03  7.8656E-03  9.4816E-03  1.1427E-02  1.3767E-02  1.6579E-02  1.9955E-02  2.4006E-02  2.8858E-02  3.4666E-02  4.1605E-02  4.9888E-02  5.9757E-02  7.1500E-02  8.5464E-02  1.0206E-01  1.2180E-01  1.4536E-01  1.7362E-01  2.0778E-01  2.4932E-01  3.0003E-01  3.6096E-01  4.3087E-01  5.0474E-01  5.7560E-01  6.3706E-01
  0.0000E+00  0.0000E+00  0.0000E+00  0.0000E+00  0.0000E+00  0.0000E+00  0.0000E+00  0.0000E+00  0.0000E+00  0.0000E+00  0.0000E+00  0.0000E+00  0.0000E+00  0.0000E+00  0.0000E+00  0.0000E+00  0.0000E+00  0.0000E+00  0.0000E+00  0.0000E+00  0.0000E+00  0.0000E+00  0.0000E+00  0.0000E+00  0.0000E+00  0.0000E+00  0.0000E+00  0.0000E+00  0.0000E+00  0.0000E+00  0.0000E+00  0.0000E+00  0.0000E+00  0.0000E+00  0.0000E+00  0.0000E+00  0.0000E+00  0.0000E+00  2.5238E-03  3.0454E-03  3.6749E-03  4.4336E-03  5.3483E-03  6.4508E-03  7.7795E-03  9.3779E-03  1.1303E-02  1.3618E-02  1.6400E-02  1.9740E-02  2.3748E-02  2.8551E-02  3.4299E-02  4.1169E-02  4.9369E-02  5.9141E-02  7.0771E-02  8.4601E-02  1.0104E-01  1.2059E-01  1.4391E-01  1.7187E-01  2.0563E-01  2.4663E-01  2.9666E-01  3.5680E-01  4.2605E-01  4.9970E-01  5.7094E-01  6.3338E-01
  0.0000E+00  0.0000E+00  0.0000E+00  0.0000E+00  0.0000E+00  0.0000E+00  0.0000E+00  0.0000E+00  0.0000E+00  0.0000E+00  0.0000E+00  0.0000E+00  0.0000E+00  0.0000E+00  0.0000E+00  0.0000E+00  0.0000E+00  0.0000E+00  0.0000E+00  0.0000E+00  0.0000E+00  0.0000E+00  0.0000E+00  0.0000E+00  0.0000E+00  0.0000E+00  0.0000E+00  0.0000E+00  0.0000E+00  0.0000E+00  0.0000E+00  0.0000E+00  0.0000E+00  0.0000E+00  0.0000E+00  0.0000E+00  0.0000E+00  0.0000E+00  0.0000E+00  3.0118E-03  3.6343E-03  4.3848E-03  5.2893E-03  6.3798E-03  7.6940E-03  9.2752E-03  1.1179E-02  1.3470E-02  1.6222E-02  1.9527E-02  2.3493E-02  2.8246E-02  3.3935E-02  4.0735E-02  4.8854E-02  5.8530E-02  7.0048E-02  8.3746E-02  1.0003E-01  1.1939E-01  1.4248E-01  1.7014E-01  2.0351E-01  2.4399E-01  2.9333E-01  3.5268E-01  4.2124E-01  4.9463E-01  5.6619E-01  6.2956E-01
  0.0000E+00  0.0000E+00  0.0000E+00  0.0000E+00  0.0000E+00  0.0000E+00  0.0000E+00  0.0000E+00  0.0000E+00  0.0000E+00  0.0000E+00  0.0000E+00  0.0000E+00  0.0000E+00  0.0000E+00  0.0000E+00  0.0000E+00  0.0000E+00  0.0000E+00  0.0000E+00  0.0000E+00  0.0000E+00  0.0000E+00  0.0000E+00  0.0000E+00  0.0000E+00  0.0000E+00  0.0000E+00  0.0000E+00  0.0000E+00  0.0000E+00  0.0000E+00  0.0000E+00  0.0000E+00  0.0000E+00  0.0000E+00  0.0000E+00  0.0000E+00  0.0000E+00  2.9785E-03  3.5943E-03  4.3365E-03  5.2311E-03  6.3097E-03  7.6096E-03  9.1737E-03  1.1057E-02  1.3323E-02  1.6046E-02  1.9316E-02  2.3241E-02  2.7944E-02  3.3575E-02  4.0307E-02  4.8345E-02  5.7927E-02  6.9333E-02  8.2901E-02  9.9026E-02  1.1820E-01  1.4107E-01  1.6843E-01  2.0142E-01  2.4139E-01  2.9006E-01  3.4863E-01  4.1648E-01  4.8956E-01  5.6139E-01  6.2562E-01
  0.0000E+00  0.0000E+00  0.0000E+00  0.0000E+00  0.0000E+00  0.0000E+00  0.0000E+00  0.0000E+00  0.0000E+00  0.0000E+00  0.0000E+00  0.0000E+00  0.0000E+00  0.0000E+00  0.0000E+00  0.0000E+00  0.0000E+00  0.0000E+00  0.0000E+00  0.0000E+00  0.0000E+00  0.0000E+00  0.0000E+00  0.0000E+00  0.0000E+00  0.0000E+00  0.0000E+00  0.0000E+00  0.0000E+00  0.0000E+00  0.0000E+00  0.0000E+00  0.0000E+00  0.0000E+00  0.0000E+00  0.0000E+00  0.0000E+00  0.0000E+00  0.0000E+00  2.9455E-03  3.5544E-03  4.2884E-03  5.1733E-03  6.2400E-03  7.5258E-03  9.0728E-03  1.0936E-02  1.3177E-02  1.5871E-02  1.9107E-02  2.2990E-02  2.7645E-02  3.3218E-02  3.9882E-02  4.7839E-02  5.7327E-02  6.8623E-02  8.2061E-02  9.8033E-02  1.1703E-01  1.3966E-01  1.6674E-01  1.9935E-01  2.3881E-01  2.8683E-01  3.4461E-01  4.1173E-01  4.8445E-01  5.5649E-01  6.2155E-01
  0.0000E+00  0.0000E+00  0.0000E+00  0.0000E+00  0.0000E+00  0.0000E+00  0.0000E+00  0.0000E+00  0.0000E+00  0.0000E+00  0.0000E+00  0.0000E+00  0.0000E+00  0.0000E+00  0.0000E+00  0.0000E+00  0.0000E+00  0.0000E+00  0.0000E+00  0.0000E+00  0.0000E+00  0.0000E+00  0.0000E+00  0.0000E+00  0.0000E+00  0.0000E+00  0.0000E+00  0.0000E+00  0.0000E+00  0.0000E+00  0.0000E+00  0.0000E+00  0.0000E+00  0.0000E+00  0.0000E+00  0.0000E+00  0.0000E+00  0.0000E+00  0.0000E+00  2.9128E-03  3.5151E-03  4.2410E-03  5.1161E-03  6.1712E-03  7.4429E-03  8.9731E-03  1.0816E-02  1.3033E-02  1.5699E-02  1.8899E-02  2.2742E-02  2.7349E-02  3.2865E-02  3.9461E-02  4.7339E-02  5.6734E-02  6.7921E-02  8.1230E-02  9.7050E-02  1.1586E-01  1.3827E-01  1.6507E-01  1.9731E-01  2.3628E-01  2.8364E-01  3.4065E-01  4.0702E-01  4.7933E-01  5.5153E-01  6.1735E-01
  0.0000E+00  0.0000E+00  0.0000E+00  0.0000E+00  0.0000E+00  0.0000E+00  0.0000E+00  0.0000E+00  0.0000E+00  0.0000E+00  0.0000E+00  0.0000E+00  0.0000E+00  0.0000E+00  0.0000E+00  0.0000E+00  0.0000E+00  0.0000E+00  0.0000E+00  0.0000E+00  0.0000E+00  0.0000E+00  0.0000E+00  0.0000E+00  0.0000E+00  0.0000E+00  0.0000E+00  0.0000E+00  0.0000E+00  0.0000E+00  0.0000E+00  0.0000E+00  0.0000E+00  0.0000E+00  0.0000E+00  0.0000E+00  0.0000E+00  0.0000E+00  0.0000E+00  2.8804E-03  3.4759E-03  4.1938E-03  5.0593E-03  6.1028E-03  7.3605E-03  8.8740E-03  1.0697E-02  1.2890E-02  1.5527E-02  1.8694E-02  2.2496E-02  2.7054E-02  3.2513E-02  3.9042E-02  4.6842E-02  5.6143E-02  6.7222E-02  8.0404E-02  9.6074E-02  1.1471E-01  1.3690E-01  1.6342E-01  1.9529E-01  2.3378E-01  2.8050E-01  3.3672E-01  4.0233E-01  4.7419E-01  5.4649E-01  6.1301E-01
  0.0000E+00  0.0000E+00  0.0000E+00  0.0000E+00  0.0000E+00  0.0000E+00  0.0000E+00  0.0000E+00  0.0000E+00  0.0000E+00  0.0000E+00  0.0000E+00  0.0000E+00  0.0000E+00  0.0000E+00  0.0000E+00  0.0000E+00  0.0000E+00  0.0000E+00  0.0000E+00  0.0000E+00  0.0000E+00  0.0000E+00  0.0000E+00  0.0000E+00  0.0000E+00  0.0000E+00  0.0000E+00  0.0000E+00  0.0000E+00  0.0000E+00  0.0000E+00  0.0000E+00  0.0000E+00  0.0000E+00  0.0000E+00  0.0000E+00  0.0000E+00  0.0000E+00  2.8483E-03  3.4372E-03  4.1472E-03  5.0031E-03  6.0350E-03  7.2790E-03  8.7759E-03  1.0579E-02  1.2749E-02  1.5357E-02  1.8490E-02  2.2252E-02  2.6763E-02  3.2165E-02  3.8628E-02  4.6350E-02  5.5559E-02  6.6531E-02  7.9587E-02  9.5108E-02  1.1356E-01  1.3554E-01  1.6179E-01  1.9330E-01  2.3131E-01  2.7740E-01  3.3285E-01  3.9767E-01  4.6902E-01  5.4137E-01  6.0854E-01
  0.0000E+00  0.0000E+00  0.0000E+00  0.0000E+00  0.0000E+00  0.0000E+00  0.0000E+00  0.0000E+00  0.0000E+00  0.0000E+00  0.0000E+00  0.0000E+00  0.0000E+00  0.0000E+00  0.0000E+00  0.0000E+00  0.0000E+00  0.0000E+00  0.0000E+00  0.0000E+00  0.0000E+00  0.0000E+00  0.0000E+00  0.0000E+00  0.0000E+00  0.0000E+00  0.0000E+00  0.0000E+00  0.0000E+00  0.0000E+00  0.0000E+00  0.0000E+00  0.0000E+00  0.0000E+00  0.0000E+00  0.0000E+00  0.0000E+00  0.0000E+00  0.0000E+00  2.8164E-03  3.3988E-03  4.1008E-03  4.9473E-03  5.9678E-03  7.1981E-03  8.6786E-03  1.0462E-02  1.2608E-02  1.5188E-02  1.8288E-02  2.2010E-02  2.6473E-02  3.1820E-02  3.8217E-02  4.5861E-02  5.4980E-02  6.5845E-02  7.8776E-02  9.4150E-02  1.1243E-01  1.3419E-01  1.6017E-01  1.9134E-01  2.2888E-01  2.7435E-01  3.2903E-01  3.9305E-01  4.6387E-01  5.3619E-01  6.0396E-01
  0.0000E+00  0.0000E+00  0.0000E+00  0.0000E+00  0.0000E+00  0.0000E+00  0.0000E+00  0.0000E+00  0.0000E+00  0.0000E+00  0.0000E+00  0.0000E+00  0.0000E+00  0.0000E+00  0.0000E+00  0.0000E+00  0.0000E+00  0.0000E+00  0.0000E+00  0.0000E+00  0.0000E+00  0.0000E+00  0.0000E+00  0.0000E+00  0.0000E+00  0.0000E+00  0.0000E+00  0.0000E+00  0.0000E+00  0.0000E+00  0.0000E+00  0.0000E+00  0.0000E+00  0.0000E+00  0.0000E+00  0.0000E+00  0.0000E+00  0.0000E+00  0.0000E+00  2.7848E-03  3.3607E-03  4.0549E-03  4.8920E-03  5.9012E-03  7.1179E-03  8.5822E-03  1.0346E-02  1.2469E-02  1.5021E-02  1.8087E-02  2.1770E-02  2.6187E-02  3.1478E-02  3.7810E-02  4.5377E-02  5.4406E-02  6.5166E-02  7.7973E-02  9.3202E-02  1.1131E-01  1.3286E-01  1.5857E-01  1.8940E-01  2.2649E-01  2.7135E-01  3.2526E-01  3.8848E-01  4.5870E-01  5.3095E-01  5.9924E-01
  0.0000E+00  0.0000E+00  0.0000E+00  0.0000E+00  0.0000E+00  0.0000E+00  0.0000E+00  0.0000E+00  0.0000E+00  0.0000E+00  0.0000E+00  0.0000E+00  0.0000E+00  0.0000E+00  0.0000E+00  0.0000E+00  0.0000E+00  0.0000E+00  0.0000E+00  0.0000E+00  0.0000E+00  0.0000E+00  0.0000E+00  0.0000E+00  0.0000E+00  0.0000E+00  0.0000E+00  0.0000E+00  0.0000E+00  0.0000E+00  0.0000E+00  0.0000E+00  0.0000E+00  0.0000E+00  0.0000E+00  0.0000E+00  0.0000E+00  0.0000E+00  0.0000E+00  2.7536E-03  3.3231E-03  4.0095E-03  4.8373E-03  5.8353E-03  7.0386E-03  8.4867E-03  1.0231E-02  1.2331E-02  1.4856E-02  1.7889E-02  2.1533E-02  2.5903E-02  3.1140E-02  3.7407E-02  4.4898E-02  5.3838E-02  6.4493E-02  7.7178E-02  9.2263E-02  1.1020E-01  1.3154E-01  1.5700E-01  1.8749E-01  2.2414E-01  2.6840E-01  3.2157E-01  3.8398E-01  4.5359E-01  5.2569E-01  5.9445E-01
  0.0000E+00  0.0000E+00  0.0000E+00  0.0000E+00  0.0000E+00  0.0000E+00  0.0000E+00  0.0000E+00  0.0000E+00  0.0000E+00  0.0000E+00  0.0000E+00  0.0000E+00  0.0000E+00  0.0000E+00  0.0000E+00  0.0000E+00  0.0000E+00  0.0000E+00  0.0000E+00  0.0000E+00  0.0000E+00  0.0000E+00  0.0000E+00  0.0000E+00  0.0000E+00  0.0000E+00  0.0000E+00  0.0000E+00  0.0000E+00  0.0000E+00  0.0000E+00  0.0000E+00  0.0000E+00  0.0000E+00  0.0000E+00  0.0000E+00  0.0000E+00  0.0000E+00  2.7224E-03  3.2855E-03  3.9643E-03  4.7828E-03  5.7697E-03  6.9595E-03  8.3916E-03  1.0117E-02  1.2194E-02  1.4691E-02  1.7691E-02  2.1296E-02  2.5620E-02  3.0802E-02  3.7005E-02  4.4420E-02  5.3272E-02  6.3823E-02  7.6387E-02  9.1330E-02  1.0910E-01  1.3023E-01  1.5544E-01  1.8560E-01  2.2181E-01  2.6549E-01  3.1790E-01  3.7947E-01  4.4841E-01  5.2031E-01  5.8947E-01
  0.0000E+00  0.0000E+00  0.0000E+00  0.0000E+00  0.0000E+00  0.0000E+00  0.0000E+00  0.0000E+00  0.0000E+00  0.0000E+00  0.0000E+00  0.0000E+00  0.0000E+00  0.0000E+00  0.0000E+00  0.0000E+00  0.0000E+00  0.0000E+00  0.0000E+00  0.0000E+00  0.0000E+00  0.0000E+00  0.0000E+00  0.0000E+00  0.0000E+00  0.0000E+00  0.0000E+00  0.0000E+00  0.0000E+00  0.0000E+00  0.0000E+00  0.0000E+00  0.0000E+00  0.0000E+00  0.0000E+00  0.0000E+00  0.0000E+00  0.0000E+00  0.0000E+00  2.6917E-03  3.2484E-03  3.9196E-03  4.7290E-03  5.7049E-03  6.8815E-03  8.2978E-03  1.0004E-02  1.2058E-02  1.4528E-02  1.7496E-02  2.1063E-02  2.5341E-02  3.0469E-02  3.6608E-02  4.3949E-02  5.2713E-02  6.3161E-02  7.5606E-02  9.0408E-02  1.0801E-01  1.2894E-01  1.5390E-01  1.8374E-01  2.1952E-01  2.6262E-01  3.1431E-01  3.7506E-01  4.4331E-01  5.1494E-01  5.8443E-01
  0.0000E+00  0.0000E+00  0.0000E+00  0.0000E+00  0.0000E+00  0.0000E+00  0.0000E+00  0.0000E+00  0.0000E+00  0.0000E+00  0.0000E+00  0.0000E+00  0.0000E+00  0.0000E+00  0.0000E+00  0.0000E+00  0.0000E+00  0.0000E+00  0.0000E+00  0.0000E+00  0.0000E+00  0.0000E+00  0.0000E+00  0.0000E+00  0.0000E+00  0.0000E+00  0.0000E+00  0.0000E+00  0.0000E+00  0.0000E+00  0.0000E+00  0.0000E+00  0.0000E+00  0.0000E+00  0.0000E+00  0.0000E+00  0.0000E+00  0.0000E+00  0.0000E+00  2.6611E-03  3.2115E-03  3.8751E-03  4.6754E-03  5.6403E-03  6.8038E-03  8.2043E-03  9.8916E-03  1.1923E-02  1.4366E-02  1.7302E-02  2.0830E-02  2.5063E-02  3.0138E-02  3.6214E-02  4.3480E-02  5.2157E-02  6.2505E-02  7.4831E-02  8.9495E-02  1.0693E-01  1.2767E-01  1.5238E-01  1.8191E-01  2.1728E-01  2.5983E-01  3.1078E-01  3.7070E-01  4.3821E-01  5.0951E-01  5.7925E-01
  0.0000E+00  0.0000E+00  0.0000E+00  0.0000E+00  0.0000E+00  0.0000E+00  0.0000E+00  0.0000E+00  0.0000E+00  0.0000E+00  0.0000E+00  0.0000E+00  0.0000E+00  0.0000E+00  0.0000E+00  0.0000E+00  0.0000E+00  0.0000E+00  0.0000E+00  0.0000E+00  0.0000E+00  0.0000E+00  0.0000E+00  0.0000E+00  0.0000E+00  0.0000E+00  0.0000E+00  0.0000E+00  0.0000E+00  0.0000E+00  0.0000E+00  0.0000E+00  0.0000E+00  0.0000E+00  0.0000E+00  0.0000E+00  0.0000E+00  0.0000E+00  0.0000E+00  2.6308E-03  3.1750E-03  3.8312E-03  4.6223E-03  5.5765E-03  6.7269E-03  8.1118E-03  9.7804E-03  1.1789E-02  1.4206E-02  1.7110E-02  2.0600E-02  2.4788E-02  2.9810E-02  3.5823E-02  4.3016E-02  5.1607E-02  6.1854E-02  7.4064E-02  8.8591E-02  1.0587E-01  1.2641E-01  1.5088E-01  1.8011E-01  2.1507E-01  2.5708E-01  3.0733E-01  3.6642E-01  4.3318E-01  5.0409E-01  5.7401E-01
  0.0000E+00  0.0000E+00  0.0000E+00  0.0000E+00  0.0000E+00  0.0000E+00  0.0000E+00  0.0000E+00  0.0000E+00  0.0000E+00  0.0000E+00  0.0000E+00  0.0000E+00  0.0000E+00  0.0000E+00  0.0000E+00  0.0000E+00  0.0000E+00  0.0000E+00  0.0000E+00  0.0000E+00  0.0000E+00  0.0000E+00  0.0000E+00  0.0000E+00  0.0000E+00  0.0000E+00  0.0000E+00  0.0000E+00  0.0000E+00  0.0000E+00  0.0000E+00  0.0000E+00  0.0000E+00  0.0000E+00  0.0000E+00  0.0000E+00  0.0000E+00  0.0000E+00  2.6006E-03  3.1386E-03  3.7873E-03  4.5694E-03  5.5127E-03  6.6502E-03  8.0195E-03  9.6694E-03  1.1656E-02  1.4046E-02  1.6918E-02  2.0371E-02  2.4514E-02  2.9483E-02  3.5434E-02  4.2554E-02  5.1060E-02  6.1207E-02  7.3301E-02  8.7692E-02  1.0481E-01  1.2517E-01  1.4940E-01  1.7833E-01  2.1290E-01  2.5438E-01  3.0393E-01  3.6218E-01  4.2814E-01  4.9858E-01  5.6860E-01
  0.0000E+00  0.0000E+00  0.0000E+00  0.0000E+00  0.0000E+00  0.0000E+00  0.0000E+00  0.0000E+00  0.0000E+00  0.0000E+00  0.0000E+00  0.0000E+00  0.0000E+00  0.0000E+00  0.0000E+00  0.0000E+00  0.0000E+00  0.0000E+00  0.0000E+00  0.0000E+00  0.0000E+00  0.0000E+00  0.0000E+00  0.0000E+00  0.0000E+00  0.0000E+00  0.0000E+00  0.0000E+00  0.0000E+00  0.0000E+00  0.0000E+00  0.0000E+00  0.0000E+00  0.0000E+00  0.0000E+00  0.0000E+00  0.0000E+00  0.0000E+00  0.0000E+00  2.5707E-03  3.1025E-03  3.7437E-03  4.5171E-03  5.4497E-03  6.5743E-03  7.9282E-03  9.5596E-03  1.1524E-02  1.3887E-02  1.6729E-02  2.0144E-02  2.4243E-02  2.9159E-02  3.5049E-02  4.2097E-02  5.0518E-02  6.0567E-02  7.2546E-02  8.6804E-02  1.0376E-01  1.2393E-01  1.4794E-01  1.7658E-01  2.1077E-01  2.5173E-01  3.0059E-01  3.5802E-01  4.2316E-01  4.9308E-01  5.6312E-01
  0.0000E+00  0.0000E+00  0.0000E+00  0.0000E+00  0.0000E+00  0.0000E+00  0.0000E+00  0.0000E+00  0.0000E+00  0.0000E+00  0.0000E+00  0.0000E+00  0.0000E+00  0.0000E+00  0.0000E+00  0.0000E+00  0.0000E+00  0.0000E+00  0.0000E+00  0.0000E+00  0.0000E+00  0.0000E+00  0.0000E+00  0.0000E+00  0.0000E+00  0.0000E+00  0.0000E+00  0.0000E+00  0.0000E+00  0.0000E+00  0.0000E+00  0.0000E+00  0.0000E+00  0.0000E+00  0.0000E+00  0.0000E+00  0.0000E+00  0.0000E+00  0.0000E+00  2.5409E-03  3.0666E-03  3.7005E-03  4.4649E-03  5.3869E-03  6.4986E-03  7.8372E-03  9.4503E-03  1.1393E-02  1.3730E-02  1.6540E-02  1.9918E-02  2.3973E-02  2.8837E-02  3.4665E-02  4.1641E-02  4.9979E-02  5.9931E-02  7.1796E-02  8.5923E-02  1.0273E-01  1.2272E-01  1.4650E-01  1.7486E-01  2.0868E-01  2.4913E-01  2.9733E-01  3.5393E-01  4.1823E-01  4.8757E-01  5.5755E-01
  0.0000E+00  0.0000E+00  0.0000E+00  0.0000E+00  0.0000E+00  0.0000E+00  0.0000E+00  0.0000E+00  0.0000E+00  0.0000E+00  0.0000E+00  0.0000E+00  0.0000E+00  0.0000E+00  0.0000E+00  0.0000E+00  0.0000E+00  0.0000E+00  0.0000E+00  0.0000E+00  0.0000E+00  0.0000E+00  0.0000E+00  0.0000E+00  0.0000E+00  0.0000E+00  0.0000E+00  0.0000E+00  0.0000E+00  0.0000E+00  0.0000E+00  0.0000E+00  0.0000E+00  0.0000E+00  0.0000E+00  0.0000E+00  0.0000E+00  0.0000E+00  0.0000E+00  2.5114E-03  3.0311E-03  3.6576E-03  4.4133E-03  5.3246E-03  6.4237E-03  7.7471E-03  9.3419E-03  1.1263E-02  1.3574E-02  1.6352E-02  1.9694E-02  2.3705E-02  2.8518E-02  3.4285E-02  4.1191E-02  4.9446E-02  5.9301E-02  7.1055E-02  8.5053E-02  1.0171E-01  1.2152E-01  1.4509E-01  1.7317E-01  2.0663E-01  2.4661E-01  2.9416E-01  3.4995E-01  4.1341E-01  4.8211E-01  5.5194E-01
  0.0000E+00  0.0000E+00  0.0000E+00  0.0000E+00  0.0000E+00  0.0000E+00  0.0000E+00  0.0000E+00  0.0000E+00  0.0000E+00  0.0000E+00  0.0000E+00  0.0000E+00  0.0000E+00  0.0000E+00  0.0000E+00  0.0000E+00  0.0000E+00  0.0000E+00  0.0000E+00  0.0000E+00  0.0000E+00  0.0000E+00  0.0000E+00  0.0000E+00  0.0000E+00  0.0000E+00  0.0000E+00  0.0000E+00  0.0000E+00  0.0000E+00  0.0000E+00  0.0000E+00  0.0000E+00  0.0000E+00  0.0000E+00  0.0000E+00  0.0000E+00  0.0000E+00  2.4821E-03  2.9957E-03  3.6150E-03  4.3619E-03  5.2628E-03  6.3493E-03  7.6575E-03  9.2342E-03  1.1133E-02  1.3418E-02  1.6166E-02  1.9471E-02  2.3439E-02  2.8201E-02  3.3908E-02  4.0743E-02  4.8916E-02  5.8676E-02  7.0320E-02  8.4190E-02  1.0070E-01  1.2033E-01  1.4369E-01  1.7151E-01  2.0463E-01  2.4415E-01  2.9107E-01  3.4608E-01  4.0869E-01  4.7671E-01  5.4631E-01
  0.0000E+00  0.0000E+00  0.0000E+00  0.0000E+00  0.0000E+00  0.0000E+00  0.0000E+00  0.0000E+00  0.0000E+00  0.0000E+00  0.0000E+00  0.0000E+00  0.0000E+00  0.0000E+00  0.0000E+00  0.0000E+00  0.0000E+00  0.0000E+00  0.0000E+00  0.0000E+00  0.0000E+00  0.0000E+00  0.0000E+00  0.0000E+00  0.0000E+00  0.0000E+00  0.0000E+00  0.0000E+00  0.0000E+00  0.0000E+00  0.0000E+00  0.0000E+00  0.0000E+00  0.0000E+00  0.0000E+00  0.0000E+00  0.0000E+00  0.0000E+00  0.0000E+00  0.0000E+00  2.9606E-03  3.5727E-03  4.3109E-03  5.2015E-03  6.2754E-03  7.5687E-03  9.1274E-03  1.1005E-02  1.3265E-02  1.5982E-02  1.9250E-02  2.3175E-02  2.7886E-02  3.3535E-02  4.0300E-02  4.8392E-02  5.8059E-02  6.9594E-02  8.3340E-02  9.9702E-02  1.1917E-01  1.4233E-01  1.6990E-01  2.0270E-01  2.4178E-01  2.8812E-01  3.4237E-01  4.0413E-01  4.7144E-01  5.4073E-01
  0.0000E+00  0.0000E+00  0.0000E+00  0.0000E+00  0.0000E+00  0.0000E+00  0.0000E+00  0.0000E+00  0.0000E+00  0.0000E+00  0.0000E+00  0.0000E+00  0.0000E+00  0.0000E+00  0.0000E+00  0.0000E+00  0.0000E+00  0.0000E+00  0.0000E+00  0.0000E+00  0.0000E+00  0.0000E+00  0.0000E+00  0.0000E+00  0.0000E+00  0.0000E+00  0.0000E+00  0.0000E+00  0.0000E+00  0.0000E+00  0.0000E+00  0.0000E+00  0.0000E+00  0.0000E+00  0.0000E+00  0.0000E+00  0.0000E+00  0.0000E+00  0.0000E+00  0.0000E+00  2.9258E-03  3.5308E-03  4.2604E-03  5.1406E-03  6.2021E-03  7.4805E-03  9.0215E-03  1.0878E-02  1.3112E-02  1.5799E-02  1.9031E-02  2.2914E-02  2.7574E-02  3.3164E-02  3.9860E-02  4.7871E-02  5.7445E-02  6.8873E-02  8.2494E-02  9.8715E-02  1.1802E-01  1.4098E-01  1.6831E-01  2.0079E-01  2.3945E-01  2.8522E-01  3.3874E-01  3.9967E-01  4.6625E-01  5.3516E-01
  0.0000E+00  0.0000E+00  0.0000E+00  0.0000E+00  0.0000E+00  0.0000E+00  0.0000E+00  0.0000E+00  0.0000E+00  0.0000E+00  0.0000E+00  0.0000E+00  0.0000E+00  0.0000E+00  0.0000E+00  0.0000E+00  0.0000E+00  0.0000E+00  0.0000E+00  0.0000E+00  0.0000E+00  0.0000E+00  0.0000E+00  0.0000E+00  0.0000E+00  0.0000E+00  0.0000E+00  0.0000E+00  0.0000E+00  0.0000E+00  0.0000E+00  0.0000E+00  0.0000E+00  0.0000E+00  0.0000E+00  0.0000E+00  0.0000E+00  0.0000E+00  0.0000E+00  0.0000E+00  2.8911E-03  3.4889E-03  4.2100E-03  5.0798E-03  6.1290E-03  7.3926E-03  8.9158E-03  1.0751E-02  1.2960E-02  1.5616E-02  1.8813E-02  2.2653E-02  2.7264E-02  3.2794E-02  3.9422E-02  4.7354E-02  5.6837E-02  6.8160E-02  8.1661E-02  9.7744E-02  1.1689E-01  1.3966E-01  1.6677E-01  1.9896E-01  2.3723E-01  2.8247E-01  3.3529E-01  3.9540E-01  4.6121E-01  5.2966E-01
  0.0000E+00  0.0000E+00  0.0000E+00  0.0000E+00  0.0000E+00  0.0000E+00  0.0000E+00  0.0000E+00  0.0000E+00  0.0000E+00  0.0000E+00  0.0000E+00  0.0000E+00  0.0000E+00  0.0000E+00  0.0000E+00  0.0000E+00  0.0000E+00  0.0000E+00  0.0000E+00  0.0000E+00  0.0000E+00  0.0000E+00  0.0000E+00  0.0000E+00  0.0000E+00  0.0000E+00  0.0000E+00  0.0000E+00  0.0000E+00  0.0000E+00  0.0000E+00  0.0000E+00  0.0000E+00  0.0000E+00  0.0000E+00  0.0000E+00  0.0000E+00  0.0000E+00  0.0000E+00  2.8568E-03  3.4476E-03  4.1602E-03  5.0199E-03  6.0569E-03  7.3058E-03  8.8114E-03  1.0625E-02  1.2809E-02  1.5436E-02  1.8597E-02  2.2395E-02  2.6957E-02  3.2429E-02  3.8989E-02  4.6843E-02  5.6234E-02  6.7452E-02  8.0834E-02  9.6780E-02  1.1577E-01  1.3836E-01  1.6523E-01  1.9714E-01  2.3503E-01  2.7976E-01  3.3191E-01  3.9122E-01  4.5626E-01  5.2420E-01
  0.0000E+00  0.0000E+00  0.0000E+00  0.0000E+00  0.0000E+00  0.0000E+00  0.0000E+00  0.0000E+00  0.0000E+00  0.0000E+00  0.0000E+00  0.0000E+00  0.0000E+00  0.0000E+00  0.0000E+00  0.0000E+00  0.0000E+00  0.0000E+00  0.0000E+00  0.0000E+00  0.0000E+00  0.0000E+00  0.0000E+00  0.0000E+00  0.0000E+00  0.0000E+00  0.0000E+00  0.0000E+00  0.0000E+00  0.0000E+00  0.0000E+00  0.0000E+00  0.0000E+00  0.0000E+00  0.0000E+00  0.0000E+00  0.0000E+00  0.0000E+00  0.0000E+00  0.0000E+00  2.8227E-03  3.4064E-03  4.1106E-03  4.9602E-03  5.9850E-03  7.2193E-03  8.7074E-03  1.0501E-02  1.2659E-02  1.5257E-02  1.8383E-02  2.2139E-02  2.6651E-02  3.2066E-02  3.8559E-02  4.6335E-02  5.5637E-02  6.6754E-02  8.0021E-02  9.5837E-02  1.1467E-01  1.3710E-01  1.6377E-01  1.9543E-01  2.3299E-01  2.7726E-01  3.2880E-01  3.8736E-01  4.5164E-01  5.1901E-01
  0.0000E+00  0.0000E+00  0.0000E+00  0.0000E+00  0.0000E+00  0.0000E+00  0.0000E+00  0.0000E+00  0.0000E+00  0.0000E+00  0.0000E+00  0.0000E+00  0.0000E+00  0.0000E+00  0.0000E+00  0.0000E+00  0.0000E+00  0.0000E+00  0.0000E+00  0.0000E+00  0.0000E+00  0.0000E+00  0.0000E+00  0.0000E+00  0.0000E+00  0.0000E+00  0.0000E+00  0.0000E+00  0.0000E+00  0.0000E+00  0.0000E+00  0.0000E+00  0.0000E+00  0.0000E+00  0.0000E+00  0.0000E+00  0.0000E+00  0.0000E+00  0.0000E+00  0.0000E+00  2.7889E-03  3.3657E-03  4.0615E-03  4.9010E-03  5.9138E-03  7.1336E-03  8.6044E-03  1.0377E-02  1.2511E-02  1.5079E-02  1.8170E-02  2.1885E-02  2.6348E-02  3.1706E-02  3.8133E-02  4.5831E-02  5.5045E-02  6.6060E-02  7.9211E-02  9.4896E-02  1.1359E-01  1.3584E-01  1.6231E-01  1.9372E-01  2.3095E-01  2.7478E-01  3.2573E-01  3.8357E-01  4.4708E-01  5.1387E-01
  0.0000E+00  0.0000E+00  0.0000E+00  0.0000E+00  0.0000E+00  0.0000E+00  0.0000E+00  0.0000E+00  0.0000E+00  0.0000E+00  0.0000E+00  0.0000E+00  0.0000E+00  0.0000E+00  0.0000E+00  0.0000E+00  0.0000E+00  0.0000E+00  0.0000E+00  0.0000E+00  0.0000E+00  0.0000E+00  0.0000E+00  0.0000E+00  0.0000E+00  0.0000E+00  0.0000E+00  0.0000E+00  0.0000E+00  0.0000E+00  0.0000E+00  0.0000E+00  0.0000E+00  0.0000E+00  0.0000E+00  0.0000E+00  0.0000E+00  0.0000E+00  0.0000E+00  0.0000E+00  2.7553E-03  3.3252E-03  4.0127E-03  4.8423E-03  5.8430E-03  7.0485E-03  8.5020E-03  1.0254E-02  1.2363E-02  1.4902E-02  1.7958E-02  2.1632E-02  2.6048E-02  3.1349E-02  3.7709E-02  4.5332E-02  5.4458E-02  6.5374E-02  7.8414E-02  9.3973E-02  1.1252E-01  1.3462E-01  1.6090E-01  1.9208E-01  2.2903E-01  2.7246E-01  3.2286E-01  3.8001E-01  4.4277E-01  5.0892E-01
  0.0000E+00  0.0000E+00  0.0000E+00  0.0000E+00  0.0000E+00  0.0000E+00  0.0000E+00  0.0000E+00  0.0000E+00  0.0000E+00  0.0000E+00  0.0000E+00  0.0000E+00  0.0000E+00  0.0000E+00  0.0000E+00  0.0000E+00  0.0000E+00  0.0000E+00  0.0000E+00  0.0000E+00  0.0000E+00  0.0000E+00  0.0000E+00  0.0000E+00  0.0000E+00  0.0000E+00  0.0000E+00  0.0000E+00  0.0000E+00  0.0000E+00  0.0000E+00  0.0000E+00  0.0000E+00  0.0000E+00  0.0000E+00  0.0000E+00  0.0000E+00  0.0000E+00  0.0000E+00  2.7219E-03  3.2850E-03  3.9643E-03  4.7838E-03  5.7727E-03  6.9639E-03  8.4004E-03  1.0132E-02  1.2217E-02  1.4727E-02  1.7748E-02  2.1382E-02  2.5749E-02  3.0994E-02  3.7289E-02  4.4836E-02  5.3875E-02  6.4692E-02  7.7620E-02  9.3054E-02  1.1146E-01  1.3340E-01  1.5951E-01  1.9046E-01  2.2712E-01  2.7016E-01  3.2004E-01  3.7653E-01  4.3855E-01  5.0405E-01
  0.0000E+00  0.0000E+00  0.0000E+00  0.0000E+00  0.0000E+00  0.0000E+00  0.0000E+00  0.0000E+00  0.0000E+00  0.0000E+00  0.0000E+00  0.0000E+00  0.0000E+00  0.0000E+00  0.0000E+00  0.0000E+00  0.0000E+00  0.0000E+00  0.0000E+00  0.0000E+00  0.0000E+00  0.0000E+00  0.0000E+00  0.0000E+00  0.0000E+00  0.0000E+00  0.0000E+00  0.0000E+00  0.0000E+00  0.0000E+00  0.0000E+00  0.0000E+00  0.0000E+00  0.0000E+00  0.0000E+00  0.0000E+00  0.0000E+00  0.0000E+00  0.0000E+00  0.0000E+00  2.6888E-03  3.2451E-03  3.9162E-03  4.7259E-03  5.7029E-03  6.8799E-03  8.2995E-03  1.0011E-02  1.2071E-02  1.4552E-02  1.7540E-02  2.1133E-02  2.5452E-02  3.0642E-02  3.6872E-02  4.4344E-02  5.3298E-02  6.4018E-02  7.6837E-02  9.2150E-02  1.1043E-01  1.3221E-01  1.5815E-01  1.8891E-01  2.2530E-01  2.6800E-01  3.1741E-01  3.7327E-01  4.3457E-01  4.9940E-01
  0.0000E+00  0.0000E+00  0.0000E+00  0.0000E+00  0.0000E+00  0.0000E+00  0.0000E+00  0.0000E+00  0.0000E+00  0.0000E+00  0.0000E+00  0.0000E+00  0.0000E+00  0.0000E+00  0.0000E+00  0.0000E+00  0.0000E+00  0.0000E+00  0.0000E+00  0.0000E+00  0.0000E+00  0.0000E+00  0.0000E+00  0.0000E+00  0.0000E+00  0.0000E+00  0.0000E+00  0.0000E+00  0.0000E+00  0.0000E+00  0.0000E+00  0.0000E+00  0.0000E+00  0.0000E+00  0.0000E+00  0.0000E+00  0.0000E+00  0.0000E+00  0.0000E+00  0.0000E+00  2.6558E-03  3.2054E-03  3.8684E-03  4.6683E-03  5.6336E-03  6.7966E-03  8.1992E-03  9.8901E-03  1.1927E-02  1.4379E-02  1.7332E-02  2.0885E-02  2.5157E-02  3.0291E-02  3.6457E-02  4.3855E-02  5.2723E-02  6.3347E-02  7.6058E-02  9.1251E-02  1.0940E-01  1.3104E-01  1.5681E-01  1.8737E-01  2.2352E-01  2.6589E-01  3.1485E-01  3.7012E-01  4.3073E-01  4.9488E-01
  0.0000E+00  0.0000E+00  0.0000E+00  0.0000E+00  0.0000E+00  0.0000E+00  0.0000E+00  0.0000E+00  0.0000E+00  0.0000E+00  0.0000E+00  0.0000E+00  0.0000E+00  0.0000E+00  0.0000E+00  0.0000E+00  0.0000E+00  0.0000E+00  0.0000E+00  0.0000E+00  0.0000E+00  0.0000E+00  0.0000E+00  0.0000E+00  0.0000E+00  0.0000E+00  0.0000E+00  0.0000E+00  0.0000E+00  0.0000E+00  0.0000E+00  0.0000E+00  0.0000E+00  0.0000E+00  0.0000E+00  0.0000E+00  0.0000E+00  0.0000E+00  0.0000E+00  0.0000E+00  2.6232E-03  3.1660E-03  3.8209E-03  4.6112E-03  5.5648E-03  6.7138E-03  8.0997E-03  9.7705E-03  1.1783E-02  1.4207E-02  1.7127E-02  2.0639E-02  2.4865E-02  2.9943E-02  3.6045E-02  4.3369E-02  5.2152E-02  6.2680E-02  7.5284E-02  9.0359E-02  1.0837E-01  1.2987E-01  1.5549E-01  1.8587E-01  2.2180E-01  2.6387E-01  3.1242E-01  3.6716E-01  4.2712E-01  4.9062E-01
  0.0000E+00  0.0000E+00  0.0000E+00  0.0000E+00  0.0000E+00  0.0000E+00  0.0000E+00  0.0000E+00  0.0000E+00  0.0000E+00  0.0000E+00  0.0000E+00  0.0000E+00  0.0000E+00  0.0000E+00  0.0000E+00  0.0000E+00  0.0000E+00  0.0000E+00  0.0000E+00  0.0000E+00  0.0000E+00  0.0000E+00  0.0000E+00  0.0000E+00  0.0000E+00  0.0000E+00  0.0000E+00  0.0000E+00  0.0000E+00  0.0000E+00  0.0000E+00  0.0000E+00  0.0000E+00  0.0000E+00  0.0000E+00  0.0000E+00  0.0000E+00  0.0000E+00  0.0000E+00  2.5910E-03  3.1271E-03  3.7741E-03  4.5548E-03  5.4969E-03  6.6321E-03  8.0014E-03  9.6524E-03  1.1642E-02  1.4037E-02  1.6923E-02  2.0397E-02  2.4575E-02  2.9599E-02  3.5637E-02  4.2888E-02  5.1587E-02  6.2021E-02  7.4519E-02  8.9478E-02  1.0737E-01  1.2873E-01  1.5419E-01  1.8441E-01  2.2014E-01  2.6195E-01  3.1013E-01  3.6438E-01  4.2375E-01  4.8661E-01
  0.0000E+00  0.0000E+00  0.0000E+00  0.0000E+00  0.0000E+00  0.0000E+00  0.0000E+00  0.0000E+00  0.0000E+00  0.0000E+00  0.0000E+00  0.0000E+00  0.0000E+00  0.0000E+00  0.0000E+00  0.0000E+00  0.0000E+00  0.0000E+00  0.0000E+00  0.0000E+00  0.0000E+00  0.0000E+00  0.0000E+00  0.0000E+00  0.0000E+00  0.0000E+00  0.0000E+00  0.0000E+00  0.0000E+00  0.0000E+00  0.0000E+00  0.0000E+00  0.0000E+00  0.0000E+00  0.0000E+00  0.0000E+00  0.0000E+00  0.0000E+00  0.0000E+00  0.0000E+00  2.5590E-03  3.0887E-03  3.7277E-03  4.4989E-03  5.4296E-03  6.5510E-03  7.9039E-03  9.5353E-03  1.1501E-02  1.3869E-02  1.6721E-02  2.0155E-02  2.4287E-02  2.9257E-02  3.5232E-02  4.2409E-02  5.1025E-02  6.1364E-02  7.3756E-02  8.8600E-02  1.0636E-01  1.2759E-01  1.5291E-01  1.8296E-01  2.1850E-01  2.6006E-01  3.0791E-01  3.6171E-01  4.2052E-01  4.8278E-01
  0.0000E+00  0.0000E+00  0.0000E+00  0.0000E+00  0.0000E+00  0.0000E+00  0.0000E+00  0.0000E+00  0.0000E+00  0.0000E+00  0.0000E+00  0.0000E+00  0.0000E+00  0.0000E+00  0.0000E+00  0.0000E+00  0.0000E+00  0.0000E+00  0.0000E+00  0.0000E+00  0.0000E+00  0.0000E+00  0.0000E+00  0.0000E+00  0.0000E+00  0.0000E+00  0.0000E+00  0.0000E+00  0.0000E+00  0.0000E+00  0.0000E+00  0.0000E+00  0.0000E+00  0.0000E+00  0.0000E+00  0.0000E+00  0.0000E+00  0.0000E+00  0.0000E+00  0.0000E+00  2.5275E-03  3.0506E-03  3.6818E-03  4.4436E-03  5.3630E-03  6.4709E-03  7.8075E-03  9.4194E-03  1.1362E-02  1.3702E-02  1.6522E-02  1.9917E-02  2.4003E-02  2.8919E-02  3.4831E-02  4.1935E-02  5.0469E-02  6.0714E-02  7.3002E-02  8.7732E-02  1.0537E-01  1.2647E-01  1.5165E-01  1.8156E-01  2.1693E-01  2.5829E-01  3.0587E-01  3.5928E-01  4.1760E-01  4.7930E-01
  0.0000E+00  0.0000E+00  0.0000E+00  0.0000E+00  0.0000E+00  0.0000E+00  0.0000E+00  0.0000E+00  0.0000E+00  0.0000E+00  0.0000E+00  0.0000E+00  0.0000E+00  0.0000E+00  0.0000E+00  0.0000E+00  0.0000E+00  0.0000E+00  0.0000E+00  0.0000E+00  0.0000E+00  0.0000E+00  0.0000E+00  0.0000E+00  0.0000E+00  0.0000E+00  0.0000E+00  0.0000E+00  0.0000E+00  0.0000E+00  0.0000E+00  0.0000E+00  0.0000E+00  0.0000E+00  0.0000E+00  0.0000E+00  0.0000E+00  0.0000E+00  0.0000E+00  0.0000E+00  2.4961E-03  3.0128E-03  3.6362E-03  4.3886E-03  5.2968E-03  6.3912E-03  7.7116E-03  9.3042E-03  1.1223E-02  1.3536E-02  1.6323E-02  1.9679E-02  2.3719E-02  2.8581E-02  3.4430E-02  4.1462E-02  4.9913E-02  6.0063E-02  7.2247E-02  8.6862E-02  1.0438E-01  1.2534E-01  1.5039E-01  1.8015E-01  2.1536E-01  2.5651E-01  3.0382E-01  3.5687E-01  4.1471E-01  4.7586E-01
  0.0000E+00  0.0000E+00  0.0000E+00  0.0000E+00  0.0000E+00  0.0000E+00  0.0000E+00  0.0000E+00  0.0000E+00  0.0000E+00  0.0000E+00  0.0000E+00  0.0000E+00  0.0000E+00  0.0000E+00  0.0000E+00  0.0000E+00  0.0000E+00  0.0000E+00  0.0000E+00  0.0000E+00  0.0000E+00  0.0000E+00  0.0000E+00  0.0000E+00  0.0000E+00  0.0000E+00  0.0000E+00  0.0000E+00  0.0000E+00  0.0000E+00  0.0000E+00  0.0000E+00  0.0000E+00  0.0000E+00  0.0000E+00  0.0000E+00  0.0000E+00  0.0000E+00  0.0000E+00  2.4652E-03  2.9755E-03  3.5913E-03  4.3345E-03  5.2315E-03  6.3127E-03  7.6171E-03  9.1905E-03  1.1087E-02  1.3372E-02  1.6126E-02  1.9444E-02  2.3439E-02  2.8247E-02  3.4034E-02  4.0994E-02  4.9362E-02  5.9420E-02  7.1500E-02  8.6002E-02  1.0340E-01  1.2424E-01  1.4916E-01  1.7880E-01  2.1387E-01  2.5488E-01  3.0199E-01  3.5476E-01  4.1222E-01  4.7290E-01
  0.0000E+00  0.0000E+00  0.0000E+00  0.0000E+00  0.0000E+00  0.0000E+00  0.0000E+00  0.0000E+00  0.0000E+00  0.0000E+00  0.0000E+00  0.0000E+00  0.0000E+00  0.0000E+00  0.0000E+00  0.0000E+00  0.0000E+00  0.0000E+00  0.0000E+00  0.0000E+00  0.0000E+00  0.0000E+00  0.0000E+00  0.0000E+00  0.0000E+00  0.0000E+00  0.0000E+00  0.0000E+00  0.0000E+00  0.0000E+00  0.0000E+00  0.0000E+00  0.0000E+00  0.0000E+00  0.0000E+00  0.0000E+00  0.0000E+00  0.0000E+00  0.0000E+00  0.0000E+00  2.4345E-03  2.9385E-03  3.5467E-03  4.2807E-03  5.1668E-03  6.2347E-03  7.5232E-03  9.0776E-03  1.0951E-02  1.3209E-02  1.5931E-02  1.9210E-02  2.3160E-02  2.7915E-02  3.3640E-02  4.0528E-02  4.8813E-02  5.8777E-02  7.0753E-02  8.5141E-02  1.0242E-01  1.2313E-01  1.4792E-01  1.7743E-01  2.1236E-01  2.5321E-01  3.0012E-01  3.5261E-01  4.0969E-01  4.6990E-01
  0.0000E+00  0.0000E+00  0.0000E+00  0.0000E+00  0.0000E+00  0.0000E+00  0.0000E+00  0.0000E+00  0.0000E+00  0.0000E+00  0.0000E+00  0.0000E+00  0.0000E+00  0.0000E+00  0.0000E+00  0.0000E+00  0.0000E+00  0.0000E+00  0.0000E+00  0.0000E+00  0.0000E+00  0.0000E+00  0.0000E+00  0.0000E+00  0.0000E+00  0.0000E+00  0.0000E+00  0.0000E+00  0.0000E+00  0.0000E+00  0.0000E+00  0.0000E+00  0.0000E+00  0.0000E+00  0.0000E+00  0.0000E+00  0.0000E+00  0.0000E+00  0.0000E+00  0.0000E+00  2.4040E-03  2.9017E-03  3.5023E-03  4.2273E-03  5.1024E-03  6.1571E-03  7.4299E-03  8.9652E-03  1.0816E-02  1.3047E-02  1.5737E-02  1.8978E-02  2.2882E-02  2.7584E-02  3.3246E-02  4.0062E-02  4.8265E-02  5.8135E-02  7.0007E-02  8.4282E-02  1.0144E-01  1.2203E-01  1.4670E-01  1.7609E-01  2.1092E-01  2.5165E-01  2.9841E-01  3.5069E-01  4.0746E-01  4.6726E-01
  0.0000E+00  0.0000E+00  0.0000E+00  0.0000E+00  0.0000E+00  0.0000E+00  0.0000E+00  0.0000E+00  0.0000E+00  0.0000E+00  0.0000E+00  0.0000E+00  0.0000E+00  0.0000E+00  0.0000E+00  0.0000E+00  0.0000E+00  0.0000E+00  0.0000E+00  0.0000E+00  0.0000E+00  0.0000E+00  0.0000E+00  0.0000E+00  0.0000E+00  0.0000E+00  0.0000E+00  0.0000E+00  0.0000E+00  0.0000E+00  0.0000E+00  0.0000E+00  0.0000E+00  0.0000E+00  0.0000E+00  0.0000E+00  0.0000E+00  0.0000E+00  0.0000E+00  0.0000E+00  0.0000E+00  2.8651E-03  3.4582E-03  4.1740E-03  5.0382E-03  6.0798E-03  7.3368E-03  8.8533E-03  1.0682E-02  1.2885E-02  1.5543E-02  1.8746E-02  2.2605E-02  2.7253E-02  3.2853E-02  3.9597E-02  4.7716E-02  5.7492E-02  6.9259E-02  8.3418E-02  1.0045E-01  1.2092E-01  1.4546E-01  1.7473E-01  2.0944E-01  2.5004E-01  2.9664E-01  3.4870E-01  4.0516E-01  4.6455E-01
  0.0000E+00  0.0000E+00  0.0000E+00  0.0000E+00  0.0000E+00  0.0000E+00  0.0000E+00  0.0000E+00  0.0000E+00  0.0000E+00  0.0000E+00  0.0000E+00  0.0000E+00  0.0000E+00  0.0000E+00  0.0000E+00  0.0000E+00  0.0000E+00  0.0000E+00  0.0000E+00  0.0000E+00  0.0000E+00  0.0000E+00  0.0000E+00  0.0000E+00  0.0000E+00  0.0000E+00  0.0000E+00  0.0000E+00  0.0000E+00  0.0000E+00  0.0000E+00  0.0000E+00  0.0000E+00  0.0000E+00  0.0000E+00  0.0000E+00  0.0000E+00  0.0000E+00  0.0000E+00  0.0000E+00  2.8293E-03  3.4150E-03  4.1221E-03  4.9755E-03  6.0043E-03  7.2459E-03  8.7439E-03  1.0550E-02  1.2727E-02  1.5353E-02  1.8518E-02  2.2332E-02  2.6928E-02  3.2466E-02  3.9138E-02  4.7173E-02  5.6855E-02  6.8515E-02  8.2558E-02  9.9464E-02  1.1980E-01  1.4422E-01  1.7336E-01  2.0795E-01  2.4844E-01  2.9491E-01  3.4680E-01  4.0301E-01  4.6206E-01
  0.0000E+00  0.0000E+00  0.0000E+00  0.0000E+00  0.0000E+00  0.0000E+00  0.0000E+00  0.0000E+00  0.0000E+00  0.0000E+00  0.0000E+00  0.0000E+00  0.0000E+00  0.0000E+00  0.0000E+00  0.0000E+00  0.0000E+00  0.0000E+00  0.0000E+00  0.0000E+00  0.0000E+00  0.0000E+00  0.0000E+00  0.0000E+00  0.0000E+00  0.0000E+00  0.0000E+00  0.0000E+00  0.0000E+00  0.0000E+00  0.0000E+00  0.0000E+00  0.0000E+00  0.0000E+00  0.0000E+00  0.0000E+00  0.0000E+00  0.0000E+00  0.0000E+00  0.0000E+00  0.0000E+00  2.7938E-03  3.3722E-03  4.0704E-03  4.9133E-03  5.9293E-03  7.1556E-03  8.6351E-03  1.0419E-02  1.2570E-02  1.5164E-02  1.8292E-02  2.2061E-02  2.6605E-02  3.2081E-02  3.8680E-02  4.6632E-02  5.6217E-02  6.7770E-02  8.1693E-02  9.8472E-02  1.1867E-01  1.4295E-01  1.7196E-01  2.0643E-01  2.4680E-01  2.9314E-01  3.4486E-01  4.0083E-01  4.5956E-01
  0.0000E+00  0.0000E+00  0.0000E+00  0.0000E+00  0.0000E+00  0.0000E+00  0.0000E+00  0.0000E+00  0.0000E+00  0.0000E+00  0.0000E+00  0.0000E+00  0.0000E+00  0.0000E+00  0.0000E+00  0.0000E+00  0.0000E+00  0.0000E+00  0.0000E+00  0.0000E+00  0.0000E+00  0.0000E+00  0.0000E+00  0.0000E+00  0.0000E+00  0.0000E+00  0.0000E+00  0.0000E+00  0.0000E+00  0.0000E+00  0.0000E+00  0.0000E+00  0.0000E+00  0.0000E+00  0.0000E+00  0.0000E+00  0.0000E+00  0.0000E+00  0.0000E+00  0.0000E+00  0.0000E+00  2.7592E-03  3.3305E-03  4.0201E-03  4.8525E-03  5.8561E-03  7.0674E-03  8.5289E-03  1.0291E-02  1.2416E-02  1.4980E-02  1.8070E-02  2.1796E-02  2.6287E-02  3.1702E-02  3.8229E-02  4.6097E-02  5.5586E-02  6.7029E-02  8.0830E-02  9.7475E-02  1.1754E-01  1.4167E-01  1.7054E-01  2.0487E-01  2.4511E-01  2.9133E-01  3.4290E-01  3.9868E-01  4.5714E-01
  0.0000E+00  0.0000E+00  0.0000E+00  0.0000E+00  0.0000E+00  0.0000E+00  0.0000E+00  0.0000E+00  0.0000E+00  0.0000E+00  0.0000E+00  0.0000E+00  0.0000E+00  0.0000E+00  0.0000E+00  0.0000E+00  0.0000E+00  0.0000E+00  0.0000E+00  0.0000E+00  0.0000E+00  0.0000E+00  0.0000E+00  0.0000E+00  0.0000E+00  0.0000E+00  0.0000E+00  0.0000E+00  0.0000E+00  0.0000E+00  0.0000E+00  0.0000E+00  0.0000E+00  0.0000E+00  0.0000E+00  0.0000E+00  0.0000E+00  0.0000E+00  0.0000E+00  0.0000E+00  0.0000E+00  2.7252E-03  3.2894E-03  3.9705E-03  4.7928E-03  5.7841E-03  6.9806E-03  8.4243E-03  1.0165E-02  1.2265E-02  1.4798E-02  1.7851E-02  2.1533E-02  2.5973E-02  3.1326E-02  3.7781E-02  4.5565E-02  5.4958E-02  6.6290E-02  7.9966E-02  9.6473E-02  1.1639E-01  1.4037E-01  1.6909E-01  2.0327E-01  2.4339E-01  2.8948E-01  3.4092E-01  3.9653E-01  4.5475E-01
  0.0000E+00  0.0000E+00  0.0000E+00  0.0000E+00  0.0000E+00  0.0000E+00  0.0000E+00  0.0000E+00  0.0000E+00  0.0000E+00  0.0000E+00  0.0000E+00  0.0000E+00  0.0000E+00  0.0000E+00  0.0000E+00  0.0000E+00  0.0000E+00  0.0000E+00  0.0000E+00  0.0000E+00  0.0000E+00  0.0000E+00  0.0000E+00  0.0000E+00  0.0000E+00  0.0000E+00  0.0000E+00  0.0000E+00  0.0000E+00  0.0000E+00  0.0000E+00  0.0000E+00  0.0000E+00  0.0000E+00  0.0000E+00  0.0000E+00  0.0000E+00  0.0000E+00  0.0000E+00  0.0000E+00  2.6916E-03  3.2489E-03  3.9216E-03  4.7339E-03  5.7130E-03  6.8949E-03  8.3212E-03  1.0041E-02  1.2115E-02  1.4618E-02  1.7635E-02  2.1274E-02  2.5663E-02  3.0955E-02  3.7338E-02  4.5039E-02  5.4334E-02  6.5555E-02  7.9105E-02  9.5473E-02  1.1523E-01  1.3906E-01  1.6761E-01  2.0164E-01  2.4160E-01  2.8755E-01  3.3884E-01  3.9427E-01  4.5226E-01
  0.0000E+00  0.0000E+00  0.0000E+00  0.0000E+00  0.0000E+00  0.0000E+00  0.0000E+00  0.0000E+00  0.0000E+00  0.0000E+00  0.0000E+00  0.0000E+00  0.0000E+00  0.0000E+00  0.0000E+00  0.0000E+00  0.0000E+00  0.0000E+00  0.0000E+00  0.0000E+00  0.0000E+00  0.0000E+00  0.0000E+00  0.0000E+00  0.0000E+00  0.0000E+00  0.0000E+00  0.0000E+00  0.0000E+00  0.0000E+00  0.0000E+00  0.0000E+00  0.0000E+00  0.0000E+00  0.0000E+00  0.0000E+00  0.0000E+00  0.0000E+00  0.0000E+00  0.0000E+00  0.0000E+00  2.6583E-03  3.2088E-03  3.8733E-03  4.6755E-03  5.6427E-03  6.8102E-03  8.2190E-03  9.9181E-03  1.1967E-02  1.4440E-02  1.7421E-02  2.1017E-02  2.5355E-02  3.0587E-02  3.6899E-02  4.4516E-02  5.3713E-02  6.4821E-02  7.8243E-02  9.4467E-02  1.1407E-01  1.3772E-01  1.6610E-01  1.9996E-01  2.3975E-01  2.8554E-01  3.3665E-01  3.9189E-01  4.4964E-01
  0.0000E+00  0.0000E+00  0.0000E+00  0.0000E+00  0.0000E+00  0.0000E+00  0.0000E+00  0.0000E+00  0.0000E+00  0.0000E+00  0.0000E+00  0.0000E+00  0.0000E+00  0.0000E+00  0.0000E+00  0.0000E+00  0.0000E+00  0.0000E+00  0.0000E+00  0.0000E+00  0.0000E+00  0.0000E+00  0.0000E+00  0.0000E+00  0.0000E+00  0.0000E+00  0.0000E+00  0.0000E+00  0.0000E+00  0.0000E+00  0.0000E+00  0.0000E+00  0.0000E+00  0.0000E+00  0.0000E+00  0.0000E+00  0.0000E+00  0.0000E+00  0.0000E+00  0.0000E+00  0.0000E+00  2.6253E-03  3.1689E-03  3.8252E-03  4.6175E-03  5.5727E-03  6.7259E-03  8.1175E-03  9.7960E-03  1.1820E-02  1.4263E-02  1.7209E-02  2.0762E-02  2.5049E-02  3.0221E-02  3.6462E-02  4.3995E-02  5.3096E-02  6.4091E-02  7.7385E-02  9.3464E-02  1.1291E-01  1.3639E-01  1.6459E-01  1.9826E-01  2.3788E-01  2.8348E-01  3.3442E-01  3.8944E-01  4.4695E-01
  0.0000E+00  0.0000E+00  0.0000E+00  0.0000E+00  0.0000E+00  0.0000E+00  0.0000E+00  0.0000E+00  0.0000E+00  0.0000E+00  0.0000E+00  0.0000E+00  0.0000E+00  0.0000E+00  0.0000E+00  0.0000E+00  0.0000E+00  0.0000E+00  0.0000E+00  0.0000E+00  0.0000E+00  0.0000E+00  0.0000E+00  0.0000E+00  0.0000E+00  0.0000E+00  0.0000E+00  0.0000E+00  0.0000E+00  0.0000E+00  0.0000E+00  0.0000E+00  0.0000E+00  0.0000E+00  0.0000E+00  0.0000E+00  0.0000E+00  0.0000E+00  0.0000E+00  0.0000E+00  0.0000E+00  2.5923E-03  3.1291E-03  3.7772E-03  4.5596E-03  5.5029E-03  6.6417E-03  8.0161E-03  9.6737E-03  1.1673E-02  1.4086E-02  1.6996E-02  2.0507E-02  2.4743E-02  2.9855E-02  3.6025E-02  4.3475E-02  5.2478E-02  6.3361E-02  7.6526E-02  9.2460E-02  1.1174E-01  1.3505E-01  1.6306E-01  1.9654E-01  2.3595E-01  2.8136E-01  3.3208E-01  3.8687E-01  4.4410E-01
  0.0000E+00  0.0000E+00  0.0000E+00  0.0000E+00  0.0000E+00  0.0000E+00  0.0000E+00  0.0000E+00  0.0000E+00  0.0000E+00  0.0000E+00  0.0000E+00  0.0000E+00  0.0000E+00  0.0000E+00  0.0000E+00  0.0000E+00  0.0000E+00  0.0000E+00  0.0000E+00  0.0000E+00  0.0000E+00  0.0000E+00  0.0000E+00  0.0000E+00  0.0000E+00  0.0000E+00  0.0000E+00  0.0000E+00  0.0000E+00  0.0000E+00  0.0000E+00  0.0000E+00  0.0000E+00  0.0000E+00  0.0000E+00  0.0000E+00  0.0000E+00  0.0000E+00  0.0000E+00  0.0000E+00  2.5594E-03  3.0894E-03  3.7293E-03  4.5018E-03  5.4333E-03  6.5578E-03  7.9150E-03  9.5520E-03  1.1527E-02  1.3910E-02  1.6785E-02  2.0253E-02  2.4439E-02  2.9491E-02  3.5589E-02  4.2957E-02  5.1862E-02  6.2633E-02  7.5668E-02  9.1456E-02  1.1058E-01  1.3370E-01  1.6153E-01  1.9480E-01  2.3402E-01  2.7922E-01  3.2972E-01  3.8428E-01  4.4124E-01
  0.0000E+00  0.0000E+00  0.0000E+00  0.0000E+00  0.0000E+00  0.0000E+00  0.0000E+00  0.0000E+00  0.0000E+00  0.0000E+00  0.0000E+00  0.0000E+00  0.0000E+00  0.0000E+00  0.0000E+00  0.0000E+00  0.0000E+00  0.0000E+00  0.0000E+00  0.0000E+00  0.0000E+00  0.0000E+00  0.0000E+00  0.0000E+00  0.0000E+00  0.0000E+00  0.0000E+00  0.0000E+00  0.0000E+00  0.0000E+00  0.0000E+00  0.0000E+00  0.0000E+00  0.0000E+00  0.0000E+00  0.0000E+00  0.0000E+00  0.0000E+00  0.0000E+00  0.0000E+00  0.0000E+00  2.5261E-03  3.0493E-03  3.6809E-03  4.4434E-03  5.3629E-03  6.4730E-03  7.8127E-03  9.4289E-03  1.1379E-02  1.3732E-02  1.6571E-02  1.9996E-02  2.4131E-02  2.9123E-02  3.5150E-02  4.2434E-02  5.1242E-02  6.1900E-02  7.4807E-02  9.0450E-02  1.0941E-01  1.3236E-01  1.6000E-01  1.9309E-01  2.3210E-01  2.7709E-01  3.2738E-01  3.8168E-01  4.3833E-01
  0.0000E+00  0.0000E+00  0.0000E+00  0.0000E+00  0.0000E+00  0.0000E+00  0.0000E+00  0.0000E+00  0.0000E+00  0.0000E+00  0.0000E+00  0.0000E+00  0.0000E+00  0.0000E+00  0.0000E+00  0.0000E+00  0.0000E+00  0.0000E+00  0.0000E+00  0.0000E+00  0.0000E+00  0.0000E+00  0.0000E+00  0.0000E+00  0.0000E+00  0.0000E+00  0.0000E+00  0.0000E+00  0.0000E+00  0.0000E+00  0.0000E+00  0.0000E+00  0.0000E+00  0.0000E+00  0.0000E+00  0.0000E+00  0.0000E+00  0.0000E+00  0.0000E+00  0.0000E+00  0.0000E+00  2.4931E-03  3.0094E-03  3.6328E-03  4.3855E-03  5.2931E-03  6.3887E-03  7.7113E-03  9.3067E-03  1.1231E-02  1.3555E-02  1.6358E-02  1.9742E-02  2.3825E-02  2.8757E-02  3.4714E-02  4.1914E-02  5.0625E-02  6.1170E-02  7.3948E-02  8.9445E-02  1.0824E-01  1.3102E-01  1.5847E-01  1.9136E-01  2.3017E-01  2.7495E-01  3.2501E-01  3.7906E-01  4.3542E-01
  0.0000E+00  0.0000E+00  0.0000E+00  0.0000E+00  0.0000E+00  0.0000E+00  0.0000E+00  0.0000E+00  0.0000E+00  0.0000E+00  0.0000E+00  0.0000E+00  0.0000E+00  0.0000E+00  0.0000E+00  0.0000E+00  0.0000E+00  0.0000E+00  0.0000E+00  0.0000E+00  0.0000E+00  0.0000E+00  0.0000E+00  0.0000E+00  0.0000E+00  0.0000E+00  0.0000E+00  0.0000E+00  0.0000E+00  0.0000E+00  0.0000E+00  0.0000E+00  0.0000E+00  0.0000E+00  0.0000E+00  0.0000E+00  0.0000E+00  0.0000E+00  0.0000E+00  0.0000E+00  0.0000E+00  2.4592E-03  2.9686E-03  3.5835E-03  4.3260E-03  5.2214E-03  6.3024E-03  7.6072E-03  9.1815E-03  1.1081E-02  1.3374E-02  1.6140E-02  1.9480E-02  2.3512E-02  2.8383E-02  3.4267E-02  4.1383E-02  4.9995E-02  6.0428E-02  7.3077E-02  8.8430E-02  1.0707E-01  1.2968E-01  1.5695E-01  1.8966E-01  2.2829E-01  2.7289E-01  3.2275E-01  3.7655E-01  4.3260E-01
  0.0000E+00  0.0000E+00  0.0000E+00  0.0000E+00  0.0000E+00  0.0000E+00  0.0000E+00  0.0000E+00  0.0000E+00  0.0000E+00  0.0000E+00  0.0000E+00  0.0000E+00  0.0000E+00  0.0000E+00  0.0000E+00  0.0000E+00  0.0000E+00  0.0000E+00  0.0000E+00  0.0000E+00  0.0000E+00  0.0000E+00  0.0000E+00  0.0000E+00  0.0000E+00  0.0000E+00  0.0000E+00  0.0000E+00  0.0000E+00  0.0000E+00  0.0000E+00  0.0000E+00  0.0000E+00  0.0000E+00  0.0000E+00  0.0000E+00  0.0000E+00  0.0000E+00  0.0000E+00  0.0000E+00  2.4255E-03  2.9278E-03  3.5344E-03  4.2668E-03  5.1500E-03  6.2162E-03  7.5035E-03  9.0565E-03  1.0930E-02  1.3193E-02  1.5923E-02  1.9219E-02  2.3200E-02  2.8009E-02  3.3821E-02  4.0852E-02  4.9366E-02  5.9684E-02  7.2204E-02  8.7412E-02  1.0589E-01  1.2833E-01  1.5542E-01  1.8795E-01  2.2640E-01  2.7082E-01  3.2047E-01  3.7403E-01  4.2977E-01
  0.0000E+00  0.0000E+00  0.0000E+00  0.0000E+00  0.0000E+00  0.0000E+00  0.0000E+00  0.0000E+00  0.0000E+00  0.0000E+00  0.0000E+00  0.0000E+00  0.0000E+00  0.0000E+00  0.0000E+00  0.0000E+00  0.0000E+00  0.0000E+00  0.0000E+00  0.0000E+00  0.0000E+00  0.0000E+00  0.0000E+00  0.0000E+00  0.0000E+00  0.0000E+00  0.0000E+00  0.0000E+00  0.0000E+00  0.0000E+00  0.0000E+00  0.0000E+00  0.0000E+00  0.0000E+00  0.0000E+00  0.0000E+00  0.0000E+00  0.0000E+00  0.0000E+00  0.0000E+00  0.0000E+00  2.3914E-03  2.8867E-03  3.4848E-03  4.2069E-03  5.0778E-03  6.1293E-03  7.3986E-03  8.9303E-03  1.0778E-02  1.3010E-02  1.5703E-02  1.8956E-02  2.2884E-02  2.7631E-02  3.3370E-02  4.0315E-02  4.8729E-02  5.8932E-02  7.1321E-02  8.6384E-02  1.0471E-01  1.2697E-01  1.5390E-01  1.8626E-01  2.2456E-01  2.6882E-01  3.1830E-01  3.7165E-01  4.2711E-01
  0.0000E+00  0.0000E+00  0.0000E+00  0.0000E+00  0.0000E+00  0.0000E+00  0.0000E+00  0.0000E+00  0.0000E+00  0.0000E+00  0.0000E+00  0.0000E+00  0.0000E+00  0.0000E+00  0.0000E+00  0.0000E+00  0.0000E+00  0.0000E+00  0.0000E+00  0.0000E+00  0.0000E+00  0.0000E+00  0.0000E+00  0.0000E+00  0.0000E+00  0.0000E+00  0.0000E+00  0.0000E+00  0.0000E+00  0.0000E+00  0.0000E+00  0.0000E+00  0.0000E+00  0.0000E+00  0.0000E+00  0.0000E+00  0.0000E+00  0.0000E+00  0.0000E+00  0.0000E+00  0.0000E+00  2.3572E-03  2.8454E-03  3.4350E-03  4.1469E-03  5.0054E-03  6.0419E-03  7.2934E-03  8.8035E-03  1.0626E-02  1.2826E-02  1.5483E-02  1.8691E-02  2.2566E-02  2.7250E-02  3.2915E-02  3.9774E-02  4.8087E-02  5.8174E-02  7.0431E-02  8.5346E-02  1.0351E-01  1.2561E-01  1.5236E-01  1.8456E-01  2.2269E-01  2.6680E-01  3.1613E-01  3.6927E-01  4.2445E-01
  0.0000E+00  0.0000E+00  0.0000E+00  0.0000E+00  0.0000E+00  0.0000E+00  0.0000E+00  0.0000E+00  0.0000E+00  0.0000E+00  0.0000E+00  0.0000E+00  0.0000E+00  0.0000E+00  0.0000E+00  0.0000E+00  0.0000E+00  0.0000E+00  0.0000E+00  0.0000E+00  0.0000E+00  0.0000E+00  0.0000E+00  0.0000E+00  0.0000E+00  0.0000E+00  0.0000E+00  0.0000E+00  0.0000E+00  0.0000E+00  0.0000E+00  0.0000E+00  0.0000E+00  0.0000E+00  0.0000E+00  0.0000E+00  0.0000E+00  0.0000E+00  0.0000E+00  0.0000E+00  0.0000E+00  2.3227E-03  2.8038E-03  3.3847E-03  4.0862E-03  4.9323E-03  5.9538E-03  7.1871E-03  8.6755E-03  1.0472E-02  1.2641E-02  1.5260E-02  1.8423E-02  2.2244E-02  2.6865E-02  3.2455E-02  3.9225E-02  4.7435E-02  5.7403E-02  6.9526E-02  8.4292E-02  1.0229E-01  1.2422E-01  1.5081E-01  1.8285E-01  2.2084E-01  2.6483E-01  3.1404E-01  3.6701E-01  4.2195E-01
  0.0000E+00  0.0000E+00  0.0000E+00  0.0000E+00  0.0000E+00  0.0000E+00  0.0000E+00  0.0000E+00  0.0000E+00  0.0000E+00  0.0000E+00  0.0000E+00  0.0000E+00  0.0000E+00  0.0000E+00  0.0000E+00  0.0000E+00  0.0000E+00  0.0000E+00  0.0000E+00  0.0000E+00  0.0000E+00  0.0000E+00  0.0000E+00  0.0000E+00  0.0000E+00  0.0000E+00  0.0000E+00  0.0000E+00  0.0000E+00  0.0000E+00  0.0000E+00  0.0000E+00  0.0000E+00  0.0000E+00  0.0000E+00  0.0000E+00  0.0000E+00  0.0000E+00  0.0000E+00  0.0000E+00  0.0000E+00  2.7619E-03  3.3341E-03  4.0252E-03  4.8586E-03  5.8650E-03  7.0801E-03  8.5463E-03  1.0316E-02  1.2453E-02  1.5034E-02  1.8152E-02  2.1919E-02  2.6476E-02  3.1990E-02  3.8669E-02  4.6775E-02  5.6623E-02  6.8609E-02  8.3221E-02  1.0106E-01  1.2281E-01  1.4923E-01  1.8112E-01  2.1899E-01  2.6287E-01  3.1198E-01  3.6481E-01  4.1954E-01
  0.0000E+00  0.0000E+00  0.0000E+00  0.0000E+00  0.0000E+00  0.0000E+00  0.0000E+00  0.0000E+00  0.0000E+00  0.0000E+00  0.0000E+00  0.0000E+00  0.0000E+00  0.0000E+00  0.0000E+00  0.0000E+00  0.0000E+00  0.0000E+00  0.0000E+00  0.0000E+00  0.0000E+00  0.0000E+00  0.0000E+00  0.0000E+00  0.0000E+00  0.0000E+00  0.0000E+00  0.0000E+00  0.0000E+00  0.0000E+00  0.0000E+00  0.0000E+00  0.0000E+00  0.0000E+00  0.0000E+00  0.0000E+00  0.0000E+00  0.0000E+00  0.0000E+00  0.0000E+00  0.0000E+00  0.0000E+00  2.7198E-03  3.2835E-03  3.9640E-03  4.7848E-03  5.7760E-03  6.9727E-03  8.4170E-03  1.0160E-02  1.2266E-02  1.4808E-02  1.7880E-02  2.1593E-02  2.6084E-02  3.1521E-02  3.8109E-02  4.6108E-02  5.5833E-02  6.7679E-02  8.2136E-02  9.9800E-02  1.2138E-01  1.4763E-01  1.7936E-01  2.1711E-01  2.6090E-01  3.0993E-01  3.6266E-01  4.1720E-01
  0.0000E+00  0.0000E+00  0.0000E+00  0.0000E+00  0.0000E+00  0.0000E+00  0.0000E+00  0.0000E+00  0.0000E+00  0.0000E+00  0.0000E+00  0.0000E+00  0.0000E+00  0.0000E+00  0.0000E+00  0.0000E+00  0.0000E+00  0.0000E+00  0.0000E+00  0.0000E+00  0.0000E+00  0.0000E+00  0.0000E+00  0.0000E+00  0.0000E+00  0.0000E+00  0.0000E+00  0.0000E+00  0.0000E+00  0.0000E+00  0.0000E+00  0.0000E+00  0.0000E+00  0.0000E+00  0.0000E+00  0.0000E+00  0.0000E+00  0.0000E+00  0.0000E+00  0.0000E+00  0.0000E+00  0.0000E+00  2.6779E-03  3.2328E-03  3.9029E-03  4.7110E-03  5.6869E-03  6.8652E-03  8.2874E-03  1.0004E-02  1.2077E-02  1.4581E-02  1.7607E-02  2.1264E-02  2.5690E-02  3.1048E-02  3.7544E-02  4.5435E-02  5.5034E-02  6.6737E-02  8.1033E-02  9.8523E-02  1.1993E-01  1.4600E-01  1.7758E-01  2.1521E-01  2.5893E-01  3.0793E-01  3.6060E-01  4.1499E-01
  0.0000E+00  0.0000E+00  0.0000E+00  0.0000E+00  0.0000E+00  0.0000E+00  0.0000E+00  0.0000E+00  0.0000E+00  0.0000E+00  0.0000E+00  0.0000E+00  0.0000E+00  0.0000E+00  0.0000E+00  0.0000E+00  0.0000E+00  0.0000E+00  0.0000E+00  0.0000E+00  0.0000E+00  0.0000E+00  0.0000E+00  0.0000E+00  0.0000E+00  0.0000E+00  0.0000E+00  0.0000E+00  0.0000E+00  0.0000E+00  0.0000E+00  0.0000E+00  0.0000E+00  0.0000E+00  0.0000E+00  0.0000E+00  0.0000E+00  0.0000E+00  0.0000E+00  0.0000E+00  0.0000E+00  0.0000E+00  2.6360E-03  3.1823E-03  3.8419E-03  4.6374E-03  5.5981E-03  6.7581E-03  8.1580E-03  9.8479E-03  1.1889E-02  1.4355E-02  1.7334E-02  2.0936E-02  2.5295E-02  3.0574E-02  3.6978E-02  4.4759E-02  5.4230E-02  6.5786E-02  7.9917E-02  9.7228E-02  1.1844E-01  1.4433E-01  1.7575E-01  2.1326E-01  2.5691E-01  3.0588E-01  3.5850E-01  4.1277E-01
  0.0000E+00  0.0000E+00  0.0000E+00  0.0000E+00  0.0000E+00  0.0000E+00  0.0000E+00  0.0000E+00  0.0000E+00  0.0000E+00  0.0000E+00  0.0000E+00  0.0000E+00  0.0000E+00  0.0000E+00  0.0000E+00  0.0000E+00  0.0000E+00  0.0000E+00  0.0000E+00  0.0000E+00  0.0000E+00  0.0000E+00  0.0000E+00  0.0000E+00  0.0000E+00  0.0000E+00  0.0000E+00  0.0000E+00  0.0000E+00  0.0000E+00  0.0000E+00  0.0000E+00  0.0000E+00  0.0000E+00  0.0000E+00  0.0000E+00  0.0000E+00  0.0000E+00  0.0000E+00  0.0000E+00  0.0000E+00  2.5950E-03  3.1327E-03  3.7820E-03  4.5652E-03  5.5109E-03  6.6528E-03  8.0310E-03  9.6946E-03  1.1704E-02  1.4131E-02  1.7065E-02  2.0612E-02  2.4905E-02  3.0105E-02  3.6414E-02  4.4084E-02  5.3426E-02  6.4832E-02  7.8794E-02  9.5918E-02  1.1694E-01  1.4263E-01  1.7388E-01  2.1128E-01  2.5489E-01  3.0386E-01  3.5651E-01  4.1072E-01
  0.0000E+00  0.0000E+00  0.0000E+00  0.0000E+00  0.0000E+00  0.0000E+00  0.0000E+00  0.0000E+00  0.0000E+00  0.0000E+00  0.0000E+00  0.0000E+00  0.0000E+00  0.0000E+00  0.0000E+00  0.0000E+00  0.0000E+00  0.0000E+00  0.0000E+00  0.0000E+00  0.0000E+00  0.0000E+00  0.0000E+00  0.0000E+00  0.0000E+00  0.0000E+00  0.0000E+00  0.0000E+00  0.0000E+00  0.0000E+00  0.0000E+00  0.0000E+00  0.0000E+00  0.0000E+00  0.0000E+00  0.0000E+00  0.0000E+00  0.0000E+00  0.0000E+00  0.0000E+00  0.0000E+00  0.0000E+00  2.5539E-03  3.0830E-03  3.7221E-03  4.4928E-03  5.4235E-03  6.5473E-03  7.9036E-03  9.5408E-03  1.1519E-02  1.3908E-02  1.6795E-02  2.0286E-02  2.4513E-02  2.9634E-02  3.5849E-02  4.3407E-02  5.2617E-02  6.3871E-02  7.7659E-02  9.4592E-02  1.1541E-01  1.4090E-01  1.7197E-01  2.0924E-01  2.5278E-01  3.0176E-01  3.5442E-01  4.0857E-01
  0.0000E+00  0.0000E+00  0.0000E+00  0.0000E+00  0.0000E+00  0.0000E+00  0.0000E+00  0.0000E+00  0.0000E+00  0.0000E+00  0.0000E+00  0.0000E+00  0.0000E+00  0.0000E+00  0.0000E+00  0.0000E+00  0.0000E+00  0.0000E+00  0.0000E+00  0.0000E+00  0.0000E+00  0.0000E+00  0.0000E+00  0.0000E+00  0.0000E+00  0.0000E+00  0.0000E+00  0.0000E+00  0.0000E+00  0.0000E+00  0.0000E+00  0.0000E+00  0.0000E+00  0.0000E+00  0.0000E+00  0.0000E+00  0.0000E+00  0.0000E+00  0.0000E+00  0.0000E+00  0.0000E+00  0.0000E+00  2.5145E-03  3.0354E-03  3.6645E-03  4.4233E-03  5.3395E-03  6.4458E-03  7.7810E-03  9.3927E-03  1.1340E-02  1.3691E-02  1.6534E-02  1.9971E-02  2.4132E-02  2.9175E-02  3.5296E-02  4.2742E-02  5.1820E-02  6.2920E-02  7.6531E-02  9.3266E-02  1.1387E-01  1.3915E-01  1.7003E-01  2.0716E-01  2.5066E-01  2.9968E-01  3.5242E-01  4.0661E-01
  0.0000E+00  0.0000E+00  0.0000E+00  0.0000E+00  0.0000E+00  0.0000E+00  0.0000E+00  0.0000E+00  0.0000E+00  0.0000E+00  0.0000E+00  0.0000E+00  0.0000E+00  0.0000E+00  0.0000E+00  0.0000E+00  0.0000E+00  0.0000E+00  0.0000E+00  0.0000E+00  0.0000E+00  0.0000E+00  0.0000E+00  0.0000E+00  0.0000E+00  0.0000E+00  0.0000E+00  0.0000E+00  0.0000E+00  0.0000E+00  0.0000E+00  0.0000E+00  0.0000E+00  0.0000E+00  0.0000E+00  0.0000E+00  0.0000E+00  0.0000E+00  0.0000E+00  0.0000E+00  0.0000E+00  0.0000E+00  2.4750E-03  2.9878E-03  3.6070E-03  4.3537E-03  5.2556E-03  6.3444E-03  7.6585E-03  9.2447E-03  1.1161E-02  1.3475E-02  1.6273E-02  1.9656E-02  2.3752E-02  2.8716E-02  3.4743E-02  4.2077E-02  5.1022E-02  6.1966E-02  7.5398E-02  9.1931E-02  1.1232E-01  1.3738E-01  1.6806E-01  2.0504E-01  2.4847E-01  2.9752E-01  3.5033E-01  4.0453E-01
  0.0000E+00  0.0000E+00  0.0000E+00  0.0000E+00  0.0000E+00  0.0000E+00  0.0000E+00  0.0000E+00  0.0000E+00  0.0000E+00  0.0000E+00  0.0000E+00  0.0000E+00  0.0000E+00  0.0000E+00  0.0000E+00  0.0000E+00  0.0000E+00  0.0000E+00  0.0000E+00  0.0000E+00  0.0000E+00  0.0000E+00  0.0000E+00  0.0000E+00  0.0000E+00  0.0000E+00  0.0000E+00  0.0000E+00  0.0000E+00  0.0000E+00  0.0000E+00  0.0000E+00  0.0000E+00  0.0000E+00  0.0000E+00  0.0000E+00  0.0000E+00  0.0000E+00  0.0000E+00  0.0000E+00  0.0000E+00  2.4381E-03  2.9432E-03  3.5530E-03  4.2886E-03  5.1768E-03  6.2492E-03  7.5434E-03  9.1056E-03  1.0993E-02  1.3272E-02  1.6027E-02  1.9358E-02  2.3391E-02  2.8279E-02  3.4215E-02  4.1440E-02  5.0254E-02  6.1043E-02  7.4295E-02  9.0623E-02  1.1078E-01  1.3561E-01  1.6608E-01  2.0289E-01  2.4625E-01  2.9535E-01  3.4827E-01  4.0256E-01
  0.0000E+00  0.0000E+00  0.0000E+00  0.0000E+00  0.0000E+00  0.0000E+00  0.0000E+00  0.0000E+00  0.0000E+00  0.0000E+00  0.0000E+00  0.0000E+00  0.0000E+00  0.0000E+00  0.0000E+00  0.0000E+00  0.0000E+00  0.0000E+00  0.0000E+00  0.0000E+00  0.0000E+00  0.0000E+00  0.0000E+00  0.0000E+00  0.0000E+00  0.0000E+00  0.0000E+00  0.0000E+00  0.0000E+00  0.0000E+00  0.0000E+00  0.0000E+00  0.0000E+00  0.0000E+00  0.0000E+00  0.0000E+00  0.0000E+00  0.0000E+00  0.0000E+00  0.0000E+00  0.0000E+00  0.0000E+00  2.4014E-03  2.8989E-03  3.4996E-03  4.2240E-03  5.0987E-03  6.1548E-03  7.4293E-03  8.9676E-03  1.0826E-02  1.3070E-02  1.5782E-02  1.9062E-02  2.3033E-02  2.7846E-02  3.3691E-02  4.0806E-02  4.9490E-02  6.0124E-02  7.3194E-02  8.9314E-02  1.0924E-01  1.3383E-01  1.6407E-01  2.0070E-01  2.4398E-01  2.9310E-01  3.4614E-01  4.0052E-01
  0.0000E+00  0.0000E+00  0.0000E+00  0.0000E+00  0.0000E+00  0.0000E+00  0.0000E+00  0.0000E+00  0.0000E+00  0.0000E+00  0.0000E+00  0.0000E+00  0.0000E+00  0.0000E+00  0.0000E+00  0.0000E+00  0.0000E+00  0.0000E+00  0.0000E+00  0.0000E+00  0.0000E+00  0.0000E+00  0.0000E+00  0.0000E+00  0.0000E+00  0.0000E+00  0.0000E+00  0.0000E+00  0.0000E+00  0.0000E+00  0.0000E+00  0.0000E+00  0.0000E+00  0.0000E+00  0.0000E+00  0.0000E+00  0.0000E+00  0.0000E+00  0.0000E+00  0.0000E+00  0.0000E+00  0.0000E+00  2.3673E-03  2.8576E-03  3.4496E-03  4.1636E-03  5.0258E-03  6.0665E-03  7.3225E-03  8.8383E-03  1.0669E-02  1.2880E-02  1.5552E-02  1.8783E-02  2.2695E-02  2.7437E-02  3.3194E-02  4.0204E-02  4.8760E-02  5.9242E-02  7.2133E-02  8.8044E-02  1.0774E-01  1.3208E-01  1.6207E-01  1.9851E-01  2.4168E-01  2.9083E-01  3.4399E-01  3.9851E-01
  0.0000E+00  0.0000E+00  0.0000E+00  0.0000E+00  0.0000E+00  0.0000E+00  0.0000E+00  0.0000E+00  0.0000E+00  0.0000E+00  0.0000E+00  0.0000E+00  0.0000E+00  0.0000E+00  0.0000E+00  0.0000E+00  0.0000E+00  0.0000E+00  0.0000E+00  0.0000E+00  0.0000E+00  0.0000E+00  0.0000E+00  0.0000E+00  0.0000E+00  0.0000E+00  0.0000E+00  0.0000E+00  0.0000E+00  0.0000E+00  0.0000E+00  0.0000E+00  0.0000E+00  0.0000E+00  0.0000E+00  0.0000E+00  0.0000E+00  0.0000E+00  0.0000E+00  0.0000E+00  0.0000E+00  0.0000E+00  2.3342E-03  2.8176E-03  3.4013E-03  4.1052E-03  4.9551E-03  5.9810E-03  7.2191E-03  8.7132E-03  1.0518E-02  1.2697E-02  1.5330E-02  1.8513E-02  2.2368E-02  2.7039E-02  3.2711E-02  3.9617E-02  4.8048E-02  5.8380E-02  7.1092E-02  8.6795E-02  1.0625E-01  1.3034E-01  1.6008E-01  1.9631E-01  2.3937E-01  2.8852E-01  3.4181E-01  3.9646E-01
  0.0000E+00  0.0000E+00  0.0000E+00  0.0000E+00  0.0000E+00  0.0000E+00  0.0000E+00  0.0000E+00  0.0000E+00  0.0000E+00  0.0000E+00  0.0000E+00  0.0000E+00  0.0000E+00  0.0000E+00  0.0000E+00  0.0000E+00  0.0000E+00  0.0000E+00  0.0000E+00  0.0000E+00  0.0000E+00  0.0000E+00  0.0000E+00  0.0000E+00  0.0000E+00  0.0000E+00  0.0000E+00  0.0000E+00  0.0000E+00  0.0000E+00  0.0000E+00  0.0000E+00  0.0000E+00  0.0000E+00  0.0000E+00  0.0000E+00  0.0000E+00  0.0000E+00  0.0000E+00  0.0000E+00  0.0000E+00  2.3031E-03  2.7800E-03  3.3559E-03  4.0503E-03  4.8886E-03  5.9006E-03  7.1217E-03  8.5951E-03  1.0375E-02  1.2523E-02  1.5119E-02  1.8258E-02  2.2057E-02  2.6662E-02  3.2252E-02  3.9058E-02  4.7368E-02  5.7553E-02  7.0090E-02  8.5586E-02  1.0481E-01  1.2864E-01  1.5811E-01  1.9411E-01  2.3702E-01  2.8616E-01  3.3957E-01  3.9439E-01
  0.0000E+00  0.0000E+00  0.0000E+00  0.0000E+00  0.0000E+00  0.0000E+00  0.0000E+00  0.0000E+00  0.0000E+00  0.0000E+00  0.0000E+00  0.0000E+00  0.0000E+00  0.0000E+00  0.0000E+00  0.0000E+00  0.0000E+00  0.0000E+00  0.0000E+00  0.0000E+00  0.0000E+00  0.0000E+00  0.0000E+00  0.0000E+00  0.0000E+00  0.0000E+00  0.0000E+00  0.0000E+00  0.0000E+00  0.0000E+00  0.0000E+00  0.0000E+00  0.0000E+00  0.0000E+00  0.0000E+00  0.0000E+00  0.0000E+00  0.0000E+00  0.0000E+00  0.0000E+00  0.0000E+00  0.0000E+00  2.2738E-03  2.7447E-03  3.3132E-03  3.9986E-03  4.8262E-03  5.8250E-03  7.0302E-03  8.4843E-03  1.0240E-02  1.2360E-02  1.4921E-02  1.8018E-02  2.1765E-02  2.6305E-02  3.1817E-02  3.8528E-02  4.6721E-02  5.6763E-02  6.9128E-02  8.4420E-02  1.0341E-01  1.2697E-01  1.5618E-01  1.9193E-01  2.3468E-01  2.8378E-01  3.3731E-01  3.9230E-01
  0.0000E+00  0.0000E+00  0.0000E+00  0.0000E+00  0.0000E+00  0.0000E+00  0.0000E+00  0.0000E+00  0.0000E+00  0.0000E+00  0.0000E+00  0.0000E+00  0.0000E+00  0.0000E+00  0.0000E+00  0.0000E+00  0.0000E+00  0.0000E+00  0.0000E+00  0.0000E+00  0.0000E+00  0.0000E+00  0.0000E+00  0.0000E+00  0.0000E+00  0.0000E+00  0.0000E+00  0.0000E+00  0.0000E+00  0.0000E+00  0.0000E+00  0.0000E+00  0.0000E+00  0.0000E+00  0.0000E+00  0.0000E+00  0.0000E+00  0.0000E+00  0.0000E+00  0.0000E+00  0.0000E+00  0.0000E+00  2.2459E-03  2.7109E-03  3.2723E-03  3.9492E-03  4.7664E-03  5.7527E-03  6.9425E-03  8.3781E-03  1.0112E-02  1.2204E-02  1.4732E-02  1.7787E-02  2.1484E-02  2.5963E-02  3.1399E-02  3.8017E-02  4.6097E-02  5.6000E-02  6.8196E-02  8.3287E-02  1.0204E-01  1.2534E-01  1.5426E-01  1.8976E-01  2.3232E-01  2.8137E-01  3.3500E-01  3.9017E-01
  0.0000E+00  0.0000E+00  0.0000E+00  0.0000E+00  0.0000E+00  0.0000E+00  0.0000E+00  0.0000E+00  0.0000E+00  0.0000E+00  0.0000E+00  0.0000E+00  0.0000E+00  0.0000E+00  0.0000E+00  0.0000E+00  0.0000E+00  0.0000E+00  0.0000E+00  0.0000E+00  0.0000E+00  0.0000E+00  0.0000E+00  0.0000E+00  0.0000E+00  0.0000E+00  0.0000E+00  0.0000E+00  0.0000E+00  0.0000E+00  0.0000E+00  0.0000E+00  0.0000E+00  0.0000E+00  0.0000E+00  0.0000E+00  0.0000E+00  0.0000E+00  0.0000E+00  0.0000E+00  0.0000E+00  0.0000E+00  2.2198E-03  2.6794E-03  3.2342E-03  3.9032E-03  4.7107E-03  5.6851E-03  6.8608E-03  8.2791E-03  9.9915E-03  1.2058E-02  1.4555E-02  1.7571E-02  2.1221E-02  2.5642E-02  3.1007E-02  3.7537E-02  4.5508E-02  5.5278E-02  6.7311E-02  8.2204E-02  1.0072E-01  1.2375E-01  1.5239E-01  1.8761E-01  2.2997E-01  2.7894E-01  3.3265E-01  3.8800E-01
  0.0000E+00  0.0000E+00  0.0000E+00  0.0000E+00  0.0000E+00  0.0000E+00  0.0000E+00  0.0000E+00  0.0000E+00  0.0000E+00  0.0000E+00  0.0000E+00  0.0000E+00  0.0000E+00  0.0000E+00  0.0000E+00  0.0000E+00  0.0000E+00  0.0000E+00  0.0000E+00  0.0000E+00  0.0000E+00  0.0000E+00  0.0000E+00  0.0000E+00  0.0000E+00  0.0000E+00  0.0000E+00  0.0000E+00  0.0000E+00  0.0000E+00  0.0000E+00  0.0000E+00  0.0000E+00  0.0000E+00  0.0000E+00  0.0000E+00  0.0000E+00  0.0000E+00  0.0000E+00  0.0000E+00  0.0000E+00  2.1942E-03  2.6484E-03  3.1967E-03  3.8578E-03  4.6558E-03  5.6187E-03  6.7803E-03  8.1816E-03  9.8733E-03  1.1915E-02  1.4380E-02  1.7359E-02  2.0962E-02  2.5326E-02  3.0621E-02  3.7064E-02  4.4928E-02  5.4567E-02  6.6439E-02  8.1137E-02  9.9421E-02  1.2219E-01  1.5054E-01  1.8547E-01  2.2760E-01  2.7647E-01  3.3024E-01  3.8576E-01
  0.0000E+00  0.0000E+00  0.0000E+00  0.0000E+00  0.0000E+00  0.0000E+00  0.0000E+00  0.0000E+00  0.0000E+00  0.0000E+00  0.0000E+00  0.0000E+00  0.0000E+00  0.0000E+00  0.0000E+00  0.0000E+00  0.0000E+00  0.0000E+00  0.0000E+00  0.0000E+00  0.0000E+00  0.0000E+00  0.0000E+00  0.0000E+00  0.0000E+00  0.0000E+00  0.0000E+00  0.0000E+00  0.0000E+00  0.0000E+00  0.0000E+00  0.0000E+00  0.0000E+00  0.0000E+00  0.0000E+00  0.0000E+00  0.0000E+00  0.0000E+00  0.0000E+00  0.0000E+00  0.0000E+00  0.0000E+00  2.1692E-03  2.6183E-03  3.1603E-03  3.8138E-03  4.6024E-03  5.5543E-03  6.7023E-03  8.0872E-03  9.7588E-03  1.1776E-02  1.4211E-02  1.7154E-02  2.0712E-02  2.5021E-02  3.0249E-02  3.6608E-02  4.4369E-02  5.3879E-02  6.5594E-02  8.0101E-02  9.8154E-02  1.2065E-01  1.4871E-01  1.8334E-01  2.2522E-01  2.7395E-01  3.2774E-01  3.8341E-01
  0.0000E+00  0.0000E+00  0.0000E+00  0.0000E+00  0.0000E+00  0.0000E+00  0.0000E+00  0.0000E+00  0.0000E+00  0.0000E+00  0.0000E+00  0.0000E+00  0.0000E+00  0.0000E+00  0.0000E+00  0.0000E+00  0.0000E+00  0.0000E+00  0.0000E+00  0.0000E+00  0.0000E+00  0.0000E+00  0.0000E+00  0.0000E+00  0.0000E+00  0.0000E+00  0.0000E+00  0.0000E+00  0.0000E+00  0.0000E+00  0.0000E+00  0.0000E+00  0.0000E+00  0.0000E+00  0.0000E+00  0.0000E+00  0.0000E+00  0.0000E+00  0.0000E+00  0.0000E+00  0.0000E+00  0.0000E+00  0.0000E+00  2.5887E-03  3.1246E-03  3.7705E-03  4.5502E-03  5.4910E-03  6.6258E-03  7.9944E-03  9.6463E-03  1.1639E-02  1.4046E-02  1.6952E-02  2.0467E-02  2.4721E-02  2.9882E-02  3.6159E-02  4.3818E-02  5.3203E-02  6.4762E-02  7.9079E-02  9.6904E-02  1.1914E-01  1.4689E-01  1.8123E-01  2.2284E-01  2.7142E-01  3.2522E-01  3.8103E-01
  0.0000E+00  0.0000E+00  0.0000E+00  0.0000E+00  0.0000E+00  0.0000E+00  0.0000E+00  0.0000E+00  0.0000E+00  0.0000E+00  0.0000E+00  0.0000E+00  0.0000E+00  0.0000E+00  0.0000E+00  0.0000E+00  0.0000E+00  0.0000E+00  0.0000E+00  0.0000E+00  0.0000E+00  0.0000E+00  0.0000E+00  0.0000E+00  0.0000E+00  0.0000E+00  0.0000E+00  0.0000E+00  0.0000E+00  0.0000E+00  0.0000E+00  0.0000E+00  0.0000E+00  0.0000E+00  0.0000E+00  0.0000E+00  0.0000E+00  0.0000E+00  0.0000E+00  0.0000E+00  0.0000E+00  0.0000E+00  0.0000E+00  2.5596E-03  3.0894E-03  3.7279E-03  4.4987E-03  5.4287E-03  6.5504E-03  7.9031E-03  9.5357E-03  1.1505E-02  1.3883E-02  1.6754E-02  2.0226E-02  2.4428E-02  2.9523E-02  3.5720E-02  4.3279E-02  5.2540E-02  6.3947E-02  7.8077E-02  9.5676E-02  1.1764E-01  1.4510E-01  1.7913E-01  2.2046E-01  2.6886E-01  3.2263E-01  3.7855E-01
  0.0000E+00  0.0000E+00  0.0000E+00  0.0000E+00  0.0000E+00  0.0000E+00  0.0000E+00  0.0000E+00  0.0000E+00  0.0000E+00  0.0000E+00  0.0000E+00  0.0000E+00  0.0000E+00  0.0000E+00  0.0000E+00  0.0000E+00  0.0000E+00  0.0000E+00  0.0000E+00  0.0000E+00  0.0000E+00  0.0000E+00  0.0000E+00  0.0000E+00  0.0000E+00  0.0000E+00  0.0000E+00  0.0000E+00  0.0000E+00  0.0000E+00  0.0000E+00  0.0000E+00  0.0000E+00  0.0000E+00  0.0000E+00  0.0000E+00  0.0000E+00  0.0000E+00  0.0000E+00  0.0000E+00  0.0000E+00  0.0000E+00  2.5308E-03  3.0545E-03  3.6859E-03  4.4479E-03  5.3673E-03  6.4761E-03  7.8131E-03  9.4266E-03  1.1373E-02  1.3722E-02  1.6559E-02  1.9988E-02  2.4138E-02  2.9169E-02  3.5286E-02  4.2747E-02  5.1886E-02  6.3142E-02  7.7087E-02  9.4462E-02  1.1616E-01  1.4332E-01  1.7703E-01  2.1807E-01  2.6628E-01  3.2002E-01  3.7605E-01
  0.0000E+00  0.0000E+00  0.0000E+00  0.0000E+00  0.0000E+00  0.0000E+00  0.0000E+00  0.0000E+00  0.0000E+00  0.0000E+00  0.0000E+00  0.0000E+00  0.0000E+00  0.0000E+00  0.0000E+00  0.0000E+00  0.0000E+00  0.0000E+00  0.0000E+00  0.0000E+00  0.0000E+00  0.0000E+00  0.0000E+00  0.0000E+00  0.0000E+00  0.0000E+00  0.0000E+00  0.0000E+00  0.0000E+00  0.0000E+00  0.0000E+00  0.0000E+00  0.0000E+00  0.0000E+00  0.0000E+00  0.0000E+00  0.0000E+00  0.0000E+00  0.0000E+00  0.0000E+00  0.0000E+00  0.0000E+00  0.0000E+00  2.5013E-03  3.0190E-03  3.6430E-03  4.3960E-03  5.3046E-03  6.4001E-03  7.7213E-03  9.3154E-03  1.1238E-02  1.3559E-02  1.6360E-02  1.9747E-02  2.3844E-02  2.8810E-02  3.4848E-02  4.2210E-02  5.1227E-02  6.2333E-02  7.6093E-02  9.3244E-02  1.1468E-01  1.4153E-01  1.7492E-01  2.1566E-01  2.6365E-01  3.1732E-01  3.7342E-01
  0.0000E+00  0.0000E+00  0.0000E+00  0.0000E+00  0.0000E+00  0.0000E+00  0.0000E+00  0.0000E+00  0.0000E+00  0.0000E+00  0.0000E+00  0.0000E+00  0.0000E+00  0.0000E+00  0.0000E+00  0.0000E+00  0.0000E+00  0.0000E+00  0.0000E+00  0.0000E+00  0.0000E+00  0.0000E+00  0.0000E+00  0.0000E+00  0.0000E+00  0.0000E+00  0.0000E+00  0.0000E+00  0.0000E+00  0.0000E+00  0.0000E+00  0.0000E+00  0.0000E+00  0.0000E+00  0.0000E+00  0.0000E+00  0.0000E+00  0.0000E+00  0.0000E+00  0.0000E+00  0.0000E+00  0.0000E+00  0.0000E+00  2.4725E-03  2.9842E-03  3.6009E-03  4.3451E-03  5.2430E-03  6.3257E-03  7.6312E-03  9.2063E-03  1.1106E-02  1.3398E-02  1.6166E-02  1.9510E-02  2.3556E-02  2.8459E-02  3.4418E-02  4.1684E-02  5.0582E-02  6.1541E-02  7.5120E-02  9.2050E-02  1.1322E-01  1.3977E-01  1.7284E-01  2.1327E-01  2.6104E-01  3.1462E-01  3.7079E-01
  0.0000E+00  0.0000E+00  0.0000E+00  0.0000E+00  0.0000E+00  0.0000E+00  0.0000E+00  0.0000E+00  0.0000E+00  0.0000E+00  0.0000E+00  0.0000E+00  0.0000E+00  0.0000E+00  0.0000E+00  0.0000E+00  0.0000E+00  0.0000E+00  0.0000E+00  0.0000E+00  0.0000E+00  0.0000E+00  0.0000E+00  0.0000E+00  0.0000E+00  0.0000E+00  0.0000E+00  0.0000E+00  0.0000E+00  0.0000E+00  0.0000E+00  0.0000E+00  0.0000E+00  0.0000E+00  0.0000E+00  0.0000E+00  0.0000E+00  0.0000E+00  0.0000E+00  0.0000E+00  0.0000E+00  0.0000E+00  0.0000E+00  2.4430E-03  2.9486E-03  3.5579E-03  4.2931E-03  5.1801E-03  6.2496E-03  7.5390E-03  9.0946E-03  1.0971E-02  1.3234E-02  1.5966E-02  1.9267E-02  2.3260E-02  2.8098E-02  3.3977E-02  4.1144E-02  4.9920E-02  6.0728E-02  7.4122E-02  9.0829E-02  1.1174E-01  1.3799E-01  1.7073E-01  2.1086E-01  2.5841E-01  3.1191E-01  3.6813E-01
  0.0000E+00  0.0000E+00  0.0000E+00  0.0000E+00  0.0000E+00  0.0000E+00  0.0000E+00  0.0000E+00  0.0000E+00  0.0000E+00  0.0000E+00  0.0000E+00  0.0000E+00  0.0000E+00  0.0000E+00  0.0000E+00  0.0000E+00  0.0000E+00  0.0000E+00  0.0000E+00  0.0000E+00  0.0000E+00  0.0000E+00  0.0000E+00  0.0000E+00  0.0000E+00  0.0000E+00  0.0000E+00  0.0000E+00  0.0000E+00  0.0000E+00  0.0000E+00  0.0000E+00  0.0000E+00  0.0000E+00  0.0000E+00  0.0000E+00  0.0000E+00  0.0000E+00  0.0000E+00  0.0000E+00  0.0000E+00  0.0000E+00  2.4139E-03  2.9133E-03  3.5152E-03  4.2415E-03  5.1177E-03  6.1740E-03  7.4476E-03  8.9839E-03  1.0836E-02  1.3071E-02  1.5768E-02  1.9026E-02  2.2966E-02  2.7740E-02  3.3539E-02  4.0607E-02  4.9261E-02  5.9919E-02  7.3130E-02  8.9615E-02  1.1026E-01  1.3622E-01  1.6864E-01  2.0847E-01  2.5579E-01  3.0921E-01  3.6549E-01
  0.0000E+00  0.0000E+00  0.0000E+00  0.0000E+00  0.0000E+00  0.0000E+00  0.0000E+00  0.0000E+00  0.0000E+00  0.0000E+00  0.0000E+00  0.0000E+00  0.0000E+00  0.0000E+00  0.0000E+00  0.0000E+00  0.0000E+00  0.0000E+00  0.0000E+00  0.0000E+00  0.0000E+00  0.0000E+00  0.0000E+00  0.0000E+00  0.0000E+00  0.0000E+00  0.0000E+00  0.0000E+00  0.0000E+00  0.0000E+00  0.0000E+00  0.0000E+00  0.0000E+00  0.0000E+00  0.0000E+00  0.0000E+00  0.0000E+00  0.0000E+00  0.0000E+00  0.0000E+00  0.0000E+00  0.0000E+00  0.0000E+00  2.3861E-03  2.8797E-03  3.4746E-03  4.1924E-03  5.0583E-03  6.1021E-03  7.3604E-03  8.8782E-03  1.0708E-02  1.2915E-02  1.5579E-02  1.8796E-02  2.2685E-02  2.7396E-02  3.3117E-02  4.0090E-02  4.8625E-02  5.9137E-02  7.2168E-02  8.8435E-02  1.0882E-01  1.3448E-01  1.6659E-01  2.0613E-01  2.5322E-01  3.0655E-01  3.6290E-01
  0.0000E+00  0.0000E+00  0.0000E+00  0.0000E+00  0.0000E+00  0.0000E+00  0.0000E+00  0.0000E+00  0.0000E+00  0.0000E+00  0.0000E+00  0.0000E+00  0.0000E+00  0.0000E+00  0.0000E+00  0.0000E+00  0.0000E+00  0.0000E+00  0.0000E+00  0.0000E+00  0.0000E+00  0.0000E+00  0.0000E+00  0.0000E+00  0.0000E+00  0.0000E+00  0.0000E+00  0.0000E+00  0.0000E+00  0.0000E+00  0.0000E+00  0.0000E+00  0.0000E+00  0.0000E+00  0.0000E+00  0.0000E+00  0.0000E+00  0.0000E+00  0.0000E+00  0.0000E+00  0.0000E+00  0.0000E+00  0.0000E+00  2.3590E-03  2.8469E-03  3.4349E-03  4.1445E-03  5.0002E-03  6.0318E-03  7.2753E-03  8.7749E-03  1.0583E-02  1.2763E-02  1.5393E-02  1.8570E-02  2.2409E-02  2.7058E-02  3.2703E-02  3.9581E-02  4.7999E-02  5.8364E-02  7.1215E-02  8.7263E-02  1.0739E-01  1.3276E-01  1.6455E-01  2.0377E-01  2.5063E-01  3.0387E-01  3.6027E-01
  0.0000E+00  0.0000E+00  0.0000E+00  0.0000E+00  0.0000E+00  0.0000E+00  0.0000E+00  0.0000E+00  0.0000E+00  0.0000E+00  0.0000E+00  0.0000E+00  0.0000E+00  0.0000E+00  0.0000E+00  0.0000E+00  0.0000E+00  0.0000E+00  0.0000E+00  0.0000E+00  0.0000E+00  0.0000E+00  0.0000E+00  0.0000E+00  0.0000E+00  0.0000E+00  0.0000E+00  0.0000E+00  0.0000E+00  0.0000E+00  0.0000E+00  0.0000E+00  0.0000E+00  0.0000E+00  0.0000E+00  0.0000E+00  0.0000E+00  0.0000E+00  0.0000E+00  0.0000E+00  0.0000E+00  0.0000E+00  0.0000E+00  2.3340E-03  2.8167E-03  3.3984E-03  4.1002E-03  4.9467E-03  5.9670E-03  7.1966E-03  8.6794E-03  1.0467E-02  1.2622E-02  1.5221E-02  1.8360E-02  2.2152E-02  2.6743E-02  3.2315E-02  3.9102E-02  4.7407E-02  5.7632E-02  7.0308E-02  8.6143E-02  1.0602E-01  1.3109E-01  1.6256E-01  2.0149E-01  2.4812E-01  3.0126E-01  3.5774E-01
  0.0000E+00  0.0000E+00  0.0000E+00  0.0000E+00  0.0000E+00  0.0000E+00  0.0000E+00  0.0000E+00  0.0000E+00  0.0000E+00  0.0000E+00  0.0000E+00  0.0000E+00  0.0000E+00  0.0000E+00  0.0000E+00  0.0000E+00  0.0000E+00  0.0000E+00  0.0000E+00  0.0000E+00  0.0000E+00  0.0000E+00  0.0000E+00  0.0000E+00  0.0000E+00  0.0000E+00  0.0000E+00  0.0000E+00  0.0000E+00  0.0000E+00  0.0000E+00  0.0000E+00  0.0000E+00  0.0000E+00  0.0000E+00  0.0000E+00  0.0000E+00  0.0000E+00  0.0000E+00  0.0000E+00  0.0000E+00  0.0000E+00  2.3120E-03  2.7901E-03  3.3663E-03  4.0613E-03  4.8995E-03  5.9098E-03  7.1272E-03  8.5951E-03  1.0364E-02  1.2497E-02  1.5068E-02  1.8172E-02  2.1922E-02  2.6459E-02  3.1964E-02  3.8667E-02  4.6865E-02  5.6955E-02  6.9464E-02  8.5093E-02  1.0472E-01  1.2951E-01  1.6068E-01  1.9931E-01  2.4572E-01  2.9879E-01  3.5536E-01
  0.0000E+00  0.0000E+00  0.0000E+00  0.0000E+00  0.0000E+00  0.0000E+00  0.0000E+00  0.0000E+00  0.0000E+00  0.0000E+00  0.0000E+00  0.0000E+00  0.0000E+00  0.0000E+00  0.0000E+00  0.0000E+00  0.0000E+00  0.0000E+00  0.0000E+00  0.0000E+00  0.0000E+00  0.0000E+00  0.0000E+00  0.0000E+00  0.0000E+00  0.0000E+00  0.0000E+00  0.0000E+00  0.0000E+00  0.0000E+00  0.0000E+00  0.0000E+00  0.0000E+00  0.0000E+00  0.0000E+00  0.0000E+00  0.0000E+00  0.0000E+00  0.0000E+00  0.0000E+00  0.0000E+00  0.0000E+00  0.0000E+00  2.2918E-03  2.7656E-03  3.3367E-03  4.0255E-03  4.8560E-03  5.8570E-03  7.0631E-03  8.5171E-03  1.0269E-02  1.2381E-02  1.4927E-02  1.7998E-02  2.1708E-02  2.6195E-02  3.1637E-02  3.8259E-02  4.6355E-02  5.6317E-02  6.8664E-02  8.4092E-02  1.0348E-01  1.2798E-01  1.5885E-01  1.9719E-01  2.4338E-01  2.9637E-01  3.5303E-01
  0.0000E+00  0.0000E+00  0.0000E+00  0.0000E+00  0.0000E+00  0.0000E+00  0.0000E+00  0.0000E+00  0.0000E+00  0.0000E+00  0.0000E+00  0.0000E+00  0.0000E+00  0.0000E+00  0.0000E+00  0.0000E+00  0.0000E+00  0.0000E+00  0.0000E+00  0.0000E+00  0.0000E+00  0.0000E+00  0.0000E+00  0.0000E+00  0.0000E+00  0.0000E+00  0.0000E+00  0.0000E+00  0.0000E+00  0.0000E+00  0.0000E+00  0.0000E+00  0.0000E+00  0.0000E+00  0.0000E+00  0.0000E+00  0.0000E+00  0.0000E+00  0.0000E+00  0.0000E+00  0.0000E+00  0.0000E+00  0.0000E+00  2.2756E-03  2.7461E-03  3.3129E-03  3.9967E-03  4.8212E-03  5.8146E-03  7.0115E-03  8.4542E-03  1.0192E-02  1.2287E-02  1.4811E-02  1.7856E-02  2.1531E-02  2.5974E-02  3.1361E-02  3.7912E-02  4.5916E-02  5.5759E-02  6.7954E-02  8.3189E-02  1.0234E-01  1.2657E-01  1.5713E-01  1.9518E-01  2.4116E-01  2.9408E-01  3.5087E-01
  0.0000E+00  0.0000E+00  0.0000E+00  0.0000E+00  0.0000E+00  0.0000E+00  0.0000E+00  0.0000E+00  0.0000E+00  0.0000E+00  0.0000E+00  0.0000E+00  0.0000E+00  0.0000E+00  0.0000E+00  0.0000E+00  0.0000E+00  0.0000E+00  0.0000E+00  0.0000E+00  0.0000E+00  0.0000E+00  0.0000E+00  0.0000E+00  0.0000E+00  0.0000E+00  0.0000E+00  0.0000E+00  0.0000E+00  0.0000E+00  0.0000E+00  0.0000E+00  0.0000E+00  0.0000E+00  0.0000E+00  0.0000E+00  0.0000E+00  0.0000E+00  0.0000E+00  0.0000E+00  0.0000E+00  0.0000E+00  0.0000E+00  2.2599E-03  2.7270E-03  3.2899E-03  3.9687E-03  4.7872E-03  5.7734E-03  6.9613E-03  8.3931E-03  1.0118E-02  1.2195E-02  1.4699E-02  1.7717E-02  2.1359E-02  2.5761E-02  3.1094E-02  3.7575E-02  4.5491E-02  5.5218E-02  6.7264E-02  8.2312E-02  1.0123E-01  1.2518E-01  1.5545E-01  1.9321E-01  2.3896E-01  2.9180E-01  3.4869E-01
  0.0000E+00  0.0000E+00  0.0000E+00  0.0000E+00  0.0000E+00  0.0000E+00  0.0000E+00  0.0000E+00  0.0000E+00  0.0000E+00  0.0000E+00  0.0000E+00  0.0000E+00  0.0000E+00  0.0000E+00  0.0000E+00  0.0000E+00  0.0000E+00  0.0000E+00  0.0000E+00  0.0000E+00  0.0000E+00  0.0000E+00  0.0000E+00  0.0000E+00  0.0000E+00  0.0000E+00  0.0000E+00  0.0000E+00  0.0000E+00  0.0000E+00  0.0000E+00  0.0000E+00  0.0000E+00  0.0000E+00  0.0000E+00  0.0000E+00  0.0000E+00  0.0000E+00  0.0000E+00  0.0000E+00  0.0000E+00  0.0000E+00  2.2464E-03  2.7107E-03  3.2701E-03  3.9448E-03  4.7582E-03  5.7381E-03  6.9185E-03  8.3409E-03  1.0054E-02  1.2117E-02  1.4603E-02  1.7599E-02  2.1212E-02  2.5578E-02  3.0864E-02  3.7284E-02  4.5120E-02  5.4742E-02  6.6651E-02  8.1522E-02  1.0022E-01  1.2390E-01  1.5385E-01  1.9131E-01  2.3681E-01  2.8954E-01  3.4653E-01
  0.0000E+00  0.0000E+00  0.0000E+00  0.0000E+00  0.0000E+00  0.0000E+00  0.0000E+00  0.0000E+00  0.0000E+00  0.0000E+00  0.0000E+00  0.0000E+00  0.0000E+00  0.0000E+00  0.0000E+00  0.0000E+00  0.0000E+00  0.0000E+00  0.0000E+00  0.0000E+00  0.0000E+00  0.0000E+00  0.0000E+00  0.0000E+00  0.0000E+00  0.0000E+00  0.0000E+00  0.0000E+00  0.0000E+00  0.0000E+00  0.0000E+00  0.0000E+00  0.0000E+00  0.0000E+00  0.0000E+00  0.0000E+00  0.0000E+00  0.0000E+00  0.0000E+00  0.0000E+00  0.0000E+00  0.0000E+00  0.0000E+00  2.2329E-03  2.6944E-03  3.2504E-03  3.9209E-03  4.7292E-03  5.7029E-03  6.8757E-03  8.2888E-03  9.9902E-03  1.2039E-02  1.4507E-02  1.7481E-02  2.1066E-02  2.5396E-02  3.0635E-02  3.6995E-02  4.4752E-02  5.4270E-02  6.6043E-02  8.0736E-02  9.9206E-02  1.2262E-01  1.5226E-01  1.8940E-01  2.3465E-01  2.8726E-01  3.4434E-01
  0.0000E+00  0.0000E+00  0.0000E+00  0.0000E+00  0.0000E+00  0.0000E+00  0.0000E+00  0.0000E+00  0.0000E+00  0.0000E+00  0.0000E+00  0.0000E+00  0.0000E+00  0.0000E+00  0.0000E+00  0.0000E+00  0.0000E+00  0.0000E+00  0.0000E+00  0.0000E+00  0.0000E+00  0.0000E+00  0.0000E+00  0.0000E+00  0.0000E+00  0.0000E+00  0.0000E+00  0.0000E+00  0.0000E+00  0.0000E+00  0.0000E+00  0.0000E+00  0.0000E+00  0.0000E+00  0.0000E+00  0.0000E+00  0.0000E+00  0.0000E+00  0.0000E+00  0.0000E+00  0.0000E+00  0.0000E+00  0.0000E+00  2.2205E-03  2.6794E-03  3.2322E-03  3.8988E-03  4.7025E-03  5.6705E-03  6.8363E-03  8.2409E-03  9.9318E-03  1.1968E-02  1.4419E-02  1.7372E-02  2.0932E-02  2.5228E-02  3.0425E-02  3.6729E-02  4.4411E-02  5.3831E-02  6.5474E-02  7.9997E-02  9.8249E-02  1.2139E-01  1.5073E-01  1.8755E-01  2.3253E-01  2.8502E-01  3.4217E-01
  0.0000E+00  0.0000E+00  0.0000E+00  0.0000E+00  0.0000E+00  0.0000E+00  0.0000E+00  0.0000E+00  0.0000E+00  0.0000E+00  0.0000E+00  0.0000E+00  0.0000E+00  0.0000E+00  0.0000E+00  0.0000E+00  0.0000E+00  0.0000E+00  0.0000E+00  0.0000E+00  0.0000E+00  0.0000E+00  0.0000E+00  0.0000E+00  0.0000E+00  0.0000E+00  0.0000E+00  0.0000E+00  0.0000E+00  0.0000E+00  0.0000E+00  0.0000E+00  0.0000E+00  0.0000E+00  0.0000E+00  0.0000E+00  0.0000E+00  0.0000E+00  0.0000E+00  0.0000E+00  0.0000E+00  0.0000E+00  0.0000E+00  2.2086E-03  2.6649E-03  3.2147E-03  3.8776E-03  4.6767E-03  5.6393E-03  6.7984E-03  8.1947E-03  9.8755E-03  1.1899E-02  1.4335E-02  1.7268E-02  2.0803E-02  2.5067E-02  3.0222E-02  3.6472E-02  4.4083E-02  5.3409E-02  6.4926E-02  7.9284E-02  9.7323E-02  1.2020E-01  1.4924E-01  1.8574E-01  2.3045E-01  2.8280E-01  3.4001E-01
  0.0000E+00  0.0000E+00  0.0000E+00  0.0000E+00  0.0000E+00  0.0000E+00  0.0000E+00  0.0000E+00  0.0000E+00  0.0000E+00  0.0000E+00  0.0000E+00  0.0000E+00  0.0000E+00  0.0000E+00  0.0000E+00  0.0000E+00  0.0000E+00  0.0000E+00  0.0000E+00  0.0000E+00  0.0000E+00  0.0000E+00  0.0000E+00  0.0000E+00  0.0000E+00  0.0000E+00  0.0000E+00  0.0000E+00  0.0000E+00  0.0000E+00  0.0000E+00  0.0000E+00  0.0000E+00  0.0000E+00  0.0000E+00  0.0000E+00  0.0000E+00  0.0000E+00  0.0000E+00  0.0000E+00  0.0000E+00  0.0000E+00  0.0000E+00  2.6501E-03  3.1968E-03  3.8559E-03  4.6505E-03  5.6075E-03  6.7598E-03  8.1478E-03  9.8184E-03  1.1829E-02  1.4249E-02  1.7164E-02  2.0674E-02  2.4906E-02  3.0021E-02  3.6218E-02  4.3759E-02  5.2992E-02  6.4387E-02  7.8582E-02  9.6412E-02  1.1903E-01  1.4776E-01  1.8394E-01  2.2837E-01  2.8056E-01  3.3781E-01
  0.0000E+00  0.0000E+00  0.0000E+00  0.0000E+00  0.0000E+00  0.0000E+00  0.0000E+00  0.0000E+00  0.0000E+00  0.0000E+00  0.0000E+00  0.0000E+00  0.0000E+00  0.0000E+00  0.0000E+00  0.0000E+00  0.0000E+00  0.0000E+00  0.0000E+00  0.0000E+00  0.0000E+00  0.0000E+00  0.0000E+00  0.0000E+00  0.0000E+00  0.0000E+00  0.0000E+00  0.0000E+00  0.0000E+00  0.0000E+00  0.0000E+00  0.0000E+00  0.0000E+00  0.0000E+00  0.0000E+00  0.0000E+00  0.0000E+00  0.0000E+00  0.0000E+00  0.0000E+00  0.0000E+00  0.0000E+00  0.0000E+00  0.0000E+00  2.6350E-03  3.1785E-03  3.8339E-03  4.6237E-03  5.5751E-03  6.7205E-03  8.1001E-03  9.7604E-03  1.1759E-02  1.4163E-02  1.7057E-02  2.0543E-02  2.4744E-02  2.9818E-02  3.5962E-02  4.3434E-02  5.2576E-02  6.3848E-02  7.7882E-02  9.5503E-02  1.1786E-01  1.4628E-01  1.8213E-01  2.2627E-01  2.7828E-01  3.3556E-01
  0.0000E+00  0.0000E+00  0.0000E+00  0.0000E+00  0.0000E+00  0.0000E+00  0.0000E+00  0.0000E+00  0.0000E+00  0.0000E+00  0.0000E+00  0.0000E+00  0.0000E+00  0.0000E+00  0.0000E+00  0.0000E+00  0.0000E+00  0.0000E+00  0.0000E+00  0.0000E+00  0.0000E+00  0.0000E+00  0.0000E+00  0.0000E+00  0.0000E+00  0.0000E+00  0.0000E+00  0.0000E+00  0.0000E+00  0.0000E+00  0.0000E+00  0.0000E+00  0.0000E+00  0.0000E+00  0.0000E+00  0.0000E+00  0.0000E+00  0.0000E+00  0.0000E+00  0.0000E+00  0.0000E+00  0.0000E+00  0.0000E+00  0.0000E+00  2.6195E-03  3.1597E-03  3.8111E-03  4.5963E-03  5.5418E-03  6.6802E-03  8.0512E-03  9.7010E-03  1.1686E-02  1.4075E-02  1.6949E-02  2.0410E-02  2.4580E-02  2.9614E-02  3.5706E-02  4.3110E-02  5.2162E-02  6.3314E-02  7.7190E-02  9.4604E-02  1.1670E-01  1.4481E-01  1.8033E-01  2.2416E-01  2.7598E-01  3.3325E-01
  0.0000E+00  0.0000E+00  0.0000E+00  0.0000E+00  0.0000E+00  0.0000E+00  0.0000E+00  0.0000E+00  0.0000E+00  0.0000E+00  0.0000E+00  0.0000E+00  0.0000E+00  0.0000E+00  0.0000E+00  0.0000E+00  0.0000E+00  0.0000E+00  0.0000E+00  0.0000E+00  0.0000E+00  0.0000E+00  0.0000E+00  0.0000E+00  0.0000E+00  0.0000E+00  0.0000E+00  0.0000E+00  0.0000E+00  0.0000E+00  0.0000E+00  0.0000E+00  0.0000E+00  0.0000E+00  0.0000E+00  0.0000E+00  0.0000E+00  0.0000E+00  0.0000E+00  0.0000E+00  0.0000E+00  0.0000E+00  0.0000E+00  0.0000E+00  2.6032E-03  3.1400E-03  3.7873E-03  4.5675E-03  5.5071E-03  6.6381E-03  8.0002E-03  9.6392E-03  1.1611E-02  1.3983E-02  1.6838E-02  2.0273E-02  2.4410E-02  2.9404E-02  3.5444E-02  4.2779E-02  5.1740E-02  6.2773E-02  7.6490E-02  9.3697E-02  1.1553E-01  1.4332E-01  1.7850E-01  2.2201E-01  2.7362E-01  3.3087E-01
  0.0000E+00  0.0000E+00  0.0000E+00  0.0000E+00  0.0000E+00  0.0000E+00  0.0000E+00  0.0000E+00  0.0000E+00  0.0000E+00  0.0000E+00  0.0000E+00  0.0000E+00  0.0000E+00  0.0000E+00  0.0000E+00  0.0000E+00  0.0000E+00  0.0000E+00  0.0000E+00  0.0000E+00  0.0000E+00  0.0000E+00  0.0000E+00  0.0000E+00  0.0000E+00  0.0000E+00  0.0000E+00  0.0000E+00  0.0000E+00  0.0000E+00  0.0000E+00  0.0000E+00  0.0000E+00  0.0000E+00  0.0000E+00  0.0000E+00  0.0000E+00  0.0000E+00  0.0000E+00  0.0000E+00  0.0000E+00  0.0000E+00  0.0000E+00  2.5878E-03  3.1214E-03  3.7648E-03  4.5403E-03  5.4741E-03  6.5983E-03  7.9520E-03  9.5806E-03  1.1540E-02  1.3897E-02  1.6732E-02  2.0143E-02  2.4250E-02  2.9205E-02  3.5195E-02  4.2466E-02  5.1341E-02  6.2260E-02  7.5826E-02  9.2834E-02  1.1441E-01  1.4190E-01  1.7674E-01  2.1994E-01  2.7134E-01  3.2855E-01
  0.0000E+00  0.0000E+00  0.0000E+00  0.0000E+00  0.0000E+00  0.0000E+00  0.0000E+00  0.0000E+00  0.0000E+00  0.0000E+00  0.0000E+00  0.0000E+00  0.0000E+00  0.0000E+00  0.0000E+00  0.0000E+00  0.0000E+00  0.0000E+00  0.0000E+00  0.0000E+00  0.0000E+00  0.0000E+00  0.0000E+00  0.0000E+00  0.0000E+00  0.0000E+00  0.0000E+00  0.0000E+00  0.0000E+00  0.0000E+00  0.0000E+00  0.0000E+00  0.0000E+00  0.0000E+00  0.0000E+00  0.0000E+00  0.0000E+00  0.0000E+00  0.0000E+00  0.0000E+00  0.0000E+00  0.0000E+00  0.0000E+00  0.0000E+00  2.5730E-03  3.1036E-03  3.7434E-03  4.5143E-03  5.4427E-03  6.5603E-03  7.9059E-03  9.5247E-03  1.1472E-02  1.3814E-02  1.6631E-02  2.0019E-02  2.4097E-02  2.9015E-02  3.4957E-02  4.2165E-02  5.0957E-02  6.1765E-02  7.5181E-02  9.1993E-02  1.1332E-01  1.4050E-01  1.7501E-01  2.1790E-01  2.6908E-01  3.2626E-01
  0.0000E+00  0.0000E+00  0.0000E+00  0.0000E+00  0.0000E+00  0.0000E+00  0.0000E+00  0.0000E+00  0.0000E+00  0.0000E+00  0.0000E+00  0.0000E+00  0.0000E+00  0.0000E+00  0.0000E+00  0.0000E+00  0.0000E+00  0.0000E+00  0.0000E+00  0.0000E+00  0.0000E+00  0.0000E+00  0.0000E+00  0.0000E+00  0.0000E+00  0.0000E+00  0.0000E+00  0.0000E+00  0.0000E+00  0.0000E+00  0.0000E+00  0.0000E+00  0.0000E+00  0.0000E+00  0.0000E+00  0.0000E+00  0.0000E+00  0.0000E+00  0.0000E+00  0.0000E+00  0.0000E+00  0.0000E+00  0.0000E+00  0.0000E+00  2.5585E-03  3.0861E-03  3.7221E-03  4.4887E-03  5.4118E-03  6.5228E-03  7.8606E-03  9.4697E-03  1.1405E-02  1.3732E-02  1.6531E-02  1.9897E-02  2.3947E-02  2.8828E-02  3.4723E-02  4.1869E-02  5.0579E-02  6.1277E-02  7.4547E-02  9.1164E-02  1.1224E-01  1.3912E-01  1.7329E-01  2.1585E-01  2.6681E-01  3.2396E-01
  0.0000E+00  0.0000E+00  0.0000E+00  0.0000E+00  0.0000E+00  0.0000E+00  0.0000E+00  0.0000E+00  0.0000E+00  0.0000E+00  0.0000E+00  0.0000E+00  0.0000E+00  0.0000E+00  0.0000E+00  0.0000E+00  0.0000E+00  0.0000E+00  0.0000E+00  0.0000E+00  0.0000E+00  0.0000E+00  0.0000E+00  0.0000E+00  0.0000E+00  0.0000E+00  0.0000E+00  0.0000E+00  0.0000E+00  0.0000E+00  0.0000E+00  0.0000E+00  0.0000E+00  0.0000E+00  0.0000E+00  0.0000E+00  0.0000E+00  0.0000E+00  0.0000E+00  0.0000E+00  0.0000E+00  0.0000E+00  0.0000E+00  0.0000E+00  2.5450E-03  3.0697E-03  3.7024E-03  4.4649E-03  5.3830E-03  6.4880E-03  7.8185E-03  9.4187E-03  1.1343E-02  1.3657E-02  1.6439E-02  1.9784E-02  2.3808E-02  2.8656E-02  3.4508E-02  4.1597E-02  5.0231E-02  6.0825E-02  7.3956E-02  9.0387E-02  1.1122E-01  1.3780E-01  1.7163E-01  2.1388E-01  2.6462E-01  3.2173E-01
  0.0000E+00  0.0000E+00  0.0000E+00  0.0000E+00  0.0000E+00  0.0000E+00  0.0000E+00  0.0000E+00  0.0000E+00  0.0000E+00  0.0000E+00  0.0000E+00  0.0000E+00  0.0000E+00  0.0000E+00  0.0000E+00  0.0000E+00  0.0000E+00  0.0000E+00  0.0000E+00  0.0000E+00  0.0000E+00  0.0000E+00  0.0000E+00  0.0000E+00  0.0000E+00  0.0000E+00  0.0000E+00  0.0000E+00  0.0000E+00  0.0000E+00  0.0000E+00  0.0000E+00  0.0000E+00  0.0000E+00  0.0000E+00  0.0000E+00  0.0000E+00  0.0000E+00  0.0000E+00  0.0000E+00  0.0000E+00  0.0000E+00  0.0000E+00  2.5312E-03  3.0531E-03  3.6824E-03  4.4406E-03  5.3536E-03  6.4526E-03  7.7756E-03  9.3668E-03  1.1280E-02  1.3581E-02  1.6346E-02  1.9670E-02  2.3668E-02  2.8482E-02  3.4290E-02  4.1322E-02  4.9880E-02  6.0372E-02  7.3364E-02  8.9609E-02  1.1020E-01  1.3648E-01  1.6997E-01  2.1190E-01  2.6241E-01  3.1947E-01
  0.0000E+00  0.0000E+00  0.0000E+00  0.0000E+00  0.0000E+00  0.0000E+00  0.0000E+00  0.0000E+00  0.0000E+00  0.0000E+00  0.0000E+00  0.0000E+00  0.0000E+00  0.0000E+00  0.0000E+00  0.0000E+00  0.0000E+00  0.0000E+00  0.0000E+00  0.0000E+00  0.0000E+00  0.0000E+00  0.0000E+00  0.0000E+00  0.0000E+00  0.0000E+00  0.0000E+00  0.0000E+00  0.0000E+00  0.0000E+00  0.0000E+00  0.0000E+00  0.0000E+00  0.0000E+00  0.0000E+00  0.0000E+00  0.0000E+00  0.0000E+00  0.0000E+00  0.0000E+00  0.0000E+00  0.0000E+00  0.0000E+00  0.0000E+00  2.5171E-03  3.0360E-03  3.6618E-03  4.4158E-03  5.3236E-03  6.4163E-03  7.7317E-03  9.3138E-03  1.1216E-02  1.3503E-02  1.6251E-02  1.9554E-02  2.3525E-02  2.8306E-02  3.4072E-02  4.1047E-02  4.9529E-02  5.9920E-02  7.2774E-02  8.8835E-02  1.0918E-01  1.3516E-01  1.6830E-01  2.0989E-01  2.6016E-01  3.1716E-01
  0.0000E+00  0.0000E+00  0.0000E+00  0.0000E+00  0.0000E+00  0.0000E+00  0.0000E+00  0.0000E+00  0.0000E+00  0.0000E+00  0.0000E+00  0.0000E+00  0.0000E+00  0.0000E+00  0.0000E+00  0.0000E+00  0.0000E+00  0.0000E+00  0.0000E+00  0.0000E+00  0.0000E+00  0.0000E+00  0.0000E+00  0.0000E+00  0.0000E+00  0.0000E+00  0.0000E+00  0.0000E+00  0.0000E+00  0.0000E+00  0.0000E+00  0.0000E+00  0.0000E+00  0.0000E+00  0.0000E+00  0.0000E+00  0.0000E+00  0.0000E+00  0.0000E+00  0.0000E+00  0.0000E+00  0.0000E+00  0.0000E+00  0.0000E+00  2.5033E-03  3.0195E-03  3.6418E-03  4.3917E-03  5.2945E-03  6.3811E-03  7.6892E-03  9.2623E-03  1.1154E-02  1.3427E-02  1.6159E-02  1.9442E-02  2.3388E-02  2.8137E-02  3.3861E-02  4.0782E-02  4.9192E-02  5.9486E-02  7.2208E-02  8.8091E-02  1.0820E-01  1.3389E-01  1.6669E-01  2.0794E-01  2.5797E-01  3.1490E-01
  0.0000E+00  0.0000E+00  0.0000E+00  0.0000E+00  0.0000E+00  0.0000E+00  0.0000E+00  0.0000E+00  0.0000E+00  0.0000E+00  0.0000E+00  0.0000E+00  0.0000E+00  0.0000E+00  0.0000E+00  0.0000E+00  0.0000E+00  0.0000E+00  0.0000E+00  0.0000E+00  0.0000E+00  0.0000E+00  0.0000E+00  0.0000E+00  0.0000E+00  0.0000E+00  0.0000E+00  0.0000E+00  0.0000E+00  0.0000E+00  0.0000E+00  0.0000E+00  0.0000E+00  0.0000E+00  0.0000E+00  0.0000E+00  0.0000E+00  0.0000E+00  0.0000E+00  0.0000E+00  0.0000E+00  0.0000E+00  0.0000E+00  0.0000E+00  2.4889E-03  3.0020E-03  3.6207E-03  4.3663E-03  5.2638E-03  6.3441E-03  7.6445E-03  9.2083E-03  1.1088E-02  1.3348E-02  1.6063E-02  1.9325E-02  2.3245E-02  2.7960E-02  3.3642E-02  4.0507E-02  4.8845E-02  5.9041E-02  7.1631E-02  8.7335E-02  1.0721E-01  1.3260E-01  1.6507E-01  2.0596E-01  2.5573E-01  3.1257E-01
  0.0000E+00  0.0000E+00  0.0000E+00  0.0000E+00  0.0000E+00  0.0000E+00  0.0000E+00  0.0000E+00  0.0000E+00  0.0000E+00  0.0000E+00  0.0000E+00  0.0000E+00  0.0000E+00  0.0000E+00  0.0000E+00  0.0000E+00  0.0000E+00  0.0000E+00  0.0000E+00  0.0000E+00  0.0000E+00  0.0000E+00  0.0000E+00  0.0000E+00  0.0000E+00  0.0000E+00  0.0000E+00  0.0000E+00  0.0000E+00  0.0000E+00  0.0000E+00  0.0000E+00  0.0000E+00  0.0000E+00  0.0000E+00  0.0000E+00  0.0000E+00  0.0000E+00  0.0000E+00  0.0000E+00  0.0000E+00  0.0000E+00  0.0000E+00  2.4742E-03  2.9843E-03  3.5993E-03  4.3404E-03  5.2327E-03  6.3065E-03  7.5991E-03  9.1535E-03  1.1022E-02  1.3268E-02  1.5965E-02  1.9206E-02  2.3099E-02  2.7782E-02  3.3421E-02  4.0231E-02  4.8496E-02  5.8594E-02  7.1053E-02  8.6580E-02  1.0622E-01  1.3131E-01  1.6343E-01  2.0398E-01  2.5347E-01  3.1022E-01
  0.0000E+00  0.0000E+00  0.0000E+00  0.0000E+00  0.0000E+00  0.0000E+00  0.0000E+00  0.0000E+00  0.0000E+00  0.0000E+00  0.0000E+00  0.0000E+00  0.0000E+00  0.0000E+00  0.0000E+00  0.0000E+00  0.0000E+00  0.0000E+00  0.0000E+00  0.0000E+00  0.0000E+00  0.0000E+00  0.0000E+00  0.0000E+00  0.0000E+00  0.0000E+00  0.0000E+00  0.0000E+00  0.0000E+00  0.0000E+00  0.0000E+00  0.0000E+00  0.0000E+00  0.0000E+00  0.0000E+00  0.0000E+00  0.0000E+00  0.0000E+00  0.0000E+00  0.0000E+00  0.0000E+00  0.0000E+00  0.0000E+00  0.0000E+00  2.4600E-03  2.9671E-03  3.5786E-03  4.3154E-03  5.2026E-03  6.2702E-03  7.5553E-03  9.1004E-03  1.0958E-02  1.3190E-02  1.5871E-02  1.9092E-02  2.2960E-02  2.7610E-02  3.3208E-02  3.9966E-02  4.8161E-02  5.8167E-02  7.0499E-02  8.5855E-02  1.0527E-01  1.3007E-01  1.6185E-01  2.0205E-01  2.5127E-01  3.0792E-01
  0.0000E+00  0.0000E+00  0.0000E+00  0.0000E+00  0.0000E+00  0.0000E+00  0.0000E+00  0.0000E+00  0.0000E+00  0.0000E+00  0.0000E+00  0.0000E+00  0.0000E+00  0.0000E+00  0.0000E+00  0.0000E+00  0.0000E+00  0.0000E+00  0.0000E+00  0.0000E+00  0.0000E+00  0.0000E+00  0.0000E+00  0.0000E+00  0.0000E+00  0.0000E+00  0.0000E+00  0.0000E+00  0.0000E+00  0.0000E+00  0.0000E+00  0.0000E+00  0.0000E+00  0.0000E+00  0.0000E+00  0.0000E+00  0.0000E+00  0.0000E+00  0.0000E+00  0.0000E+00  0.0000E+00  0.0000E+00  0.0000E+00  0.0000E+00  2.4457E-03  2.9499E-03  3.5578E-03  4.2904E-03  5.1723E-03  6.2337E-03  7.5112E-03  9.0473E-03  1.0894E-02  1.3112E-02  1.5777E-02  1.8977E-02  2.2820E-02  2.7439E-02  3.2996E-02  3.9702E-02  4.7828E-02  5.7741E-02  6.9948E-02  8.5135E-02  1.0432E-01  1.2883E-01  1.6027E-01  2.0014E-01  2.4907E-01  3.0561E-01
  0.0000E+00  0.0000E+00  0.0000E+00  0.0000E+00  0.0000E+00  0.0000E+00  0.0000E+00  0.0000E+00  0.0000E+00  0.0000E+00  0.0000E+00  0.0000E+00  0.0000E+00  0.0000E+00  0.0000E+00  0.0000E+00  0.0000E+00  0.0000E+00  0.0000E+00  0.0000E+00  0.0000E+00  0.0000E+00  0.0000E+00  0.0000E+00  0.0000E+00  0.0000E+00  0.0000E+00  0.0000E+00  0.0000E+00  0.0000E+00  0.0000E+00  0.0000E+00  0.0000E+00  0.0000E+00  0.0000E+00  0.0000E+00  0.0000E+00  0.0000E+00  0.0000E+00  0.0000E+00  0.0000E+00  0.0000E+00  0.0000E+00  0.0000E+00  2.4322E-03  2.9337E-03  3.5382E-03  4.2667E-03  5.1438E-03  6.1993E-03  7.4697E-03  8.9972E-03  1.0833E-02  1.3039E-02  1.5688E-02  1.8869E-02  2.2688E-02  2.7277E-02  3.2796E-02  3.9452E-02  4.7513E-02  5.7337E-02  6.9424E-02  8.4447E-02  1.0342E-01  1.2764E-01  1.5874E-01  1.9827E-01  2.4693E-01  3.0336E-01
  0.0000E+00  0.0000E+00  0.0000E+00  0.0000E+00  0.0000E+00  0.0000E+00  0.0000E+00  0.0000E+00  0.0000E+00  0.0000E+00  0.0000E+00  0.0000E+00  0.0000E+00  0.0000E+00  0.0000E+00  0.0000E+00  0.0000E+00  0.0000E+00  0.0000E+00  0.0000E+00  0.0000E+00  0.0000E+00  0.0000E+00  0.0000E+00  0.0000E+00  0.0000E+00  0.0000E+00  0.0000E+00  0.0000E+00  0.0000E+00  0.0000E+00  0.0000E+00  0.0000E+00  0.0000E+00  0.0000E+00  0.0000E+00  0.0000E+00  0.0000E+00  0.0000E+00  0.0000E+00  0.0000E+00  0.0000E+00  0.0000E+00  0.0000E+00  2.4195E-03  2.9184E-03  3.5198E-03  4.2445E-03  5.1170E-03  6.1669E-03  7.4306E-03  8.9500E-03  1.0776E-02  1.2970E-02  1.5605E-02  1.8767E-02  2.2564E-02  2.7124E-02  3.2608E-02  3.9216E-02  4.7214E-02  5.6953E-02  6.8922E-02  8.3784E-02  1.0254E-01  1.2648E-01  1.5724E-01  1.9642E-01  2.4486E-01  3.0117E-01
  0.0000E+00  0.0000E+00  0.0000E+00  0.0000E+00  0.0000E+00  0.0000E+00  0.0000E+00  0.0000E+00  0.0000E+00  0.0000E+00  0.0000E+00  0.0000E+00  0.0000E+00  0.0000E+00  0.0000E+00  0.0000E+00  0.0000E+00  0.0000E+00  0.0000E+00  0.0000E+00  0.0000E+00  0.0000E+00  0.0000E+00  0.0000E+00  0.0000E+00  0.0000E+00  0.0000E+00  0.0000E+00  0.0000E+00  0.0000E+00  0.0000E+00  0.0000E+00  0.0000E+00  0.0000E+00  0.0000E+00  0.0000E+00  0.0000E+00  0.0000E+00  0.0000E+00  0.0000E+00  0.0000E+00  0.0000E+00  0.0000E+00  0.0000E+00  2.4072E-03  2.9035E-03  3.5019E-03  4.2230E-03  5.0910E-03  6.1356E-03  7.3928E-03  8.9044E-03  1.0721E-02  1.2903E-02  1.5524E-02  1.8669E-02  2.2444E-02  2.6977E-02  3.2426E-02  3.8989E-02  4.6925E-02  5.6582E-02  6.8438E-02  8.3144E-02  1.0168E-01  1.2535E-01  1.5578E-01  1.9462E-01  2.4279E-01  2.9902E-01
  0.0000E+00  0.0000E+00  0.0000E+00  0.0000E+00  0.0000E+00  0.0000E+00  0.0000E+00  0.0000E+00  0.0000E+00  0.0000E+00  0.0000E+00  0.0000E+00  0.0000E+00  0.0000E+00  0.0000E+00  0.0000E+00  0.0000E+00  0.0000E+00  0.0000E+00  0.0000E+00  0.0000E+00  0.0000E+00  0.0000E+00  0.0000E+00  0.0000E+00  0.0000E+00  0.0000E+00  0.0000E+00  0.0000E+00  0.0000E+00  0.0000E+00  0.0000E+00  0.0000E+00  0.0000E+00  0.0000E+00  0.0000E+00  0.0000E+00  0.0000E+00  0.0000E+00  0.0000E+00  0.0000E+00  0.0000E+00  0.0000E+00  0.0000E+00  0.0000E+00  2.8902E-03  3.4858E-03  4.2036E-03  5.0676E-03  6.1075E-03  7.3589E-03  8.8635E-03  1.0672E-02  1.2844E-02  1.5452E-02  1.8582E-02  2.2337E-02  2.6846E-02  3.2262E-02  3.8784E-02  4.6664E-02  5.6244E-02  6.7993E-02  8.2549E-02  1.0088E-01  1.2427E-01  1.5437E-01  1.9287E-01  2.4080E-01  2.9697E-01
  0.0000E+00  0.0000E+00  0.0000E+00  0.0000E+00  0.0000E+00  0.0000E+00  0.0000E+00  0.0000E+00  0.0000E+00  0.0000E+00  0.0000E+00  0.0000E+00  0.0000E+00  0.0000E+00  0.0000E+00  0.0000E+00  0.0000E+00  0.0000E+00  0.0000E+00  0.0000E+00  0.0000E+00  0.0000E+00  0.0000E+00  0.0000E+00  0.0000E+00  0.0000E+00  0.0000E+00  0.0000E+00  0.0000E+00  0.0000E+00  0.0000E+00  0.0000E+00  0.0000E+00  0.0000E+00  0.0000E+00  0.0000E+00  0.0000E+00  0.0000E+00  0.0000E+00  0.0000E+00  0.0000E+00  0.0000E+00  0.0000E+00  0.0000E+00  0.0000E+00  2.8766E-03  3.4695E-03  4.1838E-03  5.0439E-03  6.0788E-03  7.3244E-03  8.8219E-03  1.0622E-02  1.2783E-02  1.5379E-02  1.8493E-02  2.2229E-02  2.6713E-02  3.2098E-02  3.8578E-02  4.6403E-02  5.5907E-02  6.7549E-02  8.1956E-02  1.0008E-01  1.2320E-01  1.5296E-01  1.9111E-01  2.3878E-01  2.9489E-01
  0.0000E+00  0.0000E+00  0.0000E+00  0.0000E+00  0.0000E+00  0.0000E+00  0.0000E+00  0.0000E+00  0.0000E+00  0.0000E+00  0.0000E+00  0.0000E+00  0.0000E+00  0.0000E+00  0.0000E+00  0.0000E+00  0.0000E+00  0.0000E+00  0.0000E+00  0.0000E+00  0.0000E+00  0.0000E+00  0.0000E+00  0.0000E+00  0.0000E+00  0.0000E+00  0.0000E+00  0.0000E+00  0.0000E+00  0.0000E+00  0.0000E+00  0.0000E+00  0.0000E+00  0.0000E+00  0.0000E+00  0.0000E+00  0.0000E+00  0.0000E+00  0.0000E+00  0.0000E+00  0.0000E+00  0.0000E+00  0.0000E+00  0.0000E+00  0.0000E+00  2.8623E-03  3.4521E-03  4.1630E-03  5.0188E-03  6.0486E-03  7.2881E-03  8.7782E-03  1.0569E-02  1.2720E-02  1.5302E-02  1.8400E-02  2.2116E-02  2.6576E-02  3.1929E-02  3.8369E-02  4.6139E-02  5.5568E-02  6.7106E-02  8.1366E-02  9.9287E-02  1.2212E-01  1.5154E-01  1.8932E-01  2.3665E-01  2.9273E-01
  0.0000E+00  0.0000E+00  0.0000E+00  0.0000E+00  0.0000E+00  0.0000E+00  0.0000E+00  0.0000E+00  0.0000E+00  0.0000E+00  0.0000E+00  0.0000E+00  0.0000E+00  0.0000E+00  0.0000E+00  0.0000E+00  0.0000E+00  0.0000E+00  0.0000E+00  0.0000E+00  0.0000E+00  0.0000E+00  0.0000E+00  0.0000E+00  0.0000E+00  0.0000E+00  0.0000E+00  0.0000E+00  0.0000E+00  0.0000E+00  0.0000E+00  0.0000E+00  0.0000E+00  0.0000E+00  0.0000E+00  0.0000E+00  0.0000E+00  0.0000E+00  0.0000E+00  0.0000E+00  0.0000E+00  0.0000E+00  0.0000E+00  0.0000E+00  0.0000E+00  2.8479E-03  3.4348E-03  4.1421E-03  4.9936E-03  6.0183E-03  7.2516E-03  8.7344E-03  1.0516E-02  1.2656E-02  1.5226E-02  1.8308E-02  2.2004E-02  2.6439E-02  3.1762E-02  3.8160E-02  4.5877E-02  5.5233E-02  6.6668E-02  8.0785E-02  9.8503E-02  1.2107E-01  1.5014E-01  1.8752E-01  2.3458E-01  2.9058E-01
  0.0000E+00  0.0000E+00  0.0000E+00  0.0000E+00  0.0000E+00  0.0000E+00  0.0000E+00  0.0000E+00  0.0000E+00  0.0000E+00  0.0000E+00  0.0000E+00  0.0000E+00  0.0000E+00  0.0000E+00  0.0000E+00  0.0000E+00  0.0000E+00  0.0000E+00  0.0000E+00  0.0000E+00  0.0000E+00  0.0000E+00  0.0000E+00  0.0000E+00  0.0000E+00  0.0000E+00  0.0000E+00  0.0000E+00  0.0000E+00  0.0000E+00  0.0000E+00  0.0000E+00  0.0000E+00  0.0000E+00  0.0000E+00  0.0000E+00  0.0000E+00  0.0000E+00  0.0000E+00  0.0000E+00  0.0000E+00  0.0000E+00  0.0000E+00  0.0000E+00  2.8312E-03  3.4147E-03  4.1179E-03  4.9646E-03  5.9834E-03  7.2096E-03  8.6838E-03  1.0456E-02  1.2583E-02  1.5138E-02  1.8202E-02  2.1877E-02  2.6284E-02  3.1573E-02  3.7928E-02  4.5588E-02  5.4868E-02  6.6198E-02  8.0168E-02  9.7679E-02  1.1996E-01  1.4866E-01  1.8564E-01  2.3234E-01  2.8822E-01
  0.0000E+00  0.0000E+00  0.0000E+00  0.0000E+00  0.0000E+00  0.0000E+00  0.0000E+00  0.0000E+00  0.0000E+00  0.0000E+00  0.0000E+00  0.0000E+00  0.0000E+00  0.0000E+00  0.0000E+00  0.0000E+00  0.0000E+00  0.0000E+00  0.0000E+00  0.0000E+00  0.0000E+00  0.0000E+00  0.0000E+00  0.0000E+00  0.0000E+00  0.0000E+00  0.0000E+00  0.0000E+00  0.0000E+00  0.0000E+00  0.0000E+00  0.0000E+00  0.0000E+00  0.0000E+00  0.0000E+00  0.0000E+00  0.0000E+00  0.0000E+00  0.0000E+00  0.0000E+00  0.0000E+00  0.0000E+00  0.0000E+00  0.0000E+00  0.0000E+00  2.8144E-03  3.3946E-03  4.0937E-03  4.9354E-03  5.9483E-03  7.1674E-03  8.6331E-03  1.0395E-02  1.2510E-02  1.5050E-02  1.8096E-02  2.1749E-02  2.6129E-02  3.1384E-02  3.7697E-02  4.5301E-02  5.4505E-02  6.5732E-02  7.9558E-02  9.6866E-02  1.1887E-01  1.4720E-01  1.8378E-01  2.3012E-01  2.8585E-01
  0.0000E+00  0.0000E+00  0.0000E+00  0.0000E+00  0.0000E+00  0.0000E+00  0.0000E+00  0.0000E+00  0.0000E+00  0.0000E+00  0.0000E+00  0.0000E+00  0.0000E+00  0.0000E+00  0.0000E+00  0.0000E+00  0.0000E+00  0.0000E+00  0.0000E+00  0.0000E+00  0.0000E+00  0.0000E+00  0.0000E+00  0.0000E+00  0.0000E+00  0.0000E+00  0.0000E+00  0.0000E+00  0.0000E+00  0.0000E+00  0.0000E+00  0.0000E+00  0.0000E+00  0.0000E+00  0.0000E+00  0.0000E+00  0.0000E+00  0.0000E+00  0.0000E+00  0.0000E+00  0.0000E+00  0.0000E+00  0.0000E+00  0.0000E+00  0.0000E+00  2.7971E-03  3.3736E-03  4.0685E-03  4.9050E-03  5.9118E-03  7.1235E-03  8.5803E-03  1.0331E-02  1.2434E-02  1.4958E-02  1.7985E-02  2.1616E-02  2.5969E-02  3.1189E-02  3.7457E-02  4.5005E-02  5.4134E-02  6.5259E-02  7.8942E-02  9.6050E-02  1.1777E-01  1.4575E-01  1.8191E-01  2.2787E-01  2.8342E-01
  0.0000E+00  0.0000E+00  0.0000E+00  0.0000E+00  0.0000E+00  0.0000E+00  0.0000E+00  0.0000E+00  0.0000E+00  0.0000E+00  0.0000E+00  0.0000E+00  0.0000E+00  0.0000E+00  0.0000E+00  0.0000E+00  0.0000E+00  0.0000E+00  0.0000E+00  0.0000E+00  0.0000E+00  0.0000E+00  0.0000E+00  0.0000E+00  0.0000E+00  0.0000E+00  0.0000E+00  0.0000E+00  0.0000E+00  0.0000E+00  0.0000E+00  0.0000E+00  0.0000E+00  0.0000E+00  0.0000E+00  0.0000E+00  0.0000E+00  0.0000E+00  0.0000E+00  0.0000E+00  0.0000E+00  0.0000E+00  0.0000E+00  0.0000E+00  0.0000E+00  2.7793E-03  3.3522E-03  4.0427E-03  4.8740E-03  5.8745E-03  7.0786E-03  8.5264E-03  1.0266E-02  1.2356E-02  1.4864E-02  1.7873E-02  2.1480E-02  2.5805E-02  3.0990E-02  3.7214E-02  4.4705E-02  5.3758E-02  6.4781E-02  7.8323E-02  9.5231E-02  1.1668E-01  1.4429E-01  1.8003E-01  2.2560E-01  2.8095E-01
  0.0000E+00  0.0000E+00  0.0000E+00  0.0000E+00  0.0000E+00  0.0000E+00  0.0000E+00  0.0000E+00  0.0000E+00  0.0000E+00  0.0000E+00  0.0000E+00  0.0000E+00  0.0000E+00  0.0000E+00  0.0000E+00  0.0000E+00  0.0000E+00  0.0000E+00  0.0000E+00  0.0000E+00  0.0000E+00  0.0000E+00  0.0000E+00  0.0000E+00  0.0000E+00  0.0000E+00  0.0000E+00  0.0000E+00  0.0000E+00  0.0000E+00  0.0000E+00  0.0000E+00  0.0000E+00  0.0000E+00  0.0000E+00  0.0000E+00  0.0000E+00  0.0000E+00  0.0000E+00  0.0000E+00  0.0000E+00  0.0000E+00  0.0000E+00  0.0000E+00  2.7623E-03  3.3318E-03  4.0181E-03  4.8443E-03  5.8389E-03  7.0358E-03  8.4750E-03  1.0204E-02  1.2282E-02  1.4775E-02  1.7766E-02  2.1351E-02  2.5649E-02  3.0801E-02  3.6983E-02  4.4419E-02  5.3400E-02  6.4324E-02  7.7728E-02  9.4442E-02  1.1562E-01  1.4287E-01  1.7818E-01  2.2335E-01  2.7852E-01
  0.0000E+00  0.0000E+00  0.0000E+00  0.0000E+00  0.0000E+00  0.0000E+00  0.0000E+00  0.0000E+00  0.0000E+00  0.0000E+00  0.0000E+00  0.0000E+00  0.0000E+00  0.0000E+00  0.0000E+00  0.0000E+00  0.0000E+00  0.0000E+00  0.0000E+00  0.0000E+00  0.0000E+00  0.0000E+00  0.0000E+00  0.0000E+00  0.0000E+00  0.0000E+00  0.0000E+00  0.0000E+00  0.0000E+00  0.0000E+00  0.0000E+00  0.0000E+00  0.0000E+00  0.0000E+00  0.0000E+00  0.0000E+00  0.0000E+00  0.0000E+00  0.0000E+00  0.0000E+00  0.0000E+00  0.0000E+00  0.0000E+00  0.0000E+00  0.0000E+00  2.7458E-03  3.3119E-03  3.9941E-03  4.8156E-03  5.8042E-03  6.9942E-03  8.4250E-03  1.0144E-02  1.2210E-02  1.4688E-02  1.7661E-02  2.1225E-02  2.5497E-02  3.0617E-02  3.6758E-02  4.4141E-02  5.3052E-02  6.3880E-02  7.7150E-02  9.3674E-02  1.1459E-01  1.4148E-01  1.7637E-01  2.2114E-01  2.7611E-01
  0.0000E+00  0.0000E+00  0.0000E+00  0.0000E+00  0.0000E+00  0.0000E+00  0.0000E+00  0.0000E+00  0.0000E+00  0.0000E+00  0.0000E+00  0.0000E+00  0.0000E+00  0.0000E+00  0.0000E+00  0.0000E+00  0.0000E+00  0.0000E+00  0.0000E+00  0.0000E+00  0.0000E+00  0.0000E+00  0.0000E+00  0.0000E+00  0.0000E+00  0.0000E+00  0.0000E+00  0.0000E+00  0.0000E+00  0.0000E+00  0.0000E+00  0.0000E+00  0.0000E+00  0.0000E+00  0.0000E+00  0.0000E+00  0.0000E+00  0.0000E+00  0.0000E+00  0.0000E+00  0.0000E+00  0.0000E+00  0.0000E+00  0.0000E+00  0.0000E+00  2.7282E-03  3.2907E-03  3.9687E-03  4.7849E-03  5.7674E-03  6.9499E-03  8.3718E-03  1.0081E-02  1.2133E-02  1.4596E-02  1.7551E-02  2.1092E-02  2.5337E-02  3.0423E-02  3.6522E-02  4.3851E-02  5.2690E-02  6.3421E-02  7.6556E-02  9.2889E-02  1.1353E-01  1.4006E-01  1.7450E-01  2.1884E-01  2.7357E-01
  0.0000E+00  0.0000E+00  0.0000E+00  0.0000E+00  0.0000E+00  0.0000E+00  0.0000E+00  0.0000E+00  0.0000E+00  0.0000E+00  0.0000E+00  0.0000E+00  0.0000E+00  0.0000E+00  0.0000E+00  0.0000E+00  0.0000E+00  0.0000E+00  0.0000E+00  0.0000E+00  0.0000E+00  0.0000E+00  0.0000E+00  0.0000E+00  0.0000E+00  0.0000E+00  0.0000E+00  0.0000E+00  0.0000E+00  0.0000E+00  0.0000E+00  0.0000E+00  0.0000E+00  0.0000E+00  0.0000E+00  0.0000E+00  0.0000E+00  0.0000E+00  0.0000E+00  0.0000E+00  0.0000E+00  0.0000E+00  0.0000E+00  0.0000E+00  0.0000E+00  2.7100E-03  3.2688E-03  3.9423E-03  4.7532E-03  5.7293E-03  6.9041E-03  8.3168E-03  1.0015E-02  1.2054E-02  1.4501E-02  1.7437E-02  2.0956E-02  2.5172E-02  3.0224E-02  3.6281E-02  4.3555E-02  5.2324E-02  6.2958E-02  7.5959E-02  9.2101E-02  1.1247E-01  1.3863E-01  1.7261E-01  2.1648E-01  2.7093E-01
  0.0000E+00  0.0000E+00  0.0000E+00  0.0000E+00  0.0000E+00  0.0000E+00  0.0000E+00  0.0000E+00  0.0000E+00  0.0000E+00  0.0000E+00  0.0000E+00  0.0000E+00  0.0000E+00  0.0000E+00  0.0000E+00  0.0000E+00  0.0000E+00  0.0000E+00  0.0000E+00  0.0000E+00  0.0000E+00  0.0000E+00  0.0000E+00  0.0000E+00  0.0000E+00  0.0000E+00  0.0000E+00  0.0000E+00  0.0000E+00  0.0000E+00  0.0000E+00  0.0000E+00  0.0000E+00  0.0000E+00  0.0000E+00  0.0000E+00  0.0000E+00  0.0000E+00  0.0000E+00  0.0000E+00  0.0000E+00  0.0000E+00  0.0000E+00  0.0000E+00  2.6919E-03  3.2470E-03  3.9161E-03  4.7217E-03  5.6913E-03  6.8585E-03  8.2620E-03  9.9489E-03  1.1975E-02  1.4407E-02  1.7324E-02  2.0820E-02  2.5009E-02  3.0027E-02  3.6041E-02  4.3262E-02  5.1961E-02  6.2500E-02  7.5370E-02  9.1325E-02  1.1143E-01  1.3722E-01  1.7073E-01  2.1412E-01  2.6827E-01
  0.0000E+00  0.0000E+00  0.0000E+00  0.0000E+00  0.0000E+00  0.0000E+00  0.0000E+00  0.0000E+00  0.0000E+00  0.0000E+00  0.0000E+00  0.0000E+00  0.0000E+00  0.0000E+00  0.0000E+00  0.0000E+00  0.0000E+00  0.0000E+00  0.0000E+00  0.0000E+00  0.0000E+00  0.0000E+00  0.0000E+00  0.0000E+00  0.0000E+00  0.0000E+00  0.0000E+00  0.0000E+00  0.0000E+00  0.0000E+00  0.0000E+00  0.0000E+00  0.0000E+00  0.0000E+00  0.0000E+00  0.0000E+00  0.0000E+00  0.0000E+00  0.0000E+00  0.0000E+00  0.0000E+00  0.0000E+00  0.0000E+00  0.0000E+00  0.0000E+00  2.6734E-03  3.2248E-03  3.8893E-03  4.6895E-03  5.6526E-03  6.8120E-03  8.2062E-03  9.8819E-03  1.1895E-02  1.4311E-02  1.7208E-02  2.0681E-02  2.4843E-02  2.9827E-02  3.5799E-02  4.2966E-02  5.1594E-02  6.2040E-02  7.4777E-02  9.0544E-02  1.1038E-01  1.3580E-01  1.6882E-01  2.1169E-01  2.6550E-01
  0.0000E+00  0.0000E+00  0.0000E+00  0.0000E+00  0.0000E+00  0.0000E+00  0.0000E+00  0.0000E+00  0.0000E+00  0.0000E+00  0.0000E+00  0.0000E+00  0.0000E+00  0.0000E+00  0.0000E+00  0.0000E+00  0.0000E+00  0.0000E+00  0.0000E+00  0.0000E+00  0.0000E+00  0.0000E+00  0.0000E+00  0.0000E+00  0.0000E+00  0.0000E+00  0.0000E+00  0.0000E+00  0.0000E+00  0.0000E+00  0.0000E+00  0.0000E+00  0.0000E+00  0.0000E+00  0.0000E+00  0.0000E+00  0.0000E+00  0.0000E+00  0.0000E+00  0.0000E+00  0.0000E+00  0.0000E+00  0.0000E+00  0.0000E+00  0.0000E+00  2.6548E-03  3.2023E-03  3.8622E-03  4.6569E-03  5.6135E-03  6.7651E-03  8.1498E-03  9.8143E-03  1.1814E-02  1.4214E-02  1.7092E-02  2.0542E-02  2.4675E-02  2.9625E-02  3.5555E-02  4.2668E-02  5.1227E-02  6.1578E-02  7.4186E-02  8.9769E-02  1.0934E-01  1.3438E-01  1.6692E-01  2.0926E-01  2.6270E-01
  0.0000E+00  0.0000E+00  0.0000E+00  0.0000E+00  0.0000E+00  0.0000E+00  0.0000E+00  0.0000E+00  0.0000E+00  0.0000E+00  0.0000E+00  0.0000E+00  0.0000E+00  0.0000E+00  0.0000E+00  0.0000E+00  0.0000E+00  0.0000E+00  0.0000E+00  0.0000E+00  0.0000E+00  0.0000E+00  0.0000E+00  0.0000E+00  0.0000E+00  0.0000E+00  0.0000E+00  0.0000E+00  0.0000E+00  0.0000E+00  0.0000E+00  0.0000E+00  0.0000E+00  0.0000E+00  0.0000E+00  0.0000E+00  0.0000E+00  0.0000E+00  0.0000E+00  0.0000E+00  0.0000E+00  0.0000E+00  0.0000E+00  0.0000E+00  0.0000E+00  2.6342E-03  3.1776E-03  3.8324E-03  4.6211E-03  5.5704E-03  6.7133E-03  8.0876E-03  9.7397E-03  1.1724E-02  1.4106E-02  1.6964E-02  2.0388E-02  2.4491E-02  2.9404E-02  3.5288E-02  4.2345E-02  5.0831E-02  6.1087E-02  7.3563E-02  8.8960E-02  1.0826E-01  1.3293E-01  1.6497E-01  2.0673E-01  2.5970E-01
  0.0000E+00  0.0000E+00  0.0000E+00  0.0000E+00  0.0000E+00  0.0000E+00  0.0000E+00  0.0000E+00  0.0000E+00  0.0000E+00  0.0000E+00  0.0000E+00  0.0000E+00  0.0000E+00  0.0000E+00  0.0000E+00  0.0000E+00  0.0000E+00  0.0000E+00  0.0000E+00  0.0000E+00  0.0000E+00  0.0000E+00  0.0000E+00  0.0000E+00  0.0000E+00  0.0000E+00  0.0000E+00  0.0000E+00  0.0000E+00  0.0000E+00  0.0000E+00  0.0000E+00  0.0000E+00  0.0000E+00  0.0000E+00  0.0000E+00  0.0000E+00  0.0000E+00  0.0000E+00  0.0000E+00  0.0000E+00  0.0000E+00  0.0000E+00  0.0000E+00  2.6136E-03  3.1527E-03  3.8026E-03  4.5852E-03  5.5272E-03  6.6614E-03  8.0253E-03  9.6650E-03  1.1635E-02  1.3999E-02  1.6835E-02  2.0234E-02  2.4306E-02  2.9182E-02  3.5021E-02  4.2021E-02  5.0434E-02  6.0594E-02  7.2941E-02  8.8154E-02  1.0719E-01  1.3149E-01  1.6302E-01  2.0419E-01  2.5667E-01
  0.0000E+00  0.0000E+00  0.0000E+00  0.0000E+00  0.0000E+00  0.0000E+00  0.0000E+00  0.0000E+00  0.0000E+00  0.0000E+00  0.0000E+00  0.0000E+00  0.0000E+00  0.0000E+00  0.0000E+00  0.0000E+00  0.0000E+00  0.0000E+00  0.0000E+00  0.0000E+00  0.0000E+00  0.0000E+00  0.0000E+00  0.0000E+00  0.0000E+00  0.0000E+00  0.0000E+00  0.0000E+00  0.0000E+00  0.0000E+00  0.0000E+00  0.0000E+00  0.0000E+00  0.0000E+00  0.0000E+00  0.0000E+00  0.0000E+00  0.0000E+00  0.0000E+00  0.0000E+00  0.0000E+00  0.0000E+00  0.0000E+00  0.0000E+00  0.0000E+00  0.0000E+00  3.1262E-03  3.7706E-03  4.5468E-03  5.4811E-03  6.6059E-03  7.9587E-03  9.5850E-03  1.1539E-02  1.3884E-02  1.6697E-02  2.0069E-02  2.4109E-02  2.8946E-02  3.4737E-02  4.1678E-02  5.0017E-02  6.0079E-02  7.2293E-02  8.7320E-02  1.0609E-01  1.3000E-01  1.6101E-01  2.0154E-01  2.5345E-01
  0.0000E+00  0.0000E+00  0.0000E+00  0.0000E+00  0.0000E+00  0.0000E+00  0.0000E+00  0.0000E+00  0.0000E+00  0.0000E+00  0.0000E+00  0.0000E+00  0.0000E+00  0.0000E+00  0.0000E+00  0.0000E+00  0.0000E+00  0.0000E+00  0.0000E+00  0.0000E+00  0.0000E+00  0.0000E+00  0.0000E+00  0.0000E+00  0.0000E+00  0.0000E+00  0.0000E+00  0.0000E+00  0.0000E+00  0.0000E+00  0.0000E+00  0.0000E+00  0.0000E+00  0.0000E+00  0.0000E+00  0.0000E+00  0.0000E+00  0.0000E+00  0.0000E+00  0.0000E+00  0.0000E+00  0.0000E+00  0.0000E+00  0.0000E+00  0.0000E+00  0.0000E+00  3.1002E-03  3.7393E-03  4.5090E-03  5.4357E-03  6.5514E-03  7.8933E-03  9.5065E-03  1.1445E-02  1.3772E-02  1.6562E-02  1.9908E-02  2.3916E-02  2.8714E-02  3.4458E-02  4.1342E-02  4.9607E-02  5.9574E-02  7.1660E-02  8.6508E-02  1.0502E-01  1.2857E-01  1.5906E-01  1.9895E-01  2.5026E-01
  0.0000E+00  0.0000E+00  0.0000E+00  0.0000E+00  0.0000E+00  0.0000E+00  0.0000E+00  0.0000E+00  0.0000E+00  0.0000E+00  0.0000E+00  0.0000E+00  0.0000E+00  0.0000E+00  0.0000E+00  0.0000E+00  0.0000E+00  0.0000E+00  0.0000E+00  0.0000E+00  0.0000E+00  0.0000E+00  0.0000E+00  0.0000E+00  0.0000E+00  0.0000E+00  0.0000E+00  0.0000E+00  0.0000E+00  0.0000E+00  0.0000E+00  0.0000E+00  0.0000E+00  0.0000E+00  0.0000E+00  0.0000E+00  0.0000E+00  0.0000E+00  0.0000E+00  0.0000E+00  0.0000E+00  0.0000E+00  0.0000E+00  0.0000E+00  0.0000E+00  0.0000E+00  3.0736E-03  3.7073E-03  4.4705E-03  5.3894E-03  6.4958E-03  7.8265E-03  9.4264E-03  1.1348E-02  1.3656E-02  1.6425E-02  1.9743E-02  2.3718E-02  2.8477E-02  3.4174E-02  4.0999E-02  4.9190E-02  5.9062E-02  7.1019E-02  8.5688E-02  1.0395E-01  1.2712E-01  1.5710E-01  1.9635E-01  2.4703E-01
  0.0000E+00  0.0000E+00  0.0000E+00  0.0000E+00  0.0000E+00  0.0000E+00  0.0000E+00  0.0000E+00  0.0000E+00  0.0000E+00  0.0000E+00  0.0000E+00  0.0000E+00  0.0000E+00  0.0000E+00  0.0000E+00  0.0000E+00  0.0000E+00  0.0000E+00  0.0000E+00  0.0000E+00  0.0000E+00  0.0000E+00  0.0000E+00  0.0000E+00  0.0000E+00  0.0000E+00  0.0000E+00  0.0000E+00  0.0000E+00  0.0000E+00  0.0000E+00  0.0000E+00  0.0000E+00  0.0000E+00  0.0000E+00  0.0000E+00  0.0000E+00  0.0000E+00  0.0000E+00  0.0000E+00  0.0000E+00  0.0000E+00  0.0000E+00  0.0000E+00  0.0000E+00  3.0472E-03  3.6755E-03  4.4323E-03  5.3435E-03  6.4405E-03  7.7601E-03  9.3467E-03  1.1253E-02  1.3542E-02  1.6288E-02  1.9579E-02  2.3522E-02  2.8242E-02  3.3892E-02  4.0658E-02  4.8777E-02  5.8554E-02  7.0385E-02  8.4880E-02  1.0289E-01  1.2570E-01  1.5518E-01  1.9378E-01  2.4380E-01
  0.0000E+00  0.0000E+00  0.0000E+00  0.0000E+00  0.0000E+00  0.0000E+00  0.0000E+00  0.0000E+00  0.0000E+00  0.0000E+00  0.0000E+00  0.0000E+00  0.0000E+00  0.0000E+00  0.0000E+00  0.0000E+00  0.0000E+00  0.0000E+00  0.0000E+00  0.0000E+00  0.0000E+00  0.0000E+00  0.0000E+00  0.0000E+00  0.0000E+00  0.0000E+00  0.0000E+00  0.0000E+00  0.0000E+00  0.0000E+00  0.0000E+00  0.0000E+00  0.0000E+00  0.0000E+00  0.0000E+00  0.0000E+00  0.0000E+00  0.0000E+00  0.0000E+00  0.0000E+00  0.0000E+00  0.0000E+00  0.0000E+00  0.0000E+00  0.0000E+00  0.0000E+00  3.0201E-03  3.6429E-03  4.3930E-03  5.2962E-03  6.3837E-03  7.6919E-03  9.2649E-03  1.1155E-02  1.3424E-02  1.6147E-02  1.9410E-02  2.3320E-02  2.8001E-02  3.3602E-02  4.0310E-02  4.8354E-02  5.8036E-02  6.9741E-02  8.4060E-02  1.0182E-01  1.2427E-01  1.5323E-01  1.9116E-01  2.4046E-01
  0.0000E+00  0.0000E+00  0.0000E+00  0.0000E+00  0.0000E+00  0.0000E+00  0.0000E+00  0.0000E+00  0.0000E+00  0.0000E+00  0.0000E+00  0.0000E+00  0.0000E+00  0.0000E+00  0.0000E+00  0.0000E+00  0.0000E+00  0.0000E+00  0.0000E+00  0.0000E+00  0.0000E+00  0.0000E+00  0.0000E+00  0.0000E+00  0.0000E+00  0.0000E+00  0.0000E+00  0.0000E+00  0.0000E+00  0.0000E+00  0.0000E+00  0.0000E+00  0.0000E+00  0.0000E+00  0.0000E+00  0.0000E+00  0.0000E+00  0.0000E+00  0.0000E+00  0.0000E+00  0.0000E+00  0.0000E+00  0.0000E+00  0.0000E+00  0.0000E+00  0.0000E+00  2.9927E-03  3.6099E-03  4.3533E-03  5.2485E-03  6.3263E-03  7.6230E-03  9.1822E-03  1.1056E-02  1.3306E-02  1.6005E-02  1.9240E-02  2.3117E-02  2.7757E-02  3.3310E-02  3.9959E-02  4.7930E-02  5.7517E-02  6.9096E-02  8.3242E-02  1.0075E-01  1.2285E-01  1.5128E-01  1.8852E-01  2.3706E-01
  0.0000E+00  0.0000E+00  0.0000E+00  0.0000E+00  0.0000E+00  0.0000E+00  0.0000E+00  0.0000E+00  0.0000E+00  0.0000E+00  0.0000E+00  0.0000E+00  0.0000E+00  0.0000E+00  0.0000E+00  0.0000E+00  0.0000E+00  0.0000E+00  0.0000E+00  0.0000E+00  0.0000E+00  0.0000E+00  0.0000E+00  0.0000E+00  0.0000E+00  0.0000E+00  0.0000E+00  0.0000E+00  0.0000E+00  0.0000E+00  0.0000E+00  0.0000E+00  0.0000E+00  0.0000E+00  0.0000E+00  0.0000E+00  0.0000E+00  0.0000E+00  0.0000E+00  0.0000E+00  0.0000E+00  0.0000E+00  0.0000E+00  0.0000E+00  0.0000E+00  0.0000E+00  2.9644E-03  3.5758E-03  4.3123E-03  5.1991E-03  6.2671E-03  7.5519E-03  9.0968E-03  1.0953E-02  1.3183E-02  1.5858E-02  1.9065E-02  2.2907E-02  2.7506E-02  3.3010E-02  3.9598E-02  4.7494E-02  5.6985E-02  6.8438E-02  8.2411E-02  9.9675E-02  1.2140E-01  1.4932E-01  1.8584E-01  2.3357E-01
  0.0000E+00  0.0000E+00  0.0000E+00  0.0000E+00  0.0000E+00  0.0000E+00  0.0000E+00  0.0000E+00  0.0000E+00  0.0000E+00  0.0000E+00  0.0000E+00  0.0000E+00  0.0000E+00  0.0000E+00  0.0000E+00  0.0000E+00  0.0000E+00  0.0000E+00  0.0000E+00  0.0000E+00  0.0000E+00  0.0000E+00  0.0000E+00  0.0000E+00  0.0000E+00  0.0000E+00  0.0000E+00  0.0000E+00  0.0000E+00  0.0000E+00  0.0000E+00  0.0000E+00  0.0000E+00  0.0000E+00  0.0000E+00  0.0000E+00  0.0000E+00  0.0000E+00  0.0000E+00  0.0000E+00  0.0000E+00  0.0000E+00  0.0000E+00  0.0000E+00  0.0000E+00  2.9351E-03  3.5405E-03  4.2699E-03  5.1481E-03  6.2058E-03  7.4782E-03  9.0085E-03  1.0847E-02  1.3056E-02  1.5706E-02  1.8883E-02  2.2690E-02  2.7247E-02  3.2700E-02  3.9226E-02  4.7046E-02  5.6442E-02  6.7769E-02  8.1569E-02  9.8589E-02  1.1996E-01  1.4735E-01  1.8315E-01  2.3001E-01
  0.0000E+00  0.0000E+00  0.0000E+00  0.0000E+00  0.0000E+00  0.0000E+00  0.0000E+00  0.0000E+00  0.0000E+00  0.0000E+00  0.0000E+00  0.0000E+00  0.0000E+00  0.0000E+00  0.0000E+00  0.0000E+00  0.0000E+00  0.0000E+00  0.0000E+00  0.0000E+00  0.0000E+00  0.0000E+00  0.0000E+00  0.0000E+00  0.0000E+00  0.0000E+00  0.0000E+00  0.0000E+00  0.0000E+00  0.0000E+00  0.0000E+00  0.0000E+00  0.0000E+00  0.0000E+00  0.0000E+00  0.0000E+00  0.0000E+00  0.0000E+00  0.0000E+00  0.0000E+00  0.0000E+00  0.0000E+00  0.0000E+00  0.0000E+00  0.0000E+00  0.0000E+00  2.9058E-03  3.5052E-03  4.2274E-03  5.0970E-03  6.1443E-03  7.4044E-03  8.9198E-03  1.0741E-02  1.2929E-02  1.5554E-02  1.8701E-02  2.2473E-02  2.6987E-02  3.2389E-02  3.8854E-02  4.6598E-02  5.5898E-02  6.7101E-02  8.0733E-02  9.7513E-02  1.1854E-01  1.4541E-01  1.8049E-01  2.2646E-01
  0.0000E+00  0.0000E+00  0.0000E+00  0.0000E+00  0.0000E+00  0.0000E+00  0.0000E+00  0.0000E+00  0.0000E+00  0.0000E+00  0.0000E+00  0.0000E+00  0.0000E+00  0.0000E+00  0.0000E+00  0.0000E+00  0.0000E+00  0.0000E+00  0.0000E+00  0.0000E+00  0.0000E+00  0.0000E+00  0.0000E+00  0.0000E+00  0.0000E+00  0.0000E+00  0.0000E+00  0.0000E+00  0.0000E+00  0.0000E+00  0.0000E+00  0.0000E+00  0.0000E+00  0.0000E+00  0.0000E+00  0.0000E+00  0.0000E+00  0.0000E+00  0.0000E+00  0.0000E+00  0.0000E+00  0.0000E+00  0.0000E+00  0.0000E+00  0.0000E+00  0.0000E+00  2.8747E-03  3.4679E-03  4.1824E-03  5.0429E-03  6.0793E-03  7.3263E-03  8.8262E-03  1.0629E-02  1.2794E-02  1.5393E-02  1.8509E-02  2.2243E-02  2.6713E-02  3.2063E-02  3.8464E-02  4.6130E-02  5.5333E-02  6.6410E-02  7.9874E-02  9.6416E-02  1.1709E-01  1.4345E-01  1.7779E-01  2.2280E-01
  0.0000E+00  0.0000E+00  0.0000E+00  0.0000E+00  0.0000E+00  0.0000E+00  0.0000E+00  0.0000E+00  0.0000E+00  0.0000E+00  0.0000E+00  0.0000E+00  0.0000E+00  0.0000E+00  0.0000E+00  0.0000E+00  0.0000E+00  0.0000E+00  0.0000E+00  0.0000E+00  0.0000E+00  0.0000E+00  0.0000E+00  0.0000E+00  0.0000E+00  0.0000E+00  0.0000E+00  0.0000E+00  0.0000E+00  0.0000E+00  0.0000E+00  0.0000E+00  0.0000E+00  0.0000E+00  0.0000E+00  0.0000E+00  0.0000E+00  0.0000E+00  0.0000E+00  0.0000E+00  0.0000E+00  0.0000E+00  0.0000E+00  0.0000E+00  0.0000E+00  0.0000E+00  2.8435E-03  3.4303E-03  4.1371E-03  4.9885E-03  6.0139E-03  7.2478E-03  8.7319E-03  1.0516E-02  1.2659E-02  1.5231E-02  1.8315E-02  2.2012E-02  2.6438E-02  3.1734E-02  3.8071E-02  4.5659E-02  5.4765E-02  6.5717E-02  7.9013E-02  9.5322E-02  1.1566E-01  1.4151E-01  1.7511E-01  2.1915E-01
  0.0000E+00  0.0000E+00  0.0000E+00  0.0000E+00  0.0000E+00  0.0000E+00  0.0000E+00  0.0000E+00  0.0000E+00  0.0000E+00  0.0000E+00  0.0000E+00  0.0000E+00  0.0000E+00  0.0000E+00  0.0000E+00  0.0000E+00  0.0000E+00  0.0000E+00  0.0000E+00  0.0000E+00  0.0000E+00  0.0000E+00  0.0000E+00  0.0000E+00  0.0000E+00  0.0000E+00  0.0000E+00  0.0000E+00  0.0000E+00  0.0000E+00  0.0000E+00  0.0000E+00  0.0000E+00  0.0000E+00  0.0000E+00  0.0000E+00  0.0000E+00  0.0000E+00  0.0000E+00  0.0000E+00  0.0000E+00  0.0000E+00  0.0000E+00  0.0000E+00  0.0000E+00  2.8101E-03  3.3901E-03  4.0889E-03  4.9304E-03  5.9440E-03  7.1638E-03  8.6310E-03  1.0395E-02  1.2514E-02  1.5058E-02  1.8108E-02  2.1765E-02  2.6143E-02  3.1382E-02  3.7652E-02  4.5159E-02  5.4165E-02  6.4991E-02  7.8122E-02  9.4202E-02  1.1421E-01  1.3958E-01  1.7245E-01  2.1551E-01
  0.0000E+00  0.0000E+00  0.0000E+00  0.0000E+00  0.0000E+00  0.0000E+00  0.0000E+00  0.0000E+00  0.0000E+00  0.0000E+00  0.0000E+00  0.0000E+00  0.0000E+00  0.0000E+00  0.0000E+00  0.0000E+00  0.0000E+00  0.0000E+00  0.0000E+00  0.0000E+00  0.0000E+00  0.0000E+00  0.0000E+00  0.0000E+00  0.0000E+00  0.0000E+00  0.0000E+00  0.0000E+00  0.0000E+00  0.0000E+00  0.0000E+00  0.0000E+00  0.0000E+00  0.0000E+00  0.0000E+00  0.0000E+00  0.0000E+00  0.0000E+00  0.0000E+00  0.0000E+00  0.0000E+00  0.0000E+00  0.0000E+00  0.0000E+00  0.0000E+00  0.0000E+00  2.7773E-03  3.3505E-03  4.0413E-03  4.8731E-03  5.8751E-03  7.0811E-03  8.5317E-03  1.0276E-02  1.2371E-02  1.4887E-02  1.7904E-02  2.1521E-02  2.5853E-02  3.1036E-02  3.7240E-02  4.4667E-02  5.3574E-02  6.4277E-02  7.7246E-02  9.3106E-02  1.1279E-01  1.3769E-01  1.6987E-01  2.1197E-01
  0.0000E+00  0.0000E+00  0.0000E+00  0.0000E+00  0.0000E+00  0.0000E+00  0.0000E+00  0.0000E+00  0.0000E+00  0.0000E+00  0.0000E+00  0.0000E+00  0.0000E+00  0.0000E+00  0.0000E+00  0.0000E+00  0.0000E+00  0.0000E+00  0.0000E+00  0.0000E+00  0.0000E+00  0.0000E+00  0.0000E+00  0.0000E+00  0.0000E+00  0.0000E+00  0.0000E+00  0.0000E+00  0.0000E+00  0.0000E+00  0.0000E+00  0.0000E+00  0.0000E+00  0.0000E+00  0.0000E+00  0.0000E+00  0.0000E+00  0.0000E+00  0.0000E+00  0.0000E+00  0.0000E+00  0.0000E+00  0.0000E+00  0.0000E+00  0.0000E+00  0.0000E+00  2.7435E-03  3.3098E-03  3.9923E-03  4.8142E-03  5.8043E-03  6.9959E-03  8.4296E-03  1.0153E-02  1.2224E-02  1.4711E-02  1.7694E-02  2.1271E-02  2.5554E-02  3.0681E-02  3.6816E-02  4.4162E-02  5.2971E-02  6.3552E-02  7.6365E-02  9.2014E-02  1.1140E-01  1.3586E-01  1.6739E-01  2.0857E-01
  0.0000E+00  0.0000E+00  0.0000E+00  0.0000E+00  0.0000E+00  0.0000E+00  0.0000E+00  0.0000E+00  0.0000E+00  0.0000E+00  0.0000E+00  0.0000E+00  0.0000E+00  0.0000E+00  0.0000E+00  0.0000E+00  0.0000E+00  0.0000E+00  0.0000E+00  0.0000E+00  0.0000E+00  0.0000E+00  0.0000E+00  0.0000E+00  0.0000E+00  0.0000E+00  0.0000E+00  0.0000E+00  0.0000E+00  0.0000E+00  0.0000E+00  0.0000E+00  0.0000E+00  0.0000E+00  0.0000E+00  0.0000E+00  0.0000E+00  0.0000E+00  0.0000E+00  0.0000E+00  0.0000E+00  0.0000E+00  0.0000E+00  0.0000E+00  0.0000E+00  0.0000E+00  2.7104E-03  3.2700E-03  3.9443E-03  4.7564E-03  5.7348E-03  6.9124E-03  8.3292E-03  1.0033E-02  1.2080E-02  1.4539E-02  1.7488E-02  2.1024E-02  2.5260E-02  3.0331E-02  3.6400E-02  4.3666E-02  5.2379E-02  6.2841E-02  7.5500E-02  9.0945E-02  1.1005E-01  1.3409E-01  1.6499E-01  2.0527E-01
  0.0000E+00  0.0000E+00  0.0000E+00  0.0000E+00  0.0000E+00  0.0000E+00  0.0000E+00  0.0000E+00  0.0000E+00  0.0000E+00  0.0000E+00  0.0000E+00  0.0000E+00  0.0000E+00  0.0000E+00  0.0000E+00  0.0000E+00  0.0000E+00  0.0000E+00  0.0000E+00  0.0000E+00  0.0000E+00  0.0000E+00  0.0000E+00  0.0000E+00  0.0000E+00  0.0000E+00  0.0000E+00  0.0000E+00  0.0000E+00  0.0000E+00  0.0000E+00  0.0000E+00  0.0000E+00  0.0000E+00  0.0000E+00  0.0000E+00  0.0000E+00  0.0000E+00  0.0000E+00  0.0000E+00  0.0000E+00  0.0000E+00  0.0000E+00  0.0000E+00  0.0000E+00  2.6764E-03  3.2289E-03  3.8949E-03  4.6969E-03  5.6633E-03  6.8264E-03  8.2260E-03  9.9091E-03  1.1932E-02  1.4361E-02  1.7276E-02  2.0771E-02  2.4958E-02  2.9971E-02  3.5972E-02  4.3157E-02  5.1773E-02  6.2115E-02  7.4624E-02  8.9868E-02  1.0869E-01  1.3233E-01  1.6262E-01  2.0203E-01
  0.0000E+00  0.0000E+00  0.0000E+00  0.0000E+00  0.0000E+00  0.0000E+00  0.0000E+00  0.0000E+00  0.0000E+00  0.0000E+00  0.0000E+00  0.0000E+00  0.0000E+00  0.0000E+00  0.0000E+00  0.0000E+00  0.0000E+00  0.0000E+00  0.0000E+00  0.0000E+00  0.0000E+00  0.0000E+00  0.0000E+00  0.0000E+00  0.0000E+00  0.0000E+00  0.0000E+00  0.0000E+00  0.0000E+00  0.0000E+00  0.0000E+00  0.0000E+00  0.0000E+00  0.0000E+00  0.0000E+00  0.0000E+00  0.0000E+00  0.0000E+00  0.0000E+00  0.0000E+00  0.0000E+00  0.0000E+00  0.0000E+00  0.0000E+00  0.0000E+00  0.0000E+00  2.6419E-03  3.1874E-03  3.8449E-03  4.6367E-03  5.5909E-03  6.7394E-03  8.1215E-03  9.7837E-03  1.1782E-02  1.4181E-02  1.7061E-02  2.0514E-02  2.4652E-02  2.9607E-02  3.5540E-02  4.2643E-02  5.1161E-02  6.1384E-02  7.3743E-02  8.8792E-02  1.0735E-01  1.3059E-01  1.6031E-01  1.9887E-01
  0.0000E+00  0.0000E+00  0.0000E+00  0.0000E+00  0.0000E+00  0.0000E+00  0.0000E+00  0.0000E+00  0.0000E+00  0.0000E+00  0.0000E+00  0.0000E+00  0.0000E+00  0.0000E+00  0.0000E+00  0.0000E+00  0.0000E+00  0.0000E+00  0.0000E+00  0.0000E+00  0.0000E+00  0.0000E+00  0.0000E+00  0.0000E+00  0.0000E+00  0.0000E+00  0.0000E+00  0.0000E+00  0.0000E+00  0.0000E+00  0.0000E+00  0.0000E+00  0.0000E+00  0.0000E+00  0.0000E+00  0.0000E+00  0.0000E+00  0.0000E+00  0.0000E+00  0.0000E+00  0.0000E+00  0.0000E+00  0.0000E+00  0.0000E+00  0.0000E+00  0.0000E+00  2.6081E-03  3.1467E-03  3.7959E-03  4.5778E-03  5.5200E-03  6.6542E-03  8.0192E-03  9.6609E-03  1.1634E-02  1.4005E-02  1.6850E-02  2.0263E-02  2.4352E-02  2.9251E-02  3.5115E-02  4.2139E-02  5.0562E-02  6.0670E-02  7.2886E-02  8.7749E-02  1.0605E-01  1.2893E-01  1.5811E-01  1.9588E-01
  0.0000E+00  0.0000E+00  0.0000E+00  0.0000E+00  0.0000E+00  0.0000E+00  0.0000E+00  0.0000E+00  0.0000E+00  0.0000E+00  0.0000E+00  0.0000E+00  0.0000E+00  0.0000E+00  0.0000E+00  0.0000E+00  0.0000E+00  0.0000E+00  0.0000E+00  0.0000E+00  0.0000E+00  0.0000E+00  0.0000E+00  0.0000E+00  0.0000E+00  0.0000E+00  0.0000E+00  0.0000E+00  0.0000E+00  0.0000E+00  0.0000E+00  0.0000E+00  0.0000E+00  0.0000E+00  0.0000E+00  0.0000E+00  0.0000E+00  0.0000E+00  0.0000E+00  0.0000E+00  0.0000E+00  0.0000E+00  0.0000E+00  0.0000E+00  0.0000E+00  0.0000E+00  0.0000E+00  3.1058E-03  3.7466E-03  4.5185E-03  5.4486E-03  6.5684E-03  7.9161E-03  9.5373E-03  1.1486E-02  1.3827E-02  1.6638E-02  2.0009E-02  2.4050E-02  2.8891E-02  3.4688E-02  4.1632E-02  4.9959E-02  5.9953E-02  7.2027E-02  8.6708E-02  1.0476E-01  1.2730E-01  1.5596E-01  1.9297E-01
  0.0000E+00  0.0000E+00  0.0000E+00  0.0000E+00  0.0000E+00  0.0000E+00  0.0000E+00  0.0000E+00  0.0000E+00  0.0000E+00  0.0000E+00  0.0000E+00  0.0000E+00  0.0000E+00  0.0000E+00  0.0000E+00  0.0000E+00  0.0000E+00  0.0000E+00  0.0000E+00  0.0000E+00  0.0000E+00  0.0000E+00  0.0000E+00  0.0000E+00  0.0000E+00  0.0000E+00  0.0000E+00  0.0000E+00  0.0000E+00  0.0000E+00  0.0000E+00  0.0000E+00  0.0000E+00  0.0000E+00  0.0000E+00  0.0000E+00  0.0000E+00  0.0000E+00  0.0000E+00  0.0000E+00  0.0000E+00  0.0000E+00  0.0000E+00  0.0000E+00  0.0000E+00  0.0000E+00  3.0652E-03  3.6977E-03  4.4596E-03  5.3777E-03  6.4832E-03  7.8137E-03  9.4142E-03  1.1339E-02  1.3651E-02  1.6426E-02  1.9757E-02  2.3750E-02  2.8533E-02  3.4263E-02  4.1127E-02  4.9359E-02  5.9239E-02  7.1173E-02  8.5677E-02  1.0349E-01  1.2569E-01  1.5387E-01  1.9017E-01
  0.0000E+00  0.0000E+00  0.0000E+00  0.0000E+00  0.0000E+00  0.0000E+00  0.0000E+00  0.0000E+00  0.0000E+00  0.0000E+00  0.0000E+00  0.0000E+00  0.0000E+00  0.0000E+00  0.0000E+00  0.0000E+00  0.0000E+00  0.0000E+00  0.0000E+00  0.0000E+00  0.0000E+00  0.0000E+00  0.0000E+00  0.0000E+00  0.0000E+00  0.0000E+00  0.0000E+00  0.0000E+00  0.0000E+00  0.0000E+00  0.0000E+00  0.0000E+00  0.0000E+00  0.0000E+00  0.0000E+00  0.0000E+00  0.0000E+00  0.0000E+00  0.0000E+00  0.0000E+00  0.0000E+00  0.0000E+00  0.0000E+00  0.0000E+00  0.0000E+00  0.0000E+00  0.0000E+00  3.0253E-03  3.6497E-03  4.4018E-03  5.3082E-03  6.3995E-03  7.7132E-03  9.2935E-03  1.1194E-02  1.3477E-02  1.6219E-02  1.9509E-02  2.3454E-02  2.8181E-02  3.3844E-02  4.0630E-02  4.8769E-02  5.8538E-02  7.0335E-02  8.4668E-02  1.0226E-01  1.2415E-01  1.5188E-01  1.8751E-01
  0.0000E+00  0.0000E+00  0.0000E+00  0.0000E+00  0.0000E+00  0.0000E+00  0.0000E+00  0.0000E+00  0.0000E+00  0.0000E+00  0.0000E+00  0.0000E+00  0.0000E+00  0.0000E+00  0.0000E+00  0.0000E+00  0.0000E+00  0.0000E+00  0.0000E+00  0.0000E+00  0.0000E+00  0.0000E+00  0.0000E+00  0.0000E+00  0.0000E+00  0.0000E+00  0.0000E+00  0.0000E+00  0.0000E+00  0.0000E+00  0.0000E+00  0.0000E+00  0.0000E+00  0.0000E+00  0.0000E+00  0.0000E+00  0.0000E+00  0.0000E+00  0.0000E+00  0.0000E+00  0.0000E+00  0.0000E+00  0.0000E+00  0.0000E+00  0.0000E+00  0.0000E+00  0.0000E+00  2.9861E-03  3.6023E-03  4.3449E-03  5.2398E-03  6.3173E-03  7.6142E-03  9.1748E-03  1.1052E-02  1.3307E-02  1.6015E-02  1.9265E-02  2.3163E-02  2.7834E-02  3.3432E-02  4.0140E-02  4.8188E-02  5.7847E-02  6.9511E-02  8.3677E-02  1.0105E-01  1.2264E-01  1.4994E-01  1.8495E-01
  0.0000E+00  0.0000E+00  0.0000E+00  0.0000E+00  0.0000E+00  0.0000E+00  0.0000E+00  0.0000E+00  0.0000E+00  0.0000E+00  0.0000E+00  0.0000E+00  0.0000E+00  0.0000E+00  0.0000E+00  0.0000E+00  0.0000E+00  0.0000E+00  0.0000E+00  0.0000E+00  0.0000E+00  0.0000E+00  0.0000E+00  0.0000E+00  0.0000E+00  0.0000E+00  0.0000E+00  0.0000E+00  0.0000E+00  0.0000E+00  0.0000E+00  0.0000E+00  0.0000E+00  0.0000E+00  0.0000E+00  0.0000E+00  0.0000E+00  0.0000E+00  0.0000E+00  0.0000E+00  0.0000E+00  0.0000E+00  0.0000E+00  0.0000E+00  0.0000E+00  0.0000E+00  0.0000E+00  2.9470E-03  3.5552E-03  4.2881E-03  5.1714E-03  6.2350E-03  7.5154E-03  9.0561E-03  1.0909E-02  1.3136E-02  1.5810E-02  1.9021E-02  2.2872E-02  2.7487E-02  3.3019E-02  3.9650E-02  4.7605E-02  5.7156E-02  6.8688E-02  8.2690E-02  9.9853E-02  1.2116E-01  1.4805E-01  1.8247E-01
  0.0000E+00  0.0000E+00  0.0000E+00  0.0000E+00  0.0000E+00  0.0000E+00  0.0000E+00  0.0000E+00  0.0000E+00  0.0000E+00  0.0000E+00  0.0000E+00  0.0000E+00  0.0000E+00  0.0000E+00  0.0000E+00  0.0000E+00  0.0000E+00  0.0000E+00  0.0000E+00  0.0000E+00  0.0000E+00  0.0000E+00  0.0000E+00  0.0000E+00  0.0000E+00  0.0000E+00  0.0000E+00  0.0000E+00  0.0000E+00  0.0000E+00  0.0000E+00  0.0000E+00  0.0000E+00  0.0000E+00  0.0000E+00  0.0000E+00  0.0000E+00  0.0000E+00  0.0000E+00  0.0000E+00  0.0000E+00  0.0000E+00  0.0000E+00  0.0000E+00  0.0000E+00  0.0000E+00  2.9086E-03  3.5090E-03  4.2324E-03  5.1043E-03  6.1543E-03  7.4185E-03  8.9396E-03  1.0769E-02  1.2968E-02  1.5610E-02  1.8781E-02  2.2585E-02  2.7146E-02  3.2613E-02  3.9167E-02  4.7033E-02  5.6476E-02  6.7879E-02  8.1720E-02  9.8677E-02  1.1970E-01  1.4620E-01  1.8005E-01
  0.0000E+00  0.0000E+00  0.0000E+00  0.0000E+00  0.0000E+00  0.0000E+00  0.0000E+00  0.0000E+00  0.0000E+00  0.0000E+00  0.0000E+00  0.0000E+00  0.0000E+00  0.0000E+00  0.0000E+00  0.0000E+00  0.0000E+00  0.0000E+00  0.0000E+00  0.0000E+00  0.0000E+00  0.0000E+00  0.0000E+00  0.0000E+00  0.0000E+00  0.0000E+00  0.0000E+00  0.0000E+00  0.0000E+00  0.0000E+00  0.0000E+00  0.0000E+00  0.0000E+00  0.0000E+00  0.0000E+00  0.0000E+00  0.0000E+00  0.0000E+00  0.0000E+00  0.0000E+00  0.0000E+00  0.0000E+00  0.0000E+00  0.0000E+00  0.0000E+00  0.0000E+00  0.0000E+00  2.8708E-03  3.4634E-03  4.1774E-03  5.0382E-03  6.0747E-03  7.3228E-03  8.8247E-03  1.0631E-02  1.2803E-02  1.5412E-02  1.8544E-02  2.2302E-02  2.6809E-02  3.2211E-02  3.8690E-02  4.6466E-02  5.5802E-02  6.7077E-02  8.0760E-02  9.7515E-02  1.1827E-01  1.4439E-01  1.7772E-01
  0.0000E+00  0.0000E+00  0.0000E+00  0.0000E+00  0.0000E+00  0.0000E+00  0.0000E+00  0.0000E+00  0.0000E+00  0.0000E+00  0.0000E+00  0.0000E+00  0.0000E+00  0.0000E+00  0.0000E+00  0.0000E+00  0.0000E+00  0.0000E+00  0.0000E+00  0.0000E+00  0.0000E+00  0.0000E+00  0.0000E+00  0.0000E+00  0.0000E+00  0.0000E+00  0.0000E+00  0.0000E+00  0.0000E+00  0.0000E+00  0.0000E+00  0.0000E+00  0.0000E+00  0.0000E+00  0.0000E+00  0.0000E+00  0.0000E+00  0.0000E+00  0.0000E+00  0.0000E+00  0.0000E+00  0.0000E+00  0.0000E+00  0.0000E+00  0.0000E+00  0.0000E+00  0.0000E+00  2.8336E-03  3.4186E-03  4.1235E-03  4.9732E-03  5.9966E-03  7.2288E-03  8.7118E-03  1.0496E-02  1.2640E-02  1.5217E-02  1.8311E-02  2.2024E-02  2.6477E-02  3.1816E-02  3.8220E-02  4.5908E-02  5.5139E-02  6.6288E-02  7.9815E-02  9.6373E-02  1.1687E-01  1.4263E-01  1.7543E-01
  0.0000E+00  0.0000E+00  0.0000E+00  0.0000E+00  0.0000E+00  0.0000E+00  0.0000E+00  0.0000E+00  0.0000E+00  0.0000E+00  0.0000E+00  0.0000E+00  0.0000E+00  0.0000E+00  0.0000E+00  0.0000E+00  0.0000E+00  0.0000E+00  0.0000E+00  0.0000E+00  0.0000E+00  0.0000E+00  0.0000E+00  0.0000E+00  0.0000E+00  0.0000E+00  0.0000E+00  0.0000E+00  0.0000E+00  0.0000E+00  0.0000E+00  0.0000E+00  0.0000E+00  0.0000E+00  0.0000E+00  0.0000E+00  0.0000E+00  0.0000E+00  0.0000E+00  0.0000E+00  0.0000E+00  0.0000E+00  0.0000E+00  0.0000E+00  0.0000E+00  0.0000E+00  0.0000E+00  2.7975E-03  3.3751E-03  4.0711E-03  4.9101E-03  5.9206E-03  7.1375E-03  8.6019E-03  1.0364E-02  1.2482E-02  1.5027E-02  1.8084E-02  2.1753E-02  2.6153E-02  3.1431E-02  3.7762E-02  4.5363E-02  5.4491E-02  6.5516E-02  7.8892E-02  9.5258E-02  1.1550E-01  1.4091E-01  1.7323E-01
  0.0000E+00  0.0000E+00  0.0000E+00  0.0000E+00  0.0000E+00  0.0000E+00  0.0000E+00  0.0000E+00  0.0000E+00  0.0000E+00  0.0000E+00  0.0000E+00  0.0000E+00  0.0000E+00  0.0000E+00  0.0000E+00  0.0000E+00  0.0000E+00  0.0000E+00  0.0000E+00  0.0000E+00  0.0000E+00  0.0000E+00  0.0000E+00  0.0000E+00  0.0000E+00  0.0000E+00  0.0000E+00  0.0000E+00  0.0000E+00  0.0000E+00  0.0000E+00  0.0000E+00  0.0000E+00  0.0000E+00  0.0000E+00  0.0000E+00  0.0000E+00  0.0000E+00  0.0000E+00  0.0000E+00  0.0000E+00  0.0000E+00  0.0000E+00  0.0000E+00  0.0000E+00  0.0000E+00  2.7617E-03  3.3319E-03  4.0190E-03  4.8474E-03  5.8452E-03  7.0467E-03  8.4930E-03  1.0233E-02  1.2325E-02  1.4839E-02  1.7859E-02  2.1484E-02  2.5832E-02  3.1048E-02  3.7305E-02  4.4820E-02  5.3846E-02  6.4748E-02  7.7972E-02  9.4148E-02  1.1414E-01  1.3921E-01  1.7106E-01
  0.0000E+00  0.0000E+00  0.0000E+00  0.0000E+00  0.0000E+00  0.0000E+00  0.0000E+00  0.0000E+00  0.0000E+00  0.0000E+00  0.0000E+00  0.0000E+00  0.0000E+00  0.0000E+00  0.0000E+00  0.0000E+00  0.0000E+00  0.0000E+00  0.0000E+00  0.0000E+00  0.0000E+00  0.0000E+00  0.0000E+00  0.0000E+00  0.0000E+00  0.0000E+00  0.0000E+00  0.0000E+00  0.0000E+00  0.0000E+00  0.0000E+00  0.0000E+00  0.0000E+00  0.0000E+00  0.0000E+00  0.0000E+00  0.0000E+00  0.0000E+00  0.0000E+00  0.0000E+00  0.0000E+00  0.0000E+00  0.0000E+00  0.0000E+00  0.0000E+00  0.0000E+00  0.0000E+00  2.7256E-03  3.2884E-03  3.9667E-03  4.7844E-03  5.7693E-03  6.9554E-03  8.3832E-03  1.0101E-02  1.2167E-02  1.4650E-02  1.7632E-02  2.1212E-02  2.5508E-02  3.0662E-02  3.6846E-02  4.4274E-02  5.3198E-02  6.3975E-02  7.7050E-02  9.3036E-02  1.1278E-01  1.3752E-01  1.6890E-01
  0.0000E+00  0.0000E+00  0.0000E+00  0.0000E+00  0.0000E+00  0.0000E+00  0.0000E+00  0.0000E+00  0.0000E+00  0.0000E+00  0.0000E+00  0.0000E+00  0.0000E+00  0.0000E+00  0.0000E+00  0.0000E+00  0.0000E+00  0.0000E+00  0.0000E+00  0.0000E+00  0.0000E+00  0.0000E+00  0.0000E+00  0.0000E+00  0.0000E+00  0.0000E+00  0.0000E+00  0.0000E+00  0.0000E+00  0.0000E+00  0.0000E+00  0.0000E+00  0.0000E+00  0.0000E+00  0.0000E+00  0.0000E+00  0.0000E+00  0.0000E+00  0.0000E+00  0.0000E+00  0.0000E+00  0.0000E+00  0.0000E+00  0.0000E+00  0.0000E+00  0.0000E+00  0.0000E+00  2.6904E-03  3.2459E-03  3.9154E-03  4.7227E-03  5.6951E-03  6.8661E-03  8.2758E-03  9.9723E-03  1.2012E-02  1.4464E-02  1.7410E-02  2.0947E-02  2.5191E-02  3.0284E-02  3.6397E-02  4.3740E-02  5.2563E-02  6.3220E-02  7.6148E-02  9.1952E-02  1.1146E-01  1.3588E-01  1.6682E-01
  0.0000E+00  0.0000E+00  0.0000E+00  0.0000E+00  0.0000E+00  0.0000E+00  0.0000E+00  0.0000E+00  0.0000E+00  0.0000E+00  0.0000E+00  0.0000E+00  0.0000E+00  0.0000E+00  0.0000E+00  0.0000E+00  0.0000E+00  0.0000E+00  0.0000E+00  0.0000E+00  0.0000E+00  0.0000E+00  0.0000E+00  0.0000E+00  0.0000E+00  0.0000E+00  0.0000E+00  0.0000E+00  0.0000E+00  0.0000E+00  0.0000E+00  0.0000E+00  0.0000E+00  0.0000E+00  0.0000E+00  0.0000E+00  0.0000E+00  0.0000E+00  0.0000E+00  0.0000E+00  0.0000E+00  0.0000E+00  0.0000E+00  0.0000E+00  0.0000E+00  0.0000E+00  0.0000E+00  2.6551E-03  3.2033E-03  3.8642E-03  4.6610E-03  5.6207E-03  6.7767E-03  8.1683E-03  9.8431E-03  1.1857E-02  1.4278E-02  1.7188E-02  2.0681E-02  2.4873E-02  2.9905E-02  3.5945E-02  4.3203E-02  5.1925E-02  6.2461E-02  7.5241E-02  9.0862E-02  1.1014E-01  1.3424E-01  1.6474E-01
  0.0000E+00  0.0000E+00  0.0000E+00  0.0000E+00  0.0000E+00  0.0000E+00  0.0000E+00  0.0000E+00  0.0000E+00  0.0000E+00  0.0000E+00  0.0000E+00  0.0000E+00  0.0000E+00  0.0000E+00  0.0000E+00  0.0000E+00  0.0000E+00  0.0000E+00  0.0000E+00  0.0000E+00  0.0000E+00  0.0000E+00  0.0000E+00  0.0000E+00  0.0000E+00  0.0000E+00  0.0000E+00  0.0000E+00  0.0000E+00  0.0000E+00  0.0000E+00  0.0000E+00  0.0000E+00  0.0000E+00  0.0000E+00  0.0000E+00  0.0000E+00  0.0000E+00  0.0000E+00  0.0000E+00  0.0000E+00  0.0000E+00  0.0000E+00  0.0000E+00  0.0000E+00  0.0000E+00  2.6209E-03  3.1623E-03  3.8147E-03  4.6013E-03  5.5489E-03  6.6903E-03  8.0645E-03  9.7183E-03  1.1707E-02  1.4099E-02  1.6972E-02  2.0423E-02  2.4566E-02  2.9538E-02  3.5508E-02  4.2682E-02  5.1305E-02  6.1724E-02  7.4361E-02  8.9804E-02  1.0885E-01  1.3266E-01  1.6275E-01
  0.0000E+00  0.0000E+00  0.0000E+00  0.0000E+00  0.0000E+00  0.0000E+00  0.0000E+00  0.0000E+00  0.0000E+00  0.0000E+00  0.0000E+00  0.0000E+00  0.0000E+00  0.0000E+00  0.0000E+00  0.0000E+00  0.0000E+00  0.0000E+00  0.0000E+00  0.0000E+00  0.0000E+00  0.0000E+00  0.0000E+00  0.0000E+00  0.0000E+00  0.0000E+00  0.0000E+00  0.0000E+00  0.0000E+00  0.0000E+00  0.0000E+00  0.0000E+00  0.0000E+00  0.0000E+00  0.0000E+00  0.0000E+00  0.0000E+00  0.0000E+00  0.0000E+00  0.0000E+00  0.0000E+00  0.0000E+00  0.0000E+00  0.0000E+00  0.0000E+00  0.0000E+00  0.0000E+00  2.5870E-03  3.1214E-03  3.7654E-03  4.5420E-03  5.4775E-03  6.6044E-03  7.9611E-03  9.5941E-03  1.1558E-02  1.3920E-02  1.6758E-02  2.0167E-02  2.4259E-02  2.9172E-02  3.5072E-02  4.2163E-02  5.0688E-02  6.0988E-02  7.3483E-02  8.8749E-02  1.0757E-01  1.3108E-01  1.6076E-01
  0.0000E+00  0.0000E+00  0.0000E+00  0.0000E+00  0.0000E+00  0.0000E+00  0.0000E+00  0.0000E+00  0.0000E+00  0.0000E+00  0.0000E+00  0.0000E+00  0.0000E+00  0.0000E+00  0.0000E+00  0.0000E+00  0.0000E+00  0.0000E+00  0.0000E+00  0.0000E+00  0.0000E+00  0.0000E+00  0.0000E+00  0.0000E+00  0.0000E+00  0.0000E+00  0.0000E+00  0.0000E+00  0.0000E+00  0.0000E+00  0.0000E+00  0.0000E+00  0.0000E+00  0.0000E+00  0.0000E+00  0.0000E+00  0.0000E+00  0.0000E+00  0.0000E+00  0.0000E+00  0.0000E+00  0.0000E+00  0.0000E+00  0.0000E+00  0.0000E+00  0.0000E+00  0.0000E+00  2.5533E-03  3.0807E-03  3.7164E-03  4.4829E-03  5.4064E-03  6.5187E-03  7.8580E-03  9.4702E-03  1.1409E-02  1.3741E-02  1.6544E-02  1.9911E-02  2.3953E-02  2.8807E-02  3.4636E-02  4.1644E-02  5.0070E-02  6.0253E-02  7.2605E-02  8.7697E-02  1.0630E-01  1.2951E-01  1.5881E-01
  0.0000E+00  0.0000E+00  0.0000E+00  0.0000E+00  0.0000E+00  0.0000E+00  0.0000E+00  0.0000E+00  0.0000E+00  0.0000E+00  0.0000E+00  0.0000E+00  0.0000E+00  0.0000E+00  0.0000E+00  0.0000E+00  0.0000E+00  0.0000E+00  0.0000E+00  0.0000E+00  0.0000E+00  0.0000E+00  0.0000E+00  0.0000E+00  0.0000E+00  0.0000E+00  0.0000E+00  0.0000E+00  0.0000E+00  0.0000E+00  0.0000E+00  0.0000E+00  0.0000E+00  0.0000E+00  0.0000E+00  0.0000E+00  0.0000E+00  0.0000E+00  0.0000E+00  0.0000E+00  0.0000E+00  0.0000E+00  0.0000E+00  0.0000E+00  0.0000E+00  0.0000E+00  0.0000E+00  2.5200E-03  3.0406E-03  3.6680E-03  4.4247E-03  5.3362E-03  6.4343E-03  7.7565E-03  9.3482E-03  1.1263E-02  1.3565E-02  1.6333E-02  1.9658E-02  2.3651E-02  2.8447E-02  3.4207E-02  4.1133E-02  4.9461E-02  5.9527E-02  7.1740E-02  8.6658E-02  1.0504E-01  1.2797E-01  1.5688E-01
  0.0000E+00  0.0000E+00  0.0000E+00  0.0000E+00  0.0000E+00  0.0000E+00  0.0000E+00  0.0000E+00  0.0000E+00  0.0000E+00  0.0000E+00  0.0000E+00  0.0000E+00  0.0000E+00  0.0000E+00  0.0000E+00  0.0000E+00  0.0000E+00  0.0000E+00  0.0000E+00  0.0000E+00  0.0000E+00  0.0000E+00  0.0000E+00  0.0000E+00  0.0000E+00  0.0000E+00  0.0000E+00  0.0000E+00  0.0000E+00  0.0000E+00  0.0000E+00  0.0000E+00  0.0000E+00  0.0000E+00  0.0000E+00  0.0000E+00  0.0000E+00  0.0000E+00  0.0000E+00  0.0000E+00  0.0000E+00  0.0000E+00  0.0000E+00  0.0000E+00  0.0000E+00  0.0000E+00  2.4872E-03  3.0010E-03  3.6204E-03  4.3673E-03  5.2671E-03  6.3511E-03  7.6564E-03  9.2278E-03  1.1118E-02  1.3392E-02  1.6125E-02  1.9409E-02  2.3353E-02  2.8091E-02  3.3782E-02  4.0627E-02  4.8859E-02  5.8810E-02  7.0883E-02  8.5632E-02  1.0380E-01  1.2646E-01  1.5500E-01
  0.0000E+00  0.0000E+00  0.0000E+00  0.0000E+00  0.0000E+00  0.0000E+00  0.0000E+00  0.0000E+00  0.0000E+00  0.0000E+00  0.0000E+00  0.0000E+00  0.0000E+00  0.0000E+00  0.0000E+00  0.0000E+00  0.0000E+00  0.0000E+00  0.0000E+00  0.0000E+00  0.0000E+00  0.0000E+00  0.0000E+00  0.0000E+00  0.0000E+00  0.0000E+00  0.0000E+00  0.0000E+00  0.0000E+00  0.0000E+00  0.0000E+00  0.0000E+00  0.0000E+00  0.0000E+00  0.0000E+00  0.0000E+00  0.0000E+00  0.0000E+00  0.0000E+00  0.0000E+00  0.0000E+00  0.0000E+00  0.0000E+00  0.0000E+00  0.0000E+00  0.0000E+00  0.0000E+00  0.0000E+00  2.9616E-03  3.5730E-03  4.3101E-03  5.1982E-03  6.2682E-03  7.5567E-03  9.1079E-03  1.0974E-02  1.3219E-02  1.5918E-02  1.9161E-02  2.3056E-02  2.7736E-02  3.3359E-02  4.0122E-02  4.8258E-02  5.8094E-02  7.0029E-02  8.4608E-02  1.0256E-01  1.2494E-01  1.5312E-01
  0.0000E+00  0.0000E+00  0.0000E+00  0.0000E+00  0.0000E+00  0.0000E+00  0.0000E+00  0.0000E+00  0.0000E+00  0.0000E+00  0.0000E+00  0.0000E+00  0.0000E+00  0.0000E+00  0.0000E+00  0.0000E+00  0.0000E+00  0.0000E+00  0.0000E+00  0.0000E+00  0.0000E+00  0.0000E+00  0.0000E+00  0.0000E+00  0.0000E+00  0.0000E+00  0.0000E+00  0.0000E+00  0.0000E+00  0.0000E+00  0.0000E+00  0.0000E+00  0.0000E+00  0.0000E+00  0.0000E+00  0.0000E+00  0.0000E+00  0.0000E+00  0.0000E+00  0.0000E+00  0.0000E+00  0.0000E+00  0.0000E+00  0.0000E+00  0.0000E+00  0.0000E+00  0.0000E+00  0.0000E+00  2.9227E-03  3.5260E-03  4.2535E-03  5.1301E-03  6.1862E-03  7.4580E-03  8.9892E-03  1.0832E-02  1.3048E-02  1.5712E-02  1.8915E-02  2.2762E-02  2.7384E-02  3.2939E-02  3.9621E-02  4.7662E-02  5.7384E-02  6.9182E-02  8.3594E-02  1.0134E-01  1.2345E-01  1.5128E-01
  0.0000E+00  0.0000E+00  0.0000E+00  0.0000E+00  0.0000E+00  0.0000E+00  0.0000E+00  0.0000E+00  0.0000E+00  0.0000E+00  0.0000E+00  0.0000E+00  0.0000E+00  0.0000E+00  0.0000E+00  0.0000E+00  0.0000E+00  0.0000E+00  0.0000E+00  0.0000E+00  0.0000E+00  0.0000E+00  0.0000E+00  0.0000E+00  0.0000E+00  0.0000E+00  0.0000E+00  0.0000E+00  0.0000E+00  0.0000E+00  0.0000E+00  0.0000E+00  0.0000E+00  0.0000E+00  0.0000E+00  0.0000E+00  0.0000E+00  0.0000E+00  0.0000E+00  0.0000E+00  0.0000E+00  0.0000E+00  0.0000E+00  0.0000E+00  0.0000E+00  0.0000E+00  0.0000E+00  0.0000E+00  2.8839E-03  3.4792E-03  4.1972E-03  5.0622E-03  6.1044E-03  7.3596E-03  8.8709E-03  1.0689E-02  1.2877E-02  1.5508E-02  1.8669E-02  2.2468E-02  2.7033E-02  3.2520E-02  3.9122E-02  4.7067E-02  5.6675E-02  6.8336E-02  8.2581E-02  1.0012E-01  1.2197E-01  1.4944E-01
  0.0000E+00  0.0000E+00  0.0000E+00  0.0000E+00  0.0000E+00  0.0000E+00  0.0000E+00  0.0000E+00  0.0000E+00  0.0000E+00  0.0000E+00  0.0000E+00  0.0000E+00  0.0000E+00  0.0000E+00  0.0000E+00  0.0000E+00  0.0000E+00  0.0000E+00  0.0000E+00  0.0000E+00  0.0000E+00  0.0000E+00  0.0000E+00  0.0000E+00  0.0000E+00  0.0000E+00  0.0000E+00  0.0000E+00  0.0000E+00  0.0000E+00  0.0000E+00  0.0000E+00  0.0000E+00  0.0000E+00  0.0000E+00  0.0000E+00  0.0000E+00  0.0000E+00  0.0000E+00  0.0000E+00  0.0000E+00  0.0000E+00  0.0000E+00  0.0000E+00  0.0000E+00  0.0000E+00  0.0000E+00  2.8460E-03  3.4335E-03  4.1421E-03  4.9958E-03  6.0245E-03  7.2635E-03  8.7552E-03  1.0550E-02  1.2710E-02  1.5307E-02  1.8429E-02  2.2181E-02  2.6689E-02  3.2109E-02  3.8632E-02  4.6482E-02  5.5978E-02  6.7504E-02  8.1585E-02  9.8920E-02  1.2051E-01  1.4764E-01
  0.0000E+00  0.0000E+00  0.0000E+00  0.0000E+00  0.0000E+00  0.0000E+00  0.0000E+00  0.0000E+00  0.0000E+00  0.0000E+00  0.0000E+00  0.0000E+00  0.0000E+00  0.0000E+00  0.0000E+00  0.0000E+00  0.0000E+00  0.0000E+00  0.0000E+00  0.0000E+00  0.0000E+00  0.0000E+00  0.0000E+00  0.0000E+00  0.0000E+00  0.0000E+00  0.0000E+00  0.0000E+00  0.0000E+00  0.0000E+00  0.0000E+00  0.0000E+00  0.0000E+00  0.0000E+00  0.0000E+00  0.0000E+00  0.0000E+00  0.0000E+00  0.0000E+00  0.0000E+00  0.0000E+00  0.0000E+00  0.0000E+00  0.0000E+00  0.0000E+00  0.0000E+00  0.0000E+00  0.0000E+00  2.8088E-03  3.3887E-03  4.0880E-03  4.9307E-03  5.9461E-03  7.1690E-03  8.6417E-03  1.0414E-02  1.2546E-02  1.5111E-02  1.8193E-02  2.1898E-02  2.6351E-02  3.1705E-02  3.8149E-02  4.5907E-02  5.5292E-02  6.6684E-02  8.0602E-02  9.7736E-02  1.1907E-01  1.4587E-01
  0.0000E+00  0.0000E+00  0.0000E+00  0.0000E+00  0.0000E+00  0.0000E+00  0.0000E+00  0.0000E+00  0.0000E+00  0.0000E+00  0.0000E+00  0.0000E+00  0.0000E+00  0.0000E+00  0.0000E+00  0.0000E+00  0.0000E+00  0.0000E+00  0.0000E+00  0.0000E+00  0.0000E+00  0.0000E+00  0.0000E+00  0.0000E+00  0.0000E+00  0.0000E+00  0.0000E+00  0.0000E+00  0.0000E+00  0.0000E+00  0.0000E+00  0.0000E+00  0.0000E+00  0.0000E+00  0.0000E+00  0.0000E+00  0.0000E+00  0.0000E+00  0.0000E+00  0.0000E+00  0.0000E+00  0.0000E+00  0.0000E+00  0.0000E+00  0.0000E+00  0.0000E+00  0.0000E+00  0.0000E+00  2.7717E-03  3.3439E-03  4.0341E-03  4.8657E-03  5.8679E-03  7.0749E-03  8.5284E-03  1.0278E-02  1.2382E-02  1.4914E-02  1.7958E-02  2.1616E-02  2.6013E-02  3.1301E-02  3.7667E-02  4.5331E-02  5.4605E-02  6.5864E-02  7.9620E-02  9.6553E-02  1.1763E-01  1.4410E-01
  0.0000E+00  0.0000E+00  0.0000E+00  0.0000E+00  0.0000E+00  0.0000E+00  0.0000E+00  0.0000E+00  0.0000E+00  0.0000E+00  0.0000E+00  0.0000E+00  0.0000E+00  0.0000E+00  0.0000E+00  0.0000E+00  0.0000E+00  0.0000E+00  0.0000E+00  0.0000E+00  0.0000E+00  0.0000E+00  0.0000E+00  0.0000E+00  0.0000E+00  0.0000E+00  0.0000E+00  0.0000E+00  0.0000E+00  0.0000E+00  0.0000E+00  0.0000E+00  0.0000E+00  0.0000E+00  0.0000E+00  0.0000E+00  0.0000E+00  0.0000E+00  0.0000E+00  0.0000E+00  0.0000E+00  0.0000E+00  0.0000E+00  0.0000E+00  0.0000E+00  0.0000E+00  0.0000E+00  0.0000E+00  2.7346E-03  3.2993E-03  3.9803E-03  4.8009E-03  5.7897E-03  6.9808E-03  8.4152E-03  1.0142E-02  1.2219E-02  1.4718E-02  1.7722E-02  2.1333E-02  2.5675E-02  3.0897E-02  3.7184E-02  4.4755E-02  5.3917E-02  6.5042E-02  7.8636E-02  9.5369E-02  1.1619E-01  1.4234E-01
  0.0000E+00  0.0000E+00  0.0000E+00  0.0000E+00  0.0000E+00  0.0000E+00  0.0000E+00  0.0000E+00  0.0000E+00  0.0000E+00  0.0000E+00  0.0000E+00  0.0000E+00  0.0000E+00  0.0000E+00  0.0000E+00  0.0000E+00  0.0000E+00  0.0000E+00  0.0000E+00  0.0000E+00  0.0000E+00  0.0000E+00  0.0000E+00  0.0000E+00  0.0000E+00  0.0000E+00  0.0000E+00  0.0000E+00  0.0000E+00  0.0000E+00  0.0000E+00  0.0000E+00  0.0000E+00  0.0000E+00  0.0000E+00  0.0000E+00  0.0000E+00  0.0000E+00  0.0000E+00  0.0000E+00  0.0000E+00  0.0000E+00  0.0000E+00  0.0000E+00  0.0000E+00  0.0000E+00  0.0000E+00  2.6982E-03  3.2554E-03  3.9273E-03  4.7371E-03  5.7129E-03  6.8883E-03  8.3038E-03  1.0008E-02  1.2058E-02  1.4524E-02  1.7490E-02  2.1055E-02  2.5342E-02  3.0499E-02  3.6708E-02  4.4186E-02  5.3238E-02  6.4231E-02  7.7664E-02  9.4200E-02  1.1478E-01  1.4061E-01
  0.0000E+00  0.0000E+00  0.0000E+00  0.0000E+00  0.0000E+00  0.0000E+00  0.0000E+00  0.0000E+00  0.0000E+00  0.0000E+00  0.0000E+00  0.0000E+00  0.0000E+00  0.0000E+00  0.0000E+00  0.0000E+00  0.0000E+00  0.0000E+00  0.0000E+00  0.0000E+00  0.0000E+00  0.0000E+00  0.0000E+00  0.0000E+00  0.0000E+00  0.0000E+00  0.0000E+00  0.0000E+00  0.0000E+00  0.0000E+00  0.0000E+00  0.0000E+00  0.0000E+00  0.0000E+00  0.0000E+00  0.0000E+00  0.0000E+00  0.0000E+00  0.0000E+00  0.0000E+00  0.0000E+00  0.0000E+00  0.0000E+00  0.0000E+00  0.0000E+00  0.0000E+00  0.0000E+00  0.0000E+00  2.6624E-03  3.2122E-03  3.8752E-03  4.6743E-03  5.6373E-03  6.7972E-03  8.1942E-03  9.8758E-03  1.1899E-02  1.4334E-02  1.7261E-02  2.0781E-02  2.5014E-02  3.0106E-02  3.6238E-02  4.3625E-02  5.2567E-02  6.3428E-02  7.6703E-02  9.3045E-02  1.1338E-01  1.3891E-01
  0.0000E+00  0.0000E+00  0.0000E+00  0.0000E+00  0.0000E+00  0.0000E+00  0.0000E+00  0.0000E+00  0.0000E+00  0.0000E+00  0.0000E+00  0.0000E+00  0.0000E+00  0.0000E+00  0.0000E+00  0.0000E+00  0.0000E+00  0.0000E+00  0.0000E+00  0.0000E+00  0.0000E+00  0.0000E+00  0.0000E+00  0.0000E+00  0.0000E+00  0.0000E+00  0.0000E+00  0.0000E+00  0.0000E+00  0.0000E+00  0.0000E+00  0.0000E+00  0.0000E+00  0.0000E+00  0.0000E+00  0.0000E+00  0.0000E+00  0.0000E+00  0.0000E+00  0.0000E+00  0.0000E+00  0.0000E+00  0.0000E+00  0.0000E+00  0.0000E+00  0.0000E+00  0.0000E+00  0.0000E+00  2.6268E-03  3.1692E-03  3.8234E-03  4.6119E-03  5.5621E-03  6.7066E-03  8.0852E-03  9.7446E-03  1.1742E-02  1.4144E-02  1.7034E-02  2.0508E-02  2.4687E-02  2.9714E-02  3.5769E-02  4.3065E-02  5.1897E-02  6.2628E-02  7.5743E-02  9.1891E-02  1.1198E-01  1.3720E-01
  0.0000E+00  0.0000E+00  0.0000E+00  0.0000E+00  0.0000E+00  0.0000E+00  0.0000E+00  0.0000E+00  0.0000E+00  0.0000E+00  0.0000E+00  0.0000E+00  0.0000E+00  0.0000E+00  0.0000E+00  0.0000E+00  0.0000E+00  0.0000E+00  0.0000E+00  0.0000E+00  0.0000E+00  0.0000E+00  0.0000E+00  0.0000E+00  0.0000E+00  0.0000E+00  0.0000E+00  0.0000E+00  0.0000E+00  0.0000E+00  0.0000E+00  0.0000E+00  0.0000E+00  0.0000E+00  0.0000E+00  0.0000E+00  0.0000E+00  0.0000E+00  0.0000E+00  0.0000E+00  0.0000E+00  0.0000E+00  0.0000E+00  0.0000E+00  0.0000E+00  0.0000E+00  0.0000E+00  0.0000E+00  2.5917E-03  3.1270E-03  3.7725E-03  4.5505E-03  5.4881E-03  6.6176E-03  7.9779E-03  9.6155E-03  1.1586E-02  1.3958E-02  1.6810E-02  2.0239E-02  2.4364E-02  2.9328E-02  3.5307E-02  4.2512E-02  5.1237E-02  6.1837E-02  7.4795E-02  9.0751E-02  1.1060E-01  1.3552E-01
  0.0000E+00  0.0000E+00  0.0000E+00  0.0000E+00  0.0000E+00  0.0000E+00  0.0000E+00  0.0000E+00  0.0000E+00  0.0000E+00  0.0000E+00  0.0000E+00  0.0000E+00  0.0000E+00  0.0000E+00  0.0000E+00  0.0000E+00  0.0000E+00  0.0000E+00  0.0000E+00  0.0000E+00  0.0000E+00  0.0000E+00  0.0000E+00  0.0000E+00  0.0000E+00  0.0000E+00  0.0000E+00  0.0000E+00  0.0000E+00  0.0000E+00  0.0000E+00  0.0000E+00  0.0000E+00  0.0000E+00  0.0000E+00  0.0000E+00  0.0000E+00  0.0000E+00  0.0000E+00  0.0000E+00  0.0000E+00  0.0000E+00  0.0000E+00  0.0000E+00  0.0000E+00  0.0000E+00  0.0000E+00  2.5569E-03  3.0849E-03  3.7219E-03  4.4894E-03  5.4145E-03  6.5288E-03  7.8712E-03  9.4870E-03  1.1432E-02  1.3772E-02  1.6587E-02  1.9972E-02  2.4043E-02  2.8943E-02  3.4847E-02  4.1961E-02  5.0577E-02  6.1048E-02  7.3849E-02  8.9611E-02  1.0923E-01  1.3384E-01
  0.0000E+00  0.0000E+00  0.0000E+00  0.0000E+00  0.0000E+00  0.0000E+00  0.0000E+00  0.0000E+00  0.0000E+00  0.0000E+00  0.0000E+00  0.0000E+00  0.0000E+00  0.0000E+00  0.0000E+00  0.0000E+00  0.0000E+00  0.0000E+00  0.0000E+00  0.0000E+00  0.0000E+00  0.0000E+00  0.0000E+00  0.0000E+00  0.0000E+00  0.0000E+00  0.0000E+00  0.0000E+00  0.0000E+00  0.0000E+00  0.0000E+00  0.0000E+00  0.0000E+00  0.0000E+00  0.0000E+00  0.0000E+00  0.0000E+00  0.0000E+00  0.0000E+00  0.0000E+00  0.0000E+00  0.0000E+00  0.0000E+00  0.0000E+00  0.0000E+00  0.0000E+00  0.0000E+00  0.0000E+00  2.5227E-03  3.0437E-03  3.6722E-03  4.4296E-03  5.3424E-03  6.4420E-03  7.7665E-03  9.3611E-03  1.1280E-02  1.3590E-02  1.6368E-02  1.9709E-02  2.3728E-02  2.8565E-02  3.4394E-02  4.1419E-02  4.9929E-02  6.0271E-02  7.2916E-02  8.8489E-02  1.0787E-01  1.3219E-01
  0.0000E+00  0.0000E+00  0.0000E+00  0.0000E+00  0.0000E+00  0.0000E+00  0.0000E+00  0.0000E+00  0.0000E+00  0.0000E+00  0.0000E+00  0.0000E+00  0.0000E+00  0.0000E+00  0.0000E+00  0.0000E+00  0.0000E+00  0.0000E+00  0.0000E+00  0.0000E+00  0.0000E+00  0.0000E+00  0.0000E+00  0.0000E+00  0.0000E+00  0.0000E+00  0.0000E+00  0.0000E+00  0.0000E+00  0.0000E+00  0.0000E+00  0.0000E+00  0.0000E+00  0.0000E+00  0.0000E+00  0.0000E+00  0.0000E+00  0.0000E+00  0.0000E+00  0.0000E+00  0.0000E+00  0.0000E+00  0.0000E+00  0.0000E+00  0.0000E+00  0.0000E+00  0.0000E+00  0.0000E+00  2.4887E-03  3.0027E-03  3.6227E-03  4.3699E-03  5.2705E-03  6.3554E-03  7.6622E-03  9.2356E-03  1.1129E-02  1.3408E-02  1.6150E-02  1.9447E-02  2.3414E-02  2.8189E-02  3.3943E-02  4.0879E-02  4.9281E-02  5.9494E-02  7.1984E-02  8.7366E-02  1.0651E-01  1.3053E-01
  0.0000E+00  0.0000E+00  0.0000E+00  0.0000E+00  0.0000E+00  0.0000E+00  0.0000E+00  0.0000E+00  0.0000E+00  0.0000E+00  0.0000E+00  0.0000E+00  0.0000E+00  0.0000E+00  0.0000E+00  0.0000E+00  0.0000E+00  0.0000E+00  0.0000E+00  0.0000E+00  0.0000E+00  0.0000E+00  0.0000E+00  0.0000E+00  0.0000E+00  0.0000E+00  0.0000E+00  0.0000E+00  0.0000E+00  0.0000E+00  0.0000E+00  0.0000E+00  0.0000E+00  0.0000E+00  0.0000E+00  0.0000E+00  0.0000E+00  0.0000E+00  0.0000E+00  0.0000E+00  0.0000E+00  0.0000E+00  0.0000E+00  0.0000E+00  0.0000E+00  0.0000E+00  0.0000E+00  0.0000E+00  2.4557E-03  2.9628E-03  3.5746E-03  4.3120E-03  5.2006E-03  6.2711E-03  7.5608E-03  9.1134E-03  1.0982E-02  1.3232E-02  1.5937E-02  1.9192E-02  2.3107E-02  2.7821E-02  3.3502E-02  4.0350E-02  4.8648E-02  5.8734E-02  7.1071E-02  8.6265E-02  1.0517E-01  1.2891E-01
  0.0000E+00  0.0000E+00  0.0000E+00  0.0000E+00  0.0000E+00  0.0000E+00  0.0000E+00  0.0000E+00  0.0000E+00  0.0000E+00  0.0000E+00  0.0000E+00  0.0000E+00  0.0000E+00  0.0000E+00  0.0000E+00  0.0000E+00  0.0000E+00  0.0000E+00  0.0000E+00  0.0000E+00  0.0000E+00  0.0000E+00  0.0000E+00  0.0000E+00  0.0000E+00  0.0000E+00  0.0000E+00  0.0000E+00  0.0000E+00  0.0000E+00  0.0000E+00  0.0000E+00  0.0000E+00  0.0000E+00  0.0000E+00  0.0000E+00  0.0000E+00  0.0000E+00  0.0000E+00  0.0000E+00  0.0000E+00  0.0000E+00  0.0000E+00  0.0000E+00  0.0000E+00  0.0000E+00  0.0000E+00  2.4227E-03  2.9230E-03  3.5267E-03  4.2541E-03  5.1309E-03  6.1872E-03  7.4596E-03  8.9917E-03  1.0836E-02  1.3055E-02  1.5725E-02  1.8937E-02  2.2802E-02  2.7454E-02  3.3062E-02  3.9823E-02  4.8015E-02  5.7975E-02  7.0157E-02  8.5164E-02  1.0384E-01  1.2728E-01
  0.0000E+00  0.0000E+00  0.0000E+00  0.0000E+00  0.0000E+00  0.0000E+00  0.0000E+00  0.0000E+00  0.0000E+00  0.0000E+00  0.0000E+00  0.0000E+00  0.0000E+00  0.0000E+00  0.0000E+00  0.0000E+00  0.0000E+00  0.0000E+00  0.0000E+00  0.0000E+00  0.0000E+00  0.0000E+00  0.0000E+00  0.0000E+00  0.0000E+00  0.0000E+00  0.0000E+00  0.0000E+00  0.0000E+00  0.0000E+00  0.0000E+00  0.0000E+00  0.0000E+00  0.0000E+00  0.0000E+00  0.0000E+00  0.0000E+00  0.0000E+00  0.0000E+00  0.0000E+00  0.0000E+00  0.0000E+00  0.0000E+00  0.0000E+00  0.0000E+00  0.0000E+00  0.0000E+00  0.0000E+00  2.3901E-03  2.8838E-03  3.4792E-03  4.1970E-03  5.0620E-03  6.1041E-03  7.3596E-03  8.8711E-03  1.0691E-02  1.2881E-02  1.5515E-02  1.8685E-02  2.2499E-02  2.7090E-02  3.2625E-02  3.9299E-02  4.7386E-02  5.7220E-02  6.9250E-02  8.4070E-02  1.0252E-01  1.2568E-01
  0.0000E+00  0.0000E+00  0.0000E+00  0.0000E+00  0.0000E+00  0.0000E+00  0.0000E+00  0.0000E+00  0.0000E+00  0.0000E+00  0.0000E+00  0.0000E+00  0.0000E+00  0.0000E+00  0.0000E+00  0.0000E+00  0.0000E+00  0.0000E+00  0.0000E+00  0.0000E+00  0.0000E+00  0.0000E+00  0.0000E+00  0.0000E+00  0.0000E+00  0.0000E+00  0.0000E+00  0.0000E+00  0.0000E+00  0.0000E+00  0.0000E+00  0.0000E+00  0.0000E+00  0.0000E+00  0.0000E+00  0.0000E+00  0.0000E+00  0.0000E+00  0.0000E+00  0.0000E+00  0.0000E+00  0.0000E+00  0.0000E+00  0.0000E+00  0.0000E+00  0.0000E+00  0.0000E+00  0.0000E+00  2.3577E-03  2.8446E-03  3.4321E-03  4.1401E-03  4.9934E-03  6.0214E-03  7.2600E-03  8.7512E-03  1.0546E-02  1.2707E-02  1.5306E-02  1.8433E-02  2.2196E-02  2.6727E-02  3.2190E-02  3.8776E-02  4.6759E-02  5.6467E-02  6.8344E-02  8.2978E-02  1.0120E-01  1.2407E-01
  0.0000E+00  0.0000E+00  0.0000E+00  0.0000E+00  0.0000E+00  0.0000E+00  0.0000E+00  0.0000E+00  0.0000E+00  0.0000E+00  0.0000E+00  0.0000E+00  0.0000E+00  0.0000E+00  0.0000E+00  0.0000E+00  0.0000E+00  0.0000E+00  0.0000E+00  0.0000E+00  0.0000E+00  0.0000E+00  0.0000E+00  0.0000E+00  0.0000E+00  0.0000E+00  0.0000E+00  0.0000E+00  0.0000E+00  0.0000E+00  0.0000E+00  0.0000E+00  0.0000E+00  0.0000E+00  0.0000E+00  0.0000E+00  0.0000E+00  0.0000E+00  0.0000E+00  0.0000E+00  0.0000E+00  0.0000E+00  0.0000E+00  0.0000E+00  0.0000E+00  0.0000E+00  0.0000E+00  0.0000E+00  0.0000E+00  2.8063E-03  3.3858E-03  4.0843E-03  4.9261E-03  5.9404E-03  7.1623E-03  8.6335E-03  1.0404E-02  1.2536E-02  1.5101E-02  1.8186E-02  2.1900E-02  2.6371E-02  3.1761E-02  3.8262E-02  4.6141E-02  5.5724E-02  6.7450E-02  8.1900E-02  9.9890E-02  1.2248E-01
  0.0000E+00  0.0000E+00  0.0000E+00  0.0000E+00  0.0000E+00  0.0000E+00  0.0000E+00  0.0000E+00  0.0000E+00  0.0000E+00  0.0000E+00  0.0000E+00  0.0000E+00  0.0000E+00  0.0000E+00  0.0000E+00  0.0000E+00  0.0000E+00  0.0000E+00  0.0000E+00  0.0000E+00  0.0000E+00  0.0000E+00  0.0000E+00  0.0000E+00  0.0000E+00  0.0000E+00  0.0000E+00  0.0000E+00  0.0000E+00  0.0000E+00  0.0000E+00  0.0000E+00  0.0000E+00  0.0000E+00  0.0000E+00  0.0000E+00  0.0000E+00  0.0000E+00  0.0000E+00  0.0000E+00  0.0000E+00  0.0000E+00  0.0000E+00  0.0000E+00  0.0000E+00  0.0000E+00  0.0000E+00  0.0000E+00  2.7683E-03  3.3400E-03  4.0290E-03  4.8595E-03  5.8601E-03  7.0655E-03  8.5168E-03  1.0264E-02  1.2367E-02  1.4897E-02  1.7942E-02  2.1605E-02  2.6017E-02  3.1336E-02  3.7751E-02  4.5527E-02  5.4985E-02  6.6560E-02  8.0825E-02  9.8589E-02  1.2090E-01
  0.0000E+00  0.0000E+00  0.0000E+00  0.0000E+00  0.0000E+00  0.0000E+00  0.0000E+00  0.0000E+00  0.0000E+00  0.0000E+00  0.0000E+00  0.0000E+00  0.0000E+00  0.0000E+00  0.0000E+00  0.0000E+00  0.0000E+00  0.0000E+00  0.0000E+00  0.0000E+00  0.0000E+00  0.0000E+00  0.0000E+00  0.0000E+00  0.0000E+00  0.0000E+00  0.0000E+00  0.0000E+00  0.0000E+00  0.0000E+00  0.0000E+00  0.0000E+00  0.0000E+00  0.0000E+00  0.0000E+00  0.0000E+00  0.0000E+00  0.0000E+00  0.0000E+00  0.0000E+00  0.0000E+00  0.0000E+00  0.0000E+00  0.0000E+00  0.0000E+00  0.0000E+00  0.0000E+00  0.0000E+00  0.0000E+00  2.7311E-03  3.2951E-03  3.9748E-03  4.7942E-03  5.7813E-03  6.9705E-03  8.4024E-03  1.0126E-02  1.2201E-02  1.4698E-02  1.7701E-02  2.1316E-02  2.5669E-02  3.0918E-02  3.7248E-02  4.4922E-02  5.4258E-02  6.5683E-02  7.9766E-02  9.7306E-02  1.1934E-01
  0.0000E+00  0.0000E+00  0.0000E+00  0.0000E+00  0.0000E+00  0.0000E+00  0.0000E+00  0.0000E+00  0.0000E+00  0.0000E+00  0.0000E+00  0.0000E+00  0.0000E+00  0.0000E+00  0.0000E+00  0.0000E+00  0.0000E+00  0.0000E+00  0.0000E+00  0.0000E+00  0.0000E+00  0.0000E+00  0.0000E+00  0.0000E+00  0.0000E+00  0.0000E+00  0.0000E+00  0.0000E+00  0.0000E+00  0.0000E+00  0.0000E+00  0.0000E+00  0.0000E+00  0.0000E+00  0.0000E+00  0.0000E+00  0.0000E+00  0.0000E+00  0.0000E+00  0.0000E+00  0.0000E+00  0.0000E+00  0.0000E+00  0.0000E+00  0.0000E+00  0.0000E+00  0.0000E+00  0.0000E+00  0.0000E+00  2.6943E-03  3.2507E-03  3.9213E-03  4.7296E-03  5.7035E-03  6.8767E-03  8.2893E-03  9.9899E-03  1.2037E-02  1.4500E-02  1.7463E-02  2.1030E-02  2.5325E-02  3.0503E-02  3.6749E-02  4.4322E-02  5.3535E-02  6.4811E-02  7.8712E-02  9.6027E-02  1.1779E-01
  0.0000E+00  0.0000E+00  0.0000E+00  0.0000E+00  0.0000E+00  0.0000E+00  0.0000E+00  0.0000E+00  0.0000E+00  0.0000E+00  0.0000E+00  0.0000E+00  0.0000E+00  0.0000E+00  0.0000E+00  0.0000E+00  0.0000E+00  0.0000E+00  0.0000E+00  0.0000E+00  0.0000E+00  0.0000E+00  0.0000E+00  0.0000E+00  0.0000E+00  0.0000E+00  0.0000E+00  0.0000E+00  0.0000E+00  0.0000E+00  0.0000E+00  0.0000E+00  0.0000E+00  0.0000E+00  0.0000E+00  0.0000E+00  0.0000E+00  0.0000E+00  0.0000E+00  0.0000E+00  0.0000E+00  0.0000E+00  0.0000E+00  0.0000E+00  0.0000E+00  0.0000E+00  0.0000E+00  0.0000E+00  0.0000E+00  2.6584E-03  3.2073E-03  3.8690E-03  4.6665E-03  5.6274E-03  6.7849E-03  8.1788E-03  9.8567E-03  1.1876E-02  1.4307E-02  1.7231E-02  2.0750E-02  2.4988E-02  3.0098E-02  3.6261E-02  4.3734E-02  5.2826E-02  6.3955E-02  7.7676E-02  9.4770E-02  1.1626E-01
  0.0000E+00  0.0000E+00  0.0000E+00  0.0000E+00  0.0000E+00  0.0000E+00  0.0000E+00  0.0000E+00  0.0000E+00  0.0000E+00  0.0000E+00  0.0000E+00  0.0000E+00  0.0000E+00  0.0000E+00  0.0000E+00  0.0000E+00  0.0000E+00  0.0000E+00  0.0000E+00  0.0000E+00  0.0000E+00  0.0000E+00  0.0000E+00  0.0000E+00  0.0000E+00  0.0000E+00  0.0000E+00  0.0000E+00  0.0000E+00  0.0000E+00  0.0000E+00  0.0000E+00  0.0000E+00  0.0000E+00  0.0000E+00  0.0000E+00  0.0000E+00  0.0000E+00  0.0000E+00  0.0000E+00  0.0000E+00  0.0000E+00  0.0000E+00  0.0000E+00  0.0000E+00  0.0000E+00  0.0000E+00  0.0000E+00  2.6237E-03  3.1656E-03  3.8186E-03  4.6057E-03  5.5541E-03  6.6966E-03  8.0722E-03  9.7283E-03  1.1722E-02  1.4120E-02  1.7006E-02  2.0479E-02  2.4662E-02  2.9706E-02  3.5789E-02  4.3165E-02  5.2139E-02  6.3124E-02  7.6668E-02  9.3544E-02  1.1476E-01
  0.0000E+00  0.0000E+00  0.0000E+00  0.0000E+00  0.0000E+00  0.0000E+00  0.0000E+00  0.0000E+00  0.0000E+00  0.0000E+00  0.0000E+00  0.0000E+00  0.0000E+00  0.0000E+00  0.0000E+00  0.0000E+00  0.0000E+00  0.0000E+00  0.0000E+00  0.0000E+00  0.0000E+00  0.0000E+00  0.0000E+00  0.0000E+00  0.0000E+00  0.0000E+00  0.0000E+00  0.0000E+00  0.0000E+00  0.0000E+00  0.0000E+00  0.0000E+00  0.0000E+00  0.0000E+00  0.0000E+00  0.0000E+00  0.0000E+00  0.0000E+00  0.0000E+00  0.0000E+00  0.0000E+00  0.0000E+00  0.0000E+00  0.0000E+00  0.0000E+00  0.0000E+00  0.0000E+00  0.0000E+00  0.0000E+00  2.5890E-03  3.1237E-03  3.7680E-03  4.5448E-03  5.4805E-03  6.6079E-03  7.9653E-03  9.5995E-03  1.1567E-02  1.3933E-02  1.6781E-02  2.0208E-02  2.4335E-02  2.9312E-02  3.5315E-02  4.2593E-02  5.1448E-02  6.2288E-02  7.5654E-02  9.2309E-02  1.1325E-01
  0.0000E+00  0.0000E+00  0.0000E+00  0.0000E+00  0.0000E+00  0.0000E+00  0.0000E+00  0.0000E+00  0.0000E+00  0.0000E+00  0.0000E+00  0.0000E+00  0.0000E+00  0.0000E+00  0.0000E+00  0.0000E+00  0.0000E+00  0.0000E+00  0.0000E+00  0.0000E+00  0.0000E+00  0.0000E+00  0.0000E+00  0.0000E+00  0.0000E+00  0.0000E+00  0.0000E+00  0.0000E+00  0.0000E+00  0.0000E+00  0.0000E+00  0.0000E+00  0.0000E+00  0.0000E+00  0.0000E+00  0.0000E+00  0.0000E+00  0.0000E+00  0.0000E+00  0.0000E+00  0.0000E+00  0.0000E+00  0.0000E+00  0.0000E+00  0.0000E+00  0.0000E+00  0.0000E+00  0.0000E+00  0.0000E+00  2.5557E-03  3.0835E-03  3.7195E-03  4.4862E-03  5.4100E-03  6.5227E-03  7.8627E-03  9.4757E-03  1.1417E-02  1.3753E-02  1.6564E-02  1.9947E-02  2.4021E-02  2.8933E-02  3.4857E-02  4.2041E-02  5.0780E-02  6.1479E-02  7.4670E-02  9.1110E-02  1.1179E-01
  0.0000E+00  0.0000E+00  0.0000E+00  0.0000E+00  0.0000E+00  0.0000E+00  0.0000E+00  0.0000E+00  0.0000E+00  0.0000E+00  0.0000E+00  0.0000E+00  0.0000E+00  0.0000E+00  0.0000E+00  0.0000E+00  0.0000E+00  0.0000E+00  0.0000E+00  0.0000E+00  0.0000E+00  0.0000E+00  0.0000E+00  0.0000E+00  0.0000E+00  0.0000E+00  0.0000E+00  0.0000E+00  0.0000E+00  0.0000E+00  0.0000E+00  0.0000E+00  0.0000E+00  0.0000E+00  0.0000E+00  0.0000E+00  0.0000E+00  0.0000E+00  0.0000E+00  0.0000E+00  0.0000E+00  0.0000E+00  0.0000E+00  0.0000E+00  0.0000E+00  0.0000E+00  0.0000E+00  0.0000E+00  0.0000E+00  2.5225E-03  3.0434E-03  3.6712E-03  4.4279E-03  5.3396E-03  6.4380E-03  7.7605E-03  9.3525E-03  1.1269E-02  1.3574E-02  1.6348E-02  1.9687E-02  2.3707E-02  2.8555E-02  3.4402E-02  4.1490E-02  5.0114E-02  6.0672E-02  7.3690E-02  8.9914E-02  1.1032E-01
  0.0000E+00  0.0000E+00  0.0000E+00  0.0000E+00  0.0000E+00  0.0000E+00  0.0000E+00  0.0000E+00  0.0000E+00  0.0000E+00  0.0000E+00  0.0000E+00  0.0000E+00  0.0000E+00  0.0000E+00  0.0000E+00  0.0000E+00  0.0000E+00  0.0000E+00  0.0000E+00  0.0000E+00  0.0000E+00  0.0000E+00  0.0000E+00  0.0000E+00  0.0000E+00  0.0000E+00  0.0000E+00  0.0000E+00  0.0000E+00  0.0000E+00  0.0000E+00  0.0000E+00  0.0000E+00  0.0000E+00  0.0000E+00  0.0000E+00  0.0000E+00  0.0000E+00  0.0000E+00  0.0000E+00  0.0000E+00  0.0000E+00  0.0000E+00  0.0000E+00  0.0000E+00  0.0000E+00  0.0000E+00  0.0000E+00  2.4899E-03  3.0040E-03  3.6238E-03  4.3706E-03  5.2705E-03  6.3546E-03  7.6598E-03  9.2311E-03  1.1122E-02  1.3398E-02  1.6136E-02  1.9430E-02  2.3398E-02  2.8181E-02  3.3950E-02  4.0945E-02  4.9454E-02  5.9870E-02  7.2715E-02  8.8725E-02  1.0887E-01
  0.0000E+00  0.0000E+00  0.0000E+00  0.0000E+00  0.0000E+00  0.0000E+00  0.0000E+00  0.0000E+00  0.0000E+00  0.0000E+00  0.0000E+00  0.0000E+00  0.0000E+00  0.0000E+00  0.0000E+00  0.0000E+00  0.0000E+00  0.0000E+00  0.0000E+00  0.0000E+00  0.0000E+00  0.0000E+00  0.0000E+00  0.0000E+00  0.0000E+00  0.0000E+00  0.0000E+00  0.0000E+00  0.0000E+00  0.0000E+00  0.0000E+00  0.0000E+00  0.0000E+00  0.0000E+00  0.0000E+00  0.0000E+00  0.0000E+00  0.0000E+00  0.0000E+00  0.0000E+00  0.0000E+00  0.0000E+00  0.0000E+00  0.0000E+00  0.0000E+00  0.0000E+00  0.0000E+00  0.0000E+00  0.0000E+00  2.4578E-03  2.9654E-03  3.5771E-03  4.3143E-03  5.2026E-03  6.2726E-03  7.5610E-03  9.1119E-03  1.0979E-02  1.3225E-02  1.5926E-02  1.9178E-02  2.3093E-02  2.7814E-02  3.3507E-02  4.0408E-02  4.8803E-02  5.9081E-02  7.1754E-02  8.7553E-02  1.0744E-01
  0.0000E+00  0.0000E+00  0.0000E+00  0.0000E+00  0.0000E+00  0.0000E+00  0.0000E+00  0.0000E+00  0.0000E+00  0.0000E+00  0.0000E+00  0.0000E+00  0.0000E+00  0.0000E+00  0.0000E+00  0.0000E+00  0.0000E+00  0.0000E+00  0.0000E+00  0.0000E+00  0.0000E+00  0.0000E+00  0.0000E+00  0.0000E+00  0.0000E+00  0.0000E+00  0.0000E+00  0.0000E+00  0.0000E+00  0.0000E+00  0.0000E+00  0.0000E+00  0.0000E+00  0.0000E+00  0.0000E+00  0.0000E+00  0.0000E+00  0.0000E+00  0.0000E+00  0.0000E+00  0.0000E+00  0.0000E+00  0.0000E+00  0.0000E+00  0.0000E+00  0.0000E+00  0.0000E+00  0.0000E+00  0.0000E+00  2.4265E-03  2.9276E-03  3.5315E-03  4.2593E-03  5.1362E-03  6.1925E-03  7.4644E-03  8.9953E-03  1.0838E-02  1.3055E-02  1.5722E-02  1.8931E-02  2.2795E-02  2.7453E-02  3.3071E-02  3.9880E-02  4.8164E-02  5.8303E-02  7.0806E-02  8.6394E-02  1.0602E-01
  0.0000E+00  0.0000E+00  0.0000E+00  0.0000E+00  0.0000E+00  0.0000E+00  0.0000E+00  0.0000E+00  0.0000E+00  0.0000E+00  0.0000E+00  0.0000E+00  0.0000E+00  0.0000E+00  0.0000E+00  0.0000E+00  0.0000E+00  0.0000E+00  0.0000E+00  0.0000E+00  0.0000E+00  0.0000E+00  0.0000E+00  0.0000E+00  0.0000E+00  0.0000E+00  0.0000E+00  0.0000E+00  0.0000E+00  0.0000E+00  0.0000E+00  0.0000E+00  0.0000E+00  0.0000E+00  0.0000E+00  0.0000E+00  0.0000E+00  0.0000E+00  0.0000E+00  0.0000E+00  0.0000E+00  0.0000E+00  0.0000E+00  0.0000E+00  0.0000E+00  0.0000E+00  0.0000E+00  0.0000E+00  0.0000E+00  2.3960E-03  2.8907E-03  3.4870E-03  4.2056E-03  5.0714E-03  6.1143E-03  7.3700E-03  8.8814E-03  1.0701E-02  1.2889E-02  1.5522E-02  1.8689E-02  2.2503E-02  2.7101E-02  3.2644E-02  3.9364E-02  4.7537E-02  5.7540E-02  6.9876E-02  8.5256E-02  1.0462E-01
  0.0000E+00  0.0000E+00  0.0000E+00  0.0000E+00  0.0000E+00  0.0000E+00  0.0000E+00  0.0000E+00  0.0000E+00  0.0000E+00  0.0000E+00  0.0000E+00  0.0000E+00  0.0000E+00  0.0000E+00  0.0000E+00  0.0000E+00  0.0000E+00  0.0000E+00  0.0000E+00  0.0000E+00  0.0000E+00  0.0000E+00  0.0000E+00  0.0000E+00  0.0000E+00  0.0000E+00  0.0000E+00  0.0000E+00  0.0000E+00  0.0000E+00  0.0000E+00  0.0000E+00  0.0000E+00  0.0000E+00  0.0000E+00  0.0000E+00  0.0000E+00  0.0000E+00  0.0000E+00  0.0000E+00  0.0000E+00  0.0000E+00  0.0000E+00  0.0000E+00  0.0000E+00  0.0000E+00  0.0000E+00  0.0000E+00  2.3663E-03  2.8549E-03  3.4437E-03  4.1534E-03  5.0084E-03  6.0383E-03  7.2782E-03  8.7707E-03  1.0567E-02  1.2728E-02  1.5327E-02  1.8454E-02  2.2219E-02  2.6757E-02  3.2229E-02  3.8860E-02  4.6924E-02  5.6794E-02  6.8965E-02  8.4138E-02  1.0325E-01
  0.0000E+00  0.0000E+00  0.0000E+00  0.0000E+00  0.0000E+00  0.0000E+00  0.0000E+00  0.0000E+00  0.0000E+00  0.0000E+00  0.0000E+00  0.0000E+00  0.0000E+00  0.0000E+00  0.0000E+00  0.0000E+00  0.0000E+00  0.0000E+00  0.0000E+00  0.0000E+00  0.0000E+00  0.0000E+00  0.0000E+00  0.0000E+00  0.0000E+00  0.0000E+00  0.0000E+00  0.0000E+00  0.0000E+00  0.0000E+00  0.0000E+00  0.0000E+00  0.0000E+00  0.0000E+00  0.0000E+00  0.0000E+00  0.0000E+00  0.0000E+00  0.0000E+00  0.0000E+00  0.0000E+00  0.0000E+00  0.0000E+00  0.0000E+00  0.0000E+00  0.0000E+00  0.0000E+00  0.0000E+00  0.0000E+00  2.3376E-03  2.8203E-03  3.4020E-03  4.1030E-03  4.9475E-03  5.9649E-03  7.1897E-03  8.6639E-03  1.0438E-02  1.2572E-02  1.5139E-02  1.8227E-02  2.1945E-02  2.6425E-02  3.1827E-02  3.8372E-02  4.6331E-02  5.6070E-02  6.8078E-02  8.3050E-02  1.0191E-01
  0.0000E+00  0.0000E+00  0.0000E+00  0.0000E+00  0.0000E+00  0.0000E+00  0.0000E+00  0.0000E+00  0.0000E+00  0.0000E+00  0.0000E+00  0.0000E+00  0.0000E+00  0.0000E+00  0.0000E+00  0.0000E+00  0.0000E+00  0.0000E+00  0.0000E+00  0.0000E+00  0.0000E+00  0.0000E+00  0.0000E+00  0.0000E+00  0.0000E+00  0.0000E+00  0.0000E+00  0.0000E+00  0.0000E+00  0.0000E+00  0.0000E+00  0.0000E+00  0.0000E+00  0.0000E+00  0.0000E+00  0.0000E+00  0.0000E+00  0.0000E+00  0.0000E+00  0.0000E+00  0.0000E+00  0.0000E+00  0.0000E+00  0.0000E+00  0.0000E+00  0.0000E+00  0.0000E+00  0.0000E+00  0.0000E+00  2.3095E-03  2.7863E-03  3.3611E-03  4.0536E-03  4.8880E-03  5.8930E-03  7.1029E-03  8.5592E-03  1.0312E-02  1.2420E-02  1.4955E-02  1.8005E-02  2.1676E-02  2.6100E-02  3.1432E-02  3.7893E-02  4.5748E-02  5.5358E-02  6.7205E-02  8.1976E-02  1.0058E-01
  0.0000E+00  0.0000E+00  0.0000E+00  0.0000E+00  0.0000E+00  0.0000E+00  0.0000E+00  0.0000E+00  0.0000E+00  0.0000E+00  0.0000E+00  0.0000E+00  0.0000E+00  0.0000E+00  0.0000E+00  0.0000E+00  0.0000E+00  0.0000E+00  0.0000E+00  0.0000E+00  0.0000E+00  0.0000E+00  0.0000E+00  0.0000E+00  0.0000E+00  0.0000E+00  0.0000E+00  0.0000E+00  0.0000E+00  0.0000E+00  0.0000E+00  0.0000E+00  0.0000E+00  0.0000E+00  0.0000E+00  0.0000E+00  0.0000E+00  0.0000E+00  0.0000E+00  0.0000E+00  0.0000E+00  0.0000E+00  0.0000E+00  0.0000E+00  0.0000E+00  0.0000E+00  0.0000E+00  0.0000E+00  0.0000E+00  2.2826E-03  2.7538E-03  3.3218E-03  4.0062E-03  4.8308E-03  5.8239E-03  7.0196E-03  8.4586E-03  1.0190E-02  1.2273E-02  1.4778E-02  1.7791E-02  2.1417E-02  2.5786E-02  3.1052E-02  3.7431E-02  4.5184E-02  5.4669E-02  6.6359E-02  8.0933E-02  9.9292E-02
  0.0000E+00  0.0000E+00  0.0000E+00  0.0000E+00  0.0000E+00  0.0000E+00  0.0000E+00  0.0000E+00  0.0000E+00  0.0000E+00  0.0000E+00  0.0000E+00  0.0000E+00  0.0000E+00  0.0000E+00  0.0000E+00  0.0000E+00  0.0000E+00  0.0000E+00  0.0000E+00  0.0000E+00  0.0000E+00  0.0000E+00  0.0000E+00  0.0000E+00  0.0000E+00  0.0000E+00  0.0000E+00  0.0000E+00  0.0000E+00  0.0000E+00  0.0000E+00  0.0000E+00  0.0000E+00  0.0000E+00  0.0000E+00  0.0000E+00  0.0000E+00  0.0000E+00  0.0000E+00  0.0000E+00  0.0000E+00  0.0000E+00  0.0000E+00  0.0000E+00  0.0000E+00  0.0000E+00  0.0000E+00  0.0000E+00  2.2563E-03  2.7221E-03  3.2835E-03  3.9600E-03  4.7750E-03  5.7566E-03  6.9383E-03  8.3604E-03  1.0072E-02  1.2130E-02  1.4605E-02  1.7582E-02  2.1164E-02  2.5480E-02  3.0680E-02  3.6979E-02  4.4633E-02  5.3994E-02  6.5530E-02  7.9908E-02  9.8023E-02
  0.0000E+00  0.0000E+00  0.0000E+00  0.0000E+00  0.0000E+00  0.0000E+00  0.0000E+00  0.0000E+00  0.0000E+00  0.0000E+00  0.0000E+00  0.0000E+00  0.0000E+00  0.0000E+00  0.0000E+00  0.0000E+00  0.0000E+00  0.0000E+00  0.0000E+00  0.0000E+00  0.0000E+00  0.0000E+00  0.0000E+00  0.0000E+00  0.0000E+00  0.0000E+00  0.0000E+00  0.0000E+00  0.0000E+00  0.0000E+00  0.0000E+00  0.0000E+00  0.0000E+00  0.0000E+00  0.0000E+00  0.0000E+00  0.0000E+00  0.0000E+00  0.0000E+00  0.0000E+00  0.0000E+00  0.0000E+00  0.0000E+00  0.0000E+00  0.0000E+00  0.0000E+00  0.0000E+00  0.0000E+00  0.0000E+00  0.0000E+00  2.6917E-03  3.2468E-03  3.9158E-03  4.7216E-03  5.6922E-03  6.8605E-03  8.2666E-03  9.9584E-03  1.1993E-02  1.4440E-02  1.7382E-02  2.0922E-02  2.5187E-02  3.0324E-02  3.6545E-02  4.4104E-02  5.3344E-02  6.4729E-02  7.8917E-02  9.6790E-02
  0.0000E+00  0.0000E+00  0.0000E+00  0.0000E+00  0.0000E+00  0.0000E+00  0.0000E+00  0.0000E+00  0.0000E+00  0.0000E+00  0.0000E+00  0.0000E+00  0.0000E+00  0.0000E+00  0.0000E+00  0.0000E+00  0.0000E+00  0.0000E+00  0.0000E+00  0.0000E+00  0.0000E+00  0.0000E+00  0.0000E+00  0.0000E+00  0.0000E+00  0.0000E+00  0.0000E+00  0.0000E+00  0.0000E+00  0.0000E+00  0.0000E+00  0.0000E+00  0.0000E+00  0.0000E+00  0.0000E+00  0.0000E+00  0.0000E+00  0.0000E+00  0.0000E+00  0.0000E+00  0.0000E+00  0.0000E+00  0.0000E+00  0.0000E+00  0.0000E+00  0.0000E+00  0.0000E+00  0.0000E+00  0.0000E+00  0.0000E+00  2.6620E-03  3.2110E-03  3.8725E-03  4.6694E-03  5.6292E-03  6.7845E-03  8.1748E-03  9.8476E-03  1.1859E-02  1.4278E-02  1.7187E-02  2.0686E-02  2.4900E-02  2.9977E-02  3.6122E-02  4.3587E-02  5.2710E-02  6.3948E-02  7.7949E-02  9.5586E-02
  0.0000E+00  0.0000E+00  0.0000E+00  0.0000E+00  0.0000E+00  0.0000E+00  0.0000E+00  0.0000E+00  0.0000E+00  0.0000E+00  0.0000E+00  0.0000E+00  0.0000E+00  0.0000E+00  0.0000E+00  0.0000E+00  0.0000E+00  0.0000E+00  0.0000E+00  0.0000E+00  0.0000E+00  0.0000E+00  0.0000E+00  0.0000E+00  0.0000E+00  0.0000E+00  0.0000E+00  0.0000E+00  0.0000E+00  0.0000E+00  0.0000E+00  0.0000E+00  0.0000E+00  0.0000E+00  0.0000E+00  0.0000E+00  0.0000E+00  0.0000E+00  0.0000E+00  0.0000E+00  0.0000E+00  0.0000E+00  0.0000E+00  0.0000E+00  0.0000E+00  0.0000E+00  0.0000E+00  0.0000E+00  0.0000E+00  0.0000E+00  2.6335E-03  3.1765E-03  3.8309E-03  4.6192E-03  5.5686E-03  6.7114E-03  8.0865E-03  9.7410E-03  1.1730E-02  1.4122E-02  1.6998E-02  2.0458E-02  2.4623E-02  2.9640E-02  3.5711E-02  4.3083E-02  5.2092E-02  6.3183E-02  7.6999E-02  9.4401E-02
  0.0000E+00  0.0000E+00  0.0000E+00  0.0000E+00  0.0000E+00  0.0000E+00  0.0000E+00  0.0000E+00  0.0000E+00  0.0000E+00  0.0000E+00  0.0000E+00  0.0000E+00  0.0000E+00  0.0000E+00  0.0000E+00  0.0000E+00  0.0000E+00  0.0000E+00  0.0000E+00  0.0000E+00  0.0000E+00  0.0000E+00  0.0000E+00  0.0000E+00  0.0000E+00  0.0000E+00  0.0000E+00  0.0000E+00  0.0000E+00  0.0000E+00  0.0000E+00  0.0000E+00  0.0000E+00  0.0000E+00  0.0000E+00  0.0000E+00  0.0000E+00  0.0000E+00  0.0000E+00  0.0000E+00  0.0000E+00  0.0000E+00  0.0000E+00  0.0000E+00  0.0000E+00  0.0000E+00  0.0000E+00  0.0000E+00  0.0000E+00  2.6055E-03  3.1427E-03  3.7901E-03  4.5700E-03  5.5092E-03  6.6396E-03  7.9999E-03  9.6363E-03  1.1604E-02  1.3969E-02  1.6813E-02  2.0233E-02  2.4351E-02  2.9309E-02  3.5308E-02  4.2590E-02  5.1484E-02  6.2432E-02  7.6067E-02  9.3238E-02
  0.0000E+00  0.0000E+00  0.0000E+00  0.0000E+00  0.0000E+00  0.0000E+00  0.0000E+00  0.0000E+00  0.0000E+00  0.0000E+00  0.0000E+00  0.0000E+00  0.0000E+00  0.0000E+00  0.0000E+00  0.0000E+00  0.0000E+00  0.0000E+00  0.0000E+00  0.0000E+00  0.0000E+00  0.0000E+00  0.0000E+00  0.0000E+00  0.0000E+00  0.0000E+00  0.0000E+00  0.0000E+00  0.0000E+00  0.0000E+00  0.0000E+00  0.0000E+00  0.0000E+00  0.0000E+00  0.0000E+00  0.0000E+00  0.0000E+00  0.0000E+00  0.0000E+00  0.0000E+00  0.0000E+00  0.0000E+00  0.0000E+00  0.0000E+00  0.0000E+00  0.0000E+00  0.0000E+00  0.0000E+00  0.0000E+00  0.0000E+00  2.5789E-03  3.1106E-03  3.7513E-03  4.5231E-03  5.4526E-03  6.5713E-03  7.9173E-03  9.5366E-03  1.1483E-02  1.3824E-02  1.6637E-02  2.0020E-02  2.4091E-02  2.8993E-02  3.4922E-02  4.2116E-02  5.0900E-02  6.1708E-02  7.5164E-02  9.2108E-02
  0.0000E+00  0.0000E+00  0.0000E+00  0.0000E+00  0.0000E+00  0.0000E+00  0.0000E+00  0.0000E+00  0.0000E+00  0.0000E+00  0.0000E+00  0.0000E+00  0.0000E+00  0.0000E+00  0.0000E+00  0.0000E+00  0.0000E+00  0.0000E+00  0.0000E+00  0.0000E+00  0.0000E+00  0.0000E+00  0.0000E+00  0.0000E+00  0.0000E+00  0.0000E+00  0.0000E+00  0.0000E+00  0.0000E+00  0.0000E+00  0.0000E+00  0.0000E+00  0.0000E+00  0.0000E+00  0.0000E+00  0.0000E+00  0.0000E+00  0.0000E+00  0.0000E+00  0.0000E+00  0.0000E+00  0.0000E+00  0.0000E+00  0.0000E+00  0.0000E+00  0.0000E+00  0.0000E+00  0.0000E+00  0.0000E+00  0.0000E+00  2.5528E-03  3.0792E-03  3.7134E-03  4.4773E-03  5.3973E-03  6.5046E-03  7.8368E-03  9.4393E-03  1.1366E-02  1.3681E-02  1.6464E-02  1.9811E-02  2.3838E-02  2.8684E-02  3.4544E-02  4.1653E-02  5.0329E-02  6.1000E-02  7.4281E-02  9.1002E-02
  0.0000E+00  0.0000E+00  0.0000E+00  0.0000E+00  0.0000E+00  0.0000E+00  0.0000E+00  0.0000E+00  0.0000E+00  0.0000E+00  0.0000E+00  0.0000E+00  0.0000E+00  0.0000E+00  0.0000E+00  0.0000E+00  0.0000E+00  0.0000E+00  0.0000E+00  0.0000E+00  0.0000E+00  0.0000E+00  0.0000E+00  0.0000E+00  0.0000E+00  0.0000E+00  0.0000E+00  0.0000E+00  0.0000E+00  0.0000E+00  0.0000E+00  0.0000E+00  0.0000E+00  0.0000E+00  0.0000E+00  0.0000E+00  0.0000E+00  0.0000E+00  0.0000E+00  0.0000E+00  0.0000E+00  0.0000E+00  0.0000E+00  0.0000E+00  0.0000E+00  0.0000E+00  0.0000E+00  0.0000E+00  0.0000E+00  0.0000E+00  2.5282E-03  3.0494E-03  3.6775E-03  4.4339E-03  5.3449E-03  6.4413E-03  7.7604E-03  9.3470E-03  1.1254E-02  1.3546E-02  1.6301E-02  1.9613E-02  2.3597E-02  2.8391E-02  3.4186E-02  4.1213E-02  4.9785E-02  6.0324E-02  7.3435E-02  8.9938E-02
  0.0000E+00  0.0000E+00  0.0000E+00  0.0000E+00  0.0000E+00  0.0000E+00  0.0000E+00  0.0000E+00  0.0000E+00  0.0000E+00  0.0000E+00  0.0000E+00  0.0000E+00  0.0000E+00  0.0000E+00  0.0000E+00  0.0000E+00  0.0000E+00  0.0000E+00  0.0000E+00  0.0000E+00  0.0000E+00  0.0000E+00  0.0000E+00  0.0000E+00  0.0000E+00  0.0000E+00  0.0000E+00  0.0000E+00  0.0000E+00  0.0000E+00  0.0000E+00  0.0000E+00  0.0000E+00  0.0000E+00  0.0000E+00  0.0000E+00  0.0000E+00  0.0000E+00  0.0000E+00  0.0000E+00  0.0000E+00  0.0000E+00  0.0000E+00  0.0000E+00  0.0000E+00  0.0000E+00  0.0000E+00  0.0000E+00  0.0000E+00  2.5039E-03  3.0202E-03  3.6422E-03  4.3913E-03  5.2935E-03  6.3792E-03  7.6853E-03  9.2563E-03  1.1145E-02  1.3414E-02  1.6140E-02  1.9418E-02  2.3360E-02  2.8103E-02  3.3833E-02  4.0779E-02  4.9249E-02  5.9657E-02  7.2599E-02  8.8885E-02
  0.0000E+00  0.0000E+00  0.0000E+00  0.0000E+00  0.0000E+00  0.0000E+00  0.0000E+00  0.0000E+00  0.0000E+00  0.0000E+00  0.0000E+00  0.0000E+00  0.0000E+00  0.0000E+00  0.0000E+00  0.0000E+00  0.0000E+00  0.0000E+00  0.0000E+00  0.0000E+00  0.0000E+00  0.0000E+00  0.0000E+00  0.0000E+00  0.0000E+00  0.0000E+00  0.0000E+00  0.0000E+00  0.0000E+00  0.0000E+00  0.0000E+00  0.0000E+00  0.0000E+00  0.0000E+00  0.0000E+00  0.0000E+00  0.0000E+00  0.0000E+00  0.0000E+00  0.0000E+00  0.0000E+00  0.0000E+00  0.0000E+00  0.0000E+00  0.0000E+00  0.0000E+00  0.0000E+00  0.0000E+00  0.0000E+00  0.0000E+00  2.4811E-03  2.9926E-03  3.6090E-03  4.3513E-03  5.2451E-03  6.3208E-03  7.6149E-03  9.1712E-03  1.1042E-02  1.3289E-02  1.5990E-02  1.9235E-02  2.3139E-02  2.7832E-02  3.3502E-02  4.0372E-02  4.8745E-02  5.9028E-02  7.1810E-02  8.7887E-02
  0.0000E+00  0.0000E+00  0.0000E+00  0.0000E+00  0.0000E+00  0.0000E+00  0.0000E+00  0.0000E+00  0.0000E+00  0.0000E+00  0.0000E+00  0.0000E+00  0.0000E+00  0.0000E+00  0.0000E+00  0.0000E+00  0.0000E+00  0.0000E+00  0.0000E+00  0.0000E+00  0.0000E+00  0.0000E+00  0.0000E+00  0.0000E+00  0.0000E+00  0.0000E+00  0.0000E+00  0.0000E+00  0.0000E+00  0.0000E+00  0.0000E+00  0.0000E+00  0.0000E+00  0.0000E+00  0.0000E+00  0.0000E+00  0.0000E+00  0.0000E+00  0.0000E+00  0.0000E+00  0.0000E+00  0.0000E+00  0.0000E+00  0.0000E+00  0.0000E+00  0.0000E+00  0.0000E+00  0.0000E+00  0.0000E+00  0.0000E+00  2.4589E-03  2.9657E-03  3.5765E-03  4.3121E-03  5.1978E-03  6.2638E-03  7.5460E-03  9.0881E-03  1.0941E-02  1.3168E-02  1.5843E-02  1.9057E-02  2.2922E-02  2.7569E-02  3.3179E-02  3.9975E-02  4.8253E-02  5.8414E-02  7.1037E-02  8.6907E-02
  0.0000E+00  0.0000E+00  0.0000E+00  0.0000E+00  0.0000E+00  0.0000E+00  0.0000E+00  0.0000E+00  0.0000E+00  0.0000E+00  0.0000E+00  0.0000E+00  0.0000E+00  0.0000E+00  0.0000E+00  0.0000E+00  0.0000E+00  0.0000E+00  0.0000E+00  0.0000E+00  0.0000E+00  0.0000E+00  0.0000E+00  0.0000E+00  0.0000E+00  0.0000E+00  0.0000E+00  0.0000E+00  0.0000E+00  0.0000E+00  0.0000E+00  0.0000E+00  0.0000E+00  0.0000E+00  0.0000E+00  0.0000E+00  0.0000E+00  0.0000E+00  0.0000E+00  0.0000E+00  0.0000E+00  0.0000E+00  0.0000E+00  0.0000E+00  0.0000E+00  0.0000E+00  0.0000E+00  0.0000E+00  0.0000E+00  0.0000E+00  2.4371E-03  2.9395E-03  3.5448E-03  4.2739E-03  5.1517E-03  6.2081E-03  7.4789E-03  9.0070E-03  1.0844E-02  1.3050E-02  1.5700E-02  1.8884E-02  2.2712E-02  2.7313E-02  3.2867E-02  3.9590E-02  4.7777E-02  5.7819E-02  7.0287E-02  8.5955E-02
  0.0000E+00  0.0000E+00  0.0000E+00  0.0000E+00  0.0000E+00  0.0000E+00  0.0000E+00  0.0000E+00  0.0000E+00  0.0000E+00  0.0000E+00  0.0000E+00  0.0000E+00  0.0000E+00  0.0000E+00  0.0000E+00  0.0000E+00  0.0000E+00  0.0000E+00  0.0000E+00  0.0000E+00  0.0000E+00  0.0000E+00  0.0000E+00  0.0000E+00  0.0000E+00  0.0000E+00  0.0000E+00  0.0000E+00  0.0000E+00  0.0000E+00  0.0000E+00  0.0000E+00  0.0000E+00  0.0000E+00  0.0000E+00  0.0000E+00  0.0000E+00  0.0000E+00  0.0000E+00  0.0000E+00  0.0000E+00  0.0000E+00  0.0000E+00  0.0000E+00  0.0000E+00  0.0000E+00  0.0000E+00  0.0000E+00  0.0000E+00  2.4158E-03  2.9138E-03  3.5138E-03  4.2365E-03  5.1067E-03  6.1538E-03  7.4133E-03  8.9280E-03  1.0748E-02  1.2935E-02  1.5561E-02  1.8716E-02  2.2508E-02  2.7064E-02  3.2563E-02  3.9218E-02  4.7316E-02  5.7244E-02  6.9561E-02  8.5031E-02
  0.0000E+00  0.0000E+00  0.0000E+00  0.0000E+00  0.0000E+00  0.0000E+00  0.0000E+00  0.0000E+00  0.0000E+00  0.0000E+00  0.0000E+00  0.0000E+00  0.0000E+00  0.0000E+00  0.0000E+00  0.0000E+00  0.0000E+00  0.0000E+00  0.0000E+00  0.0000E+00  0.0000E+00  0.0000E+00  0.0000E+00  0.0000E+00  0.0000E+00  0.0000E+00  0.0000E+00  0.0000E+00  0.0000E+00  0.0000E+00  0.0000E+00  0.0000E+00  0.0000E+00  0.0000E+00  0.0000E+00  0.0000E+00  0.0000E+00  0.0000E+00  0.0000E+00  0.0000E+00  0.0000E+00  0.0000E+00  0.0000E+00  0.0000E+00  0.0000E+00  0.0000E+00  0.0000E+00  0.0000E+00  0.0000E+00  0.0000E+00  2.3944E-03  2.8879E-03  3.4826E-03  4.1989E-03  5.0613E-03  6.0990E-03  7.3473E-03  8.8484E-03  1.0652E-02  1.2819E-02  1.5421E-02  1.8546E-02  2.2303E-02  2.6815E-02  3.2259E-02  3.8844E-02  4.6854E-02  5.6668E-02  6.8836E-02  8.4111E-02
  0.0000E+00  0.0000E+00  0.0000E+00  0.0000E+00  0.0000E+00  0.0000E+00  0.0000E+00  0.0000E+00  0.0000E+00  0.0000E+00  0.0000E+00  0.0000E+00  0.0000E+00  0.0000E+00  0.0000E+00  0.0000E+00  0.0000E+00  0.0000E+00  0.0000E+00  0.0000E+00  0.0000E+00  0.0000E+00  0.0000E+00  0.0000E+00  0.0000E+00  0.0000E+00  0.0000E+00  0.0000E+00  0.0000E+00  0.0000E+00  0.0000E+00  0.0000E+00  0.0000E+00  0.0000E+00  0.0000E+00  0.0000E+00  0.0000E+00  0.0000E+00  0.0000E+00  0.0000E+00  0.0000E+00  0.0000E+00  0.0000E+00  0.0000E+00  0.0000E+00  0.0000E+00  0.0000E+00  0.0000E+00  0.0000E+00  0.0000E+00  2.3718E-03  2.8607E-03  3.4497E-03  4.1592E-03  5.0134E-03  6.0414E-03  7.2778E-03  8.7645E-03  1.0551E-02  1.2697E-02  1.5274E-02  1.8368E-02  2.2087E-02  2.6554E-02  3.1941E-02  3.8455E-02  4.6374E-02  5.6072E-02  6.8089E-02  8.3167E-02
  0.0000E+00  0.0000E+00  0.0000E+00  0.0000E+00  0.0000E+00  0.0000E+00  0.0000E+00  0.0000E+00  0.0000E+00  0.0000E+00  0.0000E+00  0.0000E+00  0.0000E+00  0.0000E+00  0.0000E+00  0.0000E+00  0.0000E+00  0.0000E+00  0.0000E+00  0.0000E+00  0.0000E+00  0.0000E+00  0.0000E+00  0.0000E+00  0.0000E+00  0.0000E+00  0.0000E+00  0.0000E+00  0.0000E+00  0.0000E+00  0.0000E+00  0.0000E+00  0.0000E+00  0.0000E+00  0.0000E+00  0.0000E+00  0.0000E+00  0.0000E+00  0.0000E+00  0.0000E+00  0.0000E+00  0.0000E+00  0.0000E+00  0.0000E+00  0.0000E+00  0.0000E+00  0.0000E+00  0.0000E+00  0.0000E+00  0.0000E+00  2.3495E-03  2.8338E-03  3.4174E-03  4.1202E-03  4.9663E-03  5.9846E-03  7.2093E-03  8.6820E-03  1.0451E-02  1.2577E-02  1.5129E-02  1.8193E-02  2.1875E-02  2.6297E-02  3.1628E-02  3.8072E-02  4.5903E-02  5.5487E-02  6.7357E-02  8.2240E-02
  0.0000E+00  0.0000E+00  0.0000E+00  0.0000E+00  0.0000E+00  0.0000E+00  0.0000E+00  0.0000E+00  0.0000E+00  0.0000E+00  0.0000E+00  0.0000E+00  0.0000E+00  0.0000E+00  0.0000E+00  0.0000E+00  0.0000E+00  0.0000E+00  0.0000E+00  0.0000E+00  0.0000E+00  0.0000E+00  0.0000E+00  0.0000E+00  0.0000E+00  0.0000E+00  0.0000E+00  0.0000E+00  0.0000E+00  0.0000E+00  0.0000E+00  0.0000E+00  0.0000E+00  0.0000E+00  0.0000E+00  0.0000E+00  0.0000E+00  0.0000E+00  0.0000E+00  0.0000E+00  0.0000E+00  0.0000E+00  0.0000E+00  0.0000E+00  0.0000E+00  0.0000E+00  0.0000E+00  0.0000E+00  0.0000E+00  0.0000E+00  2.3276E-03  2.8074E-03  3.3855E-03  4.0818E-03  4.9201E-03  5.9288E-03  7.1420E-03  8.6008E-03  1.0354E-02  1.2459E-02  1.4986E-02  1.8021E-02  2.1667E-02  2.6044E-02  3.1320E-02  3.7695E-02  4.5439E-02  5.4911E-02  6.6635E-02  8.1327E-02
  0.0000E+00  0.0000E+00  0.0000E+00  0.0000E+00  0.0000E+00  0.0000E+00  0.0000E+00  0.0000E+00  0.0000E+00  0.0000E+00  0.0000E+00  0.0000E+00  0.0000E+00  0.0000E+00  0.0000E+00  0.0000E+00  0.0000E+00  0.0000E+00  0.0000E+00  0.0000E+00  0.0000E+00  0.0000E+00  0.0000E+00  0.0000E+00  0.0000E+00  0.0000E+00  0.0000E+00  0.0000E+00  0.0000E+00  0.0000E+00  0.0000E+00  0.0000E+00  0.0000E+00  0.0000E+00  0.0000E+00  0.0000E+00  0.0000E+00  0.0000E+00  0.0000E+00  0.0000E+00  0.0000E+00  0.0000E+00  0.0000E+00  0.0000E+00  0.0000E+00  0.0000E+00  0.0000E+00  0.0000E+00  0.0000E+00  0.0000E+00  2.3061E-03  2.7815E-03  3.3542E-03  4.0440E-03  4.8745E-03  5.8738E-03  7.0758E-03  8.5210E-03  1.0257E-02  1.2343E-02  1.4846E-02  1.7852E-02  2.1462E-02  2.5795E-02  3.1018E-02  3.7325E-02  4.4984E-02  5.4347E-02  6.5927E-02  8.0432E-02
  0.0000E+00  0.0000E+00  0.0000E+00  0.0000E+00  0.0000E+00  0.0000E+00  0.0000E+00  0.0000E+00  0.0000E+00  0.0000E+00  0.0000E+00  0.0000E+00  0.0000E+00  0.0000E+00  0.0000E+00  0.0000E+00  0.0000E+00  0.0000E+00  0.0000E+00  0.0000E+00  0.0000E+00  0.0000E+00  0.0000E+00  0.0000E+00  0.0000E+00  0.0000E+00  0.0000E+00  0.0000E+00  0.0000E+00  0.0000E+00  0.0000E+00  0.0000E+00  0.0000E+00  0.0000E+00  0.0000E+00  0.0000E+00  0.0000E+00  0.0000E+00  0.0000E+00  0.0000E+00  0.0000E+00  0.0000E+00  0.0000E+00  0.0000E+00  0.0000E+00  0.0000E+00  0.0000E+00  0.0000E+00  0.0000E+00  0.0000E+00  0.0000E+00  2.7562E-03  3.3237E-03  4.0073E-03  4.8303E-03  5.8205E-03  7.0115E-03  8.4435E-03  1.0164E-02  1.2230E-02  1.4710E-02  1.7687E-02  2.1263E-02  2.5554E-02  3.0724E-02  3.6966E-02  4.4541E-02  5.3796E-02  6.5237E-02  7.9557E-02
  0.0000E+00  0.0000E+00  0.0000E+00  0.0000E+00  0.0000E+00  0.0000E+00  0.0000E+00  0.0000E+00  0.0000E+00  0.0000E+00  0.0000E+00  0.0000E+00  0.0000E+00  0.0000E+00  0.0000E+00  0.0000E+00  0.0000E+00  0.0000E+00  0.0000E+00  0.0000E+00  0.0000E+00  0.0000E+00  0.0000E+00  0.0000E+00  0.0000E+00  0.0000E+00  0.0000E+00  0.0000E+00  0.0000E+00  0.0000E+00  0.0000E+00  0.0000E+00  0.0000E+00  0.0000E+00  0.0000E+00  0.0000E+00  0.0000E+00  0.0000E+00  0.0000E+00  0.0000E+00  0.0000E+00  0.0000E+00  0.0000E+00  0.0000E+00  0.0000E+00  0.0000E+00  0.0000E+00  0.0000E+00  0.0000E+00  0.0000E+00  0.0000E+00  2.7313E-03  3.2937E-03  3.9710E-03  4.7866E-03  5.7678E-03  6.9480E-03  8.3669E-03  1.0071E-02  1.2118E-02  1.4576E-02  1.7525E-02  2.1067E-02  2.5316E-02  3.0433E-02  3.6611E-02  4.4103E-02  5.3253E-02  6.4556E-02  7.8694E-02
  0.0000E+00  0.0000E+00  0.0000E+00  0.0000E+00  0.0000E+00  0.0000E+00  0.0000E+00  0.0000E+00  0.0000E+00  0.0000E+00  0.0000E+00  0.0000E+00  0.0000E+00  0.0000E+00  0.0000E+00  0.0000E+00  0.0000E+00  0.0000E+00  0.0000E+00  0.0000E+00  0.0000E+00  0.0000E+00  0.0000E+00  0.0000E+00  0.0000E+00  0.0000E+00  0.0000E+00  0.0000E+00  0.0000E+00  0.0000E+00  0.0000E+00  0.0000E+00  0.0000E+00  0.0000E+00  0.0000E+00  0.0000E+00  0.0000E+00  0.0000E+00  0.0000E+00  0.0000E+00  0.0000E+00  0.0000E+00  0.0000E+00  0.0000E+00  0.0000E+00  0.0000E+00  0.0000E+00  0.0000E+00  0.0000E+00  0.0000E+00  0.0000E+00  2.7071E-03  3.2646E-03  3.9359E-03  4.7442E-03  5.7167E-03  6.8864E-03  8.2927E-03  9.9821E-03  1.2011E-02  1.4446E-02  1.7368E-02  2.0876E-02  2.5085E-02  3.0153E-02  3.6268E-02  4.3681E-02  5.2729E-02  6.3898E-02  7.7859E-02
  0.0000E+00  0.0000E+00  0.0000E+00  0.0000E+00  0.0000E+00  0.0000E+00  0.0000E+00  0.0000E+00  0.0000E+00  0.0000E+00  0.0000E+00  0.0000E+00  0.0000E+00  0.0000E+00  0.0000E+00  0.0000E+00  0.0000E+00  0.0000E+00  0.0000E+00  0.0000E+00  0.0000E+00  0.0000E+00  0.0000E+00  0.0000E+00  0.0000E+00  0.0000E+00  0.0000E+00  0.0000E+00  0.0000E+00  0.0000E+00  0.0000E+00  0.0000E+00  0.0000E+00  0.0000E+00  0.0000E+00  0.0000E+00  0.0000E+00  0.0000E+00  0.0000E+00  0.0000E+00  0.0000E+00  0.0000E+00  0.0000E+00  0.0000E+00  0.0000E+00  0.0000E+00  0.0000E+00  0.0000E+00  0.0000E+00  0.0000E+00  0.0000E+00  2.6834E-03  3.2360E-03  3.9015E-03  4.7027E-03  5.6668E-03  6.8262E-03  8.2201E-03  9.8945E-03  1.1905E-02  1.4318E-02  1.7214E-02  2.0691E-02  2.4860E-02  2.9880E-02  3.5933E-02  4.3270E-02  5.2218E-02  6.3256E-02  7.7045E-02
  0.0000E+00  0.0000E+00  0.0000E+00  0.0000E+00  0.0000E+00  0.0000E+00  0.0000E+00  0.0000E+00  0.0000E+00  0.0000E+00  0.0000E+00  0.0000E+00  0.0000E+00  0.0000E+00  0.0000E+00  0.0000E+00  0.0000E+00  0.0000E+00  0.0000E+00  0.0000E+00  0.0000E+00  0.0000E+00  0.0000E+00  0.0000E+00  0.0000E+00  0.0000E+00  0.0000E+00  0.0000E+00  0.0000E+00  0.0000E+00  0.0000E+00  0.0000E+00  0.0000E+00  0.0000E+00  0.0000E+00  0.0000E+00  0.0000E+00  0.0000E+00  0.0000E+00  0.0000E+00  0.0000E+00  0.0000E+00  0.0000E+00  0.0000E+00  0.0000E+00  0.0000E+00  0.0000E+00  0.0000E+00  0.0000E+00  0.0000E+00  0.0000E+00  2.6594E-03  3.2070E-03  3.8665E-03  4.6606E-03  5.6160E-03  6.7650E-03  8.1465E-03  9.8058E-03  1.1798E-02  1.4189E-02  1.7059E-02  2.0503E-02  2.4633E-02  2.9603E-02  3.5596E-02  4.2855E-02  5.1703E-02  6.2611E-02  7.6228E-02
  0.0000E+00  0.0000E+00  0.0000E+00  0.0000E+00  0.0000E+00  0.0000E+00  0.0000E+00  0.0000E+00  0.0000E+00  0.0000E+00  0.0000E+00  0.0000E+00  0.0000E+00  0.0000E+00  0.0000E+00  0.0000E+00  0.0000E+00  0.0000E+00  0.0000E+00  0.0000E+00  0.0000E+00  0.0000E+00  0.0000E+00  0.0000E+00  0.0000E+00  0.0000E+00  0.0000E+00  0.0000E+00  0.0000E+00  0.0000E+00  0.0000E+00  0.0000E+00  0.0000E+00  0.0000E+00  0.0000E+00  0.0000E+00  0.0000E+00  0.0000E+00  0.0000E+00  0.0000E+00  0.0000E+00  0.0000E+00  0.0000E+00  0.0000E+00  0.0000E+00  0.0000E+00  0.0000E+00  0.0000E+00  0.0000E+00  0.0000E+00  0.0000E+00  2.6354E-03  3.1781E-03  3.8317E-03  4.6186E-03  5.5654E-03  6.7040E-03  8.0730E-03  9.7173E-03  1.1692E-02  1.4061E-02  1.6904E-02  2.0316E-02  2.4407E-02  2.9329E-02  3.5261E-02  4.2444E-02  5.1195E-02  6.1975E-02  7.5421E-02
  0.0000E+00  0.0000E+00  0.0000E+00  0.0000E+00  0.0000E+00  0.0000E+00  0.0000E+00  0.0000E+00  0.0000E+00  0.0000E+00  0.0000E+00  0.0000E+00  0.0000E+00  0.0000E+00  0.0000E+00  0.0000E+00  0.0000E+00  0.0000E+00  0.0000E+00  0.0000E+00  0.0000E+00  0.0000E+00  0.0000E+00  0.0000E+00  0.0000E+00  0.0000E+00  0.0000E+00  0.0000E+00  0.0000E+00  0.0000E+00  0.0000E+00  0.0000E+00  0.0000E+00  0.0000E+00  0.0000E+00  0.0000E+00  0.0000E+00  0.0000E+00  0.0000E+00  0.0000E+00  0.0000E+00  0.0000E+00  0.0000E+00  0.0000E+00  0.0000E+00  0.0000E+00  0.0000E+00  0.0000E+00  0.0000E+00  0.0000E+00  0.0000E+00  2.6115E-03  3.1492E-03  3.7969E-03  4.5766E-03  5.5149E-03  6.6432E-03  7.9997E-03  9.6290E-03  1.1585E-02  1.3933E-02  1.6750E-02  2.0129E-02  2.4181E-02  2.9055E-02  3.4928E-02  4.2035E-02  5.0689E-02  6.1343E-02  7.4622E-02
  0.0000E+00  0.0000E+00  0.0000E+00  0.0000E+00  0.0000E+00  0.0000E+00  0.0000E+00  0.0000E+00  0.0000E+00  0.0000E+00  0.0000E+00  0.0000E+00  0.0000E+00  0.0000E+00  0.0000E+00  0.0000E+00  0.0000E+00  0.0000E+00  0.0000E+00  0.0000E+00  0.0000E+00  0.0000E+00  0.0000E+00  0.0000E+00  0.0000E+00  0.0000E+00  0.0000E+00  0.0000E+00  0.0000E+00  0.0000E+00  0.0000E+00  0.0000E+00  0.0000E+00  0.0000E+00  0.0000E+00  0.0000E+00  0.0000E+00  0.0000E+00  0.0000E+00  0.0000E+00  0.0000E+00  0.0000E+00  0.0000E+00  0.0000E+00  0.0000E+00  0.0000E+00  0.0000E+00  0.0000E+00  0.0000E+00  0.0000E+00  0.0000E+00  2.5870E-03  3.1197E-03  3.7612E-03  4.5337E-03  5.4631E-03  6.5808E-03  7.9245E-03  9.5386E-03  1.1476E-02  1.3802E-02  1.6591E-02  1.9939E-02  2.3950E-02  2.8775E-02  3.4587E-02  4.1618E-02  5.0174E-02  6.0701E-02  7.3814E-02
  0.0000E+00  0.0000E+00  0.0000E+00  0.0000E+00  0.0000E+00  0.0000E+00  0.0000E+00  0.0000E+00  0.0000E+00  0.0000E+00  0.0000E+00  0.0000E+00  0.0000E+00  0.0000E+00  0.0000E+00  0.0000E+00  0.0000E+00  0.0000E+00  0.0000E+00  0.0000E+00  0.0000E+00  0.0000E+00  0.0000E+00  0.0000E+00  0.0000E+00  0.0000E+00  0.0000E+00  0.0000E+00  0.0000E+00  0.0000E+00  0.0000E+00  0.0000E+00  0.0000E+00  0.0000E+00  0.0000E+00  0.0000E+00  0.0000E+00  0.0000E+00  0.0000E+00  0.0000E+00  0.0000E+00  0.0000E+00  0.0000E+00  0.0000E+00  0.0000E+00  0.0000E+00  0.0000E+00  0.0000E+00  0.0000E+00  0.0000E+00  0.0000E+00  2.5628E-03  3.0905E-03  3.7261E-03  4.4913E-03  5.4120E-03  6.5193E-03  7.8505E-03  9.4493E-03  1.1369E-02  1.3672E-02  1.6435E-02  1.9750E-02  2.3722E-02  2.8499E-02  3.4251E-02  4.1206E-02  4.9666E-02  6.0068E-02  7.3016E-02
  0.0000E+00  0.0000E+00  0.0000E+00  0.0000E+00  0.0000E+00  0.0000E+00  0.0000E+00  0.0000E+00  0.0000E+00  0.0000E+00  0.0000E+00  0.0000E+00  0.0000E+00  0.0000E+00  0.0000E+00  0.0000E+00  0.0000E+00  0.0000E+00  0.0000E+00  0.0000E+00  0.0000E+00  0.0000E+00  0.0000E+00  0.0000E+00  0.0000E+00  0.0000E+00  0.0000E+00  0.0000E+00  0.0000E+00  0.0000E+00  0.0000E+00  0.0000E+00  0.0000E+00  0.0000E+00  0.0000E+00  0.0000E+00  0.0000E+00  0.0000E+00  0.0000E+00  0.0000E+00  0.0000E+00  0.0000E+00  0.0000E+00  0.0000E+00  0.0000E+00  0.0000E+00  0.0000E+00  0.0000E+00  0.0000E+00  0.0000E+00  0.0000E+00  2.5396E-03  3.0626E-03  3.6924E-03  4.4508E-03  5.3632E-03  6.4604E-03  7.7795E-03  9.3638E-03  1.1266E-02  1.3548E-02  1.6285E-02  1.9569E-02  2.3504E-02  2.8234E-02  3.3928E-02  4.0810E-02  4.9177E-02  5.9456E-02  7.2243E-02
  0.0000E+00  0.0000E+00  0.0000E+00  0.0000E+00  0.0000E+00  0.0000E+00  0.0000E+00  0.0000E+00  0.0000E+00  0.0000E+00  0.0000E+00  0.0000E+00  0.0000E+00  0.0000E+00  0.0000E+00  0.0000E+00  0.0000E+00  0.0000E+00  0.0000E+00  0.0000E+00  0.0000E+00  0.0000E+00  0.0000E+00  0.0000E+00  0.0000E+00  0.0000E+00  0.0000E+00  0.0000E+00  0.0000E+00  0.0000E+00  0.0000E+00  0.0000E+00  0.0000E+00  0.0000E+00  0.0000E+00  0.0000E+00  0.0000E+00  0.0000E+00  0.0000E+00  0.0000E+00  0.0000E+00  0.0000E+00  0.0000E+00  0.0000E+00  0.0000E+00  0.0000E+00  0.0000E+00  0.0000E+00  0.0000E+00  0.0000E+00  0.0000E+00  2.5168E-03  3.0351E-03  3.6593E-03  4.4108E-03  5.3150E-03  6.4024E-03  7.7095E-03  9.2796E-03  1.1164E-02  1.3426E-02  1.6138E-02  1.9391E-02  2.3289E-02  2.7973E-02  3.3610E-02  4.0421E-02  4.8695E-02  5.8856E-02  7.1485E-02
  0.0000E+00  0.0000E+00  0.0000E+00  0.0000E+00  0.0000E+00  0.0000E+00  0.0000E+00  0.0000E+00  0.0000E+00  0.0000E+00  0.0000E+00  0.0000E+00  0.0000E+00  0.0000E+00  0.0000E+00  0.0000E+00  0.0000E+00  0.0000E+00  0.0000E+00  0.0000E+00  0.0000E+00  0.0000E+00  0.0000E+00  0.0000E+00  0.0000E+00  0.0000E+00  0.0000E+00  0.0000E+00  0.0000E+00  0.0000E+00  0.0000E+00  0.0000E+00  0.0000E+00  0.0000E+00  0.0000E+00  0.0000E+00  0.0000E+00  0.0000E+00  0.0000E+00  0.0000E+00  0.0000E+00  0.0000E+00  0.0000E+00  0.0000E+00  0.0000E+00  0.0000E+00  0.0000E+00  0.0000E+00  0.0000E+00  0.0000E+00  0.0000E+00  2.4961E-03  3.0101E-03  3.6292E-03  4.3745E-03  5.2713E-03  6.3497E-03  7.6461E-03  9.2033E-03  1.1072E-02  1.3315E-02  1.6004E-02  1.9230E-02  2.3093E-02  2.7736E-02  3.3320E-02  4.0065E-02  4.8255E-02  5.8303E-02  7.0783E-02
  0.0000E+00  0.0000E+00  0.0000E+00  0.0000E+00  0.0000E+00  0.0000E+00  0.0000E+00  0.0000E+00  0.0000E+00  0.0000E+00  0.0000E+00  0.0000E+00  0.0000E+00  0.0000E+00  0.0000E+00  0.0000E+00  0.0000E+00  0.0000E+00  0.0000E+00  0.0000E+00  0.0000E+00  0.0000E+00  0.0000E+00  0.0000E+00  0.0000E+00  0.0000E+00  0.0000E+00  0.0000E+00  0.0000E+00  0.0000E+00  0.0000E+00  0.0000E+00  0.0000E+00  0.0000E+00  0.0000E+00  0.0000E+00  0.0000E+00  0.0000E+00  0.0000E+00  0.0000E+00  0.0000E+00  0.0000E+00  0.0000E+00  0.0000E+00  0.0000E+00  0.0000E+00  0.0000E+00  0.0000E+00  0.0000E+00  0.0000E+00  0.0000E+00  2.4755E-03  2.9853E-03  3.5993E-03  4.3384E-03  5.2278E-03  6.2974E-03  7.5831E-03  9.1273E-03  1.0981E-02  1.3205E-02  1.5871E-02  1.9069E-02  2.2899E-02  2.7500E-02  3.3033E-02  3.9712E-02  4.7818E-02  5.7755E-02  7.0088E-02
  0.0000E+00  0.0000E+00  0.0000E+00  0.0000E+00  0.0000E+00  0.0000E+00  0.0000E+00  0.0000E+00  0.0000E+00  0.0000E+00  0.0000E+00  0.0000E+00  0.0000E+00  0.0000E+00  0.0000E+00  0.0000E+00  0.0000E+00  0.0000E+00  0.0000E+00  0.0000E+00  0.0000E+00  0.0000E+00  0.0000E+00  0.0000E+00  0.0000E+00  0.0000E+00  0.0000E+00  0.0000E+00  0.0000E+00  0.0000E+00  0.0000E+00  0.0000E+00  0.0000E+00  0.0000E+00  0.0000E+00  0.0000E+00  0.0000E+00  0.0000E+00  0.0000E+00  0.0000E+00  0.0000E+00  0.0000E+00  0.0000E+00  0.0000E+00  0.0000E+00  0.0000E+00  0.0000E+00  0.0000E+00  0.0000E+00  0.0000E+00  0.0000E+00  2.4549E-03  2.9605E-03  3.5693E-03  4.3024E-03  5.1844E-03  6.2451E-03  7.5201E-03  9.0514E-03  1.0889E-02  1.3095E-02  1.5739E-02  1.8909E-02  2.2706E-02  2.7266E-02  3.2748E-02  3.9362E-02  4.7384E-02  5.7214E-02  6.9401E-02
  0.0000E+00  0.0000E+00  0.0000E+00  0.0000E+00  0.0000E+00  0.0000E+00  0.0000E+00  0.0000E+00  0.0000E+00  0.0000E+00  0.0000E+00  0.0000E+00  0.0000E+00  0.0000E+00  0.0000E+00  0.0000E+00  0.0000E+00  0.0000E+00  0.0000E+00  0.0000E+00  0.0000E+00  0.0000E+00  0.0000E+00  0.0000E+00  0.0000E+00  0.0000E+00  0.0000E+00  0.0000E+00  0.0000E+00  0.0000E+00  0.0000E+00  0.0000E+00  0.0000E+00  0.0000E+00  0.0000E+00  0.0000E+00  0.0000E+00  0.0000E+00  0.0000E+00  0.0000E+00  0.0000E+00  0.0000E+00  0.0000E+00  0.0000E+00  0.0000E+00  0.0000E+00  0.0000E+00  0.0000E+00  0.0000E+00  0.0000E+00  0.0000E+00  2.4344E-03  2.9357E-03  3.5395E-03  4.2664E-03  5.1411E-03  6.1929E-03  7.4574E-03  8.9759E-03  1.0799E-02  1.2985E-02  1.5607E-02  1.8750E-02  2.2514E-02  2.7033E-02  3.2464E-02  3.9015E-02  4.6955E-02  5.6677E-02  6.8721E-02
  0.0000E+00  0.0000E+00  0.0000E+00  0.0000E+00  0.0000E+00  0.0000E+00  0.0000E+00  0.0000E+00  0.0000E+00  0.0000E+00  0.0000E+00  0.0000E+00  0.0000E+00  0.0000E+00  0.0000E+00  0.0000E+00  0.0000E+00  0.0000E+00  0.0000E+00  0.0000E+00  0.0000E+00  0.0000E+00  0.0000E+00  0.0000E+00  0.0000E+00  0.0000E+00  0.0000E+00  0.0000E+00  0.0000E+00  0.0000E+00  0.0000E+00  0.0000E+00  0.0000E+00  0.0000E+00  0.0000E+00  0.0000E+00  0.0000E+00  0.0000E+00  0.0000E+00  0.0000E+00  0.0000E+00  0.0000E+00  0.0000E+00  0.0000E+00  0.0000E+00  0.0000E+00  0.0000E+00  0.0000E+00  0.0000E+00  0.0000E+00  0.0000E+00  2.4141E-03  2.9112E-03  3.5100E-03  4.2309E-03  5.0983E-03  6.1414E-03  7.3953E-03  8.9012E-03  1.0709E-02  1.2877E-02  1.5477E-02  1.8593E-02  2.2324E-02  2.6803E-02  3.2185E-02  3.8673E-02  4.6534E-02  5.6151E-02  6.8055E-02
  0.0000E+00  0.0000E+00  0.0000E+00  0.0000E+00  0.0000E+00  0.0000E+00  0.0000E+00  0.0000E+00  0.0000E+00  0.0000E+00  0.0000E+00  0.0000E+00  0.0000E+00  0.0000E+00  0.0000E+00  0.0000E+00  0.0000E+00  0.0000E+00  0.0000E+00  0.0000E+00  0.0000E+00  0.0000E+00  0.0000E+00  0.0000E+00  0.0000E+00  0.0000E+00  0.0000E+00  0.0000E+00  0.0000E+00  0.0000E+00  0.0000E+00  0.0000E+00  0.0000E+00  0.0000E+00  0.0000E+00  0.0000E+00  0.0000E+00  0.0000E+00  0.0000E+00  0.0000E+00  0.0000E+00  0.0000E+00  0.0000E+00  0.0000E+00  0.0000E+00  0.0000E+00  0.0000E+00  0.0000E+00  0.0000E+00  0.0000E+00  0.0000E+00  2.3938E-03  2.8868E-03  3.4806E-03  4.1954E-03  5.0556E-03  6.0900E-03  7.3334E-03  8.8267E-03  1.0619E-02  1.2769E-02  1.5347E-02  1.8437E-02  2.2136E-02  2.6575E-02  3.1908E-02  3.8334E-02  4.6116E-02  5.5629E-02  6.7396E-02
  0.0000E+00  0.0000E+00  0.0000E+00  0.0000E+00  0.0000E+00  0.0000E+00  0.0000E+00  0.0000E+00  0.0000E+00  0.0000E+00  0.0000E+00  0.0000E+00  0.0000E+00  0.0000E+00  0.0000E+00  0.0000E+00  0.0000E+00  0.0000E+00  0.0000E+00  0.0000E+00  0.0000E+00  0.0000E+00  0.0000E+00  0.0000E+00  0.0000E+00  0.0000E+00  0.0000E+00  0.0000E+00  0.0000E+00  0.0000E+00  0.0000E+00  0.0000E+00  0.0000E+00  0.0000E+00  0.0000E+00  0.0000E+00  0.0000E+00  0.0000E+00  0.0000E+00  0.0000E+00  0.0000E+00  0.0000E+00  0.0000E+00  0.0000E+00  0.0000E+00  0.0000E+00  0.0000E+00  0.0000E+00  0.0000E+00  0.0000E+00  0.0000E+00  2.3733E-03  2.8621E-03  3.4508E-03  4.1596E-03  5.0124E-03  6.0380E-03  7.2708E-03  8.7514E-03  1.0529E-02  1.2660E-02  1.5216E-02  1.8279E-02  2.1945E-02  2.6345E-02  3.1629E-02  3.7994E-02  4.5696E-02  5.5107E-02  6.6738E-02
  0.0000E+00  0.0000E+00  0.0000E+00  0.0000E+00  0.0000E+00  0.0000E+00  0.0000E+00  0.0000E+00  0.0000E+00  0.0000E+00  0.0000E+00  0.0000E+00  0.0000E+00  0.0000E+00  0.0000E+00  0.0000E+00  0.0000E+00  0.0000E+00  0.0000E+00  0.0000E+00  0.0000E+00  0.0000E+00  0.0000E+00  0.0000E+00  0.0000E+00  0.0000E+00  0.0000E+00  0.0000E+00  0.0000E+00  0.0000E+00  0.0000E+00  0.0000E+00  0.0000E+00  0.0000E+00  0.0000E+00  0.0000E+00  0.0000E+00  0.0000E+00  0.0000E+00  0.0000E+00  0.0000E+00  0.0000E+00  0.0000E+00  0.0000E+00  0.0000E+00  0.0000E+00  0.0000E+00  0.0000E+00  0.0000E+00  0.0000E+00  0.0000E+00  0.0000E+00  2.8368E-03  3.4203E-03  4.1229E-03  4.9682E-03  5.9848E-03  7.2069E-03  8.6745E-03  1.0436E-02  1.2549E-02  1.5082E-02  1.8118E-02  2.1751E-02  2.6111E-02  3.1344E-02  3.7647E-02  4.5271E-02  5.4579E-02  6.6073E-02
  0.0000E+00  0.0000E+00  0.0000E+00  0.0000E+00  0.0000E+00  0.0000E+00  0.0000E+00  0.0000E+00  0.0000E+00  0.0000E+00  0.0000E+00  0.0000E+00  0.0000E+00  0.0000E+00  0.0000E+00  0.0000E+00  0.0000E+00  0.0000E+00  0.0000E+00  0.0000E+00  0.0000E+00  0.0000E+00  0.0000E+00  0.0000E+00  0.0000E+00  0.0000E+00  0.0000E+00  0.0000E+00  0.0000E+00  0.0000E+00  0.0000E+00  0.0000E+00  0.0000E+00  0.0000E+00  0.0000E+00  0.0000E+00  0.0000E+00  0.0000E+00  0.0000E+00  0.0000E+00  0.0000E+00  0.0000E+00  0.0000E+00  0.0000E+00  0.0000E+00  0.0000E+00  0.0000E+00  0.0000E+00  0.0000E+00  0.0000E+00  0.0000E+00  0.0000E+00  2.8116E-03  3.3899E-03  4.0863E-03  4.9241E-03  5.9317E-03  7.1429E-03  8.5976E-03  1.0343E-02  1.2438E-02  1.4948E-02  1.7957E-02  2.1557E-02  2.5876E-02  3.1061E-02  3.7302E-02  4.4847E-02  5.4053E-02  6.5413E-02
  0.0000E+00  0.0000E+00  0.0000E+00  0.0000E+00  0.0000E+00  0.0000E+00  0.0000E+00  0.0000E+00  0.0000E+00  0.0000E+00  0.0000E+00  0.0000E+00  0.0000E+00  0.0000E+00  0.0000E+00  0.0000E+00  0.0000E+00  0.0000E+00  0.0000E+00  0.0000E+00  0.0000E+00  0.0000E+00  0.0000E+00  0.0000E+00  0.0000E+00  0.0000E+00  0.0000E+00  0.0000E+00  0.0000E+00  0.0000E+00  0.0000E+00  0.0000E+00  0.0000E+00  0.0000E+00  0.0000E+00  0.0000E+00  0.0000E+00  0.0000E+00  0.0000E+00  0.0000E+00  0.0000E+00  0.0000E+00  0.0000E+00  0.0000E+00  0.0000E+00  0.0000E+00  0.0000E+00  0.0000E+00  0.0000E+00  0.0000E+00  0.0000E+00  0.0000E+00  2.7865E-03  3.3596E-03  4.0498E-03  4.8802E-03  5.8788E-03  7.0792E-03  8.5210E-03  1.0251E-02  1.2327E-02  1.4815E-02  1.7797E-02  2.1364E-02  2.5643E-02  3.0779E-02  3.6958E-02  4.4426E-02  5.3532E-02  6.4759E-02
  0.0000E+00  0.0000E+00  0.0000E+00  0.0000E+00  0.0000E+00  0.0000E+00  0.0000E+00  0.0000E+00  0.0000E+00  0.0000E+00  0.0000E+00  0.0000E+00  0.0000E+00  0.0000E+00  0.0000E+00  0.0000E+00  0.0000E+00  0.0000E+00  0.0000E+00  0.0000E+00  0.0000E+00  0.0000E+00  0.0000E+00  0.0000E+00  0.0000E+00  0.0000E+00  0.0000E+00  0.0000E+00  0.0000E+00  0.0000E+00  0.0000E+00  0.0000E+00  0.0000E+00  0.0000E+00  0.0000E+00  0.0000E+00  0.0000E+00  0.0000E+00  0.0000E+00  0.0000E+00  0.0000E+00  0.0000E+00  0.0000E+00  0.0000E+00  0.0000E+00  0.0000E+00  0.0000E+00  0.0000E+00  0.0000E+00  0.0000E+00  0.0000E+00  0.0000E+00  2.7616E-03  3.3298E-03  4.0138E-03  4.8368E-03  5.8266E-03  7.0164E-03  8.4454E-03  1.0160E-02  1.2218E-02  1.4684E-02  1.7639E-02  2.1174E-02  2.5414E-02  3.0500E-02  3.6620E-02  4.4011E-02  5.3019E-02  6.4115E-02
  0.0000E+00  0.0000E+00  0.0000E+00  0.0000E+00  0.0000E+00  0.0000E+00  0.0000E+00  0.0000E+00  0.0000E+00  0.0000E+00  0.0000E+00  0.0000E+00  0.0000E+00  0.0000E+00  0.0000E+00  0.0000E+00  0.0000E+00  0.0000E+00  0.0000E+00  0.0000E+00  0.0000E+00  0.0000E+00  0.0000E+00  0.0000E+00  0.0000E+00  0.0000E+00  0.0000E+00  0.0000E+00  0.0000E+00  0.0000E+00  0.0000E+00  0.0000E+00  0.0000E+00  0.0000E+00  0.0000E+00  0.0000E+00  0.0000E+00  0.0000E+00  0.0000E+00  0.0000E+00  0.0000E+00  0.0000E+00  0.0000E+00  0.0000E+00  0.0000E+00  0.0000E+00  0.0000E+00  0.0000E+00  0.0000E+00  0.0000E+00  0.0000E+00  0.0000E+00  2.7379E-03  3.3012E-03  3.9793E-03  4.7953E-03  5.7766E-03  6.9564E-03  8.3731E-03  1.0074E-02  1.2113E-02  1.4558E-02  1.7487E-02  2.0991E-02  2.5193E-02  3.0234E-02  3.6295E-02  4.3612E-02  5.2524E-02  6.3494E-02
  0.0000E+00  0.0000E+00  0.0000E+00  0.0000E+00  0.0000E+00  0.0000E+00  0.0000E+00  0.0000E+00  0.0000E+00  0.0000E+00  0.0000E+00  0.0000E+00  0.0000E+00  0.0000E+00  0.0000E+00  0.0000E+00  0.0000E+00  0.0000E+00  0.0000E+00  0.0000E+00  0.0000E+00  0.0000E+00  0.0000E+00  0.0000E+00  0.0000E+00  0.0000E+00  0.0000E+00  0.0000E+00  0.0000E+00  0.0000E+00  0.0000E+00  0.0000E+00  0.0000E+00  0.0000E+00  0.0000E+00  0.0000E+00  0.0000E+00  0.0000E+00  0.0000E+00  0.0000E+00  0.0000E+00  0.0000E+00  0.0000E+00  0.0000E+00  0.0000E+00  0.0000E+00  0.0000E+00  0.0000E+00  0.0000E+00  0.0000E+00  0.0000E+00  0.0000E+00  2.7145E-03  3.2730E-03  3.9454E-03  4.7545E-03  5.7275E-03  6.8972E-03  8.3019E-03  9.9879E-03  1.2010E-02  1.4434E-02  1.7338E-02  2.0812E-02  2.4977E-02  2.9971E-02  3.5975E-02  4.3221E-02  5.2039E-02  6.2885E-02
  0.0000E+00  0.0000E+00  0.0000E+00  0.0000E+00  0.0000E+00  0.0000E+00  0.0000E+00  0.0000E+00  0.0000E+00  0.0000E+00  0.0000E+00  0.0000E+00  0.0000E+00  0.0000E+00  0.0000E+00  0.0000E+00  0.0000E+00  0.0000E+00  0.0000E+00  0.0000E+00  0.0000E+00  0.0000E+00  0.0000E+00  0.0000E+00  0.0000E+00  0.0000E+00  0.0000E+00  0.0000E+00  0.0000E+00  0.0000E+00  0.0000E+00  0.0000E+00  0.0000E+00  0.0000E+00  0.0000E+00  0.0000E+00  0.0000E+00  0.0000E+00  0.0000E+00  0.0000E+00  0.0000E+00  0.0000E+00  0.0000E+00  0.0000E+00  0.0000E+00  0.0000E+00  0.0000E+00  0.0000E+00  0.0000E+00  0.0000E+00  0.0000E+00  0.0000E+00  2.6906E-03  3.2441E-03  3.9106E-03  4.7126E-03  5.6771E-03  6.8365E-03  8.2290E-03  9.9002E-03  1.1905E-02  1.4307E-02  1.7186E-02  2.0629E-02  2.4756E-02  2.9704E-02  3.5651E-02  4.2824E-02  5.1549E-02  6.2271E-02
  0.0000E+00  0.0000E+00  0.0000E+00  0.0000E+00  0.0000E+00  0.0000E+00  0.0000E+00  0.0000E+00  0.0000E+00  0.0000E+00  0.0000E+00  0.0000E+00  0.0000E+00  0.0000E+00  0.0000E+00  0.0000E+00  0.0000E+00  0.0000E+00  0.0000E+00  0.0000E+00  0.0000E+00  0.0000E+00  0.0000E+00  0.0000E+00  0.0000E+00  0.0000E+00  0.0000E+00  0.0000E+00  0.0000E+00  0.0000E+00  0.0000E+00  0.0000E+00  0.0000E+00  0.0000E+00  0.0000E+00  0.0000E+00  0.0000E+00  0.0000E+00  0.0000E+00  0.0000E+00  0.0000E+00  0.0000E+00  0.0000E+00  0.0000E+00  0.0000E+00  0.0000E+00  0.0000E+00  0.0000E+00  0.0000E+00  0.0000E+00  0.0000E+00  0.0000E+00  2.6668E-03  3.2154E-03  3.8761E-03  4.6710E-03  5.6270E-03  6.7763E-03  8.1566E-03  9.8132E-03  1.1800E-02  1.4181E-02  1.7035E-02  2.0447E-02  2.4537E-02  2.9439E-02  3.5329E-02  4.2431E-02  5.1063E-02  6.1664E-02
  0.0000E+00  0.0000E+00  0.0000E+00  0.0000E+00  0.0000E+00  0.0000E+00  0.0000E+00  0.0000E+00  0.0000E+00  0.0000E+00  0.0000E+00  0.0000E+00  0.0000E+00  0.0000E+00  0.0000E+00  0.0000E+00  0.0000E+00  0.0000E+00  0.0000E+00  0.0000E+00  0.0000E+00  0.0000E+00  0.0000E+00  0.0000E+00  0.0000E+00  0.0000E+00  0.0000E+00  0.0000E+00  0.0000E+00  0.0000E+00  0.0000E+00  0.0000E+00  0.0000E+00  0.0000E+00  0.0000E+00  0.0000E+00  0.0000E+00  0.0000E+00  0.0000E+00  0.0000E+00  0.0000E+00  0.0000E+00  0.0000E+00  0.0000E+00  0.0000E+00  0.0000E+00  0.0000E+00  0.0000E+00  0.0000E+00  0.0000E+00  0.0000E+00  0.0000E+00  2.6437E-03  3.1876E-03  3.8425E-03  4.6306E-03  5.5783E-03  6.7178E-03  8.0862E-03  9.7285E-03  1.1698E-02  1.4059E-02  1.6888E-02  2.0270E-02  2.4324E-02  2.9182E-02  3.5017E-02  4.2049E-02  5.0592E-02  6.1074E-02
  0.0000E+00  0.0000E+00  0.0000E+00  0.0000E+00  0.0000E+00  0.0000E+00  0.0000E+00  0.0000E+00  0.0000E+00  0.0000E+00  0.0000E+00  0.0000E+00  0.0000E+00  0.0000E+00  0.0000E+00  0.0000E+00  0.0000E+00  0.0000E+00  0.0000E+00  0.0000E+00  0.0000E+00  0.0000E+00  0.0000E+00  0.0000E+00  0.0000E+00  0.0000E+00  0.0000E+00  0.0000E+00  0.0000E+00  0.0000E+00  0.0000E+00  0.0000E+00  0.0000E+00  0.0000E+00  0.0000E+00  0.0000E+00  0.0000E+00  0.0000E+00  0.0000E+00  0.0000E+00  0.0000E+00  0.0000E+00  0.0000E+00  0.0000E+00  0.0000E+00  0.0000E+00  0.0000E+00  0.0000E+00  0.0000E+00  0.0000E+00  0.0000E+00  0.0000E+00  2.6208E-03  3.1600E-03  3.8093E-03  4.5906E-03  5.5302E-03  6.6598E-03  8.0165E-03  9.6448E-03  1.1598E-02  1.3938E-02  1.6742E-02  2.0095E-02  2.4113E-02  2.8928E-02  3.4708E-02  4.1672E-02  5.0127E-02  6.0493E-02
  0.0000E+00  0.0000E+00  0.0000E+00  0.0000E+00  0.0000E+00  0.0000E+00  0.0000E+00  0.0000E+00  0.0000E+00  0.0000E+00  0.0000E+00  0.0000E+00  0.0000E+00  0.0000E+00  0.0000E+00  0.0000E+00  0.0000E+00  0.0000E+00  0.0000E+00  0.0000E+00  0.0000E+00  0.0000E+00  0.0000E+00  0.0000E+00  0.0000E+00  0.0000E+00  0.0000E+00  0.0000E+00  0.0000E+00  0.0000E+00  0.0000E+00  0.0000E+00  0.0000E+00  0.0000E+00  0.0000E+00  0.0000E+00  0.0000E+00  0.0000E+00  0.0000E+00  0.0000E+00  0.0000E+00  0.0000E+00  0.0000E+00  0.0000E+00  0.0000E+00  0.0000E+00  0.0000E+00  0.0000E+00  0.0000E+00  0.0000E+00  0.0000E+00  0.0000E+00  2.5980E-03  3.1326E-03  3.7763E-03  4.5508E-03  5.4824E-03  6.6023E-03  7.9473E-03  9.5615E-03  1.1498E-02  1.3818E-02  1.6598E-02  1.9921E-02  2.3904E-02  2.8674E-02  3.4401E-02  4.1297E-02  4.9664E-02  5.9915E-02
  0.0000E+00  0.0000E+00  0.0000E+00  0.0000E+00  0.0000E+00  0.0000E+00  0.0000E+00  0.0000E+00  0.0000E+00  0.0000E+00  0.0000E+00  0.0000E+00  0.0000E+00  0.0000E+00  0.0000E+00  0.0000E+00  0.0000E+00  0.0000E+00  0.0000E+00  0.0000E+00  0.0000E+00  0.0000E+00  0.0000E+00  0.0000E+00  0.0000E+00  0.0000E+00  0.0000E+00  0.0000E+00  0.0000E+00  0.0000E+00  0.0000E+00  0.0000E+00  0.0000E+00  0.0000E+00  0.0000E+00  0.0000E+00  0.0000E+00  0.0000E+00  0.0000E+00  0.0000E+00  0.0000E+00  0.0000E+00  0.0000E+00  0.0000E+00  0.0000E+00  0.0000E+00  0.0000E+00  0.0000E+00  0.0000E+00  0.0000E+00  0.0000E+00  0.0000E+00  2.5754E-03  3.1054E-03  3.7435E-03  4.5113E-03  5.4349E-03  6.5451E-03  7.8785E-03  9.4788E-03  1.1398E-02  1.3699E-02  1.6454E-02  1.9749E-02  2.3695E-02  2.8423E-02  3.4096E-02  4.0924E-02  4.9204E-02  5.9341E-02
  0.0000E+00  0.0000E+00  0.0000E+00  0.0000E+00  0.0000E+00  0.0000E+00  0.0000E+00  0.0000E+00  0.0000E+00  0.0000E+00  0.0000E+00  0.0000E+00  0.0000E+00  0.0000E+00  0.0000E+00  0.0000E+00  0.0000E+00  0.0000E+00  0.0000E+00  0.0000E+00  0.0000E+00  0.0000E+00  0.0000E+00  0.0000E+00  0.0000E+00  0.0000E+00  0.0000E+00  0.0000E+00  0.0000E+00  0.0000E+00  0.0000E+00  0.0000E+00  0.0000E+00  0.0000E+00  0.0000E+00  0.0000E+00  0.0000E+00  0.0000E+00  0.0000E+00  0.0000E+00  0.0000E+00  0.0000E+00  0.0000E+00  0.0000E+00  0.0000E+00  0.0000E+00  0.0000E+00  0.0000E+00  0.0000E+00  0.0000E+00  0.0000E+00  0.0000E+00  2.5534E-03  3.0787E-03  3.7115E-03  4.4728E-03  5.3884E-03  6.4892E-03  7.8113E-03  9.3981E-03  1.1301E-02  1.3582E-02  1.6314E-02  1.9580E-02  2.3492E-02  2.8177E-02  3.3798E-02  4.0560E-02  4.8755E-02  5.8781E-02
  0.0000E+00  0.0000E+00  0.0000E+00  0.0000E+00  0.0000E+00  0.0000E+00  0.0000E+00  0.0000E+00  0.0000E+00  0.0000E+00  0.0000E+00  0.0000E+00  0.0000E+00  0.0000E+00  0.0000E+00  0.0000E+00  0.0000E+00  0.0000E+00  0.0000E+00  0.0000E+00  0.0000E+00  0.0000E+00  0.0000E+00  0.0000E+00  0.0000E+00  0.0000E+00  0.0000E+00  0.0000E+00  0.0000E+00  0.0000E+00  0.0000E+00  0.0000E+00  0.0000E+00  0.0000E+00  0.0000E+00  0.0000E+00  0.0000E+00  0.0000E+00  0.0000E+00  0.0000E+00  0.0000E+00  0.0000E+00  0.0000E+00  0.0000E+00  0.0000E+00  0.0000E+00  0.0000E+00  0.0000E+00  0.0000E+00  0.0000E+00  0.0000E+00  0.0000E+00  2.5318E-03  3.0528E-03  3.6802E-03  4.4351E-03  5.3432E-03  6.4347E-03  7.7458E-03  9.3193E-03  1.1206E-02  1.3468E-02  1.6177E-02  1.9415E-02  2.3294E-02  2.7938E-02  3.3507E-02  4.0205E-02  4.8319E-02  5.8237E-02
  0.0000E+00  0.0000E+00  0.0000E+00  0.0000E+00  0.0000E+00  0.0000E+00  0.0000E+00  0.0000E+00  0.0000E+00  0.0000E+00  0.0000E+00  0.0000E+00  0.0000E+00  0.0000E+00  0.0000E+00  0.0000E+00  0.0000E+00  0.0000E+00  0.0000E+00  0.0000E+00  0.0000E+00  0.0000E+00  0.0000E+00  0.0000E+00  0.0000E+00  0.0000E+00  0.0000E+00  0.0000E+00  0.0000E+00  0.0000E+00  0.0000E+00  0.0000E+00  0.0000E+00  0.0000E+00  0.0000E+00  0.0000E+00  0.0000E+00  0.0000E+00  0.0000E+00  0.0000E+00  0.0000E+00  0.0000E+00  0.0000E+00  0.0000E+00  0.0000E+00  0.0000E+00  0.0000E+00  0.0000E+00  0.0000E+00  0.0000E+00  0.0000E+00  0.0000E+00  2.5103E-03  3.0268E-03  3.6489E-03  4.3975E-03  5.2978E-03  6.3802E-03  7.6802E-03  9.2404E-03  1.1112E-02  1.3354E-02  1.6040E-02  1.9251E-02  2.3096E-02  2.7698E-02  3.3217E-02  3.9852E-02  4.7884E-02  5.7694E-02
  0.0000E+00  0.0000E+00  0.0000E+00  0.0000E+00  0.0000E+00  0.0000E+00  0.0000E+00  0.0000E+00  0.0000E+00  0.0000E+00  0.0000E+00  0.0000E+00  0.0000E+00  0.0000E+00  0.0000E+00  0.0000E+00  0.0000E+00  0.0000E+00  0.0000E+00  0.0000E+00  0.0000E+00  0.0000E+00  0.0000E+00  0.0000E+00  0.0000E+00  0.0000E+00  0.0000E+00  0.0000E+00  0.0000E+00  0.0000E+00  0.0000E+00  0.0000E+00  0.0000E+00  0.0000E+00  0.0000E+00  0.0000E+00  0.0000E+00  0.0000E+00  0.0000E+00  0.0000E+00  0.0000E+00  0.0000E+00  0.0000E+00  0.0000E+00  0.0000E+00  0.0000E+00  0.0000E+00  0.0000E+00  0.0000E+00  0.0000E+00  0.0000E+00  0.0000E+00  2.4889E-03  3.0012E-03  3.6179E-03  4.3601E-03  5.2529E-03  6.3262E-03  7.6152E-03  9.1623E-03  1.1018E-02  1.3241E-02  1.5905E-02  1.9088E-02  2.2900E-02  2.7463E-02  3.2932E-02  3.9504E-02  4.7456E-02  5.7162E-02
  0.0000E+00  0.0000E+00  0.0000E+00  0.0000E+00  0.0000E+00  0.0000E+00  0.0000E+00  0.0000E+00  0.0000E+00  0.0000E+00  0.0000E+00  0.0000E+00  0.0000E+00  0.0000E+00  0.0000E+00  0.0000E+00  0.0000E+00  0.0000E+00  0.0000E+00  0.0000E+00  0.0000E+00  0.0000E+00  0.0000E+00  0.0000E+00  0.0000E+00  0.0000E+00  0.0000E+00  0.0000E+00  0.0000E+00  0.0000E+00  0.0000E+00  0.0000E+00  0.0000E+00  0.0000E+00  0.0000E+00  0.0000E+00  0.0000E+00  0.0000E+00  0.0000E+00  0.0000E+00  0.0000E+00  0.0000E+00  0.0000E+00  0.0000E+00  0.0000E+00  0.0000E+00  0.0000E+00  0.0000E+00  0.0000E+00  0.0000E+00  0.0000E+00  0.0000E+00  0.0000E+00  2.7208E-03  3.2804E-03  3.9539E-03  4.7641E-03  5.7383E-03  6.9087E-03  8.3137E-03  9.9990E-03  1.2019E-02  1.4438E-02  1.7328E-02  2.0786E-02  2.4920E-02  2.9862E-02  3.5779E-02  4.2898E-02  5.1517E-02
  0.0000E+00  0.0000E+00  0.0000E+00  0.0000E+00  0.0000E+00  0.0000E+00  0.0000E+00  0.0000E+00  0.0000E+00  0.0000E+00  0.0000E+00  0.0000E+00  0.0000E+00  0.0000E+00  0.0000E+00  0.0000E+00  0.0000E+00  0.0000E+00  0.0000E+00  0.0000E+00  0.0000E+00  0.0000E+00  0.0000E+00  0.0000E+00  0.0000E+00  0.0000E+00  0.0000E+00  0.0000E+00  0.0000E+00  0.0000E+00  0.0000E+00  0.0000E+00  0.0000E+00  0.0000E+00  0.0000E+00  0.0000E+00  0.0000E+00  0.0000E+00  0.0000E+00  0.0000E+00  0.0000E+00  0.0000E+00  0.0000E+00  0.0000E+00  0.0000E+00  0.0000E+00  0.0000E+00  0.0000E+00  0.0000E+00  0.0000E+00  0.0000E+00  0.0000E+00  0.0000E+00  0.0000E+00  2.9744E-03  3.5855E-03  4.3208E-03  5.2053E-03  6.2681E-03  7.5444E-03  9.0757E-03  1.0911E-02  1.3110E-02  1.5737E-02  1.8880E-02  2.2633E-02  2.7114E-02  3.2465E-02  3.8874E-02  4.6586E-02
  0.0000E+00  0.0000E+00  0.0000E+00  0.0000E+00  0.0000E+00  0.0000E+00  0.0000E+00  0.0000E+00  0.0000E+00  0.0000E+00  0.0000E+00  0.0000E+00  0.0000E+00  0.0000E+00  0.0000E+00  0.0000E+00  0.0000E+00  0.0000E+00  0.0000E+00  0.0000E+00  0.0000E+00  0.0000E+00  0.0000E+00  0.0000E+00  0.0000E+00  0.0000E+00  0.0000E+00  0.0000E+00  0.0000E+00  0.0000E+00  0.0000E+00  0.0000E+00  0.0000E+00  0.0000E+00  0.0000E+00  0.0000E+00  0.0000E+00  0.0000E+00  0.0000E+00  0.0000E+00  0.0000E+00  0.0000E+00  0.0000E+00  0.0000E+00  0.0000E+00  0.0000E+00  0.0000E+00  0.0000E+00  0.0000E+00  0.0000E+00  0.0000E+00  0.0000E+00  0.0000E+00  0.0000E+00  2.6969E-03  3.2514E-03  3.9189E-03  4.7219E-03  5.6872E-03  6.8467E-03  8.2384E-03  9.9075E-03  1.1907E-02  1.4297E-02  1.7156E-02  2.0570E-02  2.4643E-02  2.9499E-02  3.5299E-02  4.2244E-02
  0.0000E+00  0.0000E+00  0.0000E+00  0.0000E+00  0.0000E+00  0.0000E+00  0.0000E+00  0.0000E+00  0.0000E+00  0.0000E+00  0.0000E+00  0.0000E+00  0.0000E+00  0.0000E+00  0.0000E+00  0.0000E+00  0.0000E+00  0.0000E+00  0.0000E+00  0.0000E+00  0.0000E+00  0.0000E+00  0.0000E+00  0.0000E+00  0.0000E+00  0.0000E+00  0.0000E+00  0.0000E+00  0.0000E+00  0.0000E+00  0.0000E+00  0.0000E+00  0.0000E+00  0.0000E+00  0.0000E+00  0.0000E+00  0.0000E+00  0.0000E+00  0.0000E+00  0.0000E+00  0.0000E+00  0.0000E+00  0.0000E+00  0.0000E+00  0.0000E+00  0.0000E+00  0.0000E+00  0.0000E+00  0.0000E+00  0.0000E+00  0.0000E+00  0.0000E+00  0.0000E+00  0.0000E+00  0.0000E+00  2.9496E-03  3.5557E-03  4.2851E-03  5.1622E-03  6.2163E-03  7.4820E-03  9.0007E-03  1.0821E-02  1.2998E-02  1.5603E-02  1.8714E-02  2.2425E-02  2.6846E-02  3.2119E-02  3.8413E-02
  0.0000E+00  0.0000E+00  0.0000E+00  0.0000E+00  0.0000E+00  0.0000E+00  0.0000E+00  0.0000E+00  0.0000E+00  0.0000E+00  0.0000E+00  0.0000E+00  0.0000E+00  0.0000E+00  0.0000E+00  0.0000E+00  0.0000E+00  0.0000E+00  0.0000E+00  0.0000E+00  0.0000E+00  0.0000E+00  0.0000E+00  0.0000E+00  0.0000E+00  0.0000E+00  0.0000E+00  0.0000E+00  0.0000E+00  0.0000E+00  0.0000E+00  0.0000E+00  0.0000E+00  0.0000E+00  0.0000E+00  0.0000E+00  0.0000E+00  0.0000E+00  0.0000E+00  0.0000E+00  0.0000E+00  0.0000E+00  0.0000E+00  0.0000E+00  0.0000E+00  0.0000E+00  0.0000E+00  0.0000E+00  0.0000E+00  0.0000E+00  0.0000E+00  0.0000E+00  0.0000E+00  0.0000E+00  0.0000E+00  0.0000E+00  3.2216E-03  3.8832E-03  4.6791E-03  5.6360E-03  6.7855E-03  8.1655E-03  9.8208E-03  1.1801E-02  1.4172E-02  1.7006E-02  2.0387E-02  2.4415E-02  2.9215E-02  3.4935E-02
  0.0000E+00  0.0000E+00  0.0000E+00  0.0000E+00  0.0000E+00  0.0000E+00  0.0000E+00  0.0000E+00  0.0000E+00  0.0000E+00  0.0000E+00  0.0000E+00  0.0000E+00  0.0000E+00  0.0000E+00  0.0000E+00  0.0000E+00  0.0000E+00  0.0000E+00  0.0000E+00  0.0000E+00  0.0000E+00  0.0000E+00  0.0000E+00  0.0000E+00  0.0000E+00  0.0000E+00  0.0000E+00  0.0000E+00  0.0000E+00  0.0000E+00  0.0000E+00  0.0000E+00  0.0000E+00  0.0000E+00  0.0000E+00  0.0000E+00  0.0000E+00  0.0000E+00  0.0000E+00  0.0000E+00  0.0000E+00  0.0000E+00  0.0000E+00  0.0000E+00  0.0000E+00  0.0000E+00  0.0000E+00  0.0000E+00  0.0000E+00  0.0000E+00  0.0000E+00  0.0000E+00  0.0000E+00  0.0000E+00  0.0000E+00  2.9122E-03  3.5109E-03  4.2314E-03  5.0979E-03  6.1394E-03  7.3904E-03  8.8919E-03  1.0689E-02  1.2843E-02  1.5418E-02  1.8494E-02  2.2158E-02  2.6526E-02  3.1726E-02
  0.0000E+00  0.0000E+00  0.0000E+00  0.0000E+00  0.0000E+00  0.0000E+00  0.0000E+00  0.0000E+00  0.0000E+00  0.0000E+00  0.0000E+00  0.0000E+00  0.0000E+00  0.0000E+00  0.0000E+00  0.0000E+00  0.0000E+00  0.0000E+00  0.0000E+00  0.0000E+00  0.0000E+00  0.0000E+00  0.0000E+00  0.0000E+00  0.0000E+00  0.0000E+00  0.0000E+00  0.0000E+00  0.0000E+00  0.0000E+00  0.0000E+00  0.0000E+00  0.0000E+00  0.0000E+00  0.0000E+00  0.0000E+00  0.0000E+00  0.0000E+00  0.0000E+00  0.0000E+00  0.0000E+00  0.0000E+00  0.0000E+00  0.0000E+00  0.0000E+00  0.0000E+00  0.0000E+00  0.0000E+00  0.0000E+00  0.0000E+00  0.0000E+00  0.0000E+00  0.0000E+00  0.0000E+00  0.0000E+00  0.0000E+00  0.0000E+00  3.1747E-03  3.8269E-03  4.6117E-03  5.5554E-03  6.6894E-03  8.0513E-03  9.6827E-03  1.1639E-02  1.3980E-02  1.6777E-02  2.0113E-02  2.4090E-02  2.8826E-02
  0.0000E+00  0.0000E+00  0.0000E+00  0.0000E+00  0.0000E+00  0.0000E+00  0.0000E+00  0.0000E+00  0.0000E+00  0.0000E+00  0.0000E+00  0.0000E+00  0.0000E+00  0.0000E+00  0.0000E+00  0.0000E+00  0.0000E+00  0.0000E+00  0.0000E+00  0.0000E+00  0.0000E+00  0.0000E+00  0.0000E+00  0.0000E+00  0.0000E+00  0.0000E+00  0.0000E+00  0.0000E+00  0.0000E+00  0.0000E+00  0.0000E+00  0.0000E+00  0.0000E+00  0.0000E+00  0.0000E+00  0.0000E+00  0.0000E+00  0.0000E+00  0.0000E+00  0.0000E+00  0.0000E+00  0.0000E+00  0.0000E+00  0.0000E+00  0.0000E+00  0.0000E+00  0.0000E+00  0.0000E+00  0.0000E+00  0.0000E+00  0.0000E+00  0.0000E+00  0.0000E+00  0.0000E+00  0.0000E+00  0.0000E+00  0.0000E+00  0.0000E+00  3.4654E-03  4.1769E-03  5.0328E-03  6.0619E-03  7.2985E-03  8.7808E-03  1.0560E-02  1.2690E-02  1.5237E-02  1.8277E-02  2.1904E-02  2.6224E-02
  0.0000E+00  0.0000E+00  0.0000E+00  0.0000E+00  0.0000E+00  0.0000E+00  0.0000E+00  0.0000E+00  0.0000E+00  0.0000E+00  0.0000E+00  0.0000E+00  0.0000E+00  0.0000E+00  0.0000E+00  0.0000E+00  0.0000E+00  0.0000E+00  0.0000E+00  0.0000E+00  0.0000E+00  0.0000E+00  0.0000E+00  0.0000E+00  0.0000E+00  0.0000E+00  0.0000E+00  0.0000E+00  0.0000E+00  0.0000E+00  0.0000E+00  0.0000E+00  0.0000E+00  0.0000E+00  0.0000E+00  0.0000E+00  0.0000E+00  0.0000E+00  0.0000E+00  0.0000E+00  0.0000E+00  0.0000E+00  0.0000E+00  0.0000E+00  0.0000E+00  0.0000E+00  0.0000E+00  0.0000E+00  0.0000E+00  0.0000E+00  0.0000E+00  0.0000E+00  0.0000E+00  0.0000E+00  0.0000E+00  0.0000E+00  0.0000E+00  0.0000E+00  3.1378E-03  3.7827E-03  4.5590E-03  5.4928E-03  6.6154E-03  7.9618E-03  9.5788E-03  1.1517E-02  1.3836E-02  1.6607E-02  1.9916E-02  2.3860E-02
  0.0000E+00  0.0000E+00  0.0000E+00  0.0000E+00  0.0000E+00  0.0000E+00  0.0000E+00  0.0000E+00  0.0000E+00  0.0000E+00  0.0000E+00  0.0000E+00  0.0000E+00  0.0000E+00  0.0000E+00  0.0000E+00  0.0000E+00  0.0000E+00  0.0000E+00  0.0000E+00  0.0000E+00  0.0000E+00  0.0000E+00  0.0000E+00  0.0000E+00  0.0000E+00  0.0000E+00  0.0000E+00  0.0000E+00  0.0000E+00  0.0000E+00  0.0000E+00  0.0000E+00  0.0000E+00  0.0000E+00  0.0000E+00  0.0000E+00  0.0000E+00  0.0000E+00  0.0000E+00  0.0000E+00  0.0000E+00  0.0000E+00  0.0000E+00  0.0000E+00  0.0000E+00  0.0000E+00  0.0000E+00  0.0000E+00  0.0000E+00  0.0000E+00  0.0000E+00  0.0000E+00  0.0000E+00  0.0000E+00  0.0000E+00  0.0000E+00  0.0000E+00  0.0000E+00  3.4230E-03  4.1263E-03  4.9727E-03  5.9909E-03  7.2128E-03  8.6812E-03  1.0442E-02  1.2553E-02  1.5075E-02  1.8091E-02  2.1689E-02
  0.0000E+00  0.0000E+00  0.0000E+00  0.0000E+00  0.0000E+00  0.0000E+00  0.0000E+00  0.0000E+00  0.0000E+00  0.0000E+00  0.0000E+00  0.0000E+00  0.0000E+00  0.0000E+00  0.0000E+00  0.0000E+00  0.0000E+00  0.0000E+00  0.0000E+00  0.0000E+00  0.0000E+00  0.0000E+00  0.0000E+00  0.0000E+00  0.0000E+00  0.0000E+00  0.0000E+00  0.0000E+00  0.0000E+00  0.0000E+00  0.0000E+00  0.0000E+00  0.0000E+00  0.0000E+00  0.0000E+00  0.0000E+00  0.0000E+00  0.0000E+00  0.0000E+00  0.0000E+00  0.0000E+00  0.0000E+00  0.0000E+00  0.0000E+00  0.0000E+00  0.0000E+00  0.0000E+00  0.0000E+00  0.0000E+00  0.0000E+00  0.0000E+00  0.0000E+00  0.0000E+00  0.0000E+00  0.0000E+00  0.0000E+00  0.0000E+00  0.0000E+00  0.0000E+00  0.0000E+00  3.7308E-03  4.4971E-03  5.4194E-03  6.5269E-03  7.8586E-03  9.4572E-03  1.1374E-02  1.3668E-02  1.6413E-02  1.9692E-02
  0.0000E+00  0.0000E+00  0.0000E+00  0.0000E+00  0.0000E+00  0.0000E+00  0.0000E+00  0.0000E+00  0.0000E+00  0.0000E+00  0.0000E+00  0.0000E+00  0.0000E+00  0.0000E+00  0.0000E+00  0.0000E+00  0.0000E+00  0.0000E+00  0.0000E+00  0.0000E+00  0.0000E+00  0.0000E+00  0.0000E+00  0.0000E+00  0.0000E+00  0.0000E+00  0.0000E+00  0.0000E+00  0.0000E+00  0.0000E+00  0.0000E+00  0.0000E+00  0.0000E+00  0.0000E+00  0.0000E+00  0.0000E+00  0.0000E+00  0.0000E+00  0.0000E+00  0.0000E+00  0.0000E+00  0.0000E+00  0.0000E+00  0.0000E+00  0.0000E+00  0.0000E+00  0.0000E+00  0.0000E+00  0.0000E+00  0.0000E+00  0.0000E+00  0.0000E+00  0.0000E+00  0.0000E+00  0.0000E+00  0.0000E+00  0.0000E+00  0.0000E+00  0.0000E+00  0.0000E+00  3.3695E-03  4.0626E-03  4.8970E-03  5.8994E-03  7.1056E-03  8.5544E-03  1.0293E-02  1.2376E-02  1.4871E-02  1.7854E-02
  0.0000E+00  0.0000E+00  0.0000E+00  0.0000E+00  0.0000E+00  0.0000E+00  0.0000E+00  0.0000E+00  0.0000E+00  0.0000E+00  0.0000E+00  0.0000E+00  0.0000E+00  0.0000E+00  0.0000E+00  0.0000E+00  0.0000E+00  0.0000E+00  0.0000E+00  0.0000E+00  0.0000E+00  0.0000E+00  0.0000E+00  0.0000E+00  0.0000E+00  0.0000E+00  0.0000E+00  0.0000E+00  0.0000E+00  0.0000E+00  0.0000E+00  0.0000E+00  0.0000E+00  0.0000E+00  0.0000E+00  0.0000E+00  0.0000E+00  0.0000E+00  0.0000E+00  0.0000E+00  0.0000E+00  0.0000E+00  0.0000E+00  0.0000E+00  0.0000E+00  0.0000E+00  0.0000E+00  0.0000E+00  0.0000E+00  0.0000E+00  0.0000E+00  0.0000E+00  0.0000E+00  0.0000E+00  0.0000E+00  0.0000E+00  0.0000E+00  0.0000E+00  0.0000E+00  0.0000E+00  0.0000E+00  3.6632E-03  4.4166E-03  5.3221E-03  6.4122E-03  7.7226E-03  9.2962E-03  1.1183E-02  1.3445E-02  1.6153E-02
  0.0000E+00  0.0000E+00  0.0000E+00  0.0000E+00  0.0000E+00  0.0000E+00  0.0000E+00  0.0000E+00  0.0000E+00  0.0000E+00  0.0000E+00  0.0000E+00  0.0000E+00  0.0000E+00  0.0000E+00  0.0000E+00  0.0000E+00  0.0000E+00  0.0000E+00  0.0000E+00  0.0000E+00  0.0000E+00  0.0000E+00  0.0000E+00  0.0000E+00  0.0000E+00  0.0000E+00  0.0000E+00  0.0000E+00  0.0000E+00  0.0000E+00  0.0000E+00  0.0000E+00  0.0000E+00  0.0000E+00  0.0000E+00  0.0000E+00  0.0000E+00  0.0000E+00  0.0000E+00  0.0000E+00  0.0000E+00  0.0000E+00  0.0000E+00  0.0000E+00  0.0000E+00  0.0000E+00  0.0000E+00  0.0000E+00  0.0000E+00  0.0000E+00  0.0000E+00  0.0000E+00  0.0000E+00  0.0000E+00  0.0000E+00  0.0000E+00  0.0000E+00  0.0000E+00  0.0000E+00  0.0000E+00  0.0000E+00  3.9789E-03  4.7958E-03  5.7797E-03  6.9631E-03  8.3852E-03  1.0092E-02  1.2139E-02  1.4593E-02
  0.0000E+00  0.0000E+00  0.0000E+00  0.0000E+00  0.0000E+00  0.0000E+00  0.0000E+00  0.0000E+00  0.0000E+00  0.0000E+00  0.0000E+00  0.0000E+00  0.0000E+00  0.0000E+00  0.0000E+00  0.0000E+00  0.0000E+00  0.0000E+00  0.0000E+00  0.0000E+00  0.0000E+00  0.0000E+00  0.0000E+00  0.0000E+00  0.0000E+00  0.0000E+00  0.0000E+00  0.0000E+00  0.0000E+00  0.0000E+00  0.0000E+00  0.0000E+00  0.0000E+00  0.0000E+00  0.0000E+00  0.0000E+00  0.0000E+00  0.0000E+00  0.0000E+00  0.0000E+00  0.0000E+00  0.0000E+00  0.0000E+00  0.0000E+00  0.0000E+00  0.0000E+00  0.0000E+00  0.0000E+00  0.0000E+00  0.0000E+00  0.0000E+00  0.0000E+00  0.0000E+00  0.0000E+00  0.0000E+00  0.0000E+00  0.0000E+00  0.0000E+00  0.0000E+00  0.0000E+00  0.0000E+00  0.0000E+00  3.5774E-03  4.3128E-03  5.1989E-03  6.2651E-03  7.5474E-03  9.0868E-03  1.0936E-02  1.3153E-02
  0.0000E+00  0.0000E+00  0.0000E+00  0.0000E+00  0.0000E+00  0.0000E+00  0.0000E+00  0.0000E+00  0.0000E+00  0.0000E+00  0.0000E+00  0.0000E+00  0.0000E+00  0.0000E+00  0.0000E+00  0.0000E+00  0.0000E+00  0.0000E+00  0.0000E+00  0.0000E+00  0.0000E+00  0.0000E+00  0.0000E+00  0.0000E+00  0.0000E+00  0.0000E+00  0.0000E+00  0.0000E+00  0.0000E+00  0.0000E+00  0.0000E+00  0.0000E+00  0.0000E+00  0.0000E+00  0.0000E+00  0.0000E+00  0.0000E+00  0.0000E+00  0.0000E+00  0.0000E+00  0.0000E+00  0.0000E+00  0.0000E+00  0.0000E+00  0.0000E+00  0.0000E+00  0.0000E+00  0.0000E+00  0.0000E+00  0.0000E+00  0.0000E+00  0.0000E+00  0.0000E+00  0.0000E+00  0.0000E+00  0.0000E+00  0.0000E+00  0.0000E+00  0.0000E+00  0.0000E+00  0.0000E+00  0.0000E+00  0.0000E+00  3.8737E-03  4.6707E-03  5.6299E-03  6.7842E-03  8.1710E-03  9.8377E-03  1.1838E-02
  0.0000E+00  0.0000E+00  0.0000E+00  0.0000E+00  0.0000E+00  0.0000E+00  0.0000E+00  0.0000E+00  0.0000E+00  0.0000E+00  0.0000E+00  0.0000E+00  0.0000E+00  0.0000E+00  0.0000E+00  0.0000E+00  0.0000E+00  0.0000E+00  0.0000E+00  0.0000E+00  0.0000E+00  0.0000E+00  0.0000E+00  0.0000E+00  0.0000E+00  0.0000E+00  0.0000E+00  0.0000E+00  0.0000E+00  0.0000E+00  0.0000E+00  0.0000E+00  0.0000E+00  0.0000E+00  0.0000E+00  0.0000E+00  0.0000E+00  0.0000E+00  0.0000E+00  0.0000E+00  0.0000E+00  0.0000E+00  0.0000E+00  0.0000E+00  0.0000E+00  0.0000E+00  0.0000E+00  0.0000E+00  0.0000E+00  0.0000E+00  0.0000E+00  0.0000E+00  0.0000E+00  0.0000E+00  0.0000E+00  0.0000E+00  0.0000E+00  0.0000E+00  0.0000E+00  0.0000E+00  0.0000E+00  0.0000E+00  0.0000E+00  0.0000E+00  4.1872E-03  5.0483E-03  6.0850E-03  7.3311E-03  8.8298E-03  1.0630E-02
  0.0000E+00  0.0000E+00  0.0000E+00  0.0000E+00  0.0000E+00  0.0000E+00  0.0000E+00  0.0000E+00  0.0000E+00  0.0000E+00  0.0000E+00  0.0000E+00  0.0000E+00  0.0000E+00  0.0000E+00  0.0000E+00  0.0000E+00  0.0000E+00  0.0000E+00  0.0000E+00  0.0000E+00  0.0000E+00  0.0000E+00  0.0000E+00  0.0000E+00  0.0000E+00  0.0000E+00  0.0000E+00  0.0000E+00  0.0000E+00  0.0000E+00  0.0000E+00  0.0000E+00  0.0000E+00  0.0000E+00  0.0000E+00  0.0000E+00  0.0000E+00  0.0000E+00  0.0000E+00  0.0000E+00  0.0000E+00  0.0000E+00  0.0000E+00  0.0000E+00  0.0000E+00  0.0000E+00  0.0000E+00  0.0000E+00  0.0000E+00  0.0000E+00  0.0000E+00  0.0000E+00  0.0000E+00  0.0000E+00  0.0000E+00  0.0000E+00  0.0000E+00  0.0000E+00  0.0000E+00  0.0000E+00  0.0000E+00  0.0000E+00  0.0000E+00  3.7489E-03  4.5208E-03  5.4503E-03  6.5682E-03  7.9135E-03  9.5305E-03
  0.0000E+00  0.0000E+00  0.0000E+00  0.0000E+00  0.0000E+00  0.0000E+00  0.0000E+00  0.0000E+00  0.0000E+00  0.0000E+00  0.0000E+00  0.0000E+00  0.0000E+00  0.0000E+00  0.0000E+00  0.0000E+00  0.0000E+00  0.0000E+00  0.0000E+00  0.0000E+00  0.0000E+00  0.0000E+00  0.0000E+00  0.0000E+00  0.0000E+00  0.0000E+00  0.0000E+00  0.0000E+00  0.0000E+00  0.0000E+00  0.0000E+00  0.0000E+00  0.0000E+00  0.0000E+00  0.0000E+00  0.0000E+00  0.0000E+00  0.0000E+00  0.0000E+00  0.0000E+00  0.0000E+00  0.0000E+00  0.0000E+00  0.0000E+00  0.0000E+00  0.0000E+00  0.0000E+00  0.0000E+00  0.0000E+00  0.0000E+00  0.0000E+00  0.0000E+00  0.0000E+00  0.0000E+00  0.0000E+00  0.0000E+00  0.0000E+00  0.0000E+00  0.0000E+00  0.0000E+00  0.0000E+00  0.0000E+00  0.0000E+00  0.0000E+00  0.0000E+00  4.0423E-03  4.8744E-03  5.8755E-03  7.0809E-03  8.5307E-03
  0.0000E+00  0.0000E+00  0.0000E+00  0.0000E+00  0.0000E+00  0.0000E+00  0.0000E+00  0.0000E+00  0.0000E+00  0.0000E+00  0.0000E+00  0.0000E+00  0.0000E+00  0.0000E+00  0.0000E+00  0.0000E+00  0.0000E+00  0.0000E+00  0.0000E+00  0.0000E+00  0.0000E+00  0.0000E+00  0.0000E+00  0.0000E+00  0.0000E+00  0.0000E+00  0.0000E+00  0.0000E+00  0.0000E+00  0.0000E+00  0.0000E+00  0.0000E+00  0.0000E+00  0.0000E+00  0.0000E+00  0.0000E+00  0.0000E+00  0.0000E+00  0.0000E+00  0.0000E+00  0.0000E+00  0.0000E+00  0.0000E+00  0.0000E+00  0.0000E+00  0.0000E+00  0.0000E+00  0.0000E+00  0.0000E+00  0.0000E+00  0.0000E+00  0.0000E+00  0.0000E+00  0.0000E+00  0.0000E+00  0.0000E+00  0.0000E+00  0.0000E+00  0.0000E+00  0.0000E+00  0.0000E+00  0.0000E+00  0.0000E+00  0.0000E+00  0.0000E+00  0.0000E+00  4.3543E-03  5.2497E-03  6.3282E-03  7.6260E-03
  0.0000E+00  0.0000E+00  0.0000E+00  0.0000E+00  0.0000E+00  0.0000E+00  0.0000E+00  0.0000E+00  0.0000E+00  0.0000E+00  0.0000E+00  0.0000E+00  0.0000E+00  0.0000E+00  0.0000E+00  0.0000E+00  0.0000E+00  0.0000E+00  0.0000E+00  0.0000E+00  0.0000E+00  0.0000E+00  0.0000E+00  0.0000E+00  0.0000E+00  0.0000E+00  0.0000E+00  0.0000E+00  0.0000E+00  0.0000E+00  0.0000E+00  0.0000E+00  0.0000E+00  0.0000E+00  0.0000E+00  0.0000E+00  0.0000E+00  0.0000E+00  0.0000E+00  0.0000E+00  0.0000E+00  0.0000E+00  0.0000E+00  0.0000E+00  0.0000E+00  0.0000E+00  0.0000E+00  0.0000E+00  0.0000E+00  0.0000E+00  0.0000E+00  0.0000E+00  0.0000E+00  0.0000E+00  0.0000E+00  0.0000E+00  0.0000E+00  0.0000E+00  0.0000E+00  0.0000E+00  0.0000E+00  0.0000E+00  0.0000E+00  0.0000E+00  0.0000E+00  0.0000E+00  3.8842E-03  4.6837E-03  5.6472E-03  6.8070E-03
  0.0000E+00  0.0000E+00  0.0000E+00  0.0000E+00  0.0000E+00  0.0000E+00  0.0000E+00  0.0000E+00  0.0000E+00  0.0000E+00  0.0000E+00  0.0000E+00  0.0000E+00  0.0000E+00  0.0000E+00  0.0000E+00  0.0000E+00  0.0000E+00  0.0000E+00  0.0000E+00  0.0000E+00  0.0000E+00  0.0000E+00  0.0000E+00  0.0000E+00  0.0000E+00  0.0000E+00  0.0000E+00  0.0000E+00  0.0000E+00  0.0000E+00  0.0000E+00  0.0000E+00  0.0000E+00  0.0000E+00  0.0000E+00  0.0000E+00  0.0000E+00  0.0000E+00  0.0000E+00  0.0000E+00  0.0000E+00  0.0000E+00  0.0000E+00  0.0000E+00  0.0000E+00  0.0000E+00  0.0000E+00  0.0000E+00  0.0000E+00  0.0000E+00  0.0000E+00  0.0000E+00  0.0000E+00  0.0000E+00  0.0000E+00  0.0000E+00  0.0000E+00  0.0000E+00  0.0000E+00  0.0000E+00  0.0000E+00  0.0000E+00  0.0000E+00  0.0000E+00  0.0000E+00  0.0000E+00  4.1729E-03  5.0321E-03  6.0670E-03
  0.0000E+00  0.0000E+00  0.0000E+00  0.0000E+00  0.0000E+00  0.0000E+00  0.0000E+00  0.0000E+00  0.0000E+00  0.0000E+00  0.0000E+00  0.0000E+00  0.0000E+00  0.0000E+00  0.0000E+00  0.0000E+00  0.0000E+00  0.0000E+00  0.0000E+00  0.0000E+00  0.0000E+00  0.0000E+00  0.0000E+00  0.0000E+00  0.0000E+00  0.0000E+00  0.0000E+00  0.0000E+00  0.0000E+00  0.0000E+00  0.0000E+00  0.0000E+00  0.0000E+00  0.0000E+00  0.0000E+00  0.0000E+00  0.0000E+00  0.0000E+00  0.0000E+00  0.0000E+00  0.0000E+00  0.0000E+00  0.0000E+00  0.0000E+00  0.0000E+00  0.0000E+00  0.0000E+00  0.0000E+00  0.0000E+00  0.0000E+00  0.0000E+00  0.0000E+00  0.0000E+00  0.0000E+00  0.0000E+00  0.0000E+00  0.0000E+00  0.0000E+00  0.0000E+00  0.0000E+00  0.0000E+00  0.0000E+00  0.0000E+00  0.0000E+00  0.0000E+00  0.0000E+00  0.0000E+00  3.7165E-03  4.4824E-03  5.4052E-03
  0.0000E+00  0.0000E+00  0.0000E+00  0.0000E+00  0.0000E+00  0.0000E+00  0.0000E+00  0.0000E+00  0.0000E+00  0.0000E+00  0.0000E+00  0.0000E+00  0.0000E+00  0.0000E+00  0.0000E+00  0.0000E+00  0.0000E+00  0.0000E+00  0.0000E+00  0.0000E+00  0.0000E+00  0.0000E+00  0.0000E+00  0.0000E+00  0.0000E+00  0.0000E+00  0.0000E+00  0.0000E+00  0.0000E+00  0.0000E+00  0.0000E+00  0.0000E+00  0.0000E+00  0.0000E+00  0.0000E+00  0.0000E+00  0.0000E+00  0.0000E+00  0.0000E+00  0.0000E+00  0.0000E+00  0.0000E+00  0.0000E+00  0.0000E+00  0.0000E+00  0.0000E+00  0.0000E+00  0.0000E+00  0.0000E+00  0.0000E+00  0.0000E+00  0.0000E+00  0.0000E+00  0.0000E+00  0.0000E+00  0.0000E+00  0.0000E+00  0.0000E+00  0.0000E+00  0.0000E+00  0.0000E+00  0.0000E+00  0.0000E+00  0.0000E+00  0.0000E+00  0.0000E+00  0.0000E+00  0.0000E+00  3.9883E-03  4.8102E-03
  0.0000E+00  0.0000E+00  0.0000E+00  0.0000E+00  0.0000E+00  0.0000E+00  0.0000E+00  0.0000E+00  0.0000E+00  0.0000E+00  0.0000E+00  0.0000E+00  0.0000E+00  0.0000E+00  0.0000E+00  0.0000E+00  0.0000E+00  0.0000E+00  0.0000E+00  0.0000E+00  0.0000E+00  0.0000E+00  0.0000E+00  0.0000E+00  0.0000E+00  0.0000E+00  0.0000E+00  0.0000E+00  0.0000E+00  0.0000E+00  0.0000E+00  0.0000E+00  0.0000E+00  0.0000E+00  0.0000E+00  0.0000E+00  0.0000E+00  0.0000E+00  0.0000E+00  0.0000E+00  0.0000E+00  0.0000E+00  0.0000E+00  0.0000E+00  0.0000E+00  0.0000E+00  0.0000E+00  0.0000E+00  0.0000E+00  0.0000E+00  0.0000E+00  0.0000E+00  0.0000E+00  0.0000E+00  0.0000E+00  0.0000E+00  0.0000E+00  0.0000E+00  0.0000E+00  0.0000E+00  0.0000E+00  0.0000E+00  0.0000E+00  0.0000E+00  0.0000E+00  0.0000E+00  0.0000E+00  0.0000E+00  0.0000E+00  4.2760E-03
  0.0000E+00  0.0000E+00  0.0000E+00  0.0000E+00  0.0000E+00  0.0000E+00  0.0000E+00  0.0000E+00  0.0000E+00  0.0000E+00  0.0000E+00  0.0000E+00  0.0000E+00  0.0000E+00  0.0000E+00  0.0000E+00  0.0000E+00  0.0000E+00  0.0000E+00  0.0000E+00  0.0000E+00  0.0000E+00  0.0000E+00  0.0000E+00  0.0000E+00  0.0000E+00  0.0000E+00  0.0000E+00  0.0000E+00  0.0000E+00  0.0000E+00  0.0000E+00  0.0000E+00  0.0000E+00  0.0000E+00  0.0000E+00  0.0000E+00  0.0000E+00  0.0000E+00  0.0000E+00  0.0000E+00  0.0000E+00  0.0000E+00  0.0000E+00  0.0000E+00  0.0000E+00  0.0000E+00  0.0000E+00  0.0000E+00  0.0000E+00  0.0000E+00  0.0000E+00  0.0000E+00  0.0000E+00  0.0000E+00  0.0000E+00  0.0000E+00  0.0000E+00  0.0000E+00  0.0000E+00  0.0000E+00  0.0000E+00  0.0000E+00  0.0000E+00  0.0000E+00  0.0000E+00  0.0000E+00  0.0000E+00  0.0000E+00  3.8010E-03
  0.0000E+00  0.0000E+00  0.0000E+00  0.0000E+00  0.0000E+00  0.0000E+00  0.0000E+00  0.0000E+00  0.0000E+00  0.0000E+00  0.0000E+00  0.0000E+00  0.0000E+00  0.0000E+00  0.0000E+00  0.0000E+00  0.0000E+00  0.0000E+00  0.0000E+00  0.0000E+00  0.0000E+00  0.0000E+00  0.0000E+00  0.0000E+00  0.0000E+00  0.0000E+00  0.0000E+00  0.0000E+00  0.0000E+00  0.0000E+00  0.0000E+00  0.0000E+00  0.0000E+00  0.0000E+00  0.0000E+00  0.0000E+00  0.0000E+00  0.0000E+00  0.0000E+00  0.0000E+00  0.0000E+00  0.0000E+00  0.0000E+00  0.0000E+00  0.0000E+00  0.0000E+00  0.0000E+00  0.0000E+00  0.0000E+00  0.0000E+00  0.0000E+00  0.0000E+00  0.0000E+00  0.0000E+00  0.0000E+00  0.0000E+00  0.0000E+00  0.0000E+00  0.0000E+00  0.0000E+00  0.0000E+00  0.0000E+00  0.0000E+00  0.0000E+00  0.0000E+00  0.0000E+00  0.0000E+00  0.0000E+00  0.0000E+00  0.0000E+00
  0.0000E+00  0.0000E+00  0.0000E+00  0.0000E+00  0.0000E+00  0.0000E+00  0.0000E+00  0.0000E+00  0.0000E+00  0.0000E+00  0.0000E+00  0.0000E+00  0.0000E+00  0.0000E+00  0.0000E+00  0.0000E+00  0.0000E+00  0.0000E+00  0.0000E+00  0.0000E+00  0.0000E+00  0.0000E+00  0.0000E+00  0.0000E+00  0.0000E+00  0.0000E+00  0.0000E+00  0.0000E+00  0.0000E+00  0.0000E+00  0.0000E+00  0.0000E+00  0.0000E+00  0.0000E+00  0.0000E+00  0.0000E+00  0.0000E+00  0.0000E+00  0.0000E+00  0.0000E+00  0.0000E+00  0.0000E+00  0.0000E+00  0.0000E+00  0.0000E+00  0.0000E+00  0.0000E+00  0.0000E+00  0.0000E+00  0.0000E+00  0.0000E+00  0.0000E+00  0.0000E+00  0.0000E+00  0.0000E+00  0.0000E+00  0.0000E+00  0.0000E+00  0.0000E+00  0.0000E+00  0.0000E+00  0.0000E+00  0.0000E+00  0.0000E+00  0.0000E+00  0.0000E+00  0.0000E+00  0.0000E+00  0.0000E+00  0.0000E+00
  0.0000E+00  0.0000E+00  0.0000E+00  0.0000E+00  0.0000E+00  0.0000E+00  0.0000E+00  0.0000E+00  0.0000E+00  0.0000E+00  0.0000E+00  0.0000E+00  0.0000E+00  0.0000E+00  0.0000E+00  0.0000E+00  0.0000E+00  0.0000E+00  0.0000E+00  0.0000E+00  0.0000E+00  0.0000E+00  0.0000E+00  0.0000E+00  0.0000E+00  0.0000E+00  0.0000E+00  0.0000E+00  0.0000E+00  0.0000E+00  0.0000E+00  0.0000E+00  0.0000E+00  0.0000E+00  0.0000E+00  0.0000E+00  0.0000E+00  0.0000E+00  0.0000E+00  0.0000E+00  0.0000E+00  0.0000E+00  0.0000E+00  0.0000E+00  0.0000E+00  0.0000E+00  0.0000E+00  0.0000E+00  0.0000E+00  0.0000E+00  0.0000E+00  0.0000E+00  0.0000E+00  0.0000E+00  0.0000E+00  0.0000E+00  0.0000E+00  0.0000E+00  0.0000E+00  0.0000E+00  0.0000E+00  0.0000E+00  0.0000E+00  0.0000E+00  0.0000E+00  0.0000E+00  0.0000E+00  0.0000E+00  0.0000E+00  0.0000E+00
  0.0000E+00  0.0000E+00  0.0000E+00  0.0000E+00  0.0000E+00  0.0000E+00  0.0000E+00  0.0000E+00  0.0000E+00  0.0000E+00  0.0000E+00  0.0000E+00  0.0000E+00  0.0000E+00  0.0000E+00  0.0000E+00  0.0000E+00  0.0000E+00  0.0000E+00  0.0000E+00  0.0000E+00  0.0000E+00  0.0000E+00  0.0000E+00  0.0000E+00  0.0000E+00  0.0000E+00  0.0000E+00  0.0000E+00  0.0000E+00  0.0000E+00  0.0000E+00  0.0000E+00  0.0000E+00  0.0000E+00  0.0000E+00  0.0000E+00  0.0000E+00  0.0000E+00  0.0000E+00  0.0000E+00  0.0000E+00  0.0000E+00  0.0000E+00  0.0000E+00  0.0000E+00  0.0000E+00  0.0000E+00  0.0000E+00  0.0000E+00  0.0000E+00  0.0000E+00  0.0000E+00  0.0000E+00  0.0000E+00  0.0000E+00  0.0000E+00  0.0000E+00  0.0000E+00  0.0000E+00  0.0000E+00  0.0000E+00  0.0000E+00  0.0000E+00  0.0000E+00  0.0000E+00  0.0000E+00  0.0000E+00  0.0000E+00  0.0000E+00
  0.0000E+00  0.0000E+00  0.0000E+00  0.0000E+00  0.0000E+00  0.0000E+00  0.0000E+00  0.0000E+00  0.0000E+00  0.0000E+00  0.0000E+00  0.0000E+00  0.0000E+00  0.0000E+00  0.0000E+00  0.0000E+00  0.0000E+00  0.0000E+00  0.0000E+00  0.0000E+00  0.0000E+00  0.0000E+00  0.0000E+00  0.0000E+00  0.0000E+00  0.0000E+00  0.0000E+00  0.0000E+00  0.0000E+00  0.0000E+00  0.0000E+00  0.0000E+00  0.0000E+00  0.0000E+00  0.0000E+00  0.0000E+00  0.0000E+00  0.0000E+00  0.0000E+00  0.0000E+00  0.0000E+00  0.0000E+00  0.0000E+00  0.0000E+00  0.0000E+00  0.0000E+00  0.0000E+00  0.0000E+00  0.0000E+00  0.0000E+00  0.0000E+00  0.0000E+00  0.0000E+00  0.0000E+00  0.0000E+00  0.0000E+00  0.0000E+00  0.0000E+00  0.0000E+00  0.0000E+00  0.0000E+00  0.0000E+00  0.0000E+00  0.0000E+00  0.0000E+00  0.0000E+00  0.0000E+00  0.0000E+00  0.0000E+00  0.0000E+00
  0.0000E+00  0.0000E+00  0.0000E+00  0.0000E+00  0.0000E+00  0.0000E+00  0.0000E+00  0.0000E+00  0.0000E+00  0.0000E+00  0.0000E+00  0.0000E+00  0.0000E+00  0.0000E+00  0.0000E+00  0.0000E+00  0.0000E+00  0.0000E+00  0.0000E+00  0.0000E+00  0.0000E+00  0.0000E+00  0.0000E+00  0.0000E+00  0.0000E+00  0.0000E+00  0.0000E+00  0.0000E+00  0.0000E+00  0.0000E+00  0.0000E+00  0.0000E+00  0.0000E+00  0.0000E+00  0.0000E+00  0.0000E+00  0.0000E+00  0.0000E+00  0.0000E+00  0.0000E+00  0.0000E+00  0.0000E+00  0.0000E+00  0.0000E+00  0.0000E+00  0.0000E+00  0.0000E+00  0.0000E+00  0.0000E+00  0.0000E+00  0.0000E+00  0.0000E+00  0.0000E+00  0.0000E+00  0.0000E+00  0.0000E+00  0.0000E+00  0.0000E+00  0.0000E+00  0.0000E+00  0.0000E+00  0.0000E+00  0.0000E+00  0.0000E+00  0.0000E+00  0.0000E+00  0.0000E+00  0.0000E+00  0.0000E+00  0.0000E+00
  0.0000E+00  0.0000E+00  0.0000E+00  0.0000E+00  0.0000E+00  0.0000E+00  0.0000E+00  0.0000E+00  0.0000E+00  0.0000E+00  0.0000E+00  0.0000E+00  0.0000E+00  0.0000E+00  0.0000E+00  0.0000E+00  0.0000E+00  0.0000E+00  0.0000E+00  0.0000E+00  0.0000E+00  0.0000E+00  0.0000E+00  0.0000E+00  0.0000E+00  0.0000E+00  0.0000E+00  0.0000E+00  0.0000E+00  0.0000E+00  0.0000E+00  0.0000E+00  0.0000E+00  0.0000E+00  0.0000E+00  0.0000E+00  0.0000E+00  0.0000E+00  0.0000E+00  0.0000E+00  0.0000E+00  0.0000E+00  0.0000E+00  0.0000E+00  0.0000E+00  0.0000E+00  0.0000E+00  0.0000E+00  0.0000E+00  0.0000E+00  0.0000E+00  0.0000E+00  0.0000E+00  0.0000E+00  0.0000E+00  0.0000E+00  0.0000E+00  0.0000E+00  0.0000E+00  0.0000E+00  0.0000E+00  0.0000E+00  0.0000E+00  0.0000E+00  0.0000E+00  0.0000E+00  0.0000E+00  0.0000E+00  0.0000E+00  0.0000E+00
  0.0000E+00  0.0000E+00  0.0000E+00  0.0000E+00  0.0000E+00  0.0000E+00  0.0000E+00  0.0000E+00  0.0000E+00  0.0000E+00  0.0000E+00  0.0000E+00  0.0000E+00  0.0000E+00  0.0000E+00  0.0000E+00  0.0000E+00  0.0000E+00  0.0000E+00  0.0000E+00  0.0000E+00  0.0000E+00  0.0000E+00  0.0000E+00  0.0000E+00  0.0000E+00  0.0000E+00  0.0000E+00  0.0000E+00  0.0000E+00  0.0000E+00  0.0000E+00  0.0000E+00  0.0000E+00  0.0000E+00  0.0000E+00  0.0000E+00  0.0000E+00  0.0000E+00  0.0000E+00  0.0000E+00  0.0000E+00  0.0000E+00  0.0000E+00  0.0000E+00  0.0000E+00  0.0000E+00  0.0000E+00  0.0000E+00  0.0000E+00  0.0000E+00  0.0000E+00  0.0000E+00  0.0000E+00  0.0000E+00  0.0000E+00  0.0000E+00  0.0000E+00  0.0000E+00  0.0000E+00  0.0000E+00  0.0000E+00  0.0000E+00  0.0000E+00  0.0000E+00  0.0000E+00  0.0000E+00  0.0000E+00  0.0000E+00  0.0000E+00
  0.0000E+00  0.0000E+00  0.0000E+00  0.0000E+00  0.0000E+00  0.0000E+00  0.0000E+00  0.0000E+00  0.0000E+00  0.0000E+00  0.0000E+00  0.0000E+00  0.0000E+00  0.0000E+00  0.0000E+00  0.0000E+00  0.0000E+00  0.0000E+00  0.0000E+00  0.0000E+00  0.0000E+00  0.0000E+00  0.0000E+00  0.0000E+00  0.0000E+00  0.0000E+00  0.0000E+00  0.0000E+00  0.0000E+00  0.0000E+00  0.0000E+00  0.0000E+00  0.0000E+00  0.0000E+00  0.0000E+00  0.0000E+00  0.0000E+00  0.0000E+00  0.0000E+00  0.0000E+00  0.0000E+00  0.0000E+00  0.0000E+00  0.0000E+00  0.0000E+00  0.0000E+00  0.0000E+00  0.0000E+00  0.0000E+00  0.0000E+00  0.0000E+00  0.0000E+00  0.0000E+00  0.0000E+00  0.0000E+00  0.0000E+00  0.0000E+00  0.0000E+00  0.0000E+00  0.0000E+00  0.0000E+00  0.0000E+00  0.0000E+00  0.0000E+00  0.0000E+00  0.0000E+00  0.0000E+00  0.0000E+00  0.0000E+00  0.0000E+00
  0.0000E+00  0.0000E+00  0.0000E+00  0.0000E+00  0.0000E+00  0.0000E+00  0.0000E+00  0.0000E+00  0.0000E+00  0.0000E+00  0.0000E+00  0.0000E+00  0.0000E+00  0.0000E+00  0.0000E+00  0.0000E+00  0.0000E+00  0.0000E+00  0.0000E+00  0.0000E+00  0.0000E+00  0.0000E+00  0.0000E+00  0.0000E+00  0.0000E+00  0.0000E+00  0.0000E+00  0.0000E+00  0.0000E+00  0.0000E+00  0.0000E+00  0.0000E+00  0.0000E+00  0.0000E+00  0.0000E+00  0.0000E+00  0.0000E+00  0.0000E+00  0.0000E+00  0.0000E+00  0.0000E+00  0.0000E+00  0.0000E+00  0.0000E+00  0.0000E+00  0.0000E+00  0.0000E+00  0.0000E+00  0.0000E+00  0.0000E+00  0.0000E+00  0.0000E+00  0.0000E+00  0.0000E+00  0.0000E+00  0.0000E+00  0.0000E+00  0.0000E+00  0.0000E+00  0.0000E+00  0.0000E+00  0.0000E+00  0.0000E+00  0.0000E+00  0.0000E+00  0.0000E+00  0.0000E+00  0.0000E+00  0.0000E+00  0.0000E+00
  0.0000E+00  0.0000E+00  0.0000E+00  0.0000E+00  0.0000E+00  0.0000E+00  0.0000E+00  0.0000E+00  0.0000E+00  0.0000E+00  0.0000E+00  0.0000E+00  0.0000E+00  0.0000E+00  0.0000E+00  0.0000E+00  0.0000E+00  0.0000E+00  0.0000E+00  0.0000E+00  0.0000E+00  0.0000E+00  0.0000E+00  0.0000E+00  0.0000E+00  0.0000E+00  0.0000E+00  0.0000E+00  0.0000E+00  0.0000E+00  0.0000E+00  0.0000E+00  0.0000E+00  0.0000E+00  0.0000E+00  0.0000E+00  0.0000E+00  0.0000E+00  0.0000E+00  0.0000E+00  0.0000E+00  0.0000E+00  0.0000E+00  0.0000E+00  0.0000E+00  0.0000E+00  0.0000E+00  0.0000E+00  0.0000E+00  0.0000E+00  0.0000E+00  0.0000E+00  0.0000E+00  0.0000E+00  0.0000E+00  0.0000E+00  0.0000E+00  0.0000E+00  0.0000E+00  0.0000E+00  0.0000E+00  0.0000E+00  0.0000E+00  0.0000E+00  0.0000E+00  0.0000E+00  0.0000E+00  0.0000E+00  0.0000E+00  0.0000E+00
  0.0000E+00  0.0000E+00  0.0000E+00  0.0000E+00  0.0000E+00  0.0000E+00  0.0000E+00  0.0000E+00  0.0000E+00  0.0000E+00  0.0000E+00  0.0000E+00  0.0000E+00  0.0000E+00  0.0000E+00  0.0000E+00  0.0000E+00  0.0000E+00  0.0000E+00  0.0000E+00  0.0000E+00  0.0000E+00  0.0000E+00  0.0000E+00  0.0000E+00  0.0000E+00  0.0000E+00  0.0000E+00  0.0000E+00  0.0000E+00  0.0000E+00  0.0000E+00  0.0000E+00  0.0000E+00  0.0000E+00  0.0000E+00  0.0000E+00  0.0000E+00  0.0000E+00  0.0000E+00  0.0000E+00  0.0000E+00  0.0000E+00  0.0000E+00  0.0000E+00  0.0000E+00  0.0000E+00  0.0000E+00  0.0000E+00  0.0000E+00  0.0000E+00  0.0000E+00  0.0000E+00  0.0000E+00  0.0000E+00  0.0000E+00  0.0000E+00  0.0000E+00  0.0000E+00  0.0000E+00  0.0000E+00  0.0000E+00  0.0000E+00  0.0000E+00  0.0000E+00  0.0000E+00  0.0000E+00  0.0000E+00  0.0000E+00  0.0000E+00
  0.0000E+00  0.0000E+00  0.0000E+00  0.0000E+00  0.0000E+00  0.0000E+00  0.0000E+00  0.0000E+00  0.0000E+00  0.0000E+00  0.0000E+00  0.0000E+00  0.0000E+00  0.0000E+00  0.0000E+00  0.0000E+00  0.0000E+00  0.0000E+00  0.0000E+00  0.0000E+00  0.0000E+00  0.0000E+00  0.0000E+00  0.0000E+00  0.0000E+00  0.0000E+00  0.0000E+00  0.0000E+00  0.0000E+00  0.0000E+00  0.0000E+00  0.0000E+00  0.0000E+00  0.0000E+00  0.0000E+00  0.0000E+00  0.0000E+00  0.0000E+00  0.0000E+00  0.0000E+00  0.0000E+00  0.0000E+00  0.0000E+00  0.0000E+00  0.0000E+00  0.0000E+00  0.0000E+00  0.0000E+00  0.0000E+00  0.0000E+00  0.0000E+00  0.0000E+00  0.0000E+00  0.0000E+00  0.0000E+00  0.0000E+00  0.0000E+00  0.0000E+00  0.0000E+00  0.0000E+00  0.0000E+00  0.0000E+00  0.0000E+00  0.0000E+00  0.0000E+00  0.0000E+00  0.0000E+00  0.0000E+00  0.0000E+00  0.0000E+00
  0.0000E+00  0.0000E+00  0.0000E+00  0.0000E+00  0.0000E+00  0.0000E+00  0.0000E+00  0.0000E+00  0.0000E+00  0.0000E+00  0.0000E+00  0.0000E+00  0.0000E+00  0.0000E+00  0.0000E+00  0.0000E+00  0.0000E+00  0.0000E+00  0.0000E+00  0.0000E+00  0.0000E+00  0.0000E+00  0.0000E+00  0.0000E+00  0.0000E+00  0.0000E+00  0.0000E+00  0.0000E+00  0.0000E+00  0.0000E+00  0.0000E+00  0.0000E+00  0.0000E+00  0.0000E+00  0.0000E+00  0.0000E+00  0.0000E+00  0.0000E+00  0.0000E+00  0.0000E+00  0.0000E+00  0.0000E+00  0.0000E+00  0.0000E+00  0.0000E+00  0.0000E+00  0.0000E+00  0.0000E+00  0.0000E+00  0.0000E+00  0.0000E+00  0.0000E+00  0.0000E+00  0.0000E+00  0.0000E+00  0.0000E+00  0.0000E+00  0.0000E+00  0.0000E+00  0.0000E+00  0.0000E+00  0.0000E+00  0.0000E+00  0.0000E+00  0.0000E+00  0.0000E+00  0.0000E+00  0.0000E+00  0.0000E+00  0.0000E+00
  0.0000E+00  0.0000E+00  0.0000E+00  0.0000E+00  0.0000E+00  0.0000E+00  0.0000E+00  0.0000E+00  0.0000E+00  0.0000E+00  0.0000E+00  0.0000E+00  0.0000E+00  0.0000E+00  0.0000E+00  0.0000E+00  0.0000E+00  0.0000E+00  0.0000E+00  0.0000E+00  0.0000E+00  0.0000E+00  0.0000E+00  0.0000E+00  0.0000E+00  0.0000E+00  0.0000E+00  0.0000E+00  0.0000E+00  0.0000E+00  0.0000E+00  0.0000E+00  0.0000E+00  0.0000E+00  0.0000E+00  0.0000E+00  0.0000E+00  0.0000E+00  0.0000E+00  0.0000E+00  0.0000E+00  0.0000E+00  0.0000E+00  0.0000E+00  0.0000E+00  0.0000E+00  0.0000E+00  0.0000E+00  0.0000E+00  0.0000E+00  0.0000E+00  0.0000E+00  0.0000E+00  0.0000E+00  0.0000E+00  0.0000E+00  0.0000E+00  0.0000E+00  0.0000E+00  0.0000E+00  0.0000E+00  0.0000E+00  0.0000E+00  0.0000E+00  0.0000E+00  0.0000E+00  0.0000E+00  0.0000E+00  0.0000E+00  0.0000E+00
  0.0000E+00  0.0000E+00  0.0000E+00  0.0000E+00  0.0000E+00  0.0000E+00  0.0000E+00  0.0000E+00  0.0000E+00  0.0000E+00  0.0000E+00  0.0000E+00  0.0000E+00  0.0000E+00  0.0000E+00  0.0000E+00  0.0000E+00  0.0000E+00  0.0000E+00  0.0000E+00  0.0000E+00  0.0000E+00  0.0000E+00  0.0000E+00  0.0000E+00  0.0000E+00  0.0000E+00  0.0000E+00  0.0000E+00  0.0000E+00  0.0000E+00  0.0000E+00  0.0000E+00  0.0000E+00  0.0000E+00  0.0000E+00  0.0000E+00  0.0000E+00  0.0000E+00  0.0000E+00  0.0000E+00  0.0000E+00  0.0000E+00  0.0000E+00  0.0000E+00  0.0000E+00  0.0000E+00  0.0000E+00  0.0000E+00  0.0000E+00  0.0000E+00  0.0000E+00  0.0000E+00  0.0000E+00  0.0000E+00  0.0000E+00  0.0000E+00  0.0000E+00  0.0000E+00  0.0000E+00  0.0000E+00  0.0000E+00  0.0000E+00  0.0000E+00  0.0000E+00  0.0000E+00  0.0000E+00  0.0000E+00  0.0000E+00  0.0000E+00
  0.0000E+00  0.0000E+00  0.0000E+00  0.0000E+00  0.0000E+00  0.0000E+00  0.0000E+00  0.0000E+00  0.0000E+00  0.0000E+00  0.0000E+00  0.0000E+00  0.0000E+00  0.0000E+00  0.0000E+00  0.0000E+00  0.0000E+00  0.0000E+00  0.0000E+00  0.0000E+00  0.0000E+00  0.0000E+00  0.0000E+00  0.0000E+00  0.0000E+00  0.0000E+00  0.0000E+00  0.0000E+00  0.0000E+00  0.0000E+00  0.0000E+00  0.0000E+00  0.0000E+00  0.0000E+00  0.0000E+00  0.0000E+00  0.0000E+00  0.0000E+00  0.0000E+00  0.0000E+00  0.0000E+00  0.0000E+00  0.0000E+00  0.0000E+00  0.0000E+00  0.0000E+00  0.0000E+00  0.0000E+00  0.0000E+00  0.0000E+00  0.0000E+00  0.0000E+00  0.0000E+00  0.0000E+00  0.0000E+00  0.0000E+00  0.0000E+00  0.0000E+00  0.0000E+00  0.0000E+00  0.0000E+00  0.0000E+00  0.0000E+00  0.0000E+00  0.0000E+00  0.0000E+00  0.0000E+00  0.0000E+00  0.0000E+00  0.0000E+00
  0.0000E+00  0.0000E+00  0.0000E+00  0.0000E+00  0.0000E+00  0.0000E+00  0.0000E+00  0.0000E+00  0.0000E+00  0.0000E+00  0.0000E+00  0.0000E+00  0.0000E+00  0.0000E+00  0.0000E+00  0.0000E+00  0.0000E+00  0.0000E+00  0.0000E+00  0.0000E+00  0.0000E+00  0.0000E+00  0.0000E+00  0.0000E+00  0.0000E+00  0.0000E+00  0.0000E+00  0.0000E+00  0.0000E+00  0.0000E+00  0.0000E+00  0.0000E+00  0.0000E+00  0.0000E+00  0.0000E+00  0.0000E+00  0.0000E+00  0.0000E+00  0.0000E+00  0.0000E+00  0.0000E+00  0.0000E+00  0.0000E+00  0.0000E+00  0.0000E+00  0.0000E+00  0.0000E+00  0.0000E+00  0.0000E+00  0.0000E+00  0.0000E+00  0.0000E+00  0.0000E+00  0.0000E+00  0.0000E+00  0.0000E+00  0.0000E+00  0.0000E+00  0.0000E+00  0.0000E+00  0.0000E+00  0.0000E+00  0.0000E+00  0.0000E+00  0.0000E+00  0.0000E+00  0.0000E+00  0.0000E+00  0.0000E+00  0.0000E+00
  0.0000E+00  0.0000E+00  0.0000E+00  0.0000E+00  0.0000E+00  0.0000E+00  0.0000E+00  0.0000E+00  0.0000E+00  0.0000E+00  0.0000E+00  0.0000E+00  0.0000E+00  0.0000E+00  0.0000E+00  0.0000E+00  0.0000E+00  0.0000E+00  0.0000E+00  0.0000E+00  0.0000E+00  0.0000E+00  0.0000E+00  0.0000E+00  0.0000E+00  0.0000E+00  0.0000E+00  0.0000E+00  0.0000E+00  0.0000E+00  0.0000E+00  0.0000E+00  0.0000E+00  0.0000E+00  0.0000E+00  0.0000E+00  0.0000E+00  0.0000E+00  0.0000E+00  0.0000E+00  0.0000E+00  0.0000E+00  0.0000E+00  0.0000E+00  0.0000E+00  0.0000E+00  0.0000E+00  0.0000E+00  0.0000E+00  0.0000E+00  0.0000E+00  0.0000E+00  0.0000E+00  0.0000E+00  0.0000E+00  0.0000E+00  0.0000E+00  0.0000E+00  0.0000E+00  0.0000E+00  0.0000E+00  0.0000E+00  0.0000E+00  0.0000E+00  0.0000E+00  0.0000E+00  0.0000E+00  0.0000E+00  0.0000E+00  0.0000E+00
  0.0000E+00  0.0000E+00  0.0000E+00  0.0000E+00  0.0000E+00  0.0000E+00  0.0000E+00  0.0000E+00  0.0000E+00  0.0000E+00  0.0000E+00  0.0000E+00  0.0000E+00  0.0000E+00  0.0000E+00  0.0000E+00  0.0000E+00  0.0000E+00  0.0000E+00  0.0000E+00  0.0000E+00  0.0000E+00  0.0000E+00  0.0000E+00  0.0000E+00  0.0000E+00  0.0000E+00  0.0000E+00  0.0000E+00  0.0000E+00  0.0000E+00  0.0000E+00  0.0000E+00  0.0000E+00  0.0000E+00  0.0000E+00  0.0000E+00  0.0000E+00  0.0000E+00  0.0000E+00  0.0000E+00  0.0000E+00  0.0000E+00  0.0000E+00  0.0000E+00  0.0000E+00  0.0000E+00  0.0000E+00  0.0000E+00  0.0000E+00  0.0000E+00  0.0000E+00  0.0000E+00  0.0000E+00  0.0000E+00  0.0000E+00  0.0000E+00  0.0000E+00  0.0000E+00  0.0000E+00  0.0000E+00  0.0000E+00  0.0000E+00  0.0000E+00  0.0000E+00  0.0000E+00  0.0000E+00  0.0000E+00  0.0000E+00  0.0000E+00
  0.0000E+00  0.0000E+00  0.0000E+00  0.0000E+00  0.0000E+00  0.0000E+00  0.0000E+00  0.0000E+00  0.0000E+00  0.0000E+00  0.0000E+00  0.0000E+00  0.0000E+00  0.0000E+00  0.0000E+00  0.0000E+00  0.0000E+00  0.0000E+00  0.0000E+00  0.0000E+00  0.0000E+00  0.0000E+00  0.0000E+00  0.0000E+00  0.0000E+00  0.0000E+00  0.0000E+00  0.0000E+00  0.0000E+00  0.0000E+00  0.0000E+00  0.0000E+00  0.0000E+00  0.0000E+00  0.0000E+00  0.0000E+00  0.0000E+00  0.0000E+00  0.0000E+00  0.0000E+00  0.0000E+00  0.0000E+00  0.0000E+00  0.0000E+00  0.0000E+00  0.0000E+00  0.0000E+00  0.0000E+00  0.0000E+00  0.0000E+00  0.0000E+00  0.0000E+00  0.0000E+00  0.0000E+00  0.0000E+00  0.0000E+00  0.0000E+00  0.0000E+00  0.0000E+00  0.0000E+00  0.0000E+00  0.0000E+00  0.0000E+00  0.0000E+00  0.0000E+00  0.0000E+00  0.0000E+00  0.0000E+00  0.0000E+00  0.0000E+00
  0.0000E+00  0.0000E+00  0.0000E+00  0.0000E+00  0.0000E+00  0.0000E+00  0.0000E+00  0.0000E+00  0.0000E+00  0.0000E+00  0.0000E+00  0.0000E+00  0.0000E+00  0.0000E+00  0.0000E+00  0.0000E+00  0.0000E+00  0.0000E+00  0.0000E+00  0.0000E+00  0.0000E+00  0.0000E+00  0.0000E+00  0.0000E+00  0.0000E+00  0.0000E+00  0.0000E+00  0.0000E+00  0.0000E+00  0.0000E+00  0.0000E+00  0.0000E+00  0.0000E+00  0.0000E+00  0.0000E+00  0.0000E+00  0.0000E+00  0.0000E+00  0.0000E+00  0.0000E+00  0.0000E+00  0.0000E+00  0.0000E+00  0.0000E+00  0.0000E+00  0.0000E+00  0.0000E+00  0.0000E+00  0.0000E+00  0.0000E+00  0.0000E+00  0.0000E+00  0.0000E+00  0.0000E+00  0.0000E+00  0.0000E+00  0.0000E+00  0.0000E+00  0.0000E+00  0.0000E+00  0.0000E+00  0.0000E+00  0.0000E+00  0.0000E+00  0.0000E+00  0.0000E+00  0.0000E+00  0.0000E+00  0.0000E+00  0.0000E+00
  0.0000E+00  0.0000E+00  0.0000E+00  0.0000E+00  0.0000E+00  0.0000E+00  0.0000E+00  0.0000E+00  0.0000E+00  0.0000E+00  0.0000E+00  0.0000E+00  0.0000E+00  0.0000E+00  0.0000E+00  0.0000E+00  0.0000E+00  0.0000E+00  0.0000E+00  0.0000E+00  0.0000E+00  0.0000E+00  0.0000E+00  0.0000E+00  0.0000E+00  0.0000E+00  0.0000E+00  0.0000E+00  0.0000E+00  0.0000E+00  0.0000E+00  0.0000E+00  0.0000E+00  0.0000E+00  0.0000E+00  0.0000E+00  0.0000E+00  0.0000E+00  0.0000E+00  0.0000E+00  0.0000E+00  0.0000E+00  0.0000E+00  0.0000E+00  0.0000E+00  0.0000E+00  0.0000E+00  0.0000E+00  0.0000E+00  0.0000E+00  0.0000E+00  0.0000E+00  0.0000E+00  0.0000E+00  0.0000E+00  0.0000E+00  0.0000E+00  0.0000E+00  0.0000E+00  0.0000E+00  0.0000E+00  0.0000E+00  0.0000E+00  0.0000E+00  0.0000E+00  0.0000E+00  0.0000E+00  0.0000E+00  0.0000E+00  0.0000E+00
  0.0000E+00  0.0000E+00  0.0000E+00  0.0000E+00  0.0000E+00  0.0000E+00  0.0000E+00  0.0000E+00  0.0000E+00  0.0000E+00  0.0000E+00  0.0000E+00  0.0000E+00  0.0000E+00  0.0000E+00  0.0000E+00  0.0000E+00  0.0000E+00  0.0000E+00  0.0000E+00  0.0000E+00  0.0000E+00  0.0000E+00  0.0000E+00  0.0000E+00  0.0000E+00  0.0000E+00  0.0000E+00  0.0000E+00  0.0000E+00  0.0000E+00  0.0000E+00  0.0000E+00  0.0000E+00  0.0000E+00  0.0000E+00  0.0000E+00  0.0000E+00  0.0000E+00  0.0000E+00  0.0000E+00  0.0000E+00  0.0000E+00  0.0000E+00  0.0000E+00  0.0000E+00  0.0000E+00  0.0000E+00  0.0000E+00  0.0000E+00  0.0000E+00  0.0000E+00  0.0000E+00  0.0000E+00  0.0000E+00  0.0000E+00  0.0000E+00  0.0000E+00  0.0000E+00  0.0000E+00  0.0000E+00  0.0000E+00  0.0000E+00  0.0000E+00  0.0000E+00  0.0000E+00  0.0000E+00  0.0000E+00  0.0000E+00  0.0000E+00
  0.0000E+00  0.0000E+00  0.0000E+00  0.0000E+00  0.0000E+00  0.0000E+00  0.0000E+00  0.0000E+00  0.0000E+00  0.0000E+00  0.0000E+00  0.0000E+00  0.0000E+00  0.0000E+00  0.0000E+00  0.0000E+00  0.0000E+00  0.0000E+00  0.0000E+00  0.0000E+00  0.0000E+00  0.0000E+00  0.0000E+00  0.0000E+00  0.0000E+00  0.0000E+00  0.0000E+00  0.0000E+00  0.0000E+00  0.0000E+00  0.0000E+00  0.0000E+00  0.0000E+00  0.0000E+00  0.0000E+00  0.0000E+00  0.0000E+00  0.0000E+00  0.0000E+00  0.0000E+00  0.0000E+00  0.0000E+00  0.0000E+00  0.0000E+00  0.0000E+00  0.0000E+00  0.0000E+00  0.0000E+00  0.0000E+00  0.0000E+00  0.0000E+00  0.0000E+00  0.0000E+00  0.0000E+00  0.0000E+00  0.0000E+00  0.0000E+00  0.0000E+00  0.0000E+00  0.0000E+00  0.0000E+00  0.0000E+00  0.0000E+00  0.0000E+00  0.0000E+00  0.0000E+00  0.0000E+00  0.0000E+00  0.0000E+00  0.0000E+00
  0.0000E+00  0.0000E+00  0.0000E+00  0.0000E+00  0.0000E+00  0.0000E+00  0.0000E+00  0.0000E+00  0.0000E+00  0.0000E+00  0.0000E+00  0.0000E+00  0.0000E+00  0.0000E+00  0.0000E+00  0.0000E+00  0.0000E+00  0.0000E+00  0.0000E+00  0.0000E+00  0.0000E+00  0.0000E+00  0.0000E+00  0.0000E+00  0.0000E+00  0.0000E+00  0.0000E+00  0.0000E+00  0.0000E+00  0.0000E+00  0.0000E+00  0.0000E+00  0.0000E+00  0.0000E+00  0.0000E+00  0.0000E+00  0.0000E+00  0.0000E+00  0.0000E+00  0.0000E+00  0.0000E+00  0.0000E+00  0.0000E+00  0.0000E+00  0.0000E+00  0.0000E+00  0.0000E+00  0.0000E+00  0.0000E+00  0.0000E+00  0.0000E+00  0.0000E+00  0.0000E+00  0.0000E+00  0.0000E+00  0.0000E+00  0.0000E+00  0.0000E+00  0.0000E+00  0.0000E+00  0.0000E+00  0.0000E+00  0.0000E+00  0.0000E+00  0.0000E+00  0.0000E+00  0.0000E+00  0.0000E+00  0.0000E+00  0.0000E+00
  0.0000E+00  0.0000E+00  0.0000E+00  0.0000E+00  0.0000E+00  0.0000E+00  0.0000E+00  0.0000E+00  0.0000E+00  0.0000E+00  0.0000E+00  0.0000E+00  0.0000E+00  0.0000E+00  0.0000E+00  0.0000E+00  0.0000E+00  0.0000E+00  0.0000E+00  0.0000E+00  0.0000E+00  0.0000E+00  0.0000E+00  0.0000E+00  0.0000E+00  0.0000E+00  0.0000E+00  0.0000E+00  0.0000E+00  0.0000E+00  0.0000E+00  0.0000E+00  0.0000E+00  0.0000E+00  0.0000E+00  0.0000E+00  0.0000E+00  0.0000E+00  0.0000E+00  0.0000E+00  0.0000E+00  0.0000E+00  0.0000E+00  0.0000E+00  0.0000E+00  0.0000E+00  0.0000E+00  0.0000E+00  0.0000E+00  0.0000E+00  0.0000E+00  0.0000E+00  0.0000E+00  0.0000E+00  0.0000E+00  0.0000E+00  0.0000E+00  0.0000E+00  0.0000E+00  0.0000E+00  0.0000E+00  0.0000E+00  0.0000E+00  0.0000E+00  0.0000E+00  0.0000E+00  0.0000E+00  0.0000E+00  0.0000E+00  0.0000E+00
  0.0000E+00  0.0000E+00  0.0000E+00  0.0000E+00  0.0000E+00  0.0000E+00  0.0000E+00  0.0000E+00  0.0000E+00  0.0000E+00  0.0000E+00  0.0000E+00  0.0000E+00  0.0000E+00  0.0000E+00  0.0000E+00  0.0000E+00  0.0000E+00  0.0000E+00  0.0000E+00  0.0000E+00  0.0000E+00  0.0000E+00  0.0000E+00  0.0000E+00  0.0000E+00  0.0000E+00  0.0000E+00  0.0000E+00  0.0000E+00  0.0000E+00  0.0000E+00  0.0000E+00  0.0000E+00  0.0000E+00  0.0000E+00  0.0000E+00  0.0000E+00  0.0000E+00  0.0000E+00  0.0000E+00  0.0000E+00  0.0000E+00  0.0000E+00  0.0000E+00  0.0000E+00  0.0000E+00  0.0000E+00  0.0000E+00  0.0000E+00  0.0000E+00  0.0000E+00  0.0000E+00  0.0000E+00  0.0000E+00  0.0000E+00  0.0000E+00  0.0000E+00  0.0000E+00  0.0000E+00  0.0000E+00  0.0000E+00  0.0000E+00  0.0000E+00  0.0000E+00  0.0000E+00  0.0000E+00  0.0000E+00  0.0000E+00  0.0000E+00
  0.0000E+00  0.0000E+00  0.0000E+00  0.0000E+00  0.0000E+00  0.0000E+00  0.0000E+00  0.0000E+00  0.0000E+00  0.0000E+00  0.0000E+00  0.0000E+00  0.0000E+00  0.0000E+00  0.0000E+00  0.0000E+00  0.0000E+00  0.0000E+00  0.0000E+00  0.0000E+00  0.0000E+00  0.0000E+00  0.0000E+00  0.0000E+00  0.0000E+00  0.0000E+00  0.0000E+00  0.0000E+00  0.0000E+00  0.0000E+00  0.0000E+00  0.0000E+00  0.0000E+00  0.0000E+00  0.0000E+00  0.0000E+00  0.0000E+00  0.0000E+00  0.0000E+00  0.0000E+00  0.0000E+00  0.0000E+00  0.0000E+00  0.0000E+00  0.0000E+00  0.0000E+00  0.0000E+00  0.0000E+00  0.0000E+00  0.0000E+00  0.0000E+00  0.0000E+00  0.0000E+00  0.0000E+00  0.0000E+00  0.0000E+00  0.0000E+00  0.0000E+00  0.0000E+00  0.0000E+00  0.0000E+00  0.0000E+00  0.0000E+00  0.0000E+00  0.0000E+00  0.0000E+00  0.0000E+00  0.0000E+00  0.0000E+00  0.0000E+00
  0.0000E+00  0.0000E+00  0.0000E+00  0.0000E+00  0.0000E+00  0.0000E+00  0.0000E+00  0.0000E+00  0.0000E+00  0.0000E+00  0.0000E+00  0.0000E+00  0.0000E+00  0.0000E+00  0.0000E+00  0.0000E+00  0.0000E+00  0.0000E+00  0.0000E+00  0.0000E+00  0.0000E+00  0.0000E+00  0.0000E+00  0.0000E+00  0.0000E+00  0.0000E+00  0.0000E+00  0.0000E+00  0.0000E+00  0.0000E+00  0.0000E+00  0.0000E+00  0.0000E+00  0.0000E+00  0.0000E+00  0.0000E+00  0.0000E+00  0.0000E+00  0.0000E+00  0.0000E+00  0.0000E+00  0.0000E+00  0.0000E+00  0.0000E+00  0.0000E+00  0.0000E+00  0.0000E+00  0.0000E+00  0.0000E+00  0.0000E+00  0.0000E+00  0.0000E+00  0.0000E+00  0.0000E+00  0.0000E+00  0.0000E+00  0.0000E+00  0.0000E+00  0.0000E+00  0.0000E+00  0.0000E+00  0.0000E+00  0.0000E+00  0.0000E+00  0.0000E+00  0.0000E+00  0.0000E+00  0.0000E+00  0.0000E+00  0.0000E+00
  0.0000E+00  0.0000E+00  0.0000E+00  0.0000E+00  0.0000E+00  0.0000E+00  0.0000E+00  0.0000E+00  0.0000E+00  0.0000E+00  0.0000E+00  0.0000E+00  0.0000E+00  0.0000E+00  0.0000E+00  0.0000E+00  0.0000E+00  0.0000E+00  0.0000E+00  0.0000E+00  0.0000E+00  0.0000E+00  0.0000E+00  0.0000E+00  0.0000E+00  0.0000E+00  0.0000E+00  0.0000E+00  0.0000E+00  0.0000E+00  0.0000E+00  0.0000E+00  0.0000E+00  0.0000E+00  0.0000E+00  0.0000E+00  0.0000E+00  0.0000E+00  0.0000E+00  0.0000E+00  0.0000E+00  0.0000E+00  0.0000E+00  0.0000E+00  0.0000E+00  0.0000E+00  0.0000E+00  0.0000E+00  0.0000E+00  0.0000E+00  0.0000E+00  0.0000E+00  0.0000E+00  0.0000E+00  0.0000E+00  0.0000E+00  0.0000E+00  0.0000E+00  0.0000E+00  0.0000E+00  0.0000E+00  0.0000E+00  0.0000E+00  0.0000E+00  0.0000E+00  0.0000E+00  0.0000E+00  0.0000E+00  0.0000E+00  0.0000E+00
  0.0000E+00  0.0000E+00  0.0000E+00  0.0000E+00  0.0000E+00  0.0000E+00  0.0000E+00  0.0000E+00  0.0000E+00  0.0000E+00  0.0000E+00  0.0000E+00  0.0000E+00  0.0000E+00  0.0000E+00  0.0000E+00  0.0000E+00  0.0000E+00  0.0000E+00  0.0000E+00  0.0000E+00  0.0000E+00  0.0000E+00  0.0000E+00  0.0000E+00  0.0000E+00  0.0000E+00  0.0000E+00  0.0000E+00  0.0000E+00  0.0000E+00  0.0000E+00  0.0000E+00  0.0000E+00  0.0000E+00  0.0000E+00  0.0000E+00  0.0000E+00  0.0000E+00  0.0000E+00  0.0000E+00  0.0000E+00  0.0000E+00  0.0000E+00  0.0000E+00  0.0000E+00  0.0000E+00  0.0000E+00  0.0000E+00  0.0000E+00  0.0000E+00  0.0000E+00  0.0000E+00  0.0000E+00  0.0000E+00  0.0000E+00  0.0000E+00  0.0000E+00  0.0000E+00  0.0000E+00  0.0000E+00  0.0000E+00  0.0000E+00  0.0000E+00  0.0000E+00  0.0000E+00  0.0000E+00  0.0000E+00  0.0000E+00  0.0000E+00
  0.0000E+00  0.0000E+00  0.0000E+00  0.0000E+00  0.0000E+00  0.0000E+00  0.0000E+00  0.0000E+00  0.0000E+00  0.0000E+00  0.0000E+00  0.0000E+00  0.0000E+00  0.0000E+00  0.0000E+00  0.0000E+00  0.0000E+00  0.0000E+00  0.0000E+00  0.0000E+00  0.0000E+00  0.0000E+00  0.0000E+00  0.0000E+00  0.0000E+00  0.0000E+00  0.0000E+00  0.0000E+00  0.0000E+00  0.0000E+00  0.0000E+00  0.0000E+00  0.0000E+00  0.0000E+00  0.0000E+00  0.0000E+00  0.0000E+00  0.0000E+00  0.0000E+00  0.0000E+00  0.0000E+00  0.0000E+00  0.0000E+00  0.0000E+00  0.0000E+00  0.0000E+00  0.0000E+00  0.0000E+00  0.0000E+00  0.0000E+00  0.0000E+00  0.0000E+00  0.0000E+00  0.0000E+00  0.0000E+00  0.0000E+00  0.0000E+00  0.0000E+00  0.0000E+00  0.0000E+00  0.0000E+00  0.0000E+00  0.0000E+00  0.0000E+00  0.0000E+00  0.0000E+00  0.0000E+00  0.0000E+00  0.0000E+00  0.0000E+00
  0.0000E+00  0.0000E+00  0.0000E+00  0.0000E+00  0.0000E+00  0.0000E+00  0.0000E+00  0.0000E+00  0.0000E+00  0.0000E+00  0.0000E+00  0.0000E+00  0.0000E+00  0.0000E+00  0.0000E+00  0.0000E+00  0.0000E+00  0.0000E+00  0.0000E+00  0.0000E+00  0.0000E+00  0.0000E+00  0.0000E+00  0.0000E+00  0.0000E+00  0.0000E+00  0.0000E+00  0.0000E+00  0.0000E+00  0.0000E+00  0.0000E+00  0.0000E+00  0.0000E+00  0.0000E+00  0.0000E+00  0.0000E+00  0.0000E+00  0.0000E+00  0.0000E+00  0.0000E+00  0.0000E+00  0.0000E+00  0.0000E+00  0.0000E+00  0.0000E+00  0.0000E+00  0.0000E+00  0.0000E+00  0.0000E+00  0.0000E+00  0.0000E+00  0.0000E+00  0.0000E+00  0.0000E+00  0.0000E+00  0.0000E+00  0.0000E+00  0.0000E+00  0.0000E+00  0.0000E+00  0.0000E+00  0.0000E+00  0.0000E+00  0.0000E+00  0.0000E+00  0.0000E+00  0.0000E+00  0.0000E+00  0.0000E+00  0.0000E+00
  0.0000E+00  0.0000E+00  0.0000E+00  0.0000E+00  0.0000E+00  0.0000E+00  0.0000E+00  0.0000E+00  0.0000E+00  0.0000E+00  0.0000E+00  0.0000E+00  0.0000E+00  0.0000E+00  0.0000E+00  0.0000E+00  0.0000E+00  0.0000E+00  0.0000E+00  0.0000E+00  0.0000E+00  0.0000E+00  0.0000E+00  0.0000E+00  0.0000E+00  0.0000E+00  0.0000E+00  0.0000E+00  0.0000E+00  0.0000E+00  0.0000E+00  0.0000E+00  0.0000E+00  0.0000E+00  0.0000E+00  0.0000E+00  0.0000E+00  0.0000E+00  0.0000E+00  0.0000E+00  0.0000E+00  0.0000E+00  0.0000E+00  0.0000E+00  0.0000E+00  0.0000E+00  0.0000E+00  0.0000E+00  0.0000E+00  0.0000E+00  0.0000E+00  0.0000E+00  0.0000E+00  0.0000E+00  0.0000E+00  0.0000E+00  0.0000E+00  0.0000E+00  0.0000E+00  0.0000E+00  0.0000E+00  0.0000E+00  0.0000E+00  0.0000E+00  0.0000E+00  0.0000E+00  0.0000E+00  0.0000E+00  0.0000E+00  0.0000E+00
  0.0000E+00  0.0000E+00  0.0000E+00  0.0000E+00  0.0000E+00  0.0000E+00  0.0000E+00  0.0000E+00  0.0000E+00  0.0000E+00  0.0000E+00  0.0000E+00  0.0000E+00  0.0000E+00  0.0000E+00  0.0000E+00  0.0000E+00  0.0000E+00  0.0000E+00  0.0000E+00  0.0000E+00  0.0000E+00  0.0000E+00  0.0000E+00  0.0000E+00  0.0000E+00  0.0000E+00  0.0000E+00  0.0000E+00  0.0000E+00  0.0000E+00  0.0000E+00  0.0000E+00  0.0000E+00  0.0000E+00  0.0000E+00  0.0000E+00  0.0000E+00  0.0000E+00  0.0000E+00  0.0000E+00  0.0000E+00  0.0000E+00  0.0000E+00  0.0000E+00  0.0000E+00  0.0000E+00  0.0000E+00  0.0000E+00  0.0000E+00  0.0000E+00  0.0000E+00  0.0000E+00  0.0000E+00  0.0000E+00  0.0000E+00  0.0000E+00  0.0000E+00  0.0000E+00  0.0000E+00  0.0000E+00  0.0000E+00  0.0000E+00  0.0000E+00  0.0000E+00  0.0000E+00  0.0000E+00  0.0000E+00  0.0000E+00  0.0000E+00
  0.0000E+00  0.0000E+00  0.0000E+00  0.0000E+00  0.0000E+00  0.0000E+00  0.0000E+00  0.0000E+00  0.0000E+00  0.0000E+00  0.0000E+00  0.0000E+00  0.0000E+00  0.0000E+00  0.0000E+00  0.0000E+00  0.0000E+00  0.0000E+00  0.0000E+00  0.0000E+00  0.0000E+00  0.0000E+00  0.0000E+00  0.0000E+00  0.0000E+00  0.0000E+00  0.0000E+00  0.0000E+00  0.0000E+00  0.0000E+00  0.0000E+00  0.0000E+00  0.0000E+00  0.0000E+00  0.0000E+00  0.0000E+00  0.0000E+00  0.0000E+00  0.0000E+00  0.0000E+00  0.0000E+00  0.0000E+00  0.0000E+00  0.0000E+00  0.0000E+00  0.0000E+00  0.0000E+00  0.0000E+00  0.0000E+00  0.0000E+00  0.0000E+00  0.0000E+00  0.0000E+00  0.0000E+00  0.0000E+00  0.0000E+00  0.0000E+00  0.0000E+00  0.0000E+00  0.0000E+00  0.0000E+00  0.0000E+00  0.0000E+00  0.0000E+00  0.0000E+00  0.0000E+00  0.0000E+00  0.0000E+00  0.0000E+00  0.0000E+00
  0.0000E+00  0.0000E+00  0.0000E+00  0.0000E+00  0.0000E+00  0.0000E+00  0.0000E+00  0.0000E+00  0.0000E+00  0.0000E+00  0.0000E+00  0.0000E+00  0.0000E+00  0.0000E+00  0.0000E+00  0.0000E+00  0.0000E+00  0.0000E+00  0.0000E+00  0.0000E+00  0.0000E+00  0.0000E+00  0.0000E+00  0.0000E+00  0.0000E+00  0.0000E+00  0.0000E+00  0.0000E+00  0.0000E+00  0.0000E+00  0.0000E+00  0.0000E+00  0.0000E+00  0.0000E+00  0.0000E+00  0.0000E+00  0.0000E+00  0.0000E+00  0.0000E+00  0.0000E+00  0.0000E+00  0.0000E+00  0.0000E+00  0.0000E+00  0.0000E+00  0.0000E+00  0.0000E+00  0.0000E+00  0.0000E+00  0.0000E+00  0.0000E+00  0.0000E+00  0.0000E+00  0.0000E+00  0.0000E+00  0.0000E+00  0.0000E+00  0.0000E+00  0.0000E+00  0.0000E+00  0.0000E+00  0.0000E+00  0.0000E+00  0.0000E+00  0.0000E+00  0.0000E+00  0.0000E+00  0.0000E+00  0.0000E+00  0.0000E+00
  0.0000E+00  0.0000E+00  0.0000E+00  0.0000E+00  0.0000E+00  0.0000E+00  0.0000E+00  0.0000E+00  0.0000E+00  0.0000E+00  0.0000E+00  0.0000E+00  0.0000E+00  0.0000E+00  0.0000E+00  0.0000E+00  0.0000E+00  0.0000E+00  0.0000E+00  0.0000E+00  0.0000E+00  0.0000E+00  0.0000E+00  0.0000E+00  0.0000E+00  0.0000E+00  0.0000E+00  0.0000E+00  0.0000E+00  0.0000E+00  0.0000E+00  0.0000E+00  0.0000E+00  0.0000E+00  0.0000E+00  0.0000E+00  0.0000E+00  0.0000E+00  0.0000E+00  0.0000E+00  0.0000E+00  0.0000E+00  0.0000E+00  0.0000E+00  0.0000E+00  0.0000E+00  0.0000E+00  0.0000E+00  0.0000E+00  0.0000E+00  0.0000E+00  0.0000E+00  0.0000E+00  0.0000E+00  0.0000E+00  0.0000E+00  0.0000E+00  0.0000E+00  0.0000E+00  0.0000E+00  0.0000E+00  0.0000E+00  0.0000E+00  0.0000E+00  0.0000E+00  0.0000E+00  0.0000E+00  0.0000E+00  0.0000E+00  0.0000E+00
  0.0000E+00  0.0000E+00  0.0000E+00  0.0000E+00  0.0000E+00  0.0000E+00  0.0000E+00  0.0000E+00  0.0000E+00  0.0000E+00  0.0000E+00  0.0000E+00  0.0000E+00  0.0000E+00  0.0000E+00  0.0000E+00  0.0000E+00  0.0000E+00  0.0000E+00  0.0000E+00  0.0000E+00  0.0000E+00  0.0000E+00  0.0000E+00  0.0000E+00  0.0000E+00  0.0000E+00  0.0000E+00  0.0000E+00  0.0000E+00  0.0000E+00  0.0000E+00  0.0000E+00  0.0000E+00  0.0000E+00  0.0000E+00  0.0000E+00  0.0000E+00  0.0000E+00  0.0000E+00  0.0000E+00  0.0000E+00  0.0000E+00  0.0000E+00  0.0000E+00  0.0000E+00  0.0000E+00  0.0000E+00  0.0000E+00  0.0000E+00  0.0000E+00  0.0000E+00  0.0000E+00  0.0000E+00  0.0000E+00  0.0000E+00  0.0000E+00  0.0000E+00  0.0000E+00  0.0000E+00  0.0000E+00  0.0000E+00  0.0000E+00  0.0000E+00  0.0000E+00  0.0000E+00  0.0000E+00  0.0000E+00  0.0000E+00  0.0000E+00
  0.0000E+00  0.0000E+00  0.0000E+00  0.0000E+00  0.0000E+00  0.0000E+00  0.0000E+00  0.0000E+00  0.0000E+00  0.0000E+00  0.0000E+00  0.0000E+00  0.0000E+00  0.0000E+00  0.0000E+00  0.0000E+00  0.0000E+00  0.0000E+00  0.0000E+00  0.0000E+00  0.0000E+00  0.0000E+00  0.0000E+00  0.0000E+00  0.0000E+00  0.0000E+00  0.0000E+00  0.0000E+00  0.0000E+00  0.0000E+00  0.0000E+00  0.0000E+00  0.0000E+00  0.0000E+00  0.0000E+00  0.0000E+00  0.0000E+00  0.0000E+00  0.0000E+00  0.0000E+00  0.0000E+00  0.0000E+00  0.0000E+00  0.0000E+00  0.0000E+00  0.0000E+00  0.0000E+00  0.0000E+00  0.0000E+00  0.0000E+00  0.0000E+00  0.0000E+00  0.0000E+00  0.0000E+00  0.0000E+00  0.0000E+00  0.0000E+00  0.0000E+00  0.0000E+00  0.0000E+00  0.0000E+00  0.0000E+00  0.0000E+00  0.0000E+00  0.0000E+00  0.0000E+00  0.0000E+00  0.0000E+00  0.0000E+00  0.0000E+00
  0.0000E+00  0.0000E+00  0.0000E+00  0.0000E+00  0.0000E+00  0.0000E+00  0.0000E+00  0.0000E+00  0.0000E+00  0.0000E+00  0.0000E+00  0.0000E+00  0.0000E+00  0.0000E+00  0.0000E+00  0.0000E+00  0.0000E+00  0.0000E+00  0.0000E+00  0.0000E+00  0.0000E+00  0.0000E+00  0.0000E+00  0.0000E+00  0.0000E+00  0.0000E+00  0.0000E+00  0.0000E+00  0.0000E+00  0.0000E+00  0.0000E+00  0.0000E+00  0.0000E+00  0.0000E+00  0.0000E+00  0.0000E+00  0.0000E+00  0.0000E+00  0.0000E+00  0.0000E+00  0.0000E+00  0.0000E+00  0.0000E+00  0.0000E+00  0.0000E+00  0.0000E+00  0.0000E+00  0.0000E+00  0.0000E+00  0.0000E+00  0.0000E+00  0.0000E+00  0.0000E+00  0.0000E+00  0.0000E+00  0.0000E+00  0.0000E+00  0.0000E+00  0.0000E+00  0.0000E+00  0.0000E+00  0.0000E+00  0.0000E+00  0.0000E+00  0.0000E+00  0.0000E+00  0.0000E+00  0.0000E+00  0.0000E+00  0.0000E+00
  0.0000E+00  0.0000E+00  0.0000E+00  0.0000E+00  0.0000E+00  0.0000E+00  0.0000E+00  0.0000E+00  0.0000E+00  0.0000E+00  0.0000E+00  0.0000E+00  0.0000E+00  0.0000E+00  0.0000E+00  0.0000E+00  0.0000E+00  0.0000E+00  0.0000E+00  0.0000E+00  0.0000E+00  0.0000E+00  0.0000E+00  0.0000E+00  0.0000E+00  0.0000E+00  0.0000E+00  0.0000E+00  0.0000E+00  0.0000E+00  0.0000E+00  0.0000E+00  0.0000E+00  0.0000E+00  0.0000E+00  0.0000E+00  0.0000E+00  0.0000E+00  0.0000E+00  0.0000E+00  0.0000E+00  0.0000E+00  0.0000E+00  0.0000E+00  0.0000E+00  0.0000E+00  0.0000E+00  0.0000E+00  0.0000E+00  0.0000E+00  0.0000E+00  0.0000E+00  0.0000E+00  0.0000E+00  0.0000E+00  0.0000E+00  0.0000E+00  0.0000E+00  0.0000E+00  0.0000E+00  0.0000E+00  0.0000E+00  0.0000E+00  0.0000E+00  0.0000E+00  0.0000E+00  0.0000E+00  0.0000E+00  0.0000E+00  0.0000E+00
  0.0000E+00  0.0000E+00  0.0000E+00  0.0000E+00  0.0000E+00  0.0000E+00  0.0000E+00  0.0000E+00  0.0000E+00  0.0000E+00  0.0000E+00  0.0000E+00  0.0000E+00  0.0000E+00  0.0000E+00  0.0000E+00  0.0000E+00  0.0000E+00  0.0000E+00  0.0000E+00  0.0000E+00  0.0000E+00  0.0000E+00  0.0000E+00  0.0000E+00  0.0000E+00  0.0000E+00  0.0000E+00  0.0000E+00  0.0000E+00  0.0000E+00  0.0000E+00  0.0000E+00  0.0000E+00  0.0000E+00  0.0000E+00  0.0000E+00  0.0000E+00  0.0000E+00  0.0000E+00  0.0000E+00  0.0000E+00  0.0000E+00  0.0000E+00  0.0000E+00  0.0000E+00  0.0000E+00  0.0000E+00  0.0000E+00  0.0000E+00  0.0000E+00  0.0000E+00  0.0000E+00  0.0000E+00  0.0000E+00  0.0000E+00  0.0000E+00  0.0000E+00  0.0000E+00  0.0000E+00  0.0000E+00  0.0000E+00  0.0000E+00  0.0000E+00  0.0000E+00  0.0000E+00  0.0000E+00  0.0000E+00  0.0000E+00  0.0000E+00
  0.0000E+00  0.0000E+00  0.0000E+00  0.0000E+00  0.0000E+00  0.0000E+00  0.0000E+00  0.0000E+00  0.0000E+00  0.0000E+00  0.0000E+00  0.0000E+00  0.0000E+00  0.0000E+00  0.0000E+00  0.0000E+00  0.0000E+00  0.0000E+00  0.0000E+00  0.0000E+00  0.0000E+00  0.0000E+00  0.0000E+00  0.0000E+00  0.0000E+00  0.0000E+00  0.0000E+00  0.0000E+00  0.0000E+00  0.0000E+00  0.0000E+00  0.0000E+00  0.0000E+00  0.0000E+00  0.0000E+00  0.0000E+00  0.0000E+00  0.0000E+00  0.0000E+00  0.0000E+00  0.0000E+00  0.0000E+00  0.0000E+00  0.0000E+00  0.0000E+00  0.0000E+00  0.0000E+00  0.0000E+00  0.0000E+00  0.0000E+00  0.0000E+00  0.0000E+00  0.0000E+00  0.0000E+00  0.0000E+00  0.0000E+00  0.0000E+00  0.0000E+00  0.0000E+00  0.0000E+00  0.0000E+00  0.0000E+00  0.0000E+00  0.0000E+00  0.0000E+00  0.0000E+00  0.0000E+00  0.0000E+00  0.0000E+00  0.0000E+00
  0.0000E+00  0.0000E+00  0.0000E+00  0.0000E+00  0.0000E+00  0.0000E+00  0.0000E+00  0.0000E+00  0.0000E+00  0.0000E+00  0.0000E+00  0.0000E+00  0.0000E+00  0.0000E+00  0.0000E+00  0.0000E+00  0.0000E+00  0.0000E+00  0.0000E+00  0.0000E+00  0.0000E+00  0.0000E+00  0.0000E+00  0.0000E+00  0.0000E+00  0.0000E+00  0.0000E+00  0.0000E+00  0.0000E+00  0.0000E+00  0.0000E+00  0.0000E+00  0.0000E+00  0.0000E+00  0.0000E+00  0.0000E+00  0.0000E+00  0.0000E+00  0.0000E+00  0.0000E+00  0.0000E+00  0.0000E+00  0.0000E+00  0.0000E+00  0.0000E+00  0.0000E+00  0.0000E+00  0.0000E+00  0.0000E+00  0.0000E+00  0.0000E+00  0.0000E+00  0.0000E+00  0.0000E+00  0.0000E+00  0.0000E+00  0.0000E+00  0.0000E+00  0.0000E+00  0.0000E+00  0.0000E+00  0.0000E+00  0.0000E+00  0.0000E+00  0.0000E+00  0.0000E+00  0.0000E+00  0.0000E+00  0.0000E+00  0.0000E+00
  0.0000E+00  0.0000E+00  0.0000E+00  0.0000E+00  0.0000E+00  0.0000E+00  0.0000E+00  0.0000E+00  0.0000E+00  0.0000E+00  0.0000E+00  0.0000E+00  0.0000E+00  0.0000E+00  0.0000E+00  0.0000E+00  0.0000E+00  0.0000E+00  0.0000E+00  0.0000E+00  0.0000E+00  0.0000E+00  0.0000E+00  0.0000E+00  0.0000E+00  0.0000E+00  0.0000E+00  0.0000E+00  0.0000E+00  0.0000E+00  0.0000E+00  0.0000E+00  0.0000E+00  0.0000E+00  0.0000E+00  0.0000E+00  0.0000E+00  0.0000E+00  0.0000E+00  0.0000E+00  0.0000E+00  0.0000E+00  0.0000E+00  0.0000E+00  0.0000E+00  0.0000E+00  0.0000E+00  0.0000E+00  0.0000E+00  0.0000E+00  0.0000E+00  0.0000E+00  0.0000E+00  0.0000E+00  0.0000E+00  0.0000E+00  0.0000E+00  0.0000E+00  0.0000E+00  0.0000E+00  0.0000E+00  0.0000E+00  0.0000E+00  0.0000E+00  0.0000E+00  0.0000E+00  0.0000E+00  0.0000E+00  0.0000E+00  0.0000E+00
  0.0000E+00  0.0000E+00  0.0000E+00  0.0000E+00  0.0000E+00  0.0000E+00  0.0000E+00  0.0000E+00  0.0000E+00  0.0000E+00  0.0000E+00  0.0000E+00  0.0000E+00  0.0000E+00  0.0000E+00  0.0000E+00  0.0000E+00  0.0000E+00  0.0000E+00  0.0000E+00  0.0000E+00  0.0000E+00  0.0000E+00  0.0000E+00  0.0000E+00  0.0000E+00  0.0000E+00  0.0000E+00  0.0000E+00  0.0000E+00  0.0000E+00  0.0000E+00  0.0000E+00  0.0000E+00  0.0000E+00  0.0000E+00  0.0000E+00  0.0000E+00  0.0000E+00  0.0000E+00  0.0000E+00  0.0000E+00  0.0000E+00  0.0000E+00  0.0000E+00  0.0000E+00  0.0000E+00  0.0000E+00  0.0000E+00  0.0000E+00  0.0000E+00  0.0000E+00  0.0000E+00  0.0000E+00  0.0000E+00  0.0000E+00  0.0000E+00  0.0000E+00  0.0000E+00  0.0000E+00  0.0000E+00  0.0000E+00  0.0000E+00  0.0000E+00  0.0000E+00  0.0000E+00  0.0000E+00  0.0000E+00  0.0000E+00  0.0000E+00
  0.0000E+00  0.0000E+00  0.0000E+00  0.0000E+00  0.0000E+00  0.0000E+00  0.0000E+00  0.0000E+00  0.0000E+00  0.0000E+00  0.0000E+00  0.0000E+00  0.0000E+00  0.0000E+00  0.0000E+00  0.0000E+00  0.0000E+00  0.0000E+00  0.0000E+00  0.0000E+00  0.0000E+00  0.0000E+00  0.0000E+00  0.0000E+00  0.0000E+00  0.0000E+00  0.0000E+00  0.0000E+00  0.0000E+00  0.0000E+00  0.0000E+00  0.0000E+00  0.0000E+00  0.0000E+00  0.0000E+00  0.0000E+00  0.0000E+00  0.0000E+00  0.0000E+00  0.0000E+00  0.0000E+00  0.0000E+00  0.0000E+00  0.0000E+00  0.0000E+00  0.0000E+00  0.0000E+00  0.0000E+00  0.0000E+00  0.0000E+00  0.0000E+00  0.0000E+00  0.0000E+00  0.0000E+00  0.0000E+00  0.0000E+00  0.0000E+00  0.0000E+00  0.0000E+00  0.0000E+00  0.0000E+00  0.0000E+00  0.0000E+00  0.0000E+00  0.0000E+00  0.0000E+00  0.0000E+00  0.0000E+00  0.0000E+00  0.0000E+00
  0.0000E+00  0.0000E+00  0.0000E+00  0.0000E+00  0.0000E+00  0.0000E+00  0.0000E+00  0.0000E+00  0.0000E+00  0.0000E+00  0.0000E+00  0.0000E+00  0.0000E+00  0.0000E+00  0.0000E+00  0.0000E+00  0.0000E+00  0.0000E+00  0.0000E+00  0.0000E+00  0.0000E+00  0.0000E+00  0.0000E+00  0.0000E+00  0.0000E+00  0.0000E+00  0.0000E+00  0.0000E+00  0.0000E+00  0.0000E+00  0.0000E+00  0.0000E+00  0.0000E+00  0.0000E+00  0.0000E+00  0.0000E+00  0.0000E+00  0.0000E+00  0.0000E+00  0.0000E+00  0.0000E+00  0.0000E+00  0.0000E+00  0.0000E+00  0.0000E+00  0.0000E+00  0.0000E+00  0.0000E+00  0.0000E+00  0.0000E+00  0.0000E+00  0.0000E+00  0.0000E+00  0.0000E+00  0.0000E+00  0.0000E+00  0.0000E+00  0.0000E+00  0.0000E+00  0.0000E+00  0.0000E+00  0.0000E+00  0.0000E+00  0.0000E+00  0.0000E+00  0.0000E+00  0.0000E+00  0.0000E+00  0.0000E+00  0.0000E+00
  0.0000E+00  0.0000E+00  0.0000E+00  0.0000E+00  0.0000E+00  0.0000E+00  0.0000E+00  0.0000E+00  0.0000E+00  0.0000E+00  0.0000E+00  0.0000E+00  0.0000E+00  0.0000E+00  0.0000E+00  0.0000E+00  0.0000E+00  0.0000E+00  0.0000E+00  0.0000E+00  0.0000E+00  0.0000E+00  0.0000E+00  0.0000E+00  0.0000E+00  0.0000E+00  0.0000E+00  0.0000E+00  0.0000E+00  0.0000E+00  0.0000E+00  0.0000E+00  0.0000E+00  0.0000E+00  0.0000E+00  0.0000E+00  0.0000E+00  0.0000E+00  0.0000E+00  0.0000E+00  0.0000E+00  0.0000E+00  0.0000E+00  0.0000E+00  0.0000E+00  0.0000E+00  0.0000E+00  0.0000E+00  0.0000E+00  0.0000E+00  0.0000E+00  0.0000E+00  0.0000E+00  0.0000E+00  0.0000E+00  0.0000E+00  0.0000E+00  0.0000E+00  0.0000E+00  0.0000E+00  0.0000E+00  0.0000E+00  0.0000E+00  0.0000E+00  0.0000E+00  0.0000E+00  0.0000E+00  0.0000E+00  0.0000E+00  0.0000E+00
  0.0000E+00  0.0000E+00  0.0000E+00  0.0000E+00  0.0000E+00  0.0000E+00  0.0000E+00  0.0000E+00  0.0000E+00  0.0000E+00  0.0000E+00  0.0000E+00  0.0000E+00  0.0000E+00  0.0000E+00  0.0000E+00  0.0000E+00  0.0000E+00  0.0000E+00  0.0000E+00  0.0000E+00  0.0000E+00  0.0000E+00  0.0000E+00  0.0000E+00  0.0000E+00  0.0000E+00  0.0000E+00  0.0000E+00  0.0000E+00  0.0000E+00  0.0000E+00  0.0000E+00  0.0000E+00  0.0000E+00  0.0000E+00  0.0000E+00  0.0000E+00  0.0000E+00  0.0000E+00  0.0000E+00  0.0000E+00  0.0000E+00  0.0000E+00  0.0000E+00  0.0000E+00  0.0000E+00  0.0000E+00  0.0000E+00  0.0000E+00  0.0000E+00  0.0000E+00  0.0000E+00  0.0000E+00  0.0000E+00  0.0000E+00  0.0000E+00  0.0000E+00  0.0000E+00  0.0000E+00  0.0000E+00  0.0000E+00  0.0000E+00  0.0000E+00  0.0000E+00  0.0000E+00  0.0000E+00  0.0000E+00  0.0000E+00  0.0000E+00
  0.0000E+00  0.0000E+00  0.0000E+00  0.0000E+00  0.0000E+00  0.0000E+00  0.0000E+00  0.0000E+00  0.0000E+00  0.0000E+00  0.0000E+00  0.0000E+00  0.0000E+00  0.0000E+00  0.0000E+00  0.0000E+00  0.0000E+00  0.0000E+00  0.0000E+00  0.0000E+00  0.0000E+00  0.0000E+00  0.0000E+00  0.0000E+00  0.0000E+00  0.0000E+00  0.0000E+00  0.0000E+00  0.0000E+00  0.0000E+00  0.0000E+00  0.0000E+00  0.0000E+00  0.0000E+00  0.0000E+00  0.0000E+00  0.0000E+00  0.0000E+00  0.0000E+00  0.0000E+00  0.0000E+00  0.0000E+00  0.0000E+00  0.0000E+00  0.0000E+00  0.0000E+00  0.0000E+00  0.0000E+00  0.0000E+00  0.0000E+00  0.0000E+00  0.0000E+00  0.0000E+00  0.0000E+00  0.0000E+00  0.0000E+00  0.0000E+00  0.0000E+00  0.0000E+00  0.0000E+00  0.0000E+00  0.0000E+00  0.0000E+00  0.0000E+00  0.0000E+00  0.0000E+00  0.0000E+00  0.0000E+00  0.0000E+00  0.0000E+00
  0.0000E+00  0.0000E+00  0.0000E+00  0.0000E+00  0.0000E+00  0.0000E+00  0.0000E+00  0.0000E+00  0.0000E+00  0.0000E+00  0.0000E+00  0.0000E+00  0.0000E+00  0.0000E+00  0.0000E+00  0.0000E+00  0.0000E+00  0.0000E+00  0.0000E+00  0.0000E+00  0.0000E+00  0.0000E+00  0.0000E+00  0.0000E+00  0.0000E+00  0.0000E+00  0.0000E+00  0.0000E+00  0.0000E+00  0.0000E+00  0.0000E+00  0.0000E+00  0.0000E+00  0.0000E+00  0.0000E+00  0.0000E+00  0.0000E+00  0.0000E+00  0.0000E+00  0.0000E+00  0.0000E+00  0.0000E+00  0.0000E+00  0.0000E+00  0.0000E+00  0.0000E+00  0.0000E+00  0.0000E+00  0.0000E+00  0.0000E+00  0.0000E+00  0.0000E+00  0.0000E+00  0.0000E+00  0.0000E+00  0.0000E+00  0.0000E+00  0.0000E+00  0.0000E+00  0.0000E+00  0.0000E+00  0.0000E+00  0.0000E+00  0.0000E+00  0.0000E+00  0.0000E+00  0.0000E+00  0.0000E+00  0.0000E+00  0.0000E+00
  0.0000E+00  0.0000E+00  0.0000E+00  0.0000E+00  0.0000E+00  0.0000E+00  0.0000E+00  0.0000E+00  0.0000E+00  0.0000E+00  0.0000E+00  0.0000E+00  0.0000E+00  0.0000E+00  0.0000E+00  0.0000E+00  0.0000E+00  0.0000E+00  0.0000E+00  0.0000E+00  0.0000E+00  0.0000E+00  0.0000E+00  0.0000E+00  0.0000E+00  0.0000E+00  0.0000E+00  0.0000E+00  0.0000E+00  0.0000E+00  0.0000E+00  0.0000E+00  0.0000E+00  0.0000E+00  0.0000E+00  0.0000E+00  0.0000E+00  0.0000E+00  0.0000E+00  0.0000E+00  0.0000E+00  0.0000E+00  0.0000E+00  0.0000E+00  0.0000E+00  0.0000E+00  0.0000E+00  0.0000E+00  0.0000E+00  0.0000E+00  0.0000E+00  0.0000E+00  0.0000E+00  0.0000E+00  0.0000E+00  0.0000E+00  0.0000E+00  0.0000E+00  0.0000E+00  0.0000E+00  0.0000E+00  0.0000E+00  0.0000E+00  0.0000E+00  0.0000E+00  0.0000E+00  0.0000E+00  0.0000E+00  0.0000E+00  0.0000E+00
  0.0000E+00  0.0000E+00  0.0000E+00  0.0000E+00  0.0000E+00  0.0000E+00  0.0000E+00  0.0000E+00  0.0000E+00  0.0000E+00  0.0000E+00  0.0000E+00  0.0000E+00  0.0000E+00  0.0000E+00  0.0000E+00  0.0000E+00  0.0000E+00  0.0000E+00  0.0000E+00  0.0000E+00  0.0000E+00  0.0000E+00  0.0000E+00  0.0000E+00  0.0000E+00  0.0000E+00  0.0000E+00  0.0000E+00  0.0000E+00  0.0000E+00  0.0000E+00  0.0000E+00  0.0000E+00  0.0000E+00  0.0000E+00  0.0000E+00  0.0000E+00  0.0000E+00  0.0000E+00  0.0000E+00  0.0000E+00  0.0000E+00  0.0000E+00  0.0000E+00  0.0000E+00  0.0000E+00  0.0000E+00  0.0000E+00  0.0000E+00  0.0000E+00  0.0000E+00  0.0000E+00  0.0000E+00  0.0000E+00  0.0000E+00  0.0000E+00  0.0000E+00  0.0000E+00  0.0000E+00  0.0000E+00  0.0000E+00  0.0000E+00  0.0000E+00  0.0000E+00  0.0000E+00  0.0000E+00  0.0000E+00  0.0000E+00  0.0000E+00
  0.0000E+00  0.0000E+00  0.0000E+00  0.0000E+00  0.0000E+00  0.0000E+00  0.0000E+00  0.0000E+00  0.0000E+00  0.0000E+00  0.0000E+00  0.0000E+00  0.0000E+00  0.0000E+00  0.0000E+00  0.0000E+00  0.0000E+00  0.0000E+00  0.0000E+00  0.0000E+00  0.0000E+00  0.0000E+00  0.0000E+00  0.0000E+00  0.0000E+00  0.0000E+00  0.0000E+00  0.0000E+00  0.0000E+00  0.0000E+00  0.0000E+00  0.0000E+00  0.0000E+00  0.0000E+00  0.0000E+00  0.0000E+00  0.0000E+00  0.0000E+00  0.0000E+00  0.0000E+00  0.0000E+00  0.0000E+00  0.0000E+00  0.0000E+00  0.0000E+00  0.0000E+00  0.0000E+00  0.0000E+00  0.0000E+00  0.0000E+00  0.0000E+00  0.0000E+00  0.0000E+00  0.0000E+00  0.0000E+00  0.0000E+00  0.0000E+00  0.0000E+00  0.0000E+00  0.0000E+00  0.0000E+00  0.0000E+00  0.0000E+00  0.0000E+00  0.0000E+00  0.0000E+00  0.0000E+00  0.0000E+00  0.0000E+00  0.0000E+00
  0.0000E+00  0.0000E+00  0.0000E+00  0.0000E+00  0.0000E+00  0.0000E+00  0.0000E+00  0.0000E+00  0.0000E+00  0.0000E+00  0.0000E+00  0.0000E+00  0.0000E+00  0.0000E+00  0.0000E+00  0.0000E+00  0.0000E+00  0.0000E+00  0.0000E+00  0.0000E+00  0.0000E+00  0.0000E+00  0.0000E+00  0.0000E+00  0.0000E+00  0.0000E+00  0.0000E+00  0.0000E+00  0.0000E+00  0.0000E+00  0.0000E+00  0.0000E+00  0.0000E+00  0.0000E+00  0.0000E+00  0.0000E+00  0.0000E+00  0.0000E+00  0.0000E+00  0.0000E+00  0.0000E+00  0.0000E+00  0.0000E+00  0.0000E+00  0.0000E+00  0.0000E+00  0.0000E+00  0.0000E+00  0.0000E+00  0.0000E+00  0.0000E+00  0.0000E+00  0.0000E+00  0.0000E+00  0.0000E+00  0.0000E+00  0.0000E+00  0.0000E+00  0.0000E+00  0.0000E+00  0.0000E+00  0.0000E+00  0.0000E+00  0.0000E+00  0.0000E+00  0.0000E+00  0.0000E+00  0.0000E+00  0.0000E+00  0.0000E+00
  0.0000E+00  0.0000E+00  0.0000E+00  0.0000E+00  0.0000E+00  0.0000E+00  0.0000E+00  0.0000E+00  0.0000E+00  0.0000E+00  0.0000E+00  0.0000E+00  0.0000E+00  0.0000E+00  0.0000E+00  0.0000E+00  0.0000E+00  0.0000E+00  0.0000E+00  0.0000E+00  0.0000E+00  0.0000E+00  0.0000E+00  0.0000E+00  0.0000E+00  0.0000E+00  0.0000E+00  0.0000E+00  0.0000E+00  0.0000E+00  0.0000E+00  0.0000E+00  0.0000E+00  0.0000E+00  0.0000E+00  0.0000E+00  0.0000E+00  0.0000E+00  0.0000E+00  0.0000E+00  0.0000E+00  0.0000E+00  0.0000E+00  0.0000E+00  0.0000E+00  0.0000E+00  0.0000E+00  0.0000E+00  0.0000E+00  0.0000E+00  0.0000E+00  0.0000E+00  0.0000E+00  0.0000E+00  0.0000E+00  0.0000E+00  0.0000E+00  0.0000E+00  0.0000E+00  0.0000E+00  0.0000E+00  0.0000E+00  0.0000E+00  0.0000E+00  0.0000E+00  0.0000E+00  0.0000E+00  0.0000E+00  0.0000E+00  0.0000E+00
  0.0000E+00  0.0000E+00  0.0000E+00  0.0000E+00  0.0000E+00  0.0000E+00  0.0000E+00  0.0000E+00  0.0000E+00  0.0000E+00  0.0000E+00  0.0000E+00  0.0000E+00  0.0000E+00  0.0000E+00  0.0000E+00  0.0000E+00  0.0000E+00  0.0000E+00  0.0000E+00  0.0000E+00  0.0000E+00  0.0000E+00  0.0000E+00  0.0000E+00  0.0000E+00  0.0000E+00  0.0000E+00  0.0000E+00  0.0000E+00  0.0000E+00  0.0000E+00  0.0000E+00  0.0000E+00  0.0000E+00  0.0000E+00  0.0000E+00  0.0000E+00  0.0000E+00  0.0000E+00  0.0000E+00  0.0000E+00  0.0000E+00  0.0000E+00  0.0000E+00  0.0000E+00  0.0000E+00  0.0000E+00  0.0000E+00  0.0000E+00  0.0000E+00  0.0000E+00  0.0000E+00  0.0000E+00  0.0000E+00  0.0000E+00  0.0000E+00  0.0000E+00  0.0000E+00  0.0000E+00  0.0000E+00  0.0000E+00  0.0000E+00  0.0000E+00  0.0000E+00  0.0000E+00  0.0000E+00  0.0000E+00  0.0000E+00  0.0000E+00
  0.0000E+00  0.0000E+00  0.0000E+00  0.0000E+00  0.0000E+00  0.0000E+00  0.0000E+00  0.0000E+00  0.0000E+00  0.0000E+00  0.0000E+00  0.0000E+00  0.0000E+00  0.0000E+00  0.0000E+00  0.0000E+00  0.0000E+00  0.0000E+00  0.0000E+00  0.0000E+00  0.0000E+00  0.0000E+00  0.0000E+00  0.0000E+00  0.0000E+00  0.0000E+00  0.0000E+00  0.0000E+00  0.0000E+00  0.0000E+00  0.0000E+00  0.0000E+00  0.0000E+00  0.0000E+00  0.0000E+00  0.0000E+00  0.0000E+00  0.0000E+00  0.0000E+00  0.0000E+00  0.0000E+00  0.0000E+00  0.0000E+00  0.0000E+00  0.0000E+00  0.0000E+00  0.0000E+00  0.0000E+00  0.0000E+00  0.0000E+00  0.0000E+00  0.0000E+00  0.0000E+00  0.0000E+00  0.0000E+00  0.0000E+00  0.0000E+00  0.0000E+00  0.0000E+00  0.0000E+00  0.0000E+00  0.0000E+00  0.0000E+00  0.0000E+00  0.0000E+00  0.0000E+00  0.0000E+00  0.0000E+00  0.0000E+00  0.0000E+00
  0.0000E+00  0.0000E+00  0.0000E+00  0.0000E+00  0.0000E+00  0.0000E+00  0.0000E+00  0.0000E+00  0.0000E+00  0.0000E+00  0.0000E+00  0.0000E+00  0.0000E+00  0.0000E+00  0.0000E+00  0.0000E+00  0.0000E+00  0.0000E+00  0.0000E+00  0.0000E+00  0.0000E+00  0.0000E+00  0.0000E+00  0.0000E+00  0.0000E+00  0.0000E+00  0.0000E+00  0.0000E+00  0.0000E+00  0.0000E+00  0.0000E+00  0.0000E+00  0.0000E+00  0.0000E+00  0.0000E+00  0.0000E+00  0.0000E+00  0.0000E+00  0.0000E+00  0.0000E+00  0.0000E+00  0.0000E+00  0.0000E+00  0.0000E+00  0.0000E+00  0.0000E+00  0.0000E+00  0.0000E+00  0.0000E+00  0.0000E+00  0.0000E+00  0.0000E+00  0.0000E+00  0.0000E+00  0.0000E+00  0.0000E+00  0.0000E+00  0.0000E+00  0.0000E+00  0.0000E+00  0.0000E+00  0.0000E+00  0.0000E+00  0.0000E+00  0.0000E+00  0.0000E+00  0.0000E+00  0.0000E+00  0.0000E+00  0.0000E+00
  0.0000E+00  0.0000E+00  0.0000E+00  0.0000E+00  0.0000E+00  0.0000E+00  0.0000E+00  0.0000E+00  0.0000E+00  0.0000E+00  0.0000E+00  0.0000E+00  0.0000E+00  0.0000E+00  0.0000E+00  0.0000E+00  0.0000E+00  0.0000E+00  0.0000E+00  0.0000E+00  0.0000E+00  0.0000E+00  0.0000E+00  0.0000E+00  0.0000E+00  0.0000E+00  0.0000E+00  0.0000E+00  0.0000E+00  0.0000E+00  0.0000E+00  0.0000E+00  0.0000E+00  0.0000E+00  0.0000E+00  0.0000E+00  0.0000E+00  0.0000E+00  0.0000E+00  0.0000E+00  0.0000E+00  0.0000E+00  0.0000E+00  0.0000E+00  0.0000E+00  0.0000E+00  0.0000E+00  0.0000E+00  0.0000E+00  0.0000E+00  0.0000E+00  0.0000E+00  0.0000E+00  0.0000E+00  0.0000E+00  0.0000E+00  0.0000E+00  0.0000E+00  0.0000E+00  0.0000E+00  0.0000E+00  0.0000E+00  0.0000E+00  0.0000E+00  0.0000E+00  0.0000E+00  0.0000E+00  0.0000E+00  0.0000E+00  0.0000E+00
  0.0000E+00  0.0000E+00  0.0000E+00  0.0000E+00  0.0000E+00  0.0000E+00  0.0000E+00  0.0000E+00  0.0000E+00  0.0000E+00  0.0000E+00  0.0000E+00  0.0000E+00  0.0000E+00  0.0000E+00  0.0000E+00  0.0000E+00  0.0000E+00  0.0000E+00  0.0000E+00  0.0000E+00  0.0000E+00  0.0000E+00  0.0000E+00  0.0000E+00  0.0000E+00  0.0000E+00  0.0000E+00  0.0000E+00  0.0000E+00  0.0000E+00  0.0000E+00  0.0000E+00  0.0000E+00  0.0000E+00  0.0000E+00  0.0000E+00  0.0000E+00  0.0000E+00  0.0000E+00  0.0000E+00  0.0000E+00  0.0000E+00  0.0000E+00  0.0000E+00  0.0000E+00  0.0000E+00  0.0000E+00  0.0000E+00  0.0000E+00  0.0000E+00  0.0000E+00  0.0000E+00  0.0000E+00  0.0000E+00  0.0000E+00  0.0000E+00  0.0000E+00  0.0000E+00  0.0000E+00  0.0000E+00  0.0000E+00  0.0000E+00  0.0000E+00  0.0000E+00  0.0000E+00  0.0000E+00  0.0000E+00  0.0000E+00  0.0000E+00
  0.0000E+00  0.0000E+00  0.0000E+00  0.0000E+00  0.0000E+00  0.0000E+00  0.0000E+00  0.0000E+00  0.0000E+00  0.0000E+00  0.0000E+00  0.0000E+00  0.0000E+00  0.0000E+00  0.0000E+00  0.0000E+00  0.0000E+00  0.0000E+00  0.0000E+00  0.0000E+00  0.0000E+00  0.0000E+00  0.0000E+00  0.0000E+00  0.0000E+00  0.0000E+00  0.0000E+00  0.0000E+00  0.0000E+00  0.0000E+00  0.0000E+00  0.0000E+00  0.0000E+00  0.0000E+00  0.0000E+00  0.0000E+00  0.0000E+00  0.0000E+00  0.0000E+00  0.0000E+00  0.0000E+00  0.0000E+00  0.0000E+00  0.0000E+00  0.0000E+00  0.0000E+00  0.0000E+00  0.0000E+00  0.0000E+00  0.0000E+00  0.0000E+00  0.0000E+00  0.0000E+00  0.0000E+00  0.0000E+00  0.0000E+00  0.0000E+00  0.0000E+00  0.0000E+00  0.0000E+00  0.0000E+00  0.0000E+00  0.0000E+00  0.0000E+00  0.0000E+00  0.0000E+00  0.0000E+00  0.0000E+00  0.0000E+00  0.0000E+00
  0.0000E+00  0.0000E+00  0.0000E+00  0.0000E+00  0.0000E+00  0.0000E+00  0.0000E+00  0.0000E+00  0.0000E+00  0.0000E+00  0.0000E+00  0.0000E+00  0.0000E+00  0.0000E+00  0.0000E+00  0.0000E+00  0.0000E+00  0.0000E+00  0.0000E+00  0.0000E+00  0.0000E+00  0.0000E+00  0.0000E+00  0.0000E+00  0.0000E+00  0.0000E+00  0.0000E+00  0.0000E+00  0.0000E+00  0.0000E+00  0.0000E+00  0.0000E+00  0.0000E+00  0.0000E+00  0.0000E+00  0.0000E+00  0.0000E+00  0.0000E+00  0.0000E+00  0.0000E+00  0.0000E+00  0.0000E+00  0.0000E+00  0.0000E+00  0.0000E+00  0.0000E+00  0.0000E+00  0.0000E+00  0.0000E+00  0.0000E+00  0.0000E+00  0.0000E+00  0.0000E+00  0.0000E+00  0.0000E+00  0.0000E+00  0.0000E+00  0.0000E+00  0.0000E+00  0.0000E+00  0.0000E+00  0.0000E+00  0.0000E+00  0.0000E+00  0.0000E+00  0.0000E+00  0.0000E+00  0.0000E+00  0.0000E+00  0.0000E+00
  0.0000E+00  0.0000E+00  0.0000E+00  0.0000E+00  0.0000E+00  0.0000E+00  0.0000E+00  0.0000E+00  0.0000E+00  0.0000E+00  0.0000E+00  0.0000E+00  0.0000E+00  0.0000E+00  0.0000E+00  0.0000E+00  0.0000E+00  0.0000E+00  0.0000E+00  0.0000E+00  0.0000E+00  0.0000E+00  0.0000E+00  0.0000E+00  0.0000E+00  0.0000E+00  0.0000E+00  0.0000E+00  0.0000E+00  0.0000E+00  0.0000E+00  0.0000E+00  0.0000E+00  0.0000E+00  0.0000E+00  0.0000E+00  0.0000E+00  0.0000E+00  0.0000E+00  0.0000E+00  0.0000E+00  0.0000E+00  0.0000E+00  0.0000E+00  0.0000E+00  0.0000E+00  0.0000E+00  0.0000E+00  0.0000E+00  0.0000E+00  0.0000E+00  0.0000E+00  0.0000E+00  0.0000E+00  0.0000E+00  0.0000E+00  0.0000E+00  0.0000E+00  0.0000E+00  0.0000E+00  0.0000E+00  0.0000E+00  0.0000E+00  0.0000E+00  0.0000E+00  0.0000E+00  0.0000E+00  0.0000E+00  0.0000E+00  0.0000E+00
  0.0000E+00  0.0000E+00  0.0000E+00  0.0000E+00  0.0000E+00  0.0000E+00  0.0000E+00  0.0000E+00  0.0000E+00  0.0000E+00  0.0000E+00  0.0000E+00  0.0000E+00  0.0000E+00  0.0000E+00  0.0000E+00  0.0000E+00  0.0000E+00  0.0000E+00  0.0000E+00  0.0000E+00  0.0000E+00  0.0000E+00  0.0000E+00  0.0000E+00  0.0000E+00  0.0000E+00  0.0000E+00  0.0000E+00  0.0000E+00  0.0000E+00  0.0000E+00  0.0000E+00  0.0000E+00  0.0000E+00  0.0000E+00  0.0000E+00  0.0000E+00  0.0000E+00  0.0000E+00  0.0000E+00  0.0000E+00  0.0000E+00  0.0000E+00  0.0000E+00  0.0000E+00  0.0000E+00  0.0000E+00  0.0000E+00  0.0000E+00  0.0000E+00  0.0000E+00  0.0000E+00  0.0000E+00  0.0000E+00  0.0000E+00  0.0000E+00  0.0000E+00  0.0000E+00  0.0000E+00  0.0000E+00  0.0000E+00  0.0000E+00  0.0000E+00  0.0000E+00  0.0000E+00  0.0000E+00  0.0000E+00  0.0000E+00  0.0000E+00
  0.0000E+00  0.0000E+00  0.0000E+00  0.0000E+00  0.0000E+00  0.0000E+00  0.0000E+00  0.0000E+00  0.0000E+00  0.0000E+00  0.0000E+00  0.0000E+00  0.0000E+00  0.0000E+00  0.0000E+00  0.0000E+00  0.0000E+00  0.0000E+00  0.0000E+00  0.0000E+00  0.0000E+00  0.0000E+00  0.0000E+00  0.0000E+00  0.0000E+00  0.0000E+00  0.0000E+00  0.0000E+00  0.0000E+00  0.0000E+00  0.0000E+00  0.0000E+00  0.0000E+00  0.0000E+00  0.0000E+00  0.0000E+00  0.0000E+00  0.0000E+00  0.0000E+00  0.0000E+00  0.0000E+00  0.0000E+00  0.0000E+00  0.0000E+00  0.0000E+00  0.0000E+00  0.0000E+00  0.0000E+00  0.0000E+00  0.0000E+00  0.0000E+00  0.0000E+00  0.0000E+00  0.0000E+00  0.0000E+00  0.0000E+00  0.0000E+00  0.0000E+00  0.0000E+00  0.0000E+00  0.0000E+00  0.0000E+00  0.0000E+00  0.0000E+00  0.0000E+00  0.0000E+00  0.0000E+00  0.0000E+00  0.0000E+00  0.0000E+00
  0.0000E+00  0.0000E+00  0.0000E+00  0.0000E+00  0.0000E+00  0.0000E+00  0.0000E+00  0.0000E+00  0.0000E+00  0.0000E+00  0.0000E+00  0.0000E+00  0.0000E+00  0.0000E+00  0.0000E+00  0.0000E+00  0.0000E+00  0.0000E+00  0.0000E+00  0.0000E+00  0.0000E+00  0.0000E+00  0.0000E+00  0.0000E+00  0.0000E+00  0.0000E+00  0.0000E+00  0.0000E+00  0.0000E+00  0.0000E+00  0.0000E+00  0.0000E+00  0.0000E+00  0.0000E+00  0.0000E+00  0.0000E+00  0.0000E+00  0.0000E+00  0.0000E+00  0.0000E+00  0.0000E+00  0.0000E+00  0.0000E+00  0.0000E+00  0.0000E+00  0.0000E+00  0.0000E+00  0.0000E+00  0.0000E+00  0.0000E+00  0.0000E+00  0.0000E+00  0.0000E+00  0.0000E+00  0.0000E+00  0.0000E+00  0.0000E+00  0.0000E+00  0.0000E+00  0.0000E+00  0.0000E+00  0.0000E+00  0.0000E+00  0.0000E+00  0.0000E+00  0.0000E+00  0.0000E+00  0.0000E+00  0.0000E+00  0.0000E+00
  0.0000E+00  0.0000E+00  0.0000E+00  0.0000E+00  0.0000E+00  0.0000E+00  0.0000E+00  0.0000E+00  0.0000E+00  0.0000E+00  0.0000E+00  0.0000E+00  0.0000E+00  0.0000E+00  0.0000E+00  0.0000E+00  0.0000E+00  0.0000E+00  0.0000E+00  0.0000E+00  0.0000E+00  0.0000E+00  0.0000E+00  0.0000E+00  0.0000E+00  0.0000E+00  0.0000E+00  0.0000E+00  0.0000E+00  0.0000E+00  0.0000E+00  0.0000E+00  0.0000E+00  0.0000E+00  0.0000E+00  0.0000E+00  0.0000E+00  0.0000E+00  0.0000E+00  0.0000E+00  0.0000E+00  0.0000E+00  0.0000E+00  0.0000E+00  0.0000E+00  0.0000E+00  0.0000E+00  0.0000E+00  0.0000E+00  0.0000E+00  0.0000E+00  0.0000E+00  0.0000E+00  0.0000E+00  0.0000E+00  0.0000E+00  0.0000E+00  0.0000E+00  0.0000E+00  0.0000E+00  0.0000E+00  0.0000E+00  0.0000E+00  0.0000E+00  0.0000E+00  0.0000E+00  0.0000E+00  0.0000E+00  0.0000E+00  0.0000E+00
  0.0000E+00  0.0000E+00  0.0000E+00  0.0000E+00  0.0000E+00  0.0000E+00  0.0000E+00  0.0000E+00  0.0000E+00  0.0000E+00  0.0000E+00  0.0000E+00  0.0000E+00  0.0000E+00  0.0000E+00  0.0000E+00  0.0000E+00  0.0000E+00  0.0000E+00  0.0000E+00  0.0000E+00  0.0000E+00  0.0000E+00  0.0000E+00  0.0000E+00  0.0000E+00  0.0000E+00  0.0000E+00  0.0000E+00  0.0000E+00  0.0000E+00  0.0000E+00  0.0000E+00  0.0000E+00  0.0000E+00  0.0000E+00  0.0000E+00  0.0000E+00  0.0000E+00  0.0000E+00  0.0000E+00  0.0000E+00  0.0000E+00  0.0000E+00  0.0000E+00  0.0000E+00  0.0000E+00  0.0000E+00  0.0000E+00  0.0000E+00  0.0000E+00  0.0000E+00  0.0000E+00  0.0000E+00  0.0000E+00  0.0000E+00  0.0000E+00  0.0000E+00  0.0000E+00  0.0000E+00  0.0000E+00  0.0000E+00  0.0000E+00  0.0000E+00  0.0000E+00  0.0000E+00  0.0000E+00  0.0000E+00  0.0000E+00  0.0000E+00
  0.0000E+00  0.0000E+00  0.0000E+00  0.0000E+00  0.0000E+00  0.0000E+00  0.0000E+00  0.0000E+00  0.0000E+00  0.0000E+00  0.0000E+00  0.0000E+00  0.0000E+00  0.0000E+00  0.0000E+00  0.0000E+00  0.0000E+00  0.0000E+00  0.0000E+00  0.0000E+00  0.0000E+00  0.0000E+00  0.0000E+00  0.0000E+00  0.0000E+00  0.0000E+00  0.0000E+00  0.0000E+00  0.0000E+00  0.0000E+00  0.0000E+00  0.0000E+00  0.0000E+00  0.0000E+00  0.0000E+00  0.0000E+00  0.0000E+00  0.0000E+00  0.0000E+00  0.0000E+00  0.0000E+00  0.0000E+00  0.0000E+00  0.0000E+00  0.0000E+00  0.0000E+00  0.0000E+00  0.0000E+00  0.0000E+00  0.0000E+00  0.0000E+00  0.0000E+00  0.0000E+00  0.0000E+00  0.0000E+00  0.0000E+00  0.0000E+00  0.0000E+00  0.0000E+00  0.0000E+00  0.0000E+00  0.0000E+00  0.0000E+00  0.0000E+00  0.0000E+00  0.0000E+00  0.0000E+00  0.0000E+00  0.0000E+00  0.0000E+00
  0.0000E+00  0.0000E+00  0.0000E+00  0.0000E+00  0.0000E+00  0.0000E+00  0.0000E+00  0.0000E+00  0.0000E+00  0.0000E+00  0.0000E+00  0.0000E+00  0.0000E+00  0.0000E+00  0.0000E+00  0.0000E+00  0.0000E+00  0.0000E+00  0.0000E+00  0.0000E+00  0.0000E+00  0.0000E+00  0.0000E+00  0.0000E+00  0.0000E+00  0.0000E+00  0.0000E+00  0.0000E+00  0.0000E+00  0.0000E+00  0.0000E+00  0.0000E+00  0.0000E+00  0.0000E+00  0.0000E+00  0.0000E+00  0.0000E+00  0.0000E+00  0.0000E+00  0.0000E+00  0.0000E+00  0.0000E+00  0.0000E+00  0.0000E+00  0.0000E+00  0.0000E+00  0.0000E+00  0.0000E+00  0.0000E+00  0.0000E+00  0.0000E+00  0.0000E+00  0.0000E+00  0.0000E+00  0.0000E+00  0.0000E+00  0.0000E+00  0.0000E+00  0.0000E+00  0.0000E+00  0.0000E+00  0.0000E+00  0.0000E+00  0.0000E+00  0.0000E+00  0.0000E+00  0.0000E+00  0.0000E+00  0.0000E+00  0.0000E+00
  0.0000E+00  0.0000E+00  0.0000E+00  0.0000E+00  0.0000E+00  0.0000E+00  0.0000E+00  0.0000E+00  0.0000E+00  0.0000E+00  0.0000E+00  0.0000E+00  0.0000E+00  0.0000E+00  0.0000E+00  0.0000E+00  0.0000E+00  0.0000E+00  0.0000E+00  0.0000E+00  0.0000E+00  0.0000E+00  0.0000E+00  0.0000E+00  0.0000E+00  0.0000E+00  0.0000E+00  0.0000E+00  0.0000E+00  0.0000E+00  0.0000E+00  0.0000E+00  0.0000E+00  0.0000E+00  0.0000E+00  0.0000E+00  0.0000E+00  0.0000E+00  0.0000E+00  0.0000E+00  0.0000E+00  0.0000E+00  0.0000E+00  0.0000E+00  0.0000E+00  0.0000E+00  0.0000E+00  0.0000E+00  0.0000E+00  0.0000E+00  0.0000E+00  0.0000E+00  0.0000E+00  0.0000E+00  0.0000E+00  0.0000E+00  0.0000E+00  0.0000E+00  0.0000E+00  0.0000E+00  0.0000E+00  0.0000E+00  0.0000E+00  0.0000E+00  0.0000E+00  0.0000E+00  0.0000E+00  0.0000E+00  0.0000E+00  0.0000E+00
  0.0000E+00  0.0000E+00  0.0000E+00  0.0000E+00  0.0000E+00  0.0000E+00  0.0000E+00  0.0000E+00  0.0000E+00  0.0000E+00  0.0000E+00  0.0000E+00  0.0000E+00  0.0000E+00  0.0000E+00  0.0000E+00  0.0000E+00  0.0000E+00  0.0000E+00  0.0000E+00  0.0000E+00  0.0000E+00  0.0000E+00  0.0000E+00  0.0000E+00  0.0000E+00  0.0000E+00  0.0000E+00  0.0000E+00  0.0000E+00  0.0000E+00  0.0000E+00  0.0000E+00  0.0000E+00  0.0000E+00  0.0000E+00  0.0000E+00  0.0000E+00  0.0000E+00  0.0000E+00  0.0000E+00  0.0000E+00  0.0000E+00  0.0000E+00  0.0000E+00  0.0000E+00  0.0000E+00  0.0000E+00  0.0000E+00  0.0000E+00  0.0000E+00  0.0000E+00  0.0000E+00  0.0000E+00  0.0000E+00  0.0000E+00  0.0000E+00  0.0000E+00  0.0000E+00  0.0000E+00  0.0000E+00  0.0000E+00  0.0000E+00  0.0000E+00  0.0000E+00  0.0000E+00  0.0000E+00  0.0000E+00  0.0000E+00  0.0000E+00
  0.0000E+00  0.0000E+00  0.0000E+00  0.0000E+00  0.0000E+00  0.0000E+00  0.0000E+00  0.0000E+00  0.0000E+00  0.0000E+00  0.0000E+00  0.0000E+00  0.0000E+00  0.0000E+00  0.0000E+00  0.0000E+00  0.0000E+00  0.0000E+00  0.0000E+00  0.0000E+00  0.0000E+00  0.0000E+00  0.0000E+00  0.0000E+00  0.0000E+00  0.0000E+00  0.0000E+00  0.0000E+00  0.0000E+00  0.0000E+00  0.0000E+00  0.0000E+00  0.0000E+00  0.0000E+00  0.0000E+00  0.0000E+00  0.0000E+00  0.0000E+00  0.0000E+00  0.0000E+00  0.0000E+00  0.0000E+00  0.0000E+00  0.0000E+00  0.0000E+00  0.0000E+00  0.0000E+00  0.0000E+00  0.0000E+00  0.0000E+00  0.0000E+00  0.0000E+00  0.0000E+00  0.0000E+00  0.0000E+00  0.0000E+00  0.0000E+00  0.0000E+00  0.0000E+00  0.0000E+00  0.0000E+00  0.0000E+00  0.0000E+00  0.0000E+00  0.0000E+00  0.0000E+00  0.0000E+00  0.0000E+00  0.0000E+00  0.0000E+00
  0.0000E+00  0.0000E+00  0.0000E+00  0.0000E+00  0.0000E+00  0.0000E+00  0.0000E+00  0.0000E+00  0.0000E+00  0.0000E+00  0.0000E+00  0.0000E+00  0.0000E+00  0.0000E+00  0.0000E+00  0.0000E+00  0.0000E+00  0.0000E+00  0.0000E+00  0.0000E+00  0.0000E+00  0.0000E+00  0.0000E+00  0.0000E+00  0.0000E+00  0.0000E+00  0.0000E+00  0.0000E+00  0.0000E+00  0.0000E+00  0.0000E+00  0.0000E+00  0.0000E+00  0.0000E+00  0.0000E+00  0.0000E+00  0.0000E+00  0.0000E+00  0.0000E+00  0.0000E+00  0.0000E+00  0.0000E+00  0.0000E+00  0.0000E+00  0.0000E+00  0.0000E+00  0.0000E+00  0.0000E+00  0.0000E+00  0.0000E+00  0.0000E+00  0.0000E+00  0.0000E+00  0.0000E+00  0.0000E+00  0.0000E+00  0.0000E+00  0.0000E+00  0.0000E+00  0.0000E+00  0.0000E+00  0.0000E+00  0.0000E+00  0.0000E+00  0.0000E+00  0.0000E+00  0.0000E+00  0.0000E+00  0.0000E+00  0.0000E+00
  0.0000E+00  0.0000E+00  0.0000E+00  0.0000E+00  0.0000E+00  0.0000E+00  0.0000E+00  0.0000E+00  0.0000E+00  0.0000E+00  0.0000E+00  0.0000E+00  0.0000E+00  0.0000E+00  0.0000E+00  0.0000E+00  0.0000E+00  0.0000E+00  0.0000E+00  0.0000E+00  0.0000E+00  0.0000E+00  0.0000E+00  0.0000E+00  0.0000E+00  0.0000E+00  0.0000E+00  0.0000E+00  0.0000E+00  0.0000E+00  0.0000E+00  0.0000E+00  0.0000E+00  0.0000E+00  0.0000E+00  0.0000E+00  0.0000E+00  0.0000E+00  0.0000E+00  0.0000E+00  0.0000E+00  0.0000E+00  0.0000E+00  0.0000E+00  0.0000E+00  0.0000E+00  0.0000E+00  0.0000E+00  0.0000E+00  0.0000E+00  0.0000E+00  0.0000E+00  0.0000E+00  0.0000E+00  0.0000E+00  0.0000E+00  0.0000E+00  0.0000E+00  0.0000E+00  0.0000E+00  0.0000E+00  0.0000E+00  0.0000E+00  0.0000E+00  0.0000E+00  0.0000E+00  0.0000E+00  0.0000E+00  0.0000E+00  0.0000E+00
  0.0000E+00  0.0000E+00  0.0000E+00  0.0000E+00  0.0000E+00  0.0000E+00  0.0000E+00  0.0000E+00  0.0000E+00  0.0000E+00  0.0000E+00  0.0000E+00  0.0000E+00  0.0000E+00  0.0000E+00  0.0000E+00  0.0000E+00  0.0000E+00  0.0000E+00  0.0000E+00  0.0000E+00  0.0000E+00  0.0000E+00  0.0000E+00  0.0000E+00  0.0000E+00  0.0000E+00  0.0000E+00  0.0000E+00  0.0000E+00  0.0000E+00  0.0000E+00  0.0000E+00  0.0000E+00  0.0000E+00  0.0000E+00  0.0000E+00  0.0000E+00  0.0000E+00  0.0000E+00  0.0000E+00  0.0000E+00  0.0000E+00  0.0000E+00  0.0000E+00  0.0000E+00  0.0000E+00  0.0000E+00  0.0000E+00  0.0000E+00  0.0000E+00  0.0000E+00  0.0000E+00  0.0000E+00  0.0000E+00  0.0000E+00  0.0000E+00  0.0000E+00  0.0000E+00  0.0000E+00  0.0000E+00  0.0000E+00  0.0000E+00  0.0000E+00  0.0000E+00  0.0000E+00  0.0000E+00  0.0000E+00  0.0000E+00  0.0000E+00
  0.0000E+00  0.0000E+00  0.0000E+00  0.0000E+00  0.0000E+00  0.0000E+00  0.0000E+00  0.0000E+00  0.0000E+00  0.0000E+00  0.0000E+00  0.0000E+00  0.0000E+00  0.0000E+00  0.0000E+00  0.0000E+00  0.0000E+00  0.0000E+00  0.0000E+00  0.0000E+00  0.0000E+00  0.0000E+00  0.0000E+00  0.0000E+00  0.0000E+00  0.0000E+00  0.0000E+00  0.0000E+00  0.0000E+00  0.0000E+00  0.0000E+00  0.0000E+00  0.0000E+00  0.0000E+00  0.0000E+00  0.0000E+00  0.0000E+00  0.0000E+00  0.0000E+00  0.0000E+00  0.0000E+00  0.0000E+00  0.0000E+00  0.0000E+00  0.0000E+00  0.0000E+00  0.0000E+00  0.0000E+00  0.0000E+00  0.0000E+00  0.0000E+00  0.0000E+00  0.0000E+00  0.0000E+00  0.0000E+00  0.0000E+00  0.0000E+00  0.0000E+00  0.0000E+00  0.0000E+00  0.0000E+00  0.0000E+00  0.0000E+00  0.0000E+00  0.0000E+00  0.0000E+00  0.0000E+00  0.0000E+00  0.0000E+00  0.0000E+00
  0.0000E+00  0.0000E+00  0.0000E+00  0.0000E+00  0.0000E+00  0.0000E+00  0.0000E+00  0.0000E+00  0.0000E+00  0.0000E+00  0.0000E+00  0.0000E+00  0.0000E+00  0.0000E+00  0.0000E+00  0.0000E+00  0.0000E+00  0.0000E+00  0.0000E+00  0.0000E+00  0.0000E+00  0.0000E+00  0.0000E+00  0.0000E+00  0.0000E+00  0.0000E+00  0.0000E+00  0.0000E+00  0.0000E+00  0.0000E+00  0.0000E+00  0.0000E+00  0.0000E+00  0.0000E+00  0.0000E+00  0.0000E+00  0.0000E+00  0.0000E+00  0.0000E+00  0.0000E+00  0.0000E+00  0.0000E+00  0.0000E+00  0.0000E+00  0.0000E+00  0.0000E+00  0.0000E+00  0.0000E+00  0.0000E+00  0.0000E+00  0.0000E+00  0.0000E+00  0.0000E+00  0.0000E+00  0.0000E+00  0.0000E+00  0.0000E+00  0.0000E+00  0.0000E+00  0.0000E+00  0.0000E+00  0.0000E+00  0.0000E+00  0.0000E+00  0.0000E+00  0.0000E+00  0.0000E+00  0.0000E+00  0.0000E+00  0.0000E+00
  0.0000E+00  0.0000E+00  0.0000E+00  0.0000E+00  0.0000E+00  0.0000E+00  0.0000E+00  0.0000E+00  0.0000E+00  0.0000E+00  0.0000E+00  0.0000E+00  0.0000E+00  0.0000E+00  0.0000E+00  0.0000E+00  0.0000E+00  0.0000E+00  0.0000E+00  0.0000E+00  0.0000E+00  0.0000E+00  0.0000E+00  0.0000E+00  0.0000E+00  0.0000E+00  0.0000E+00  0.0000E+00  0.0000E+00  0.0000E+00  0.0000E+00  0.0000E+00  0.0000E+00  0.0000E+00  0.0000E+00  0.0000E+00  0.0000E+00  0.0000E+00  0.0000E+00  0.0000E+00  0.0000E+00  0.0000E+00  0.0000E+00  0.0000E+00  0.0000E+00  0.0000E+00  0.0000E+00  0.0000E+00  0.0000E+00  0.0000E+00  0.0000E+00  0.0000E+00  0.0000E+00  0.0000E+00  0.0000E+00  0.0000E+00  0.0000E+00  0.0000E+00  0.0000E+00  0.0000E+00  0.0000E+00  0.0000E+00  0.0000E+00  0.0000E+00  0.0000E+00  0.0000E+00  0.0000E+00  0.0000E+00  0.0000E+00  0.0000E+00
  0.0000E+00  0.0000E+00  0.0000E+00  0.0000E+00  0.0000E+00  0.0000E+00  0.0000E+00  0.0000E+00  0.0000E+00  0.0000E+00  0.0000E+00  0.0000E+00  0.0000E+00  0.0000E+00  0.0000E+00  0.0000E+00  0.0000E+00  0.0000E+00  0.0000E+00  0.0000E+00  0.0000E+00  0.0000E+00  0.0000E+00  0.0000E+00  0.0000E+00  0.0000E+00  0.0000E+00  0.0000E+00  0.0000E+00  0.0000E+00  0.0000E+00  0.0000E+00  0.0000E+00  0.0000E+00  0.0000E+00  0.0000E+00  0.0000E+00  0.0000E+00  0.0000E+00  0.0000E+00  0.0000E+00  0.0000E+00  0.0000E+00  0.0000E+00  0.0000E+00  0.0000E+00  0.0000E+00  0.0000E+00  0.0000E+00  0.0000E+00  0.0000E+00  0.0000E+00  0.0000E+00  0.0000E+00  0.0000E+00  0.0000E+00  0.0000E+00  0.0000E+00  0.0000E+00  0.0000E+00  0.0000E+00  0.0000E+00  0.0000E+00  0.0000E+00  0.0000E+00  0.0000E+00  0.0000E+00  0.0000E+00  0.0000E+00  0.0000E+00
  0.0000E+00  0.0000E+00  0.0000E+00  0.0000E+00  0.0000E+00  0.0000E+00  0.0000E+00  0.0000E+00  0.0000E+00  0.0000E+00  0.0000E+00  0.0000E+00  0.0000E+00  0.0000E+00  0.0000E+00  0.0000E+00  0.0000E+00  0.0000E+00  0.0000E+00  0.0000E+00  0.0000E+00  0.0000E+00  0.0000E+00  0.0000E+00  0.0000E+00  0.0000E+00  0.0000E+00  0.0000E+00  0.0000E+00  0.0000E+00  0.0000E+00  0.0000E+00  0.0000E+00  0.0000E+00  0.0000E+00  0.0000E+00  0.0000E+00  0.0000E+00  0.0000E+00  0.0000E+00  0.0000E+00  0.0000E+00  0.0000E+00  0.0000E+00  0.0000E+00  0.0000E+00  0.0000E+00  0.0000E+00  0.0000E+00  0.0000E+00  0.0000E+00  0.0000E+00  0.0000E+00  0.0000E+00  0.0000E+00  0.0000E+00  0.0000E+00  0.0000E+00  0.0000E+00  0.0000E+00  0.0000E+00  0.0000E+00  0.0000E+00  0.0000E+00  0.0000E+00  0.0000E+00  0.0000E+00  0.0000E+00  0.0000E+00  0.0000E+00
  0.0000E+00  0.0000E+00  0.0000E+00  0.0000E+00  0.0000E+00  0.0000E+00  0.0000E+00  0.0000E+00  0.0000E+00  0.0000E+00  0.0000E+00  0.0000E+00  0.0000E+00  0.0000E+00  0.0000E+00  0.0000E+00  0.0000E+00  0.0000E+00  0.0000E+00  0.0000E+00  0.0000E+00  0.0000E+00  0.0000E+00  0.0000E+00  0.0000E+00  0.0000E+00  0.0000E+00  0.0000E+00  0.0000E+00  0.0000E+00  0.0000E+00  0.0000E+00  0.0000E+00  0.0000E+00  0.0000E+00  0.0000E+00  0.0000E+00  0.0000E+00  0.0000E+00  0.0000E+00  0.0000E+00  0.0000E+00  0.0000E+00  0.0000E+00  0.0000E+00  0.0000E+00  0.0000E+00  0.0000E+00  0.0000E+00  0.0000E+00  0.0000E+00  0.0000E+00  0.0000E+00  0.0000E+00  0.0000E+00  0.0000E+00  0.0000E+00  0.0000E+00  0.0000E+00  0.0000E+00  0.0000E+00  0.0000E+00  0.0000E+00  0.0000E+00  0.0000E+00  0.0000E+00  0.0000E+00  0.0000E+00  0.0000E+00  0.0000E+00
  0.0000E+00  0.0000E+00  0.0000E+00  0.0000E+00  0.0000E+00  0.0000E+00  0.0000E+00  0.0000E+00  0.0000E+00  0.0000E+00  0.0000E+00  0.0000E+00  0.0000E+00  0.0000E+00  0.0000E+00  0.0000E+00  0.0000E+00  0.0000E+00  0.0000E+00  0.0000E+00  0.0000E+00  0.0000E+00  0.0000E+00  0.0000E+00  0.0000E+00  0.0000E+00  0.0000E+00  0.0000E+00  0.0000E+00  0.0000E+00  0.0000E+00  0.0000E+00  0.0000E+00  0.0000E+00  0.0000E+00  0.0000E+00  0.0000E+00  0.0000E+00  0.0000E+00  0.0000E+00  0.0000E+00  0.0000E+00  0.0000E+00  0.0000E+00  0.0000E+00  0.0000E+00  0.0000E+00  0.0000E+00  0.0000E+00  0.0000E+00  0.0000E+00  0.0000E+00  0.0000E+00  0.0000E+00  0.0000E+00  0.0000E+00  0.0000E+00  0.0000E+00  0.0000E+00  0.0000E+00  0.0000E+00  0.0000E+00  0.0000E+00  0.0000E+00  0.0000E+00  0.0000E+00  0.0000E+00  0.0000E+00  0.0000E+00  0.0000E+00
  0.0000E+00  0.0000E+00  0.0000E+00  0.0000E+00  0.0000E+00  0.0000E+00  0.0000E+00  0.0000E+00  0.0000E+00  0.0000E+00  0.0000E+00  0.0000E+00  0.0000E+00  0.0000E+00  0.0000E+00  0.0000E+00  0.0000E+00  0.0000E+00  0.0000E+00  0.0000E+00  0.0000E+00  0.0000E+00  0.0000E+00  0.0000E+00  0.0000E+00  0.0000E+00  0.0000E+00  0.0000E+00  0.0000E+00  0.0000E+00  0.0000E+00  0.0000E+00  0.0000E+00  0.0000E+00  0.0000E+00  0.0000E+00  0.0000E+00  0.0000E+00  0.0000E+00  0.0000E+00  0.0000E+00  0.0000E+00  0.0000E+00  0.0000E+00  0.0000E+00  0.0000E+00  0.0000E+00  0.0000E+00  0.0000E+00  0.0000E+00  0.0000E+00  0.0000E+00  0.0000E+00  0.0000E+00  0.0000E+00  0.0000E+00  0.0000E+00  0.0000E+00  0.0000E+00  0.0000E+00  0.0000E+00  0.0000E+00  0.0000E+00  0.0000E+00  0.0000E+00  0.0000E+00  0.0000E+00  0.0000E+00  0.0000E+00  0.0000E+00
  0.0000E+00  0.0000E+00  0.0000E+00  0.0000E+00  0.0000E+00  0.0000E+00  0.0000E+00  0.0000E+00  0.0000E+00  0.0000E+00  0.0000E+00  0.0000E+00  0.0000E+00  0.0000E+00  0.0000E+00  0.0000E+00  0.0000E+00  0.0000E+00  0.0000E+00  0.0000E+00  0.0000E+00  0.0000E+00  0.0000E+00  0.0000E+00  0.0000E+00  0.0000E+00  0.0000E+00  0.0000E+00  0.0000E+00  0.0000E+00  0.0000E+00  0.0000E+00  0.0000E+00  0.0000E+00  0.0000E+00  0.0000E+00  0.0000E+00  0.0000E+00  0.0000E+00  0.0000E+00  0.0000E+00  0.0000E+00  0.0000E+00  0.0000E+00  0.0000E+00  0.0000E+00  0.0000E+00  0.0000E+00  0.0000E+00  0.0000E+00  0.0000E+00  0.0000E+00  0.0000E+00  0.0000E+00  0.0000E+00  0.0000E+00  0.0000E+00  0.0000E+00  0.0000E+00  0.0000E+00  0.0000E+00  0.0000E+00  0.0000E+00  0.0000E+00  0.0000E+00  0.0000E+00  0.0000E+00  0.0000E+00  0.0000E+00  0.0000E+00
  0.0000E+00  0.0000E+00  0.0000E+00  0.0000E+00  0.0000E+00  0.0000E+00  0.0000E+00  0.0000E+00  0.0000E+00  0.0000E+00  0.0000E+00  0.0000E+00  0.0000E+00  0.0000E+00  0.0000E+00  0.0000E+00  0.0000E+00  0.0000E+00  0.0000E+00  0.0000E+00  0.0000E+00  0.0000E+00  0.0000E+00  0.0000E+00  0.0000E+00  0.0000E+00  0.0000E+00  0.0000E+00  0.0000E+00  0.0000E+00  0.0000E+00  0.0000E+00  0.0000E+00  0.0000E+00  0.0000E+00  0.0000E+00  0.0000E+00  0.0000E+00  0.0000E+00  0.0000E+00  0.0000E+00  0.0000E+00  0.0000E+00  0.0000E+00  0.0000E+00  0.0000E+00  0.0000E+00  0.0000E+00  0.0000E+00  0.0000E+00  0.0000E+00  0.0000E+00  0.0000E+00  0.0000E+00  0.0000E+00  0.0000E+00  0.0000E+00  0.0000E+00  0.0000E+00  0.0000E+00  0.0000E+00  0.0000E+00  0.0000E+00  0.0000E+00  0.0000E+00  0.0000E+00  0.0000E+00  0.0000E+00  0.0000E+00  0.0000E+00
  0.0000E+00  0.0000E+00  0.0000E+00  0.0000E+00  0.0000E+00  0.0000E+00  0.0000E+00  0.0000E+00  0.0000E+00  0.0000E+00  0.0000E+00  0.0000E+00  0.0000E+00  0.0000E+00  0.0000E+00  0.0000E+00  0.0000E+00  0.0000E+00  0.0000E+00  0.0000E+00  0.0000E+00  0.0000E+00  0.0000E+00  0.0000E+00  0.0000E+00  0.0000E+00  0.0000E+00  0.0000E+00  0.0000E+00  0.0000E+00  0.0000E+00  0.0000E+00  0.0000E+00  0.0000E+00  0.0000E+00  0.0000E+00  0.0000E+00  0.0000E+00  0.0000E+00  0.0000E+00  0.0000E+00  0.0000E+00  0.0000E+00  0.0000E+00  0.0000E+00  0.0000E+00  0.0000E+00  0.0000E+00  0.0000E+00  0.0000E+00  0.0000E+00  0.0000E+00  0.0000E+00  0.0000E+00  0.0000E+00  0.0000E+00  0.0000E+00  0.0000E+00  0.0000E+00  0.0000E+00  0.0000E+00  0.0000E+00  0.0000E+00  0.0000E+00  0.0000E+00  0.0000E+00  0.0000E+00  0.0000E+00  0.0000E+00  0.0000E+00
  0.0000E+00  0.0000E+00  0.0000E+00  0.0000E+00  0.0000E+00  0.0000E+00  0.0000E+00  0.0000E+00  0.0000E+00  0.0000E+00  0.0000E+00  0.0000E+00  0.0000E+00  0.0000E+00  0.0000E+00  0.0000E+00  0.0000E+00  0.0000E+00  0.0000E+00  0.0000E+00  0.0000E+00  0.0000E+00  0.0000E+00  0.0000E+00  0.0000E+00  0.0000E+00  0.0000E+00  0.0000E+00  0.0000E+00  0.0000E+00  0.0000E+00  0.0000E+00  0.0000E+00  0.0000E+00  0.0000E+00  0.0000E+00  0.0000E+00  0.0000E+00  0.0000E+00  0.0000E+00  0.0000E+00  0.0000E+00  0.0000E+00  0.0000E+00  0.0000E+00  0.0000E+00  0.0000E+00  0.0000E+00  0.0000E+00  0.0000E+00  0.0000E+00  0.0000E+00  0.0000E+00  0.0000E+00  0.0000E+00  0.0000E+00  0.0000E+00  0.0000E+00  0.0000E+00  0.0000E+00  0.0000E+00  0.0000E+00  0.0000E+00  0.0000E+00  0.0000E+00  0.0000E+00  0.0000E+00  0.0000E+00  0.0000E+00  0.0000E+00
  0.0000E+00  0.0000E+00  0.0000E+00  0.0000E+00  0.0000E+00  0.0000E+00  0.0000E+00  0.0000E+00  0.0000E+00  0.0000E+00  0.0000E+00  0.0000E+00  0.0000E+00  0.0000E+00  0.0000E+00  0.0000E+00  0.0000E+00  0.0000E+00  0.0000E+00  0.0000E+00  0.0000E+00  0.0000E+00  0.0000E+00  0.0000E+00  0.0000E+00  0.0000E+00  0.0000E+00  0.0000E+00  0.0000E+00  0.0000E+00  0.0000E+00  0.0000E+00  0.0000E+00  0.0000E+00  0.0000E+00  0.0000E+00  0.0000E+00  0.0000E+00  0.0000E+00  0.0000E+00  0.0000E+00  0.0000E+00  0.0000E+00  0.0000E+00  0.0000E+00  0.0000E+00  0.0000E+00  0.0000E+00  0.0000E+00  0.0000E+00  0.0000E+00  0.0000E+00  0.0000E+00  0.0000E+00  0.0000E+00  0.0000E+00  0.0000E+00  0.0000E+00  0.0000E+00  0.0000E+00  0.0000E+00  0.0000E+00  0.0000E+00  0.0000E+00  0.0000E+00  0.0000E+00  0.0000E+00  0.0000E+00  0.0000E+00  0.0000E+00
  0.0000E+00  0.0000E+00  0.0000E+00  0.0000E+00  0.0000E+00  0.0000E+00  0.0000E+00  0.0000E+00  0.0000E+00  0.0000E+00  0.0000E+00  0.0000E+00  0.0000E+00  0.0000E+00  0.0000E+00  0.0000E+00  0.0000E+00  0.0000E+00  0.0000E+00  0.0000E+00  0.0000E+00  0.0000E+00  0.0000E+00  0.0000E+00  0.0000E+00  0.0000E+00  0.0000E+00  0.0000E+00  0.0000E+00  0.0000E+00  0.0000E+00  0.0000E+00  0.0000E+00  0.0000E+00  0.0000E+00  0.0000E+00  0.0000E+00  0.0000E+00  0.0000E+00  0.0000E+00  0.0000E+00  0.0000E+00  0.0000E+00  0.0000E+00  0.0000E+00  0.0000E+00  0.0000E+00  0.0000E+00  0.0000E+00  0.0000E+00  0.0000E+00  0.0000E+00  0.0000E+00  0.0000E+00  0.0000E+00  0.0000E+00  0.0000E+00  0.0000E+00  0.0000E+00  0.0000E+00  0.0000E+00  0.0000E+00  0.0000E+00  0.0000E+00  0.0000E+00  0.0000E+00  0.0000E+00  0.0000E+00  0.0000E+00  0.0000E+00
  0.0000E+00  0.0000E+00  0.0000E+00  0.0000E+00  0.0000E+00  0.0000E+00  0.0000E+00  0.0000E+00  0.0000E+00  0.0000E+00  0.0000E+00  0.0000E+00  0.0000E+00  0.0000E+00  0.0000E+00  0.0000E+00  0.0000E+00  0.0000E+00  0.0000E+00  0.0000E+00  0.0000E+00  0.0000E+00  0.0000E+00  0.0000E+00  0.0000E+00  0.0000E+00  0.0000E+00  0.0000E+00  0.0000E+00  0.0000E+00  0.0000E+00  0.0000E+00  0.0000E+00  0.0000E+00  0.0000E+00  0.0000E+00  0.0000E+00  0.0000E+00  0.0000E+00  0.0000E+00  0.0000E+00  0.0000E+00  0.0000E+00  0.0000E+00  0.0000E+00  0.0000E+00  0.0000E+00  0.0000E+00  0.0000E+00  0.0000E+00  0.0000E+00  0.0000E+00  0.0000E+00  0.0000E+00  0.0000E+00  0.0000E+00  0.0000E+00  0.0000E+00  0.0000E+00  0.0000E+00  0.0000E+00  0.0000E+00  0.0000E+00  0.0000E+00  0.0000E+00  0.0000E+00  0.0000E+00  0.0000E+00  0.0000E+00  0.0000E+00
  0.0000E+00  0.0000E+00  0.0000E+00  0.0000E+00  0.0000E+00  0.0000E+00  0.0000E+00  0.0000E+00  0.0000E+00  0.0000E+00  0.0000E+00  0.0000E+00  0.0000E+00  0.0000E+00  0.0000E+00  0.0000E+00  0.0000E+00  0.0000E+00  0.0000E+00  0.0000E+00  0.0000E+00  0.0000E+00  0.0000E+00  0.0000E+00  0.0000E+00  0.0000E+00  0.0000E+00  0.0000E+00  0.0000E+00  0.0000E+00  0.0000E+00  0.0000E+00  0.0000E+00  0.0000E+00  0.0000E+00  0.0000E+00  0.0000E+00  0.0000E+00  0.0000E+00  0.0000E+00  0.0000E+00  0.0000E+00  0.0000E+00  0.0000E+00  0.0000E+00  0.0000E+00  0.0000E+00  0.0000E+00  0.0000E+00  0.0000E+00  0.0000E+00  0.0000E+00  0.0000E+00  0.0000E+00  0.0000E+00  0.0000E+00  0.0000E+00  0.0000E+00  0.0000E+00  0.0000E+00  0.0000E+00  0.0000E+00  0.0000E+00  0.0000E+00  0.0000E+00  0.0000E+00  0.0000E+00  0.0000E+00  0.0000E+00  0.0000E+00
  0.0000E+00  0.0000E+00  0.0000E+00  0.0000E+00  0.0000E+00  0.0000E+00  0.0000E+00  0.0000E+00  0.0000E+00  0.0000E+00  0.0000E+00  0.0000E+00  0.0000E+00  0.0000E+00  0.0000E+00  0.0000E+00  0.0000E+00  0.0000E+00  0.0000E+00  0.0000E+00  0.0000E+00  0.0000E+00  0.0000E+00  0.0000E+00  0.0000E+00  0.0000E+00  0.0000E+00  0.0000E+00  0.0000E+00  0.0000E+00  0.0000E+00  0.0000E+00  0.0000E+00  0.0000E+00  0.0000E+00  0.0000E+00  0.0000E+00  0.0000E+00  0.0000E+00  0.0000E+00  0.0000E+00  0.0000E+00  0.0000E+00  0.0000E+00  0.0000E+00  0.0000E+00  0.0000E+00  0.0000E+00  0.0000E+00  0.0000E+00  0.0000E+00  0.0000E+00  0.0000E+00  0.0000E+00  0.0000E+00  0.0000E+00  0.0000E+00  0.0000E+00  0.0000E+00  0.0000E+00  0.0000E+00  0.0000E+00  0.0000E+00  0.0000E+00  0.0000E+00  0.0000E+00  0.0000E+00  0.0000E+00  0.0000E+00  0.0000E+00
  0.0000E+00  0.0000E+00  0.0000E+00  0.0000E+00  0.0000E+00  0.0000E+00  0.0000E+00  0.0000E+00  0.0000E+00  0.0000E+00  0.0000E+00  0.0000E+00  0.0000E+00  0.0000E+00  0.0000E+00  0.0000E+00  0.0000E+00  0.0000E+00  0.0000E+00  0.0000E+00  0.0000E+00  0.0000E+00  0.0000E+00  0.0000E+00  0.0000E+00  0.0000E+00  0.0000E+00  0.0000E+00  0.0000E+00  0.0000E+00  0.0000E+00  0.0000E+00  0.0000E+00  0.0000E+00  0.0000E+00  0.0000E+00  0.0000E+00  0.0000E+00  0.0000E+00  0.0000E+00  0.0000E+00  0.0000E+00  0.0000E+00  0.0000E+00  0.0000E+00  0.0000E+00  0.0000E+00  0.0000E+00  0.0000E+00  0.0000E+00  0.0000E+00  0.0000E+00  0.0000E+00  0.0000E+00  0.0000E+00  0.0000E+00  0.0000E+00  0.0000E+00  0.0000E+00  0.0000E+00  0.0000E+00  0.0000E+00  0.0000E+00  0.0000E+00  0.0000E+00  0.0000E+00  0.0000E+00  0.0000E+00  0.0000E+00  0.0000E+00
  0.0000E+00  0.0000E+00  0.0000E+00  0.0000E+00  0.0000E+00  0.0000E+00  0.0000E+00  0.0000E+00  0.0000E+00  0.0000E+00  0.0000E+00  0.0000E+00  0.0000E+00  0.0000E+00  0.0000E+00  0.0000E+00  0.0000E+00  0.0000E+00  0.0000E+00  0.0000E+00  0.0000E+00  0.0000E+00  0.0000E+00  0.0000E+00  0.0000E+00  0.0000E+00  0.0000E+00  0.0000E+00  0.0000E+00  0.0000E+00  0.0000E+00  0.0000E+00  0.0000E+00  0.0000E+00  0.0000E+00  0.0000E+00  0.0000E+00  0.0000E+00  0.0000E+00  0.0000E+00  0.0000E+00  0.0000E+00  0.0000E+00  0.0000E+00  0.0000E+00  0.0000E+00  0.0000E+00  0.0000E+00  0.0000E+00  0.0000E+00  0.0000E+00  0.0000E+00  0.0000E+00  0.0000E+00  0.0000E+00  0.0000E+00  0.0000E+00  0.0000E+00  0.0000E+00  0.0000E+00  0.0000E+00  0.0000E+00  0.0000E+00  0.0000E+00  0.0000E+00  0.0000E+00  0.0000E+00  0.0000E+00  0.0000E+00  0.0000E+00
  0.0000E+00  0.0000E+00  0.0000E+00  0.0000E+00  0.0000E+00  0.0000E+00  0.0000E+00  0.0000E+00  0.0000E+00  0.0000E+00  0.0000E+00  0.0000E+00  0.0000E+00  0.0000E+00  0.0000E+00  0.0000E+00  0.0000E+00  0.0000E+00  0.0000E+00  0.0000E+00  0.0000E+00  0.0000E+00  0.0000E+00  0.0000E+00  0.0000E+00  0.0000E+00  0.0000E+00  0.0000E+00  0.0000E+00  0.0000E+00  0.0000E+00  0.0000E+00  0.0000E+00  0.0000E+00  0.0000E+00  0.0000E+00  0.0000E+00  0.0000E+00  0.0000E+00  0.0000E+00  0.0000E+00  0.0000E+00  0.0000E+00  0.0000E+00  0.0000E+00  0.0000E+00  0.0000E+00  0.0000E+00  0.0000E+00  0.0000E+00  0.0000E+00  0.0000E+00  0.0000E+00  0.0000E+00  0.0000E+00  0.0000E+00  0.0000E+00  0.0000E+00  0.0000E+00  0.0000E+00  0.0000E+00  0.0000E+00  0.0000E+00  0.0000E+00  0.0000E+00  0.0000E+00  0.0000E+00  0.0000E+00  0.0000E+00  0.0000E+00
  0.0000E+00  0.0000E+00  0.0000E+00  0.0000E+00  0.0000E+00  0.0000E+00  0.0000E+00  0.0000E+00  0.0000E+00  0.0000E+00  0.0000E+00  0.0000E+00  0.0000E+00  0.0000E+00  0.0000E+00  0.0000E+00  0.0000E+00  0.0000E+00  0.0000E+00  0.0000E+00  0.0000E+00  0.0000E+00  0.0000E+00  0.0000E+00  0.0000E+00  0.0000E+00  0.0000E+00  0.0000E+00  0.0000E+00  0.0000E+00  0.0000E+00  0.0000E+00  0.0000E+00  0.0000E+00  0.0000E+00  0.0000E+00  0.0000E+00  0.0000E+00  0.0000E+00  0.0000E+00  0.0000E+00  0.0000E+00  0.0000E+00  0.0000E+00  0.0000E+00  0.0000E+00  0.0000E+00  0.0000E+00  0.0000E+00  0.0000E+00  0.0000E+00  0.0000E+00  0.0000E+00  0.0000E+00  0.0000E+00  0.0000E+00  0.0000E+00  0.0000E+00  0.0000E+00  0.0000E+00  0.0000E+00  0.0000E+00  0.0000E+00  0.0000E+00  0.0000E+00  0.0000E+00  0.0000E+00  0.0000E+00  0.0000E+00  0.0000E+00
  0.0000E+00  0.0000E+00  0.0000E+00  0.0000E+00  0.0000E+00  0.0000E+00  0.0000E+00  0.0000E+00  0.0000E+00  0.0000E+00  0.0000E+00  0.0000E+00  0.0000E+00  0.0000E+00  0.0000E+00  0.0000E+00  0.0000E+00  0.0000E+00  0.0000E+00  0.0000E+00  0.0000E+00  0.0000E+00  0.0000E+00  0.0000E+00  0.0000E+00  0.0000E+00  0.0000E+00  0.0000E+00  0.0000E+00  0.0000E+00  0.0000E+00  0.0000E+00  0.0000E+00  0.0000E+00  0.0000E+00  0.0000E+00  0.0000E+00  0.0000E+00  0.0000E+00  0.0000E+00  0.0000E+00  0.0000E+00  0.0000E+00  0.0000E+00  0.0000E+00  0.0000E+00  0.0000E+00  0.0000E+00  0.0000E+00  0.0000E+00  0.0000E+00  0.0000E+00  0.0000E+00  0.0000E+00  0.0000E+00  0.0000E+00  0.0000E+00  0.0000E+00  0.0000E+00  0.0000E+00  0.0000E+00  0.0000E+00  0.0000E+00  0.0000E+00  0.0000E+00  0.0000E+00  0.0000E+00  0.0000E+00  0.0000E+00  0.0000E+00
  0.0000E+00  0.0000E+00  0.0000E+00  0.0000E+00  0.0000E+00  0.0000E+00  0.0000E+00  0.0000E+00  0.0000E+00  0.0000E+00  0.0000E+00  0.0000E+00  0.0000E+00  0.0000E+00  0.0000E+00  0.0000E+00  0.0000E+00  0.0000E+00  0.0000E+00  0.0000E+00  0.0000E+00  0.0000E+00  0.0000E+00  0.0000E+00  0.0000E+00  0.0000E+00  0.0000E+00  0.0000E+00  0.0000E+00  0.0000E+00  0.0000E+00  0.0000E+00  0.0000E+00  0.0000E+00  0.0000E+00  0.0000E+00  0.0000E+00  0.0000E+00  0.0000E+00  0.0000E+00  0.0000E+00  0.0000E+00  0.0000E+00  0.0000E+00  0.0000E+00  0.0000E+00  0.0000E+00  0.0000E+00  0.0000E+00  0.0000E+00  0.0000E+00  0.0000E+00  0.0000E+00  0.0000E+00  0.0000E+00  0.0000E+00  0.0000E+00  0.0000E+00  0.0000E+00  0.0000E+00  0.0000E+00  0.0000E+00  0.0000E+00  0.0000E+00  0.0000E+00  0.0000E+00  0.0000E+00  0.0000E+00  0.0000E+00  0.0000E+00
  0.0000E+00  0.0000E+00  0.0000E+00  0.0000E+00  0.0000E+00  0.0000E+00  0.0000E+00  0.0000E+00  0.0000E+00  0.0000E+00  0.0000E+00  0.0000E+00  0.0000E+00  0.0000E+00  0.0000E+00  0.0000E+00  0.0000E+00  0.0000E+00  0.0000E+00  0.0000E+00  0.0000E+00  0.0000E+00  0.0000E+00  0.0000E+00  0.0000E+00  0.0000E+00  0.0000E+00  0.0000E+00  0.0000E+00  0.0000E+00  0.0000E+00  0.0000E+00  0.0000E+00  0.0000E+00  0.0000E+00  0.0000E+00  0.0000E+00  0.0000E+00  0.0000E+00  0.0000E+00  0.0000E+00  0.0000E+00  0.0000E+00  0.0000E+00  0.0000E+00  0.0000E+00  0.0000E+00  0.0000E+00  0.0000E+00  0.0000E+00  0.0000E+00  0.0000E+00  0.0000E+00  0.0000E+00  0.0000E+00  0.0000E+00  0.0000E+00  0.0000E+00  0.0000E+00  0.0000E+00  0.0000E+00  0.0000E+00  0.0000E+00  0.0000E+00  0.0000E+00  0.0000E+00  0.0000E+00  0.0000E+00  0.0000E+00  0.0000E+00
  0.0000E+00  0.0000E+00  0.0000E+00  0.0000E+00  0.0000E+00  0.0000E+00  0.0000E+00  0.0000E+00  0.0000E+00  0.0000E+00  0.0000E+00  0.0000E+00  0.0000E+00  0.0000E+00  0.0000E+00  0.0000E+00  0.0000E+00  0.0000E+00  0.0000E+00  0.0000E+00  0.0000E+00  0.0000E+00  0.0000E+00  0.0000E+00  0.0000E+00  0.0000E+00  0.0000E+00  0.0000E+00  0.0000E+00  0.0000E+00  0.0000E+00  0.0000E+00  0.0000E+00  0.0000E+00  0.0000E+00  0.0000E+00  0.0000E+00  0.0000E+00  0.0000E+00  0.0000E+00  0.0000E+00  0.0000E+00  0.0000E+00  0.0000E+00  0.0000E+00  0.0000E+00  0.0000E+00  0.0000E+00  0.0000E+00  0.0000E+00  0.0000E+00  0.0000E+00  0.0000E+00  0.0000E+00  0.0000E+00  0.0000E+00  0.0000E+00  0.0000E+00  0.0000E+00  0.0000E+00  0.0000E+00  0.0000E+00  0.0000E+00  0.0000E+00  0.0000E+00  0.0000E+00  0.0000E+00  0.0000E+00  0.0000E+00  0.0000E+00
  0.0000E+00  0.0000E+00  0.0000E+00  0.0000E+00  0.0000E+00  0.0000E+00  0.0000E+00  0.0000E+00  0.0000E+00  0.0000E+00  0.0000E+00  0.0000E+00  0.0000E+00  0.0000E+00  0.0000E+00  0.0000E+00  0.0000E+00  0.0000E+00  0.0000E+00  0.0000E+00  0.0000E+00  0.0000E+00  0.0000E+00  0.0000E+00  0.0000E+00  0.0000E+00  0.0000E+00  0.0000E+00  0.0000E+00  0.0000E+00  0.0000E+00  0.0000E+00  0.0000E+00  0.0000E+00  0.0000E+00  0.0000E+00  0.0000E+00  0.0000E+00  0.0000E+00  0.0000E+00  0.0000E+00  0.0000E+00  0.0000E+00  0.0000E+00  0.0000E+00  0.0000E+00  0.0000E+00  0.0000E+00  0.0000E+00  0.0000E+00  0.0000E+00  0.0000E+00  0.0000E+00  0.0000E+00  0.0000E+00  0.0000E+00  0.0000E+00  0.0000E+00  0.0000E+00  0.0000E+00  0.0000E+00  0.0000E+00  0.0000E+00  0.0000E+00  0.0000E+00  0.0000E+00  0.0000E+00  0.0000E+00  0.0000E+00  0.0000E+00
  0.0000E+00  0.0000E+00  0.0000E+00  0.0000E+00  0.0000E+00  0.0000E+00  0.0000E+00  0.0000E+00  0.0000E+00  0.0000E+00  0.0000E+00  0.0000E+00  0.0000E+00  0.0000E+00  0.0000E+00  0.0000E+00  0.0000E+00  0.0000E+00  0.0000E+00  0.0000E+00  0.0000E+00  0.0000E+00  0.0000E+00  0.0000E+00  0.0000E+00  0.0000E+00  0.0000E+00  0.0000E+00  0.0000E+00  0.0000E+00  0.0000E+00  0.0000E+00  0.0000E+00  0.0000E+00  0.0000E+00  0.0000E+00  0.0000E+00  0.0000E+00  0.0000E+00  0.0000E+00  0.0000E+00  0.0000E+00  0.0000E+00  0.0000E+00  0.0000E+00  0.0000E+00  0.0000E+00  0.0000E+00  0.0000E+00  0.0000E+00  0.0000E+00  0.0000E+00  0.0000E+00  0.0000E+00  0.0000E+00  0.0000E+00  0.0000E+00  0.0000E+00  0.0000E+00  0.0000E+00  0.0000E+00  0.0000E+00  0.0000E+00  0.0000E+00  0.0000E+00  0.0000E+00  0.0000E+00  0.0000E+00  0.0000E+00  0.0000E+00
  0.0000E+00  0.0000E+00  0.0000E+00  0.0000E+00  0.0000E+00  0.0000E+00  0.0000E+00  0.0000E+00  0.0000E+00  0.0000E+00  0.0000E+00  0.0000E+00  0.0000E+00  0.0000E+00  0.0000E+00  0.0000E+00  0.0000E+00  0.0000E+00  0.0000E+00  0.0000E+00  0.0000E+00  0.0000E+00  0.0000E+00  0.0000E+00  0.0000E+00  0.0000E+00  0.0000E+00  0.0000E+00  0.0000E+00  0.0000E+00  0.0000E+00  0.0000E+00  0.0000E+00  0.0000E+00  0.0000E+00  0.0000E+00  0.0000E+00  0.0000E+00  0.0000E+00  0.0000E+00  0.0000E+00  0.0000E+00  0.0000E+00  0.0000E+00  0.0000E+00  0.0000E+00  0.0000E+00  0.0000E+00  0.0000E+00  0.0000E+00  0.0000E+00  0.0000E+00  0.0000E+00  0.0000E+00  0.0000E+00  0.0000E+00  0.0000E+00  0.0000E+00  0.0000E+00  0.0000E+00  0.0000E+00  0.0000E+00  0.0000E+00  0.0000E+00  0.0000E+00  0.0000E+00  0.0000E+00  0.0000E+00  0.0000E+00  0.0000E+00
