# model = astrodust_MW_euv
# Size-integrated extinction, albedo and scattering asymmetry per H
# for the Hensley & Draine (2023) astrodust+PAH Milky-Way model,
# carried into the extreme ultraviolet.
#
# Model definition: Hensley & Draine (2023), ApJ 948, 55
#   (astrodust + PAH, Milky Way R_V = 3.1 fit).
# Size distribution: ../data/release/size_distribution.dat
# Optics:
#   0.0912 - 39810 um : random-orientation T-matrix Q table,
#     ../tmatrix/output/q_astrodust_P0.20_Fe0.00_1.400.dat
#     (oblate spheroid b/a = 1.4, porosity P = 0.20, f_Fe = 0)
#   below 0.0912 um   : the same random-orientation T-matrix on the
#     same b/a = 1.4 oblate spheroid, computed directly from the
#     Draine & Hensley (2021) dielectric function,
#     ../data/dielectric/index_DH21Ad_P0.20_0.00_1.400
#     Where the size parameter leaves the T-matrix range the
#     Rayleigh dipole limit (x < 0.1) and the geometric optics
#     limit (x > 50) are used, exactly as the Q table itself does.
#   PAH : charge-resolved DL07 absorption (neutral + cation mixed by
#     f_ion, a > 100 A fully ionized).  PAH scattering is negligible
#     (Rayleigh) and is not modelled, so the PAHs enter extinction
#     through absorption only and the astrodust grains carry all the
#     scattering and the asymmetry.
#
# Wavelength range:  1.001032E-04 -  3.981000E+04 um, 1719 points.
#   The floor is set by the DH21 astrodust dielectric function,
#   whose own table stops at  1.000032E-04 um; a shorter floor is refused,
#   because (n, k) would freeze at the boundary value there.
#
# How far to trust the EUV band of THIS model:
#   Above 0.0912 um the astrodust optics are the b/a = 1.4 spheroid
#   T-matrix solution.  Below it they are volume-equivalent-sphere Mie
#   on the same dielectric function.  That shape approximation costs
#   <= 1.5% per grain in the orientation-averaged extinction and
#   0.2 - 0.7% after the size integral, and converges to a CONSTANT
#   -2.08% in the large-particle limit: by Cauchy's theorem the
#   orientation-averaged projected area of a convex particle is S/4,
#   which for b/a = 1.4 is 2.12% larger than pi a_eff^2 of the
#   volume-equivalent sphere.
#   There is NO external reference for this band: the HD23 author
#   release (extinction.dat, scattering.dat) stops at 12.4 eV.
#   Above 21.4 eV (1/lambda = 17.25 um^-1) the DL07 PAH cross section
#   is zero by construction, so the carbonaceous absorption there is
#   entirely D03 graphite -- Mie on the Draine 2003 dielectric
#   functions, random-orientation 1/3 parallel + 2/3 perpendicular.
#
# Column order follows Draine's kext_albedo tables and MoCHII's
#   par%ion_dust_kext reader: the first four columns are
#   lambda, albedo, <cos>, C_ext/H, and a reader may stop there.
#   Draine's 5th column is K_abs [cm^2/g]; ours is C_abs/H [cm^2/H],
#   so no dust-mass normalization is folded into the first six
#   columns; K_abs is a separate trailing column instead.
#   A host running the Zubko model through an ionizing band needs
#   exactly such a file: that model has no EUV extension of its own
#   (its optics table IS the model definition), so the host reads the
#   ionizing-band optics from a curve file instead.
#
# SCOPE: these are size-integrated TRANSPORT optics, not a dust model.
#   There is no size-resolved Cabs(lambda, a), no grain enthalpy and no
#   Planck integral here, so stochastic heating and thermal emission
#   cannot be computed from this file.  A host that needs emission must
#   build the model (build_astrodust / build_dl07 / build_zubko /
#   build_from_files).  The builder reads this very curve back in, and
#   dust_extinction serves it on the model wavelength grid while
#   dust_emission supplies the re-emitted spectrum, so the absorbed
#   power and the emission refer to one and the same grain.
#
# Units: lambda micron; cross sections cm^2 per H nucleon;
#   albedo and <cos> dimensionless.
#
# K_abs [cm^2/g] = C_abs/H / (M_dust/N_H), M_dust/N_H =  1.184949E-26 g/H.
#   The dust mass per H is this model's own size distribution
#   weighted by the solid density of each grain material:
#   M_dust/N_H = sum_pop rho * sum_a (4/3) pi a^3 dn(a).
#   Densities: rho_Ad = 2.74, rho_PAH = 2.0 g/cm^3 (HD23 conventions).
#
#             lambda               albedo                <cos>              C_ext/H              C_abs/H              C_sca/H                K_abs
#           (micron)                                                       (cm^2/H)             (cm^2/H)             (cm^2/H)             (cm^2/g)
 1.001032295532E-004  9.995798187473E-001  2.562927762314E-009  1.324980140207E-021  5.567318151096E-025  1.324423408392E-021  4.698360120966E+001
 1.012661432217E-004  9.995661154075E-001  2.504198113959E-009  1.324980215253E-021  5.748885007192E-025  1.324405326752E-021  4.851587662993E+001
 1.024425666263E-004  9.995519006603E-001  2.516795446762E-009  1.324980290563E-021  5.937227933676E-025  1.324386567770E-021  5.010533652936E+001
 1.036326567113E-004  9.995371974145E-001  2.563332278372E-009  1.324980365925E-021  6.132043390715E-025  1.324367161586E-021  5.174941928063E+001
 1.048365722447E-004  9.995215751651E-001  2.617699310403E-009  1.324980441736E-021  6.339035491275E-025  1.324346538187E-021  5.349626292102E+001
 1.060544738387E-004  9.995035517400E-001  2.904315132696E-009  1.318044027920E-021  6.543406642403E-025  1.317389687256E-021  5.522098789680E+001
 1.072865239712E-004  9.994882105207E-001  2.963232277681E-009  1.318044103346E-021  6.745611053226E-025  1.317369542240E-021  5.692742736067E+001
 1.085328870080E-004  9.994714870015E-001  3.027266269358E-009  1.318044180443E-021  6.966034819100E-025  1.317347576962E-021  5.878762324528E+001
 1.097937292242E-004  9.994538199588E-001  3.095071824779E-009  1.318044258505E-021  7.198894673938E-025  1.317324369037E-021  6.075276952586E+001
 1.110692188264E-004  9.994363584509E-001  3.162816689867E-009  1.318044335671E-021  7.429045511730E-025  1.317301431120E-021  6.269505392337E+001
 1.123595259754E-004  9.994164672247E-001  3.481562613913E-009  1.312057872834E-021  7.656287718862E-025  1.311292244062E-021  6.461279186257E+001
 1.136648228088E-004  9.993970798698E-001  3.560470064478E-009  1.312057953434E-021  7.910661520971E-025  1.311266887281E-021  6.675949822138E+001
 1.149852834640E-004  9.993770829145E-001  3.641595387316E-009  1.312058034528E-021  8.173033668409E-025  1.311240731161E-021  6.897370405787E+001
 1.163210841012E-004  9.993573189850E-001  3.722660457032E-009  1.312058114692E-021  8.432348409489E-025  1.311214879851E-021  7.116210789110E+001
 1.176724029273E-004  9.993377853259E-001  3.803644719369E-009  1.312058193937E-021  8.688641892790E-025  1.311189329748E-021  7.332501478545E+001
 1.190394202192E-004  9.993132210881E-001  4.163215364740E-009  1.306882409557E-021  8.975392792444E-025  1.305984870278E-021  7.574495730539E+001
 1.204223183484E-004  9.992904223799E-001  4.258704594661E-009  1.306882494823E-021  9.273345704278E-025  1.305955160253E-021  7.825943562492E+001
 1.218212818048E-004  9.992678898716E-001  4.354133637860E-009  1.306882579113E-021  9.567819727558E-025  1.305925797140E-021  8.074455497699E+001
 1.232364972216E-004  9.992456204083E-001  4.449470622621E-009  1.306882662434E-021  9.858856092429E-025  1.305896776825E-021  8.320066331020E+001
 1.246681534002E-004  9.992220955370E-001  4.546585510923E-009  1.306882798166E-021  1.016629961294E-024  1.305866168205E-021  8.579523458674E+001
 1.261164413353E-004  9.991944468526E-001  4.942047351195E-009  1.302399237698E-021  1.049151805042E-024  1.301350085893E-021  8.853981159091E+001
 1.275815542404E-004  9.991690715536E-001  5.049551044510E-009  1.302399430855E-021  1.082200735651E-024  1.301317230119E-021  9.132887040522E+001
 1.290636875736E-004  9.991423000822E-001  5.162506103968E-009  1.302399624892E-021  1.117068051278E-024  1.301282556841E-021  9.427138600827E+001
 1.305630390637E-004  9.991157510829E-001  5.275598792365E-009  1.302399816867E-021  1.151645627720E-024  1.301248171240E-021  9.718944999938E+001
 1.320798087366E-004  9.990870580671E-001  5.395341549630E-009  1.302400011132E-021  1.189015583608E-024  1.301210995548E-021  1.003431679242E+002
 1.336141989416E-004  9.990559021035E-001  5.837474144017E-009  1.298508051275E-021  1.225918719779E-024  1.297282132555E-021  1.034574900919E+002
 1.351664143792E-004  9.990256061363E-001  5.969867103181E-009  1.298508246954E-021  1.265258467779E-024  1.297242988487E-021  1.067774423231E+002
 1.367366621276E-004  9.989948473885E-001  6.104369341460E-009  1.298508441933E-021  1.305199151521E-024  1.297203242781E-021  1.101481086045E+002
 1.383251516708E-004  9.989633793252E-001  6.239919265222E-009  1.298508636690E-021  1.346060899147E-024  1.297162575791E-021  1.135965051270E+002
 1.399320949264E-004  9.989303431468E-001  6.377469527813E-009  1.298508832866E-021  1.388958872076E-024  1.297119873994E-021  1.172167423725E+002
 1.415577062737E-004  9.988948364050E-001  6.866474310912E-009  1.295121795644E-021  1.431321459597E-024  1.293690474184E-021  1.207917974785E+002
 1.432022025827E-004  9.988592095793E-001  7.012807423381E-009  1.295121995522E-021  1.477462766115E-024  1.293644532756E-021  1.246857454906E+002
 1.448658032427E-004  9.988237014959E-001  7.159076090855E-009  1.295122193689E-021  1.523450299081E-024  1.293598743390E-021  1.285667162756E+002
 1.465487301917E-004  9.987874842391E-001  7.308229001280E-009  1.295122391771E-021  1.570356312344E-024  1.293552035458E-021  1.325251992680E+002
 1.482512079461E-004  9.987496965555E-001  7.449128816957E-009  1.295122591441E-021  1.619296237110E-024  1.293503295204E-021  1.366553277177E+002
 1.499734636303E-004  9.987594968926E-001  8.003255597903E-009  1.292168201781E-021  1.602938669544E-024  1.290565263111E-021  1.352748831115E+002
 1.517157270074E-004  9.987196055825E-001  8.182723529102E-009  1.292168404604E-021  1.654485211663E-024  1.290513919392E-021  1.396249886972E+002
 1.534782305096E-004  9.986801856682E-001  8.362013628076E-009  1.292168605101E-021  1.705422644163E-024  1.290463182457E-021  1.439236904244E+002
 1.552612092695E-004  9.986404052887E-001  8.540988428700E-009  1.292168840589E-021  1.756825921712E-024  1.290412014668E-021  1.482617056550E+002
 1.570649011510E-004  9.985966845666E-001  8.719219272228E-009  1.292169272522E-021  1.813321082675E-024  1.290355951440E-021  1.530294341032E+002
 1.588895467815E-004  9.985506101887E-001  9.313972186651E-009  1.289585726394E-021  1.869112412610E-024  1.287716613981E-021  1.577377649826E+002
 1.607353895837E-004  9.985057021777E-001  9.498422956144E-009  1.289586154859E-021  1.927025782872E-024  1.287659129076E-021  1.626251786695E+002
 1.626026758082E-004  9.984582544130E-001  9.680297583884E-009  1.289586584655E-021  1.988214425976E-024  1.287598370229E-021  1.677889985342E+002
 1.644916545663E-004  9.984113702190E-001  9.861693294374E-009  1.289587009517E-021  2.048676328478E-024  1.287538333189E-021  1.728914874497E+002
 1.664025778634E-004  9.983618822271E-001  1.002134322767E-008  1.289587435911E-021  2.112496098488E-024  1.287474939812E-021  1.782773528558E+002
 1.683357006322E-004  9.983076618090E-001  1.061188505280E-008  1.287321738421E-021  2.178583741980E-024  1.285143154679E-021  1.838546081921E+002
 1.702912807674E-004  9.982569085883E-001  1.076041015027E-008  1.287322162113E-021  2.243920204832E-024  1.285078241908E-021  1.893684700404E+002
 1.722695791592E-004  9.982036180158E-001  1.075608312569E-008  1.287322587280E-021  2.312523103618E-024  1.285010064176E-021  1.951579923040E+002
 1.742708597291E-004  9.993967449932E-001  1.042990219739E-008  1.287320427902E-021  7.765824935246E-025  1.286543845408E-021  6.553719617224E+001
 1.762953894642E-004  9.993765486935E-001  1.126311523262E-008  1.287320777732E-021  8.025818207066E-025  1.286518195911E-021  6.773132624867E+001
 1.783434384536E-004  9.993542226901E-001  1.220492882510E-008  1.285327813533E-021  8.300355378079E-025  1.284497777995E-021  7.004819491147E+001
 1.804152799237E-004  9.993321851897E-001  1.258207576911E-008  1.285328160397E-021  8.583611816155E-025  1.284469799215E-021  7.243864704039E+001
 1.825111902752E-004  9.993104047296E-001  1.296033854811E-008  1.285328503285E-021  8.863564567506E-025  1.284442146828E-021  7.480121876164E+001
 1.846314491199E-004  9.992874773277E-001  1.333249692132E-008  1.285328845173E-021  9.158259434979E-025  1.284413019230E-021  7.728820185765E+001
 1.867763393176E-004  9.992630968832E-001  1.369655239151E-008  1.285329186742E-021  9.471630838410E-025  1.284382023658E-021  7.993279960646E+001
 1.889461470144E-004  9.992379697746E-001  1.461736941810E-008  1.283570647100E-021  9.781196295522E-025  1.282592527471E-021  8.254527828839E+001
 1.911411616805E-004  9.992134511259E-001  1.499783239146E-008  1.283570983248E-021  1.009591311673E-024  1.282561391936E-021  8.520123026032E+001
 1.933616761488E-004  9.991861708086E-001  1.538367153714E-008  1.283571322062E-021  1.044607811158E-024  1.282526714251E-021  8.815633575796E+001
 1.956079866542E-004  9.991592098755E-001  1.576966494317E-008  1.283571656990E-021  1.079214373319E-024  1.282492442617E-021  9.107684590612E+001
 1.978803928731E-004  9.991325645193E-001  1.615567961067E-008  1.283571988075E-021  1.113415884533E-024  1.282458572191E-021  9.396317307480E+001
 2.001791979630E-004  9.991018410624E-001  1.718731184826E-008  1.282015083800E-021  1.151453305598E-024  1.280863630494E-021  9.717321958886E+001
 2.025047086036E-004  9.990715996763E-001  1.761383171520E-008  1.282015417416E-021  1.190223528471E-024  1.280825193888E-021  1.004451085681E+002
 2.048572350369E-004  9.990417130844E-001  1.804031620002E-008  1.282015747208E-021  1.228538916091E-024  1.280787208292E-021  1.036786131808E+002
 2.072370911094E-004  9.990110163137E-001  1.847467319148E-008  1.282016177538E-021  1.267893085140E-024  1.280748284453E-021  1.069997824302E+002
 2.096445943135E-004  9.989772150211E-001  1.893311424394E-008  1.282016914402E-021  1.311227642704E-024  1.280705686759E-021  1.106568638399E+002
 2.120800658299E-004  9.989426833207E-001  2.009629369990E-008  1.280633365291E-021  1.354035017135E-024  1.279279330274E-021  1.142694553148E+002
 2.145438305704E-004  9.989081836931E-001  2.058191575783E-008  1.280634089692E-021  1.398217182273E-024  1.279235872510E-021  1.179980678552E+002
 2.170362172216E-004  9.988709440619E-001  2.109056555205E-008  1.280634812756E-021  1.445908339933E-024  1.279188904416E-021  1.220228105983E+002
 2.195575582883E-004  9.988341433372E-001  2.159912003669E-008  1.280635527522E-021  1.493037462406E-024  1.279142490060E-021  1.260001221791E+002
 2.221081901382E-004  9.987963838608E-001  2.211603648169E-008  1.280636237170E-021  1.541394443467E-024  1.279094842726E-021  1.300810549589E+002
 2.246884530465E-004  9.987542611053E-001  2.345186744865E-008  1.279400519594E-021  1.593798989168E-024  1.277806720604E-021  1.345035690132E+002
 2.272986912415E-004  9.987137708043E-001  2.401013053902E-008  1.279401222306E-021  1.645603205193E-024  1.277755619101E-021  1.388754201642E+002
 2.299392529504E-004  9.986730242134E-001  2.457363573498E-008  1.279401918610E-021  1.697735367368E-024  1.277704183243E-021  1.432749472818E+002
 2.326104904458E-004  9.986277776587E-001  2.517523740746E-008  1.279402618143E-021  1.755624856190E-024  1.277646993287E-021  1.481603455710E+002
 2.353127600929E-004  9.985830674151E-001  2.577662509710E-008  1.279403309648E-021  1.812828238704E-024  1.277590481410E-021  1.529878421123E+002
 2.380464223966E-004  9.985376336186E-001  2.728171911081E-008  1.278292382373E-021  1.869331805612E-024  1.276423050567E-021  1.577562799535E+002
 2.408118420498E-004  9.984879873272E-001  2.794956980872E-008  1.278293073051E-021  1.932795326013E-024  1.276360277725E-021  1.631120808129E+002
 2.436093879824E-004  9.984379710371E-001  2.862477616599E-008  1.278293758003E-021  1.996731873154E-024  1.276297026129E-021  1.685078012515E+002
 2.464394334100E-004  9.983885495908E-001  2.929960322484E-008  1.278294435095E-021  2.059908090465E-024  1.276234527004E-021  1.738393560855E+002
 2.493023558838E-004  9.983357900642E-001  2.999426529998E-008  1.278295445393E-021  2.127351981171E-024  1.276168093412E-021  1.795310675684E+002
 2.521985373413E-004  9.982778244881E-001  3.174921211021E-008  1.277288015884E-021  2.199714142659E-024  1.275088301742E-021  1.856378407862E+002
 2.551283641568E-004  9.982218310587E-001  3.249103938305E-008  1.277289390905E-021  2.271236323965E-024  1.275018154581E-021  1.916737265627E+002
 2.580922271935E-004  9.981665059166E-001  3.323213374216E-008  1.277290750143E-021  2.341905033172E-024  1.274948845110E-021  1.976375862906E+002
 2.610905218549E-004  9.981038319760E-001  3.403804623734E-008  1.277292112351E-021  2.421960460753E-024  1.274870151890E-021  2.043936080987E+002
 2.641236481382E-004  9.980413135928E-001  3.484846548850E-008  1.277293460306E-021  2.501817338763E-024  1.274791642967E-021  2.111328739507E+002
 2.671920106874E-004  9.979780957238E-001  3.686366922297E-008  1.276365185172E-021  2.580688225889E-024  1.273784496946E-021  2.177889302550E+002
 2.702960188473E-004  9.979143218307E-001  3.772083619110E-008  1.276366510485E-021  2.662089766911E-024  1.273704420718E-021  2.246585530023E+002
 2.734360867181E-004  9.978430661273E-001  3.864052817883E-008  1.276367839978E-021  2.753041028048E-024  1.273614798950E-021  2.323340938405E+002
 2.766126332106E-004  9.977726700141E-001  3.955971971324E-008  1.276369154209E-021  2.842895290254E-024  1.273526258919E-021  2.399170569619E+002
 2.798260821023E-004  9.977031226397E-001  4.047812270415E-008  1.276370453356E-021  2.931666397647E-024  1.273438786958E-021  2.474086106965E+002
 2.830768620937E-004  9.976281189665E-001  4.285906760382E-008  1.275493752562E-021  3.025319440033E-024  1.272468433122E-021  2.553121597234E+002
 2.863654068655E-004  9.975484767301E-001  4.387725671602E-008  1.275495051956E-021  3.126905800460E-024  1.272368146155E-021  2.638852157570E+002
 2.896921551366E-004  9.974698008842E-001  4.489454265926E-008  1.275496336440E-021  3.227259702659E-024  1.272269076738E-021  2.723542624197E+002
 2.930575507227E-004  9.973920791042E-001  4.591061351439E-008  1.275497606180E-021  3.326396859691E-024  1.272171209320E-021  2.807206257649E+002
 2.964620425951E-004  9.973114283403E-001  4.695022461912E-008  1.275498870587E-021  3.429270115393E-024  1.272069600472E-021  2.894022852100E+002
 2.999060849411E-004  9.972233458110E-001  4.980823084442E-008  1.274638006727E-021  3.539228960846E-024  1.271098777767E-021  2.986819103438E+002
 3.033901372241E-004  9.971363072098E-001  5.090954843754E-008  1.274639264702E-021  3.650175272443E-024  1.270989089430E-021  3.080448695250E+002
 3.069146642456E-004  9.972051547466E-001  5.176351469855E-008  1.274640134576E-021  3.562421929975E-024  1.271077712646E-021  3.006392068066E+002
 3.104801362062E-004  9.971154045121E-001  5.330451406582E-008  1.274641644930E-021  3.676825537680E-024  1.270964819392E-021  3.102939334370E+002
 3.140870287693E-004  9.970196491060E-001  5.462606214264E-008  1.274644730691E-021  3.798888562605E-024  1.270845842129E-021  3.205950520903E+002
 3.177358231240E-004  9.969229429892E-001  5.827855992755E-008  1.273751795988E-021  3.919406893912E-024  1.269832389094E-021  3.307658112654E+002
 3.214270060494E-004  9.968214008801E-001  5.968524668587E-008  1.273754834173E-021  4.048755994890E-024  1.269706078178E-021  3.416818150076E+002
 3.251610699798E-004  9.967207147068E-001  6.109230956898E-008  1.273757838436E-021  4.177015346714E-024  1.269580823090E-021  3.525058528549E+002
 3.289385130698E-004  9.966147146285E-001  6.254017698903E-008  1.273760824330E-021  4.312043885402E-024  1.269448780445E-021  3.639011545809E+002
 3.327598392616E-004  9.965072894297E-001  6.400441063005E-008  1.273763782672E-021  4.448888227759E-024  1.269314894444E-021  3.754496952509E+002
 3.366255583514E-004  9.963936817460E-001  6.880419799604E-008  1.272765378521E-021  4.589997017577E-024  1.268175381503E-021  3.873581203275E+002
 3.405361860579E-004  9.962769532235E-001  7.045618587227E-008  1.272768303265E-021  4.738575928693E-024  1.268029727336E-021  3.998969624029E+002
 3.444922440910E-004  9.961614115335E-001  7.210787235149E-008  1.272771195093E-021  4.885644829936E-024  1.267885550263E-021  4.123083720239E+002
 3.484942602213E-004  9.960362592514E-001  7.380853557191E-008  1.272774081429E-021  5.044946490322E-024  1.267729134939E-021  4.257521262347E+002
 3.525427683508E-004  9.959126714883E-001  7.550723895392E-008  1.272776934624E-021  5.202257453959E-024  1.267574677170E-021  4.390278819591E+002
 3.566383085837E-004  9.957790579344E-001  8.233156847037E-008  1.271569528466E-021  5.367221312005E-024  1.266202307154E-021  4.529494792347E+002
 3.607814272987E-004  9.956454792770E-001  8.431422786516E-008  1.271572356089E-021  5.537088175401E-024  1.266035267914E-021  4.672848499678E+002
 3.649726772219E-004  9.955125138805E-001  8.629752846034E-008  1.271575153988E-021  5.706175853424E-024  1.265868978135E-021  4.815544638431E+002
 3.692126175005E-004  9.953680625214E-001  8.830935480279E-008  1.271577953563E-021  5.889869580134E-024  1.265688083983E-021  4.970567084898E+002
 3.735018137774E-004  9.952254408109E-001  9.031852288736E-008  1.271580720995E-021  6.071237416050E-024  1.265509483579E-021  5.123626670208E+002
 3.778408382666E-004  9.950705582239E-001  1.006622760568E-007  1.270016281384E-021  6.260471313765E-024  1.263755810070E-021  5.283324566830E+002
 3.822302698297E-004  9.949149264709E-001  1.030757366175E-007  1.270019039238E-021  6.458140197925E-024  1.263560899040E-021  5.450140900528E+002
 3.866706940529E-004  9.947612808501E-001  1.054868825416E-007  1.270021765437E-021  6.653287343341E-024  1.263368478093E-021  5.614829093453E+002
 3.911627033253E-004  9.945950880287E-001  1.079417935418E-007  1.270024498837E-021  6.864370617604E-024  1.263160128219E-021  5.792966072711E+002
 3.957068969180E-004  9.944279909424E-001  1.104034137128E-007  1.270027208937E-021  7.076603111653E-024  1.262950605825E-021  5.972072899256E+002
 4.003038810635E-004  9.942520449779E-001  1.270316706105E-007  1.267898494724E-021  7.287823520301E-024  1.260610671204E-021  6.150325608692E+002
 4.049542690376E-004  9.940686220337E-001  1.300550512644E-007  1.267901216172E-021  7.520401337041E-024  1.260380814835E-021  6.346602219717E+002
 4.096586812400E-004  9.938875834501E-001  1.330755020885E-007  1.267903906387E-021  7.749956821038E-024  1.260153949566E-021  6.540328229672E+002
 4.144177452781E-004  9.937032211913E-001  1.361383436943E-007  1.267907349197E-021  7.983732127880E-024  1.259923617069E-021  6.737615424174E+002
 4.192320960502E-004  9.935032239445E-001  1.393453652021E-007  1.267913246149E-021  8.237348417971E-024  1.259675897731E-021  6.951646782012E+002
 4.241023758302E-004  9.932904767894E-001  1.675754661200E-007  1.264941789623E-021  8.487156297559E-024  1.256454633325E-021  7.162464153590E+002
 4.290292343535E-004  9.930874931846E-001  1.714232999930E-007  1.264947604292E-021  8.743958935821E-024  1.256203645356E-021  7.379184528073E+002
 4.340133289035E-004  9.928694850650E-001  1.754358630668E-007  1.264953404253E-021  9.019769141054E-024  1.255933635112E-021  7.611945730874E+002
 4.390553243993E-004  9.926543679769E-001  1.794444060681E-007  1.264959137615E-021  9.291924349182E-024  1.255667213266E-021  7.841622415747E+002
 4.441558934847E-004  9.924367134629E-001  1.834664751413E-007  1.264964820993E-021  9.567291400478E-024  1.255397529592E-021  8.074009632955E+002
 4.493157166175E-004  9.921818591704E-001  2.320866890835E-007  1.260778158883E-021  9.856941201024E-024  1.250921217682E-021  8.318450319654E+002
 4.545354821605E-004  9.919432168441E-001  2.374382459302E-007  1.260783844176E-021  1.015786203895E-023  1.250625982137E-021  8.572402837924E+002
 4.598158864733E-004  9.917015569657E-001  2.429098833406E-007  1.260789484124E-021  1.046258971224E-023  1.250326894412E-021  8.829568013163E+002
 4.651576340053E-004  9.914518236842E-001  2.483710617255E-007  1.260795095402E-021  1.077749877354E-023  1.250017596628E-021  9.095325445236E+002
 4.705614373895E-004  9.911960684704E-001  2.539075014136E-007  1.260800672348E-021  1.110000279184E-023  1.249700669557E-021  9.367492398383E+002
 4.760280175377E-004  9.908930941922E-001  3.385585313627E-007  1.254930204856E-021  1.142853117093E-023  1.243501673685E-021  9.644743418185E+002
 4.815581037367E-004  9.906196049689E-001  3.460544112851E-007  1.254935823497E-021  1.177179376307E-023  1.243164029734E-021  9.934428905907E+002
 4.871524337453E-004  9.903438232836E-001  3.535101686557E-007  1.254941398988E-021  1.211793591738E-023  1.242823463071E-021  1.022654450805E+003
 4.928117538933E-004  9.900543819480E-001  3.606733354784E-007  1.254946972087E-021  1.248122325989E-023  1.242465748828E-021  1.053312924349E+003
 4.985368191804E-004  9.897640722762E-001  3.664169390928E-007  1.254955009093E-021  1.284562876969E-023  1.242109380323E-021  1.084065762047E+003
 5.043283933773E-004  9.899980993443E-001  5.133621205054E-007  1.246837198071E-021  1.247074178893E-023  1.234366456282E-021  1.052428374126E+003
 5.101872491279E-004  9.896930586071E-001  5.268763395691E-007  1.246848261073E-021  1.285119195272E-023  1.233997069120E-021  1.084535249089E+003
 5.161141680514E-004  9.893886017203E-001  5.396251518969E-007  1.246859210867E-021  1.323091968522E-023  1.233628291181E-021  1.116581156773E+003
 5.221099408477E-004  9.890652035473E-001  5.530902100402E-007  1.246870129800E-021  1.363427107234E-023  1.233235858728E-021  1.150620707245E+003
 5.281753674021E-004  9.887421031999E-001  5.665569892831E-007  1.246880940699E-021  1.403725695234E-023  1.232843683746E-021  1.184629411913E+003
 5.343112568924E-004  9.883023836272E-001  8.196196888921E-007  1.235858495691E-021  1.445659857362E-023  1.221401897118E-021  1.220018407063E+003
 5.405184278967E-004  9.879597676420E-001  8.382536317969E-007  1.235869411697E-021  1.488015488097E-023  1.220989256816E-021  1.255763087166E+003
 5.467977085026E-004  9.876051548646E-001  8.582353096666E-007  1.235880284750E-021  1.531854473538E-023  1.220561740015E-021  1.292759597038E+003
 5.531499364177E-004  9.872461064339E-001  8.782057655100E-007  1.235891078787E-021  1.576242327812E-023  1.220128655509E-021  1.330219307211E+003
 5.595759590816E-004  9.868731307396E-001  8.981489520560E-007  1.235901840903E-021  1.622352188423E-023  1.219678319018E-021  1.369132249564E+003
 5.660766337784E-004  9.863231890885E-001  1.327680624931E-006  1.221254627295E-021  1.670286861229E-023  1.204551758683E-021  1.409585183816E+003
 5.726528277516E-004  9.858909224591E-001  1.358178468385E-006  1.221265903725E-021  1.723093533368E-023  1.204034968392E-021  1.454149686107E+003
 5.793054183196E-004  9.854651423466E-001  1.388670479294E-006  1.221277050650E-021  1.775108808653E-023  1.203525962564E-021  1.498046314330E+003
 5.860352929925E-004  9.850457314597E-001  1.419152271295E-006  1.221288069781E-021  1.826346976056E-023  1.203024600020E-021  1.541287127207E+003
 5.928433495910E-004  9.846325753546E-001  1.449615211196E-006  1.221298962543E-021  1.876821977635E-023  1.202530742766E-021  1.583883890691E+003
 5.997304963658E-004  9.839845684236E-001  2.161214874248E-006  1.202288281291E-021  1.925516570414E-023  1.183033115587E-021  1.624978135103E+003
 6.066976521190E-004  9.835589689656E-001  2.206503557196E-006  1.202299636176E-021  1.976704563100E-023  1.182532590545E-021  1.668176604632E+003
 6.137457463262E-004  9.830904443693E-001  2.253762823890E-006  1.202311220384E-021  2.033054846649E-023  1.181980671917E-021  1.715731624454E+003
 6.208757192614E-004  9.826201012898E-001  2.300495830651E-006  1.202323466227E-021  2.089626005992E-023  1.181427206168E-021  1.763473045340E+003
 6.280885221214E-004  9.820991243389E-001  2.343955930696E-006  1.202340703051E-021  2.152295142764E-023  1.180817751623E-021  1.816360659274E+003
 6.353851171535E-004  9.812235896706E-001  3.491484970689E-006  1.178274935612E-021  2.212377367187E-023  1.156151161940E-021  1.867065131256E+003
 6.427664777834E-004  9.807089139594E-001  3.555038428427E-006  1.178292746540E-021  2.273054675457E-023  1.155562199786E-021  1.918271805221E+003
 6.502335887454E-004  9.802022613232E-001  3.618461350436E-006  1.178310352588E-021  2.332788044075E-023  1.154982472147E-021  1.968681871502E+003
 6.577874462133E-004  9.796635069537E-001  3.670659064510E-006  1.178330107910E-021  2.396310204579E-023  1.154367005864E-021  2.022289367537E+003
 6.654290579339E-004  9.791012177640E-001  3.688382912655E-006  1.178350774115E-021  2.462609622582E-023  1.153724677889E-021  2.078240641227E+003
 6.731594433610E-004  9.822975762845E-001  5.251578117046E-006  1.148598488127E-021  2.033297711583E-023  1.128265511011E-021  1.715936582549E+003
 6.809796337915E-004  9.817755629968E-001  5.540829434450E-006  1.148619704452E-021  2.093294744441E-023  1.127686757008E-021  1.766569159834E+003
 6.888906725032E-004  9.812577476222E-001  5.785891736080E-006  1.148640713978E-021  2.152811415276E-023  1.127112599826E-021  1.816796350951E+003
 6.968936148937E-004  9.807042256868E-001  5.956261006923E-006  1.148665417588E-021  2.216438865918E-023  1.126501028929E-021  1.870492703231E+003
 7.049895286212E-004  9.801594120612E-001  6.127179182248E-006  1.148689839711E-021  2.279068177921E-023  1.125899157932E-021  1.923346708325E+003
 7.131794937472E-004  9.789604364757E-001  9.092863201327E-006  1.112947916310E-021  2.341593838442E-023  1.089531977926E-021  1.976113240065E+003
 7.214646028804E-004  9.783591559959E-001  9.330110566605E-006  1.112974230321E-021  2.408570169900E-023  1.088888528622E-021  2.032635773219E+003
 7.298459613224E-004  9.777633682535E-001  9.567933380297E-006  1.113000576688E-021  2.474938395739E-023  1.088251192730E-021  2.088645115081E+003
 7.383246872153E-004  9.771158195985E-001  9.809102079438E-006  1.113031577404E-021  2.547081540984E-023  1.087560761994E-021  2.149528015505E+003
 7.469019116909E-004  9.764788675206E-001  1.005062750756E-005  1.113062224480E-021  2.618048403983E-023  1.086881740440E-021  2.209418230142E+003
 7.555787790215E-004  9.749127590661E-001  1.472272078998E-005  1.071180410006E-021  2.687296102948E-023  1.044307448976E-021  2.267857611269E+003
 7.643564467725E-004  9.742058993035E-001  1.507105916404E-005  1.071213917026E-021  2.763099964323E-023  1.043582917383E-021  2.331829856008E+003
 7.732360859568E-004  9.735108448390E-001  1.541963539861E-005  1.071247040187E-021  2.837642906333E-023  1.042870611124E-021  2.394737988170E+003
 7.822188811914E-004  9.727762151564E-001  1.573828254970E-005  1.071285188999E-021  2.916443749150E-023  1.042120751508E-021  2.461239439559E+003
 7.913060308550E-004  9.725143573881E-001  1.598690713222E-005  1.071315659736E-021  2.944579934809E-023  1.041869860388E-021  2.484984073702E+003
 8.004987472481E-004  9.704895567610E-001  2.330173496020E-005  1.023514178711E-021  3.020435707518E-023  9.933098216354E-022  2.549000127350E+003
 8.097982567546E-004  9.696583710714E-001  2.386418432953E-005  1.023557484981E-021  3.105640139642E-023  9.925010835843E-022  2.620905683160E+003
 8.192058000054E-004  9.688416770839E-001  2.442725572152E-005  1.023600295381E-021  3.189366854053E-023  9.917066268407E-022  2.691564166360E+003
 8.287226320443E-004  9.680159200200E-001  2.499054062219E-005  1.023644706074E-021  3.274033415018E-023  9.909043719236E-022  2.763015803004E+003
 8.383500224948E-004  9.671260316583E-001  2.555335150822E-005  1.023695714754E-021  3.365294051834E-023  9.900427742353E-022  2.840032299097E+003
 8.480892557300E-004  9.644821521931E-001  3.652673613380E-005  9.705696693382E-022  3.447254580153E-023  9.360971235367E-022  2.909200266024E+003
 8.579416310437E-004  9.635479248348E-001  3.731414655329E-005  9.706248860975E-022  3.538129130525E-023  9.352435947923E-022  2.985890936809E+003
 8.679084628236E-004  9.625553447247E-001  3.809555539484E-005  9.706814447838E-022  3.634683208205E-023  9.343346127018E-022  3.067374663044E+003
 8.779910807272E-004  9.615810140216E-001  3.887709304574E-005  9.707373555672E-022  3.729474485226E-023  9.334426107149E-022  3.147370730034E+003
 8.881908298584E-004  9.605926442257E-001  3.963267431142E-005  9.707957461659E-022  3.825649335334E-023  9.325392528125E-022  3.228534419287E+003
 8.985090709478E-004  9.570906227490E-001  5.572948489987E-005  9.133019710148E-022  3.918921881833E-023  8.741127521964E-022  3.307248802219E+003
 9.089471805334E-004  9.559856335680E-001  5.667038752436E-005  9.133742538061E-022  4.020158909662E-023  8.731726647095E-022  3.392684554480E+003
 9.195065511449E-004  9.548937260848E-001  5.756389799359E-005  9.134459052033E-022  4.120214120681E-023  8.722437639965E-022  3.477122950238E+003
 9.301885914891E-004  9.537569258556E-001  5.805956639253E-005  9.135184634505E-022  4.224390203764E-023  8.712745614129E-022  3.565039024195E+003
 9.409947266381E-004  9.525816977994E-001  5.739116473990E-005  9.135911021200E-022  4.332093896808E-023  8.702701631519E-022  3.655932111772E+003
 9.519263982191E-004  9.572505347767E-001  7.886794632359E-005  8.526739603218E-022  3.645135581361E-023  8.162226045082E-022  3.076195609121E+003
 9.629850646069E-004  9.560762889408E-001  8.234609983201E-005  8.527617308302E-022  3.745645986734E-023  8.153052709629E-022  3.161018151597E+003
 9.741722011186E-004  9.549044643048E-001  8.539832534756E-005  8.528507550890E-022  3.845976166875E-023  8.143909934203E-022  3.245688598751E+003
 9.854893002101E-004  9.537545065657E-001  8.847242096532E-005  8.529387873645E-022  3.944457509094E-023  8.134942122735E-022  3.328798778264E+003
 9.969378716755E-004  9.525545117048E-001  9.132756668549E-005  8.530281614023E-022  4.047233764730E-023  8.125558237550E-022  3.415533512611E+003
 1.008519442848E-003  9.476152046997E-001  1.267046754580E-004  7.907918852299E-022  4.142547103292E-023  7.493664141969E-022  3.495970156744E+003
 1.020235558805E-003  9.462812823714E-001  1.301874251229E-004  7.908903943755E-022  4.248561777060E-023  7.484047766049E-022  3.585437850516E+003
 1.032087782573E-003  9.449731666693E-001  1.336802559119E-004  7.909877848278E-022  4.352555300232E-023  7.474622318254E-022  3.673199858874E+003
 1.044077695335E-003  9.435147268921E-001  1.371687951010E-004  7.911052979429E-022  4.468579881142E-023  7.464194991315E-022  3.771115093679E+003
 1.056206896644E-003  9.420677179323E-001  1.406652086959E-004  7.912236472511E-022  4.583739151115E-023  7.453862557400E-022  3.868300076990E+003
 1.068477004636E-003  9.357997078577E-001  1.921709128213E-004  7.290524332765E-022  4.680537920339E-023  6.822470540731E-022  3.949990302828E+003
 1.080889656244E-003  9.342498444171E-001  1.969107910776E-004  7.291796886917E-022  4.794367797939E-023  6.812360107124E-022  4.046053387958E+003
 1.093446507417E-003  9.325625828218E-001  2.017976647692E-004  7.293131204061E-022  4.918299315433E-023  6.801301272517E-022  4.150641429044E+003
 1.106149233343E-003  9.309107278609E-001  2.066956191182E-004  7.294450326618E-022  5.039682637206E-023  6.790482062897E-022  4.253079001837E+003
 1.118999528670E-003  9.292932789698E-001  2.116032225600E-004  7.295754455994E-022  5.158588750250E-023  6.779895580969E-022  4.353426013541E+003
 1.131999107733E-003  9.213803869768E-001  2.849349105038E-004  6.691096333030E-022  5.260514044037E-023  6.165044928626E-022  4.439442605848E+003
 1.145149704783E-003  9.195241996365E-001  2.915557698974E-004  6.692773585443E-022  5.386063109402E-023  6.154167274503E-022  4.545395724733E+003
 1.158453074216E-003  9.175863337962E-001  2.983559596491E-004  6.694492632214E-022  5.517176811952E-023  6.142774951019E-022  4.656044941224E+003
 1.171910990813E-003  9.156436333136E-001  3.052133417847E-004  6.696215846674E-022  5.648684393736E-023  6.131347407301E-022  4.767026559499E+003
 1.185525249970E-003  9.136726962740E-001  3.120728046462E-004  6.697955133514E-022  5.782164071539E-023  6.119738726360E-022  4.879672465144E+003
 1.199297667941E-003  9.037778785056E-001  4.139151037494E-004  6.125568193947E-022  5.894151669799E-023  5.536153026967E-022  4.974180817538E+003
 1.213230082080E-003  9.019159127733E-001  4.225090276431E-004  6.127289812560E-022  6.009896284385E-023  5.526300184122E-022  5.071859783717E+003
 1.227324351085E-003  8.996873408458E-001  4.326314999241E-004  6.129219773087E-022  6.148383339789E-023  5.514381439108E-022  5.188731505562E+003
 1.241582355247E-003  8.974647105857E-001  4.424748508492E-004  6.131175757126E-022  6.286618807067E-023  5.502513876419E-022  5.305390907654E+003
 1.256005996703E-003  8.951367995030E-001  4.517240766956E-004  6.133371885270E-022  6.431650057277E-023  5.490206879543E-022  5.427785393434E+003
 1.270597199683E-003  8.831440977423E-001  5.896388745151E-004  5.606012662615E-022  6.550956677577E-023  4.950916994857E-022  5.528470400429E+003
 1.285357910774E-003  8.806312202455E-001  6.026140096731E-004  5.608359769074E-022  6.694630620588E-023  4.938896707015E-022  5.649719430203E+003
 1.300290099178E-003  8.780732024007E-001  6.152286743572E-004  5.610739547863E-022  6.840995052348E-023  4.926640042628E-022  5.773239011920E+003
 1.315395756969E-003  8.754844645396E-001  6.275937690003E-004  5.613262313433E-022  6.989383626367E-023  4.914323950796E-022  5.898466803769E+003
 1.330676899368E-003  8.728115218288E-001  6.399133421508E-004  5.615898841538E-022  7.142776272184E-023  4.901621214320E-022  6.027917621989E+003
 1.346135565004E-003  8.586813194791E-001  8.200125632344E-004  5.143054283654E-022  7.268096452135E-023  4.416244638440E-022  6.133677580349E+003
 1.361773816190E-003  8.557350521833E-001  8.343431289085E-004  5.145890619818E-022  7.423716417385E-023  4.403518978080E-022  6.265008073580E+003
 1.377593739198E-003  8.528480446394E-001  8.485397275458E-004  5.148703099709E-022  7.576417286935E-023  4.391061371016E-022  6.393875089342E+003
 1.393597444535E-003  8.498331442052E-001  8.587504694883E-004  5.151801781472E-022  7.736298752016E-023  4.378171906270E-022  6.528801939081E+003
 1.409787067227E-003  8.468892898406E-001  8.684766681072E-004  5.154866486894E-022  7.892652685854E-023  4.365601218308E-022  6.660751841631E+003
 1.426164767104E-003  8.334636345937E-001  1.081444054954E-003  4.740435552556E-022  7.894549073656E-023  3.950980645191E-022  6.662352237473E+003
 1.442732729084E-003  8.302183715263E-001  1.083524648256E-003  4.743662072801E-022  8.053866716489E-023  3.938275401152E-022  6.796803267455E+003
 1.459493163470E-003  8.345520878036E-001  1.102655280559E-003  4.741947456862E-022  7.845453064830E-023  3.957402150379E-022  6.620919230825E+003
 1.476448306242E-003  8.312617683717E-001  1.134893231576E-003  4.745534335581E-022  8.007530719174E-023  3.944781263663E-022  6.757699484262E+003
 1.493600419355E-003  8.145728930042E-001  1.402942181093E-003  4.394621108972E-022  8.148818785793E-023  3.579739230393E-022  6.876935029950E+003
 1.510951791042E-003  8.110369165724E-001  1.434415629927E-003  4.398373163158E-022  8.311301549755E-023  3.567243008183E-022  7.014057162694E+003
 1.528504736119E-003  8.073911133885E-001  1.461305176526E-003  4.402206455349E-022  8.479040839986E-023  3.554302371350E-022  7.155615372690E+003
 1.546261596293E-003  8.038331771408E-001  1.487944836270E-003  4.406002842866E-022  8.643115791938E-023  3.541691263673E-022  7.294081181572E+003
 1.564224740474E-003  8.001103543983E-001  1.510430635559E-003  4.410170206360E-022  8.815473595922E-023  3.528622846767E-022  7.439537038558E+003
 1.582396565095E-003  7.825328597115E-001  1.812823006854E-003  4.120346944534E-022  8.960400670243E-023  3.224306877509E-022  7.561843608428E+003
 1.600779494426E-003  7.785970701392E-001  1.831775949217E-003  4.124734169854E-022  9.132282301027E-023  3.211505939751E-022  7.706897614268E+003
 1.619375980901E-003  7.746872814239E-001  1.846350935657E-003  4.129119828159E-022  9.303432138088E-023  3.198776614350E-022  7.851334046197E+003
 1.638188505444E-003  7.708280717670E-001  1.854366701327E-003  4.133478773572E-022  9.472773008499E-023  3.186201472723E-022  7.994243858569E+003
 1.657219577799E-003  7.669179066621E-001  1.846141588184E-003  4.137938400031E-022  9.644793443823E-023  3.173459055649E-022  8.139415004061E+003
 1.676471736870E-003  7.491389393052E-001  2.105353322963E-003  3.905157502073E-022  9.796519531503E-023  2.925505548923E-022  8.267459383837E+003
 1.695947551052E-003  7.449265425404E-001  1.993209308541E-003  3.909874678722E-022  9.973052525356E-023  2.912569426187E-022  8.416438758796E+003
 1.715649618579E-003  8.118471769112E-001  1.394132213043E-003  3.863638617525E-022  7.269545132823E-023  3.136684104242E-022  6.134900148090E+003
 1.735580567869E-003  8.078867721055E-001  1.752550030737E-003  3.868880480891E-022  7.432631175221E-023  3.125617363369E-022  6.272531398378E+003
 1.755743057873E-003  8.039407270660E-001  1.934161899488E-003  3.873556559497E-022  7.594466827237E-023  3.114109876773E-022  6.409107421689E+003
 1.776139778435E-003  7.900568838537E-001  2.314746716448E-003  3.689252935183E-022  7.745332574642E-023  2.914719677719E-022  6.536425744801E+003
 1.796773450644E-003  7.856758812995E-001  2.420947907561E-003  3.694410778878E-022  7.918013343004E-023  2.902609444577E-022  6.682154157245E+003
 1.817646827202E-003  7.814148869698E-001  2.528499061577E-003  3.699512738674E-022  8.086584101397E-023  2.890854328535E-022  6.824414058206E+003
 1.838762692788E-003  7.770261874711E-001  2.623233067248E-003  3.704673669241E-022  8.260452122060E-023  2.878628457035E-022  6.971144414263E+003
 1.860123864433E-003  7.726722113565E-001  2.713561705947E-003  3.709818507202E-022  8.433448375107E-023  2.866473669691E-022  7.117139069919E+003
 1.881733191893E-003  7.593382980513E-001  3.094900210169E-003  3.569625052883E-022  8.590720405456E-023  2.710553012337E-022  7.249863770659E+003
 1.903593558030E-003  7.546933360195E-001  3.185926321849E-003  3.574967677110E-022  8.769633947098E-023  2.698004282400E-022  7.400852132800E+003
 1.925707879195E-003  7.500608698615E-001  3.277417755841E-003  3.580834588493E-022  8.949906822181E-023  2.685843906275E-022  7.552987660930E+003
 1.948079105622E-003  7.453569056679E-001  3.365745282761E-003  3.586872095975E-022  9.133722094926E-023  2.673499886483E-022  7.708112682287E+003
 1.970710221816E-003  7.406031022814E-001  3.450555397779E-003  3.592961934805E-022  9.320031795092E-023  2.660958755295E-022  7.865342795898E+003
 1.993604246954E-003  7.280892536697E-001  3.829647916456E-003  3.489829559933E-022  9.489221602068E-023  2.540907399726E-022  8.008125123116E+003
 2.016764235287E-003  7.232015313302E-001  3.913951879709E-003  3.496044359825E-022  9.676997252013E-023  2.528344634624E-022  8.166592378165E+003
 2.040193276547E-003  7.183575058607E-001  3.995270749090E-003  3.502256853227E-022  9.863843552594E-023  2.515872497968E-022  8.324275338537E+003
 2.063894496362E-003  7.136614685620E-001  4.076704236044E-003  3.508396121572E-022  1.004588993154E-022  2.503807128419E-022  8.477907558538E+003
 2.087871056670E-003  7.085651927397E-001  4.145072730001E-003  3.515544638900E-022  1.024552074253E-022  2.490992564647E-022  8.646379597643E+003
 2.112126156139E-003  6.969729363625E-001  4.486276569534E-003  3.442442069898E-022  1.043153112183E-022  2.399288957714E-022  8.803357108987E+003
 2.136663030601E-003  6.920447134767E-001  4.558049309849E-003  3.449606458084E-022  1.062324545192E-022  2.387281912892E-022  8.965148287188E+003
 2.161484953475E-003  6.868686944832E-001  4.572002295357E-003  3.456872224740E-022  1.082454912738E-022  2.374417312003E-022  9.135032086767E+003
 2.186595236211E-003  6.818438510676E-001  4.583854936485E-003  3.464059821887E-022  1.102111932603E-022  2.361947889284E-022  9.300921219966E+003
 2.211997228726E-003  6.769798056033E-001  4.596041912466E-003  3.471162719895E-022  1.121255656563E-022  2.349907063332E-022  9.462478556513E+003
 2.237694319855E-003  6.666731320783E-001  4.733870396111E-003  3.420135034115E-022  1.140022898791E-022  2.280112135324E-022  9.620858695872E+003
 2.263689937801E-003  6.615584433254E-001  4.564476843978E-003  3.427484429552E-022  1.160003165816E-022  2.267481263736E-022  9.789475770108E+003
 2.289987550594E-003  6.562775636724E-001  4.060426900282E-003  3.434871307267E-022  1.180642334206E-022  2.254228973061E-022  9.963653431706E+003
 2.316590666551E-003  7.814351474784E-001  2.971057342829E-003  3.347030519378E-022  7.315432318533E-023  2.615487287525E-022  6.173625171081E+003
 2.343502834747E-003  7.767569106989E-001  3.666014076790E-003  3.355354918605E-022  7.490597977312E-023  2.606295120874E-022  6.321450627330E+003
 2.370727645485E-003  7.692186264617E-001  4.211603261972E-003  3.320411024671E-022  7.662890169853E-023  2.554122007686E-022  6.466851113636E+003
 2.398268730780E-003  7.643024386032E-001  4.514449819613E-003  3.327755018549E-022  7.843437427980E-023  2.543411275751E-022  6.619218198562E+003
 2.426129764838E-003  7.593746945245E-001  4.782141339403E-003  3.335004070746E-022  8.024863732851E-023  2.532517697461E-022  6.772327126876E+003
 2.454314464552E-003  7.545804285611E-001  5.054930016197E-003  3.342182772983E-022  8.202370638162E-023  2.521945709167E-022  6.922128403267E+003
 2.482826589990E-003  7.498152882644E-001  5.327660761626E-003  3.349493671297E-022  8.379921086137E-023  2.511501562684E-022  7.071966426097E+003
 2.511669944906E-003  7.421480874732E-001  5.718896634090E-003  3.327946564341E-022  8.581173864025E-023  2.469829177939E-022  7.241807272300E+003
 2.540848377240E-003  7.368350546418E-001  5.965010732234E-003  3.336740597327E-022  8.781131569700E-023  2.458627440357E-022  7.410555183722E+003
 2.570365779634E-003  7.316711753429E-001  6.213862728816E-003  3.345439174312E-022  8.976777616050E-023  2.447761412707E-022  7.575664408137E+003
 2.600226089953E-003  7.263418696179E-001  6.458254509436E-003  3.354220220089E-022  9.179096343195E-023  2.436310585769E-022  7.746404828128E+003
 2.630433291807E-003  7.209431011288E-001  6.699661215598E-003  3.363034248781E-022  9.384779082627E-023  2.424556340519E-022  7.919984198714E+003
 2.660991415087E-003  7.139122657960E-001  7.093685935122E-003  3.349656683152E-022  9.582956908442E-023  2.391360992308E-022  8.087230037446E+003
 2.691904536495E-003  7.087977451255E-001  7.344472814945E-003  3.358297222678E-022  9.779437237826E-023  2.380353498895E-022  8.253043328349E+003
 2.723176780098E-003  7.034460845215E-001  7.597623345040E-003  3.367104173821E-022  9.985279265706E-023  2.368576247250E-022  8.426757125326E+003
 2.754812317869E-003  6.982086856264E-001  7.852533694195E-003  3.375844328300E-022  1.018800496958E-022  2.357043831342E-022  8.597841000314E+003
 2.786815370250E-003  6.924578040242E-001  8.102861769947E-003  3.386830998570E-022  1.041593442699E-022  2.345237555871E-022  8.790194777129E+003
 2.819190206709E-003  6.863893403856E-001  8.502748491709E-003  3.380418866713E-022  1.060135390563E-022  2.320283476150E-022  8.946673616749E+003
 2.851941146318E-003  6.804369045526E-001  8.790152650560E-003  3.391643574189E-022  1.083844119222E-022  2.307799454967E-022  9.146755850650E+003
 2.885072558320E-003  6.746758292235E-001  9.079321868780E-003  3.402740188625E-022  1.106993630232E-022  2.295746558393E-022  9.342118746031E+003
 2.918588862718E-003  6.690978061715E-001  9.370095975229E-003  3.413709935184E-022  1.129604106647E-022  2.284105828538E-022  9.532932631314E+003
 2.952494530862E-003  6.636853213175E-001  9.662497660855E-003  3.424562315389E-022  1.151730574728E-022  2.272831740661E-022  9.719661883048E+003
 2.986794086048E-003  6.565629452746E-001  1.011761698458E-002  3.422652511261E-022  1.175465697816E-022  2.247186813445E-022  9.919966864288E+003
 3.021492104118E-003  6.508685841291E-001  1.042895729140E-002  3.433805729142E-022  1.198849456041E-022  2.234956273101E-022  1.011730661413E+004
 3.056593214073E-003  6.453632455619E-001  1.074158654058E-002  3.444830787164E-022  1.221663609948E-022  2.223167177216E-022  1.030983937048E+004
 3.092102098689E-003  6.400384153852E-001  1.105534226327E-002  3.455728917488E-022  1.243929657138E-022  2.211799260350E-022  1.049774655547E+004
 3.128023495145E-003  6.342090955838E-001  1.137939018309E-002  3.468403381046E-022  1.268710409633E-022  2.199692971413E-022  1.070687579172E+004
 3.164362195648E-003  6.272762635590E-001  1.186937075790E-002  3.470224351464E-022  1.293434986566E-022  2.176789364898E-022  1.091553095227E+004
 3.201123048081E-003  6.214528603833E-001  1.221119891768E-002  3.483330143362E-022  1.318604662111E-022  2.164725481252E-022  1.112794238023E+004
 3.238310956643E-003  6.156983885647E-001  1.255981387385E-002  3.496424050365E-022  1.343681396816E-022  2.152742653548E-022  1.133956946370E+004
 3.275930882508E-003  6.099648694412E-001  1.290947045129E-002  3.509946245174E-022  1.369002341991E-022  2.140943903183E-022  1.155325748332E+004
 3.313987844482E-003  6.041054007178E-001  1.326020767078E-002  3.524385556502E-022  1.395285207607E-022  2.129100348894E-022  1.177506332291E+004
 3.352486919677E-003  5.973498298250E-001  1.379891491244E-002  3.528427646313E-022  1.420721992238E-022  2.107705654075E-022  1.198972893259E+004
 3.391433244187E-003  5.914835472805E-001  1.415219274416E-002  3.542968844976E-022  1.447361064645E-022  2.095607780330E-022  1.221454086548E+004
 3.430832013770E-003  5.858324404469E-001  1.450557627913E-002  3.557337943683E-022  1.473333974641E-022  2.084003969042E-022  1.243373093373E+004
 3.470688484548E-003  5.800794259983E-001  1.482337172509E-002  3.572662468528E-022  1.500234474499E-022  2.072427994030E-022  1.266074909999E+004
 3.511007973700E-003  5.742579645454E-001  1.503475257876E-002  3.588298694638E-022  1.527689590074E-022  2.060609104564E-022  1.289244776825E+004
 3.551795860178E-003  5.744995062795E-001  1.556594905622E-002  3.585942445694E-022  1.525820281096E-022  2.060122164598E-022  1.287667233289E+004
 3.593057585422E-003  5.688024680638E-001  1.608594670627E-002  3.602057272745E-022  1.553198205900E-022  2.048859066844E-022  1.310771957432E+004
 3.634798654084E-003  5.631941550914E-001  1.654619058876E-002  3.617990598264E-022  1.580359440146E-022  2.037631158118E-022  1.333693812507E+004
 3.677024634767E-003  5.575265408027E-001  1.699868056186E-002  3.633430936723E-022  1.607696755326E-022  2.025734181396E-022  1.356764265456E+004
 3.719741160763E-003  5.519813667165E-001  1.744847370535E-002  3.648569816818E-022  1.634627262770E-022  2.013942554048E-022  1.379491406025E+004
 3.762953930807E-003  5.454141759884E-001  1.818695720082E-002  3.654002602737E-022  1.661057784106E-022  1.992944818631E-022  1.401796599307E+004
 3.806668709840E-003  5.396500730834E-001  1.864352969605E-002  3.673169636426E-022  1.690943373681E-022  1.982226262745E-022  1.427017586942E+004
 3.850891329772E-003  5.341080963928E-001  1.909956085852E-002  3.692105222329E-022  1.720121930349E-022  1.971983291980E-022  1.451641896765E+004
 3.895627690263E-003  5.248248523858E-001  1.951292487936E-002  3.736694288336E-022  1.775584260049E-022  1.961110028287E-022  1.498447556332E+004
 3.940883759512E-003  5.114122077669E-001  1.987760220363E-002  3.812117602204E-022  1.862554122993E-022  1.949563479210E-022  1.571842991026E+004
 3.986665575050E-003  4.948212128802E-001  2.061232323915E-002  3.897342196790E-022  1.968854603965E-022  1.928487592825E-022  1.661551882647E+004
 4.032979244549E-003  4.847757328629E-001  2.097958163538E-002  3.956558618580E-022  2.038515014643E-022  1.918043603937E-022  1.720339558626E+004
 4.079830946632E-003  4.913804067025E-001  2.134471725961E-002  3.883109950689E-022  1.975025803849E-022  1.908084146840E-022  1.666759869446E+004
 4.127226931702E-003  5.002794265478E-001  2.170765368784E-002  3.795041032510E-022  1.896460081041E-022  1.898580951470E-022  1.600456840070E+004
 4.175173522773E-003  4.856053175398E-001  2.175269779559E-002  3.887651197296E-022  1.999787103149E-022  1.887864094147E-022  1.687656376169E+004
 4.223677116313E-003  4.620992230229E-001  2.193123103864E-002  4.038147886777E-022  2.172122885846E-022  1.866025000931E-022  1.833093648993E+004
 4.272744183102E-003  5.416678507727E-001  1.918989421804E-002  3.627376678979E-022  1.662543349333E-022  1.964833329646E-022  1.403050294575E+004
 4.322381269088E-003  5.057684522454E-001  2.108846247907E-002  3.868946689072E-022  1.912155510320E-022  1.956791178752E-022  1.613702495699E+004
 4.372594996269E-003  5.976554244407E-001  2.230530917957E-002  3.258779763395E-022  1.311152360745E-022  1.947627402651E-022  1.106505106596E+004
 4.423392063566E-003  5.973284099643E-001  2.353986035072E-002  3.246087161158E-022  1.307107078578E-022  1.938980082580E-022  1.103091220073E+004
 4.474779247728E-003  5.914350430777E-001  2.503878701460E-002  3.242455577440E-022  1.324753723319E-022  1.917701854121E-022  1.117983541594E+004
 4.526763404226E-003  5.870282747922E-001  2.591471777629E-002  3.250955246804E-022  1.342552596846E-022  1.908402649958E-022  1.133004331732E+004
 4.579351468175E-003  5.827999101631E-001  2.679290579099E-002  3.259400789727E-022  1.359822302289E-022  1.899578487439E-022  1.147578547387E+004
 4.632550455254E-003  5.783616702290E-001  2.764564876893E-002  3.268285884145E-022  1.378034601405E-022  1.890251282740E-022  1.162948234830E+004
 4.686367462646E-003  5.739974708220E-001  2.849021337143E-002  3.277234932642E-022  1.396110370016E-022  1.881124562626E-022  1.178202701719E+004
 4.740809669981E-003  5.683573510140E-001  3.019092569096E-002  3.273152277391E-022  1.412832119548E-022  1.860320157843E-022  1.192314487505E+004
 4.795884340299E-003  5.641148764987E-001  3.106557696341E-002  3.282428702865E-022  1.430761840533E-022  1.851666862332E-022  1.207445702171E+004
 4.851598821012E-003  5.598159385010E-001  3.194719660000E-002  3.292075311522E-022  1.449119081386E-022  1.842956230136E-022  1.222937708558E+004
 4.907960544891E-003  5.557059425928E-001  3.282690487186E-002  3.301607851920E-022  1.466884748497E-022  1.834723103423E-022  1.237930475203E+004
 4.964977031052E-003  5.517309885820E-001  3.370487093757E-002  3.311100437331E-022  1.484263719748E-022  1.826836717583E-022  1.252596902243E+004
 5.022655885964E-003  5.459694255891E-001  3.576108155975E-002  3.307464060107E-022  1.501689807054E-022  1.805774253053E-022  1.267303091370E+004
 5.081004804460E-003  5.419773925870E-001  3.666515570875E-002  3.317468627157E-022  1.519475630621E-022  1.797992996536E-022  1.282312868412E+004
 5.140031570765E-003  5.381618237253E-001  3.756506059504E-002  3.327351106988E-022  1.536697767077E-022  1.790653339911E-022  1.296846939741E+004
 5.199744059535E-003  5.343435608117E-001  3.849640187500E-002  3.337658172170E-022  1.554202019680E-022  1.783456152490E-022  1.311619093972E+004
 5.260150236908E-003  5.304580459263E-001  3.933934182283E-002  3.348209013612E-022  1.572124602899E-022  1.776084410714E-022  1.326744284947E+004
 5.321258161563E-003  5.263076438296E-001  4.181846885211E-002  3.341822672374E-022  1.582995855581E-022  1.758826816794E-022  1.335918731005E+004
 5.383075985801E-003  5.225976742144E-001  4.287323848910E-002  3.352926542358E-022  1.600694929510E-022  1.752231612848E-022  1.350855298464E+004
 5.445611956627E-003  5.187617753317E-001  4.392008778880E-002  3.364520091657E-022  1.619135675770E-022  1.745384415887E-022  1.366417776569E+004
 5.508874416853E-003  5.150654837344E-001  4.495996133410E-002  3.376054297726E-022  1.637165257754E-022  1.738889039972E-022  1.381633265731E+004
 5.572871806213E-003  5.115390617610E-001  4.599272945417E-002  3.387443347805E-022  1.654633755900E-022  1.732809591905E-022  1.396375246131E+004
 5.637612662483E-003  5.064082173840E-001  4.914593229873E-002  3.383686835798E-022  1.670160017096E-022  1.713526818702E-022  1.409478137766E+004
 5.703105622626E-003  5.027485392000E-001  5.023619702285E-002  3.396396165661E-022  1.688862954831E-022  1.707533210831E-022  1.425261883981E+004
 5.769359423943E-003  4.992604134978E-001  5.131732053856E-002  3.408942537380E-022  1.706992476578E-022  1.701950060803E-022  1.440561714111E+004
 5.836382905233E-003  4.959325167832E-001  5.238898495097E-002  3.421328223101E-022  1.724580306677E-022  1.696747916424E-022  1.455404400896E+004
 5.904185007981E-003  4.927535138719E-001  5.345105060218E-002  3.433558004050E-022  1.741660232472E-022  1.691897771579E-022  1.469818458086E+004
 5.972774777544E-003  4.875572004389E-001  5.735689514718E-002  3.431241222578E-022  1.758314858067E-022  1.672926364511E-022  1.483873596773E+004
 6.042161364363E-003  4.843259761870E-001  5.848768376911E-002  3.444421965002E-022  1.776198934402E-022  1.668223030599E-022  1.498966291096E+004
 6.112354025176E-003  4.812442837429E-001  5.960662945485E-002  3.457429636156E-022  1.793561387313E-022  1.663868248843E-022  1.513618778010E+004
 6.183362124264E-003  4.783022519024E-001  6.071357900221E-002  3.470266956807E-022  1.810430456664E-022  1.659836500143E-022  1.527854889647E+004
 6.255195134689E-003  4.751684023632E-001  6.182480611172E-002  3.484196686066E-022  1.828616513229E-022  1.655580172837E-022  1.543202430528E+004
 6.327862639566E-003  4.703029893319E-001  6.657355390592E-002  3.482425124028E-022  1.844630178073E-022  1.637794945955E-022  1.556716650886E+004
 6.401374333338E-003  4.673870308566E-001  6.770820183439E-002  3.496481249021E-022  1.862271259595E-022  1.634209989426E-022  1.571604277507E+004
 6.475740023068E-003  4.646026061449E-001  6.882869254498E-002  3.510349031941E-022  1.879431723223E-022  1.630917308718E-022  1.586086302025E+004
 6.550969629751E-003  4.618116684859E-001  6.992618549532E-002  3.524543941714E-022  1.896868423339E-022  1.627675518375E-022  1.600801447495E+004
 6.627073189635E-003  4.588991028487E-001  7.099216921719E-002  3.539545473364E-022  1.915251231145E-022  1.624294242219E-022  1.616315030294E+004
 6.704060855561E-003  4.543686941703E-001  7.668953949912E-002  3.538313855932E-022  1.930614809648E-022  1.607699046285E-022  1.629280631072E+004
 6.781942898316E-003  4.517334759749E-001  7.776864389420E-002  3.553061786841E-022  1.948024835518E-022  1.605036951323E-022  1.643973265664E+004
 6.860729708004E-003  4.492128847389E-001  7.883231877500E-002  3.567608521003E-022  1.964992805664E-022  1.602615715339E-022  1.658292841465E+004
 6.940431795434E-003  4.466037447247E-001  7.978897157047E-002  3.582619900112E-022  1.982608436797E-022  1.600011463316E-022  1.673158990043E+004
 7.021059793520E-003  4.440068191837E-001  8.068396573168E-002  3.597770095727E-022  2.000335639369E-022  1.597434456358E-022  1.688119295771E+004
 7.102624458698E-003  4.397769185370E-001  8.725387379025E-002  3.596660756911E-022  2.014932372214E-022  1.581728384697E-022  1.700437741678E+004
 7.185136672367E-003  4.371430864726E-001  8.768291058658E-002  3.611493206522E-022  2.032753919448E-022  1.578739287074E-022  1.715477666566E+004
 7.268607442333E-003  4.342992730300E-001  8.694380170668E-002  3.624072628646E-022  2.050140520617E-022  1.573932108029E-022  1.730150532631E+004
 7.353047904284E-003  4.392169761404E-001  8.733069016299E-002  3.603389599743E-022  2.020719715888E-022  1.582669883855E-022  1.705321785304E+004
 7.438469323271E-003  4.370635203073E-001  8.959528301835E-002  3.621721348222E-022  2.038799066196E-022  1.582922282026E-022  1.720579274851E+004
 7.524883095214E-003  4.332291448144E-001  9.863344109459E-002  3.623459431399E-022  2.053671200664E-022  1.569788230735E-022  1.733130137152E+004
 7.612300748420E-003  4.309618124211E-001  1.000769245750E-001  3.640657558292E-022  2.071673178566E-022  1.568984379726E-022  1.748322330732E+004
 7.700733945124E-003  4.287930354674E-001  1.014969601313E-001  3.657614356184E-022  2.089254793827E-022  1.568359562357E-022  1.763159772703E+004
 7.790194483039E-003  4.265681505743E-001  1.027124375385E-001  3.674641142648E-022  2.107156266405E-022  1.567484876244E-022  1.778267148029E+004
 7.880694296938E-003  4.242475785357E-001  1.035409252506E-001  3.691366682383E-022  2.125313305895E-022  1.566053376489E-022  1.793590200878E+004
 7.972245460239E-003  4.233927560443E-001  1.121097000627E-001  3.673096318415E-022  2.117933944945E-022  1.555162373470E-022  1.787362625183E+004
 8.064860186621E-003  4.214958419965E-001  1.144197642405E-001  3.692848499507E-022  2.136328211842E-022  1.556520287665E-022  1.802885878515E+004
 8.158550831649E-003  4.195366097960E-001  1.162642427685E-001  3.711726966206E-022  2.154521618315E-022  1.557205347890E-022  1.818239622117E+004
 8.253329894425E-003  4.176626906414E-001  1.180764933546E-001  3.730337685035E-022  2.172314810502E-022  1.558022874533E-022  1.833255617669E+004
 8.349210019256E-003  4.155497779153E-001  1.195267421004E-001  3.749669671423E-022  2.191495272207E-022  1.558174399216E-022  1.849442354969E+004
 8.446203997339E-003  4.122727962688E-001  1.316642188445E-001  3.754366070568E-022  2.206543072438E-022  1.547822998130E-022  1.862141464773E+004
 8.544324768466E-003  4.103146710995E-001  1.330569024716E-001  3.773506371913E-022  2.225181346030E-022  1.548325025884E-022  1.877870639752E+004
 8.643585422757E-003  4.084340940425E-001  1.344224672317E-001  3.792370615208E-022  2.243437158712E-022  1.548933456496E-022  1.893277049078E+004
 8.743999202398E-003  4.066261720745E-001  1.357613540174E-001  3.810964228375E-022  2.261326432278E-022  1.549637796097E-022  1.908374129438E+004
 8.845579503412E-003  4.048865235602E-001  1.370739916148E-001  3.829291505432E-022  2.278862980099E-022  1.550428525333E-022  1.923173538185E+004
 8.948339877448E-003  4.019562805466E-001  1.509572518672E-001  3.835572657728E-022  2.293840138461E-022  1.541732519267E-022  1.935813032043E+004
 9.052294033583E-003  4.000488756155E-001  1.520156322635E-001  3.855216993385E-022  2.312941769927E-022  1.542275223457E-022  1.951933243083E+004
 9.157455840156E-003  3.982106237509E-001  1.530530385084E-001  3.874580356939E-022  2.331681296229E-022  1.542899060709E-022  1.967747867050E+004
 9.263839326618E-003  3.964374277384E-001  1.540699552451E-001  3.893668696871E-022  2.350072694218E-022  1.543596002653E-022  1.983268699259E+004
 9.371458685400E-003  3.947256102671E-001  1.550664901477E-001  3.912486035548E-022  2.368127597505E-022  1.544358438043E-022  1.998505557525E+004
 9.480328273808E-003  3.923344604232E-001  1.709270174650E-001  3.918981531946E-022  2.381430027202E-022  1.537551504745E-022  2.009731717681E+004
 9.590462615941E-003  3.906499400669E-001  1.718215425487E-001  3.938064048934E-022  2.399659564238E-022  1.538404484696E-022  2.025115952515E+004
 9.701876404626E-003  3.889146758844E-001  1.726293918256E-001  3.957567939528E-022  2.418411687036E-022  1.539156252492E-022  2.040941206892E+004
 9.814584503377E-003  3.871779753474E-001  1.733391376981E-001  3.976918504755E-022  2.437143249962E-022  1.539775254793E-022  2.056749110422E+004
 9.928601948383E-003  3.856657294363E-001  1.738348904874E-001  3.993607852191E-022  2.453410166793E-022  1.540197685398E-022  2.070477054695E+004
 1.004394395051E-002  3.835120046227E-001  1.916346397523E-001  4.001884939652E-022  2.467114024177E-022  1.534770915475E-022  2.082041986910E+004
 1.016062589732E-002  3.818606217217E-001  1.922292511325E-001  4.020949727832E-022  2.485507364850E-022  1.535442362982E-022  2.097564458586E+004
 1.027866335515E-002  3.802594545748E-001  1.928124309643E-001  4.039752101846E-022  2.503598170980E-022  1.536153930865E-022  2.112831615909E+004
 1.039807207117E-002  3.785853565130E-001  1.932189557090E-001  4.058728319012E-022  2.522153211370E-022  1.536575107643E-022  2.128490548889E+004
 1.051886797548E-002  3.768632103984E-001  1.934859717513E-001  4.077801491105E-022  2.541028129800E-022  1.536773361305E-022  2.144419432713E+004
 1.064106718326E-002  3.748145669525E-001  2.129092192458E-001  4.086924261857E-022  2.555085514482E-022  1.531838747376E-022  2.156282712986E+004
 1.076468599686E-002  3.731807692017E-001  2.131245848869E-001  4.105538672384E-022  2.573430592637E-022  1.532108079748E-022  2.171764455052E+004
 1.088974090807E-002  3.713975803359E-001  2.127645237086E-001  4.122898141568E-022  2.591663747818E-022  1.531234393750E-022  2.187151743305E+004
 1.101624860024E-002  3.696340940443E-001  2.123335290853E-001  4.139905827653E-022  2.609655487620E-022  1.530250340033E-022  2.202335296767E+004
 1.114422595053E-002  3.679184176992E-001  2.119192469557E-001  4.156721237580E-022  2.627386937033E-022  1.529334300547E-022  2.217299186481E+004
 1.127369003218E-002  3.659343361302E-001  2.326984398455E-001  4.164332848114E-022  2.640460471914E-022  1.523872376200E-022  2.228332178176E+004
 1.140465811675E-002  3.635956176901E-001  2.306352814844E-001  4.179409615794E-022  2.659794594959E-022  1.519615020834E-022  2.244648593050E+004
 1.153714767646E-002  3.609514780482E-001  2.273859315520E-001  4.191554646296E-022  2.678606801396E-022  1.512947844901E-022  2.260524553092E+004
 1.167117638652E-002  3.557409834954E-001  2.159177482696E-001  4.187523334614E-022  2.697849665148E-022  1.489673669465E-022  2.276763952604E+004
 1.180676212744E-002  3.693339492342E-001  2.203047848093E-001  4.068995133692E-022  2.566177091551E-022  1.502818042141E-022  2.165643094765E+004
 1.194392298750E-002  3.704780757541E-001  2.503781096619E-001  4.081069617844E-022  2.569122798807E-022  1.511946819037E-022  2.168129030205E+004
 1.208267726506E-002  3.704318839141E-001  2.565656054163E-001  4.117005360103E-022  2.591935308475E-022  1.525070051627E-022  2.187380918238E+004
 1.222304347110E-002  3.696260099026E-001  2.603861874288E-001  4.148269002355E-022  2.614960883012E-022  1.533308119343E-022  2.206812615552E+004
 1.236504033162E-002  3.686399374838E-001  2.635399005099E-001  4.178159409407E-022  2.637922985926E-022  1.540236423481E-022  2.226190748020E+004
 1.250868679016E-002  3.673313931055E-001  2.660201788518E-001  4.208164619285E-022  2.662373647266E-022  1.545790972019E-022  2.246825101771E+004
 1.265400201035E-002  3.664133082053E-001  2.950214200889E-001  4.233086666381E-022  2.682027377033E-022  1.551059289348E-022  2.263411238517E+004
 1.280100537844E-002  3.648498229317E-001  2.965272848214E-001  4.261579656229E-022  2.706743073245E-022  1.554836582984E-022  2.284269259972E+004
 1.294971650586E-002  3.632771582267E-001  2.978410661491E-001  4.289380342216E-022  2.731146440942E-022  1.558233901274E-022  2.304863701765E+004
 1.310015523193E-002  3.613779488401E-001  2.982722940306E-001  4.315670771882E-022  2.756082520470E-022  1.559588251412E-022  2.325907708673E+004
 1.325234162639E-002  3.614000262600E-001  2.979353182800E-001  4.314828611689E-022  2.755449438117E-022  1.559379173572E-022  2.325373439066E+004
 1.340629599217E-002  3.613227880764E-001  3.304840395760E-001  4.346797322177E-022  2.776200394525E-022  1.570596927652E-022  2.342885545149E+004
 1.356203886804E-002  3.599151062728E-001  3.322396488064E-001  4.377657749866E-022  2.802072595597E-022  1.575585154269E-022  2.364719561898E+004
 1.371959103138E-002  3.585486054205E-001  3.339272326529E-001  4.408014824259E-022  2.827527256348E-022  1.580487567911E-022  2.386201208845E+004
 1.387897350094E-002  3.569405447313E-001  3.351715981579E-001  4.438633028350E-022  2.854304937349E-022  1.584328091002E-022  2.408799376424E+004
 1.404020753967E-002  3.552284560043E-001  3.361655547199E-001  4.469197062775E-022  2.881611090587E-022  1.587585972188E-022  2.431843531249E+004
 1.420331465749E-002  3.543802490175E-001  3.675755061417E-001  4.498018439459E-022  2.904009544798E-022  1.594008894661E-022  2.450745990419E+004
 1.436831661426E-002  3.527500943967E-001  3.683947131694E-001  4.527691542862E-022  2.930547923719E-022  1.597143619144E-022  2.473142206660E+004
 1.453523542257E-002  3.511664169286E-001  3.691806035235E-001  4.556926186278E-022  2.956686745235E-022  1.600239441044E-022  2.495201229207E+004
 1.470409335077E-002  3.493769616626E-001  3.697020456667E-001  4.587171265307E-022  2.984519306008E-022  1.602651959299E-022  2.518689628837E+004
 1.487491292591E-002  3.475322434038E-001  3.701023858710E-001  4.617619759410E-022  3.012848005236E-022  1.604771754173E-022  2.542596728651E+004
 1.504771693670E-002  3.465080113230E-001  4.021861195898E-001  4.647373454682E-022  3.037021321024E-022  1.610352133657E-022  2.562997025492E+004
 1.522252843664E-002  3.447311180833E-001  4.021546925191E-001  4.674389902539E-022  3.062982245080E-022  1.611407657460E-022  2.584905917165E+004
 1.539937074700E-002  3.426443153385E-001  4.016267141530E-001  4.701763827299E-022  3.090731179810E-022  1.611032647488E-022  2.608323743271E+004
 1.557826746002E-002  3.418895555541E-001  4.026840408753E-001  4.724620348379E-022  3.109321997309E-022  1.615298351069E-022  2.624012869199E+004
 1.575924244198E-002  3.401204996392E-001  4.032817341333E-001  4.758434470354E-022  3.139993360797E-022  1.618441109557E-022  2.649896985600E+004
 1.594231983642E-002  3.390245622387E-001  4.363825614254E-001  4.790918139498E-022  3.166679214533E-022  1.624238924965E-022  2.672417658496E+004
 1.612752406739E-002  3.371707061374E-001  4.364978370267E-001  4.822980944971E-022  3.196813054068E-022  1.626167890903E-022  2.697848148746E+004
 1.631487984264E-002  3.353706503723E-001  4.366015665366E-001  4.854626033705E-022  3.226526943467E-022  1.628099090238E-022  2.722924235509E+004
 1.650441215698E-002  3.336217290589E-001  4.366909068304E-001  4.885856279618E-022  3.255828459678E-022  1.630027819939E-022  2.747652313107E+004
 1.669614629558E-002  3.315093277977E-001  4.364025348768E-001  4.919196955500E-022  3.288437279478E-022  1.630759676022E-022  2.775171483806E+004
 1.689010783735E-002  3.300956697090E-001  4.698091569087E-001  4.952559814844E-022  3.317741265989E-022  1.634818548855E-022  2.799901646134E+004
 1.708632265834E-002  3.280173129514E-001  4.694039703308E-001  4.985433312501E-022  3.350124873436E-022  1.635308439065E-022  2.827230756071E+004
 1.728481693524E-002  3.260009479193E-001  4.690049277722E-001  5.017932422598E-022  3.382081696236E-022  1.635850726362E-022  2.854199694752E+004
 1.748561714880E-002  3.240435288261E-001  4.686081709005E-001  5.050056801569E-022  3.413618574816E-022  1.636438226752E-022  2.880814234938E+004
 1.768875008744E-002  3.221425101833E-001  4.682140697428E-001  5.081815323979E-022  3.444746579225E-022  1.637068744755E-022  2.907083718842E+004
 1.789424285075E-002  3.201524158388E-001  5.014204349789E-001  5.114264970142E-022  3.476920684712E-022  1.637344285431E-022  2.934236026299E+004
 1.810212285315E-002  3.175222125593E-001  5.000126167073E-001  5.146557046354E-022  3.512410865933E-022  1.634146180421E-022  2.964186829829E+004
 1.831241782755E-002  3.149747883444E-001  4.986439743513E-001  5.178598993241E-022  3.547470871424E-022  1.631128121817E-022  2.993774600309E+004
 1.852515582902E-002  3.125064235349E-001  4.973108854836E-001  5.210387948405E-022  3.582108245419E-022  1.628279702985E-022  3.023005704452E+004
 1.874036523857E-002  3.089472041618E-001  4.938360069523E-001  5.234045147688E-022  3.617001532853E-022  1.617043614835E-022  3.052452778559E+004
 1.895807476690E-002  3.120867672563E-001  5.302346181655E-001  5.199343939852E-022  3.576697497810E-022  1.622646442042E-022  3.018439477033E+004
 1.917831345825E-002  3.109073506500E-001  5.305086030281E-001  5.230479539529E-022  3.604285003265E-022  1.626194536264E-022  3.041721070064E+004
 1.940111069427E-002  3.095980084827E-001  5.307447461134E-001  5.263799097899E-022  3.634137380136E-022  1.629661717763E-022  3.066914028900E+004
 1.962649619794E-002  3.083151667998E-001  5.309434892894E-001  5.296688808128E-022  3.663639314764E-022  1.633049493365E-022  3.091811243211E+004
 1.985450003754E-002  3.070581023323E-001  5.311058781633E-001  5.329155268297E-022  3.692794964580E-022  1.636360303717E-022  3.116416221529E+004
 2.008515263067E-002  3.064022864420E-001  5.668740164815E-001  5.361449394928E-022  3.718689041679E-022  1.642760353249E-022  3.138268699852E+004
 2.031848474826E-002  3.051963417855E-001  5.668968668019E-001  5.393107807990E-022  3.747151034136E-022  1.645956773853E-022  3.162288288223E+004
 2.055452751875E-002  3.040136307701E-001  5.668865630090E-001  5.424364769034E-022  3.775283940979E-022  1.649080828056E-022  3.186030155314E+004
 2.079331243218E-002  3.026806842041E-001  5.668120688728E-001  5.457883073819E-022  3.805887290730E-022  1.651995783090E-022  3.211856873697E+004
 2.103487134442E-002  3.012305888031E-001  5.666796610258E-001  5.493228003119E-022  3.838499697310E-022  1.654728305810E-022  3.239379071345E+004
 2.127923648141E-002  3.003939700943E-001  6.019034353795E-001  5.528616155500E-022  3.867853199422E-022  1.660762956078E-022  3.264151020782E+004
 2.152644044348E-002  2.990065539407E-001  6.016559206078E-001  5.563106523554E-022  3.899701212742E-022  1.663405310813E-022  3.291028133182E+004
 2.177651620966E-002  2.975237497651E-001  6.013806878231E-001  5.599516401357E-022  3.933527284754E-022  1.665989116603E-022  3.319574564961E+004
 2.202949714212E-002  2.960526922125E-001  6.010795315115E-001  5.635879844551E-022  3.967362443586E-022  1.668517400966E-022  3.348128665270E+004
 2.228541699059E-002  2.943560549436E-001  6.005613217925E-001  5.672940177400E-022  4.003075886850E-022  1.669864290551E-022  3.378267883662E+004
 2.254430989688E-002  2.919914519313E-001  6.335395916990E-001  5.703088791298E-022  4.037835614634E-022  1.665253176664E-022  3.407602244373E+004
 2.280621039944E-002  2.954454876459E-001  6.364094970431E-001  5.705383843276E-022  4.019753931492E-022  1.685629911784E-022  3.392342786104E+004
 2.307115343795E-002  2.943464238221E-001  6.369727823228E-001  5.766762780816E-022  4.069336779252E-022  1.697426001564E-022  3.434186644903E+004
 2.333917435798E-002  2.926265148121E-001  6.369068783874E-001  5.826668062505E-022  4.121630494407E-022  1.705037568098E-022  3.478318253551E+004
 2.361030891573E-002  2.909634686847E-001  6.367813931508E-001  5.885719632495E-022  4.173190232519E-022  1.712529399976E-022  3.521830445744E+004
 2.388459328278E-002  2.898032600997E-001  6.698891595306E-001  5.948677770227E-022  4.224731559132E-022  1.723946211095E-022  3.565327100142E+004
 2.416206405091E-002  2.880709812928E-001  6.695065859824E-001  6.009892401972E-022  4.278616800272E-022  1.731275601700E-022  3.610801826250E+004
 2.444275823702E-002  2.863955633327E-001  6.690725455974E-001  6.070276024999E-022  4.331775903234E-022  1.738500121765E-022  3.655663751265E+004
 2.472671328800E-002  2.847742977254E-001  6.685897182606E-001  6.129852579899E-022  4.384228116298E-022  1.745624463601E-022  3.699929119154E+004
 2.501396708581E-002  2.828167042336E-001  6.679190303548E-001  6.192502177762E-022  4.441159120888E-022  1.751343056874E-022  3.747974219928E+004
 2.530455795245E-002  2.814325645209E-001  6.988068091742E-001  6.256989540188E-022  4.496068927712E-022  1.760920612476E-022  3.794313595482E+004
 2.559852465514E-002  2.793697127890E-001  6.978764721944E-001  6.320136663506E-022  4.554481899035E-022  1.765654764471E-022  3.843609354690E+004
 2.589590641145E-002  2.773505225284E-001  6.969311715563E-001  6.383662163901E-022  4.613150127099E-022  1.770512036802E-022  3.893120529662E+004
 2.619674289456E-002  2.751155208282E-001  6.959208187000E-001  6.453153261376E-022  4.677790640888E-022  1.775362620488E-022  3.947671824189E+004
 2.650107423851E-002  2.729636108589E-001  6.948867737146E-001  6.521830374844E-022  4.741608006317E-022  1.780222368527E-022  4.001528448980E+004
 2.680894104363E-002  2.715095321391E-001  7.236782518325E-001  6.591449454876E-022  4.801808097264E-022  1.789641357612E-022  4.052332390646E+004
 2.712038438186E-002  2.694033753151E-001  7.225147779805E-001  6.661295386628E-022  4.866719925500E-022  1.794575461128E-022  4.107112652324E+004
 2.743544580231E-002  2.672800430484E-001  7.213271184331E-001  6.732654026370E-022  4.933149968372E-022  1.799504057998E-022  4.163174162695E+004
 2.775416733677E-002  2.650941428122E-001  7.200662376893E-001  6.805789208863E-022  5.001614352379E-022  1.804174856484E-022  4.220952490212E+004
 2.807659150530E-002  2.629124000578E-001  7.187560185786E-001  6.879602970765E-022  5.070870042277E-022  1.808732928488E-022  4.279398615031E+004
 2.840276132194E-002  2.612480392678E-001  7.452409510512E-001  6.959243290118E-022  5.141154625787E-022  1.818088664331E-022  4.338713041712E+004
 2.873272030043E-002  2.589893586497E-001  7.438212994284E-001  7.038053149584E-022  5.215272278231E-022  1.822780871353E-022  4.401262264345E+004
 2.906651246000E-002  2.568146715720E-001  7.423828534918E-001  7.116011741101E-022  5.288515522908E-022  1.827496218193E-022  4.463073558505E+004
 2.940418233128E-002  2.547191926132E-001  7.409272629615E-001  7.193138773632E-022  5.360908272857E-022  1.832230500775E-022  4.524167104837E+004
 2.974577496220E-002  2.525515427085E-001  7.394528578751E-001  7.273663634406E-022  5.436688662394E-022  1.836974972012E-022  4.588119541268E+004
 3.009133592402E-002  2.509715516108E-001  7.635230140421E-001  7.357891382895E-022  5.511269965946E-022  1.846621416949E-022  4.651060047428E+004
 3.044091131743E-002  2.488854025299E-001  7.619433003074E-001  7.438938205862E-022  5.587495076101E-022  1.851443129761E-022  4.715387791603E+004
 3.079454777864E-002  2.468711233677E-001  7.603459561362E-001  7.519151863679E-022  5.662890396320E-022  1.856261467359E-022  4.779015261098E+004
 3.115229248567E-002  2.447165567252E-001  7.587065808860E-001  7.602779498859E-022  5.742253478357E-022  1.860526020501E-022  4.845991196297E+004
 3.151419316461E-002  2.423769519651E-001  7.570212767412E-001  7.691071103193E-022  5.826932731854E-022  1.864138371339E-022  4.917453544397E+004
 3.188029809598E-002  2.406571726460E-001  7.785176290727E-001  7.781763062524E-022  5.909025965696E-022  1.872737096828E-022  4.986733503907E+004
 3.225065612119E-002  2.384098157369E-001  7.767588825772E-001  7.871092187457E-022  5.994546549397E-022  1.876545638060E-022  5.058905865730E+004
 3.262531664904E-002  2.362442845124E-001  7.749892861503E-001  7.959624304930E-022  6.079208556024E-022  1.880415748906E-022  5.130353658887E+004
 3.300432966233E-002  2.340517433295E-001  7.732075087452E-001  8.050942412746E-022  6.166605305598E-022  1.884337107149E-022  5.204109350901E+004
 3.338774572451E-002  2.319358089603E-001  7.714150258018E-001  8.141496224830E-022  6.253191711777E-022  1.888304513053E-022  5.277181179521E+004
 3.377561598643E-002  2.306267415252E-001  7.903593856379E-001  8.225920372680E-022  6.328803161084E-022  1.897117211597E-022  5.340991044248E+004
 3.416799219318E-002  2.289737582919E-001  7.884974991027E-001  8.303189861775E-022  6.401977273313E-022  1.901212588462E-022  5.402743996289E+004
 3.456492669097E-002  2.292799231934E-001  7.866253932999E-001  8.310088790206E-022  6.404752270657E-022  1.905336519549E-022  5.405085866559E+004
 3.496647243412E-002  2.338520096586E-001  7.847431761502E-001  8.165348015956E-022  6.255864972863E-022  1.909483043093E-022  5.279437192729E+004
 3.537268299213E-002  2.385514084606E-001  7.828521146559E-001  8.021954902583E-022  6.108306261964E-022  1.913648640619E-022  5.154909737323E+004
 3.578361255683E-002  2.382945379109E-001  7.993559550111E-001  8.058069052336E-022  6.137875211056E-022  1.920193841280E-022  5.179863506348E+004
 3.619931594962E-002  2.372294575395E-001  7.977325829088E-001  8.102415330287E-022  6.180283736723E-022  1.922131593564E-022  5.215652825438E+004
 3.661984862872E-002  2.360666017818E-001  7.955773497291E-001  8.169128300100E-022  6.240669942776E-022  1.928458357324E-022  5.266613832996E+004
 3.704526669667E-002  2.345974600011E-001  7.935303291509E-001  8.240751172653E-022  6.307491879048E-022  1.933259293606E-022  5.323006069269E+004
 3.747562690772E-002  2.331746168203E-001  7.914763049742E-001  8.311695534171E-022  6.373619112863E-022  1.938076421308E-022  5.378812033620E+004
 3.791098667548E-002  2.321221973571E-001  8.052580439808E-001  8.387417201624E-022  6.440511490632E-022  1.946905710992E-022  5.435263716742E+004
 3.835140408050E-002  2.306358462157E-001  8.031784918686E-001  8.460698957239E-022  6.509358493660E-022  1.951340463580E-022  5.493364943346E+004
 3.879693787810E-002  2.291386725114E-001  8.010940185418E-001  8.535389381700E-022  6.579601589410E-022  1.955787792290E-022  5.552644357758E+004
 3.924764750614E-002  2.272575349338E-001  7.990039729601E-001  8.625280240802E-022  6.665120315165E-022  1.960159925638E-022  5.624815151627E+004
 3.970359309299E-002  2.254410948430E-001  7.969097464144E-001  8.714292149794E-022  6.749732586762E-022  1.964559563031E-022  5.696220972496E+004
 4.016483546555E-002  2.240371744458E-001  8.082780186675E-001  8.806351024141E-022  6.833401023515E-022  1.972950000626E-022  5.766830274129E+004
 4.063143615733E-002  2.222222660606E-001  8.061545199919E-001  8.897668431080E-022  6.920408389670E-022  1.977260041410E-022  5.840257358460E+004
 4.110345741671E-002  2.204695616370E-001  8.040286050316E-001  8.988072053488E-022  7.006475747893E-022  1.981596305595E-022  5.912891153156E+004
 4.158096221520E-002  2.186322275288E-001  8.018904388771E-001  9.083684890663E-022  7.097698628848E-022  1.985986261816E-022  5.989875786396E+004
 4.206401425586E-002  2.167416511551E-001  7.997431376724E-001  9.183422034176E-022  7.192991979235E-022  1.990430054942E-022  6.070295562148E+004
 4.255267798182E-002  2.152709241625E-001  8.088474705056E-001  9.283854338342E-022  7.285310435137E-022  1.998543903205E-022  6.148204770832E+004
 4.304701858482E-002  2.124781115775E-001  8.066726075274E-001  9.427073273376E-022  7.424026546546E-022  2.003046726830E-022  6.265269797168E+004
 4.354710201397E-002  2.091076593414E-001  8.045030061819E-001  9.600427122278E-022  7.592904278061E-022  2.007522844218E-022  6.407788758279E+004
 4.405299498451E-002  2.059108533847E-001  8.022619952149E-001  9.773480241023E-022  7.761014584055E-022  2.012465656967E-022  6.549660075163E+004
 4.456476498671E-002  2.031044114268E-001  8.000123218414E-001  9.933453175166E-022  7.915925014589E-022  2.017528160577E-022  6.680391779260E+004
 4.508248029492E-002  2.008812315203E-001  8.069710655213E-001  1.008537526970E-021  8.059412665176E-022  2.025962604521E-022  6.801483593500E+004
 4.560620997659E-002  1.984831773655E-001  8.046770826855E-001  1.023357101818E-021  8.202379326692E-022  2.031191691483E-022  6.922135735674E+004
 4.613602390158E-002  1.958046136944E-001  8.023479633236E-001  1.040172060554E-021  8.365015720616E-022  2.036704884925E-022  7.059387519512E+004
 4.667199275143E-002  1.926978147456E-001  7.999649667088E-001  1.060012029496E-021  8.557500278078E-022  2.042620016878E-022  7.221828706477E+004
 4.721418802877E-002  1.897250749730E-001  7.975852240631E-001  1.079730610632E-021  8.748786395791E-022  2.048519710527E-022  7.383258508541E+004
 4.776268206692E-002  1.871217888098E-001  8.025771480407E-001  1.099531892967E-021  8.937855183014E-022  2.057463746654E-022  7.542817065445E+004
 4.831754803949E-002  1.845037604023E-001  7.999435436203E-001  1.119210514855E-021  9.127119661823E-022  2.064985486725E-022  7.702540770003E+004
 4.887885997017E-002  1.819755462129E-001  7.973155267816E-001  1.138872036128E-021  9.316251752868E-022  2.072468608410E-022  7.862152750143E+004
 4.944669274258E-002  1.795294406900E-001  7.946916057833E-001  1.158536615729E-021  9.505451850881E-022  2.079914306407E-022  8.021822122587E+004
 5.002112211027E-002  1.770568132282E-001  7.917855519096E-001  1.180005231673E-021  9.710772657602E-022  2.089279659125E-022  8.195096051636E+004
 5.060222470686E-002  1.747999592907E-001  7.945657290884E-001  1.202353088084E-021  9.921818172338E-022  2.101712708501E-022  8.373201164948E+004
 5.119007805619E-002  1.724203835148E-001  7.915411453488E-001  1.224719661613E-021  1.013553027860E-021  2.111666337534E-022  8.553556662903E+004
 5.178476058275E-002  1.701351788457E-001  7.883288151146E-001  1.247732604279E-021  1.035449394498E-021  2.122832097806E-022  8.738344047092E+004
 5.238635162207E-002  1.680450415953E-001  7.843853705153E-001  1.272711025118E-021  1.058838247963E-021  2.138727771547E-022  8.935726796581E+004
 5.299493143134E-002  1.661280484159E-001  7.848450347525E-001  1.298160445330E-021  1.082499584017E-021  2.156608613134E-022  9.135409075741E+004
 5.361058120010E-002  1.640885783293E-001  7.808771606887E-001  1.323895801587E-021  1.106659621648E-021  2.172361799386E-022  9.339299987396E+004
 5.423338306110E-002  1.627050278157E-001  7.748519497529E-001  1.352721769154E-021  1.132627136077E-021  2.200946330771E-022  9.558444521479E+004
 5.486342010123E-002  1.618863125469E-001  7.669561135610E-001  1.384439423196E-021  1.160317630030E-021  2.241217931658E-022  9.792129590287E+004
 5.550077637261E-002  1.610393488022E-001  7.590649472414E-001  1.416732790532E-021  1.188583064518E-021  2.281497260139E-022  1.003066668587E+005
 5.614553690380E-002  1.602802306422E-001  7.542816063527E-001  1.449785064997E-021  1.217413180397E-021  2.323718845994E-022  1.027396922950E+005
 5.679778771116E-002  1.595349077859E-001  7.418536130845E-001  1.496344209524E-021  1.257625074041E-021  2.387191354823E-022  1.061332464688E+005
 5.745761581031E-002  1.590382383788E-001  7.271531492373E-001  1.550107271925E-021  1.303580942100E-021  2.465263298252E-022  1.100115449951E+005
 5.812510922773E-002  1.589640373993E-001  7.183127911871E-001  1.577446154751E-021  1.326688945212E-021  2.507572095392E-022  1.119616710226E+005
 5.880035701255E-002  1.521927557972E-001  7.126204094163E-001  1.662771263122E-021  1.409709522328E-021  2.530617407949E-022  1.189679271436E+005
 5.948344924836E-002  1.459807996696E-001  7.107336461214E-001  1.743430367248E-021  1.488923008069E-021  2.545073591791E-022  1.256528959625E+005
 6.017447706529E-002  1.402305941339E-001  7.074302892171E-001  1.821293397302E-021  1.565892342107E-021  2.554010551958E-022  1.321484767748E+005
 6.087353265212E-002  1.351213435037E-001  7.038414179411E-001  1.898546262820E-021  1.642012141084E-021  2.565341217362E-022  1.385723637923E+005
 6.158070926862E-002  1.305634769141E-001  6.999890787937E-001  1.975211124913E-021  1.717320692805E-021  2.578904321079E-022  1.449277881918E+005
 6.229610125796E-002  1.262934033109E-001  6.969175438140E-001  2.049038464592E-021  1.790258423384E-021  2.587800412084E-022  1.510831347225E+005
 6.301980405931E-002  1.222335723530E-001  6.965470043436E-001  2.119258572979E-021  1.860214026864E-021  2.590445461150E-022  1.569868141730E+005
 6.375191422058E-002  1.184925702873E-001  6.944626955282E-001  2.188824279564E-021  1.929464864771E-021  2.593594147927E-022  1.628310171866E+005
 6.449252941128E-002  1.149395628890E-001  6.929850877819E-001  2.256083830757E-021  1.996770541409E-021  2.593132893481E-022  1.685110645353E+005
 6.524174843557E-002  1.116220482217E-001  6.917102464167E-001  2.321864099425E-021  2.062692872955E-021  2.591712264702E-022  1.740743688985E+005
 6.599967124542E-002  1.083981331761E-001  6.913068674308E-001  2.384717312838E-021  2.126218407974E-021  2.584989048644E-022  1.794354032834E+005
 6.676639895396E-002  1.056377730044E-001  6.918841850181E-001  2.442415408427E-021  2.184404083929E-021  2.580113244977E-022  1.843457973385E+005
 6.754203384898E-002  1.028010770216E-001  6.912566983856E-001  2.505383402280E-021  2.247827290174E-021  2.575561121066E-022  1.896981960137E+005
 6.832667940655E-002  1.000124935360E-001  6.905103135358E-001  2.571768116994E-021  2.314559174817E-021  2.572089421769E-022  1.953298200218E+005
 6.912044030482E-002  9.737113921090E-002  6.899622129583E-001  2.637016651734E-021  2.380247336237E-021  2.567693154975E-022  2.008733623461E+005
 6.992342243804E-002  9.499601229785E-002  6.900227733312E-001  2.694629974897E-021  2.438650872663E-021  2.559791022334E-022  2.058021420390E+005
 7.073573293062E-002  9.320876107359E-002  6.907620474547E-001  2.739366326917E-021  2.484033385458E-021  2.553329414586E-022  2.096320540813E+005
 7.155748015146E-002  9.207367096764E-002  6.911182527976E-001  2.763338072740E-021  2.508907392258E-021  2.544306804818E-022  2.117312163427E+005
 7.238877372839E-002  9.178533203840E-002  6.914749746797E-001  2.762590107315E-021  2.509024857029E-021  2.535652502859E-022  2.117411294064E+005
 7.322972456281E-002  9.233591384911E-002  6.920889520723E-001  2.735395821860E-021  2.482820548910E-021  2.525752729505E-022  2.095297006193E+005
 7.408044484447E-002  9.371194099118E-002  6.926578743091E-001  2.685304375525E-021  2.433659290342E-021  2.516450851826E-022  2.053808934112E+005
 7.494104806645E-002  9.579559393428E-002  6.936972348500E-001  2.618277127579E-021  2.367457715058E-021  2.508194125209E-022  1.997940231656E+005
 7.581164904030E-002  9.832546108112E-002  6.945322837458E-001  2.540524982621E-021  2.290726692317E-021  2.497982903043E-022  1.933185538731E+005
 7.669236391134E-002  1.011725457354E-001  6.954305829784E-001  2.458906996110E-021  2.210133115587E-021  2.487738805230E-022  1.865171166885E+005
 7.758331017417E-002  1.041868865799E-001  6.963149988032E-001  2.378334332422E-021  2.130543083081E-021  2.477912493413E-022  1.798003704095E+005
 7.848460668836E-002  1.072067002929E-001  6.974484707339E-001  2.301098117067E-021  2.054404980886E-021  2.466931361810E-022  1.733749387505E+005
 7.939637369427E-002  1.102168646734E-001  6.988958351253E-001  2.229029812303E-021  1.983353135127E-021  2.456766771755E-022  1.673787454385E+005
 8.031873282910E-002  1.131576389701E-001  7.000089975465E-001  2.162075181763E-021  1.917419858919E-021  2.446553228442E-022  1.618145174355E+005
 8.125180714316E-002  1.160190514337E-001  7.011952495810E-001  2.099816175857E-021  1.856197494949E-021  2.436186809080E-022  1.566478518062E+005
 8.219572111622E-002  1.188330146767E-001  7.023288460097E-001  2.041845411391E-021  1.799206765651E-021  2.426386457393E-022  1.518383014530E+005
 8.315060067417E-002  1.215859721423E-001  7.034786439341E-001  1.987684013302E-021  1.746009520233E-021  2.416744930690E-022  1.473488900410E+005
 8.411657320579E-002  1.243144065083E-001  7.047541379630E-001  1.937116283247E-021  1.696304822157E-021  2.408114610894E-022  1.431542209934E+005
 8.509376757975E-002  1.269865523805E-001  7.057656367754E-001  1.889779542982E-021  1.649802954060E-021  2.399765889226E-022  1.392298445398E+005
 8.608231416183E-002  1.295782964553E-001  7.069020848834E-001  1.845219265529E-021  1.606118896515E-021  2.391003690137E-022  1.355432681969E+005
 8.708234483226E-002  1.320849843913E-001  7.081171306410E-001  1.803447018438E-021  1.565238747157E-021  2.382082712808E-022  1.320933187191E+005
 8.809399300335E-002  1.345046240825E-001  7.092940189148E-001  1.764695968785E-021  1.527336200884E-021  2.373597679013E-022  1.288946545318E+005
 8.911739363728E-002  1.368110187910E-001  7.107015385949E-001  1.728658106921E-021  1.492158630172E-021  2.364994767492E-022  1.259259559430E+005
 9.015268326412E-002  1.389884888975E-001  7.120263886081E-001  1.695245644846E-021  1.459626014359E-021  2.356196304871E-022  1.231804698648E+005
 9.120000000000E-002  1.410680976531E-001  7.132903550311E-001  1.664406373939E-021  1.429611733046E-021  2.347946408932E-022  1.206475105736E+005
 9.226000000000E-002  1.430226087793E-001  7.146170980359E-001  1.635795810662E-021  1.401840026391E-021  2.339557842711E-022  1.183038061993E+005
 9.332000000000E-002  1.448627857554E-001  7.159902024196E-001  1.609235490643E-021  1.376117154532E-021  2.331183361110E-022  1.161330066858E+005
 9.441000000000E-002  1.466722428758E-001  7.174445438408E-001  1.583836111887E-021  1.351531317009E-021  2.323047948782E-022  1.140581635490E+005
 9.550000000000E-002  1.484383602252E-001  7.187773955383E-001  1.559702846349E-021  1.328183113398E-021  2.315197329506E-022  1.120877665686E+005
 9.661000000000E-002  1.502459739067E-001  7.201891267689E-001  1.535604985099E-021  1.304886518577E-021  2.307184665222E-022  1.101217249469E+005
 9.772000000000E-002  1.520814400010E-001  7.215482305271E-001  1.512069942127E-021  1.282112167946E-021  2.299577741810E-022  1.081997564536E+005
 9.886000000000E-002  1.539919362993E-001  7.228906500765E-001  1.488491668408E-021  1.259275954224E-021  2.292157141835E-022  1.062725672226E+005
 1.000000000000E-001  1.558990902209E-001  7.243238431912E-001  1.465531709351E-021  1.237056649174E-021  2.284750601778E-022  1.043974400261E+005
 1.012000000000E-001  1.587328471536E-001  7.257335146098E-001  1.434688302235E-021  1.206956143243E-021  2.277321589917E-022  1.018572040840E+005
 1.023000000000E-001  1.610725791499E-001  7.270400846652E-001  1.409685292331E-021  1.182623646505E-021  2.270616458254E-022  9.980374083272E+004
 1.035000000000E-001  1.636751616491E-001  7.283649459223E-001  1.383180017353E-021  1.156787804423E-021  2.263922129300E-022  9.762340755846E+004
 1.047000000000E-001  1.663421898199E-001  7.295960015010E-001  1.357366971368E-021  1.131579576961E-021  2.257873944065E-022  9.549603981313E+004
 1.059000000000E-001  1.690405202107E-001  7.308649308024E-001  1.332199556960E-021  1.107003850827E-021  2.251957061330E-022  9.342204999471E+004
 1.072000000000E-001  1.720088790636E-001  7.322741696208E-001  1.305386976592E-021  1.080848826004E-021  2.245381505879E-022  9.121478031379E+004
 1.084000000000E-001  1.748131776806E-001  7.336539144152E-001  1.280838956135E-021  1.056931428116E-021  2.239075280190E-022  8.919634800244E+004
 1.097000000000E-001  1.779546478100E-001  7.353320455059E-001  1.254008087611E-021  1.030851520030E-021  2.231565675817E-022  8.699541755829E+004
 1.109000000000E-001  1.810127543653E-001  7.368862309261E-001  1.229060069283E-021  1.006584520862E-021  2.224755484214E-022  8.494748176494E+004
 1.122000000000E-001  1.844763160421E-001  7.385916661381E-001  1.202041642242E-021  9.802934283520E-022  2.217482138901E-022  8.272872908669E+004
 1.135000000000E-001  1.880798199339E-001  7.400747191232E-001  1.175646427038E-021  9.545310587345E-022  2.211153683031E-022  8.055459628616E+004
 1.148000000000E-001  1.917690000165E-001  7.413398481605E-001  1.150229014777E-021  9.296507468229E-022  2.205782679537E-022  7.845490192508E+004
 1.161000000000E-001  1.955362725516E-001  7.426930829129E-001  1.125234919949E-021  9.052106779571E-022  2.200242419917E-022  7.639236046802E+004
 1.175000000000E-001  1.996693757344E-001  7.443034141543E-001  1.098772408367E-021  8.793812075143E-022  2.193912008529E-022  7.421256490792E+004
 1.189000000000E-001  2.038368018267E-001  7.459655099252E-001  1.073186305321E-021  8.544314410799E-022  2.187548642407E-022  7.210700915447E+004
 1.202000000000E-001  2.077191094692E-001  7.475409027563E-001  1.050242634429E-021  8.320871696787E-022  2.181554647502E-022  7.022133582246E+004
 1.216000000000E-001  2.119347235267E-001  7.492592072346E-001  1.026327877546E-021  8.088133625705E-022  2.175145149755E-022  6.825721729694E+004
 1.230000000000E-001  2.161521672941E-001  7.510311917155E-001  1.003274132760E-021  7.864142545735E-022  2.168598781861E-022  6.636691620579E+004
 1.244000000000E-001  2.203125124967E-001  7.529178116970E-001  9.811533743069E-022  7.649930092687E-022  2.161603650382E-022  6.455913870951E+004
 1.259000000000E-001  2.246905937480E-001  7.550759232428E-001  9.584744490547E-022  7.431142560043E-022  2.153601930504E-022  6.271275129202E+004
 1.274000000000E-001  2.291301127099E-001  7.570469504852E-001  9.368028930711E-022  7.221531405948E-022  2.146497524763E-022  6.094380498685E+004
 1.288000000000E-001  2.333226932610E-001  7.587294463311E-001  9.174520432945E-022  7.033896616153E-022  2.140623816792E-022  5.936032118054E+004
 1.303000000000E-001  2.387704958696E-001  7.603525753383E-001  8.942218090177E-022  6.807080242612E-022  2.135137847566E-022  5.744617692777E+004
 1.318000000000E-001  2.430061896767E-001  7.613622220689E-001  8.773092601572E-022  6.641176796783E-022  2.131915804789E-022  5.604608784959E+004
 1.333000000000E-001  2.471927549882E-001  7.623296257759E-001  8.612515050407E-022  6.483563727720E-022  2.128951322687E-022  5.471596275501E+004
 1.349000000000E-001  2.516327178023E-001  7.633811569582E-001  8.448451313329E-022  6.322544548136E-022  2.125906765194E-022  5.335709287989E+004
 1.365000000000E-001  2.560242028773E-001  7.644062051216E-001  8.292654630919E-022  6.169534339301E-022  2.123120291618E-022  5.206581215230E+004
 1.380000000000E-001  2.601782336661E-001  7.653497175322E-001  8.151626257561E-022  6.030750536363E-022  2.120875721198E-022  5.089459062792E+004
 1.396000000000E-001  2.648643837233E-001  7.666005738612E-001  7.998438275683E-022  5.879936851045E-022  2.118501424637E-022  4.962184675814E+004
 1.412000000000E-001  2.694743859916E-001  7.678709651142E-001  7.853640541713E-022  5.737285578935E-022  2.116354962777E-022  4.841798696444E+004
 1.429000000000E-001  2.743124633035E-001  7.691753682478E-001  7.708793019108E-022  5.594175016940E-022  2.114618002168E-022  4.721025114062E+004
 1.445000000000E-001  2.788515266512E-001  7.703106420530E-001  7.580313699114E-022  5.466531651621E-022  2.113782047493E-022  4.613304577702E+004
 1.462000000000E-001  2.836752556208E-001  7.714262037200E-001  7.451643017331E-022  5.337796279595E-022  2.113846737736E-022  4.504662477203E+004
 1.479000000000E-001  2.883943489875E-001  7.726746566188E-001  7.331397365182E-022  5.217063794882E-022  2.114333570300E-022  4.402774157533E+004
 1.496000000000E-001  2.929849830317E-001  7.736584758438E-001  7.223257127961E-022  5.106951260892E-022  2.116305867069E-022  4.309848205670E+004
 1.514000000000E-001  2.977819072025E-001  7.743391174513E-001  7.120756294211E-022  5.000323904197E-022  2.120432390014E-022  4.219863457735E+004
 1.531000000000E-001  3.023343952123E-001  7.745872208559E-001  7.034258962647E-022  4.907560533409E-022  2.126698429238E-022  4.141578777361E+004
 1.549000000000E-001  3.072655221559E-001  7.743409263668E-001  6.953082536615E-022  4.816640000409E-022  2.136442536206E-022  4.064849301008E+004
 1.567000000000E-001  3.119461390443E-001  7.738857732541E-001  6.886476251235E-022  4.738266573043E-022  2.148209678193E-022  3.998708553221E+004
 1.585000000000E-001  3.166235664335E-001  7.727920528916E-001  6.832778432259E-022  4.669359756387E-022  2.163418675872E-022  3.940556848819E+004
 1.603000000000E-001  3.213847070749E-001  7.710117522465E-001  6.790956651793E-022  4.608447037498E-022  2.182509614295E-022  3.889151507590E+004
 1.622000000000E-001  3.265251296914E-001  7.684361201021E-001  6.759192371463E-022  4.552146205762E-022  2.207046165701E-022  3.841638221044E+004
 1.641000000000E-001  3.318918664724E-001  7.651111052521E-001  6.739281864185E-022  4.502569027597E-022  2.236712836588E-022  3.799799146919E+004
 1.660000000000E-001  3.369269634423E-001  7.614659345695E-001  6.733684836247E-022  4.464924851593E-022  2.268759984654E-022  3.768030548372E+004
 1.679000000000E-001  3.410382407215E-001  7.579794048361E-001  6.743277058402E-022  4.443561713707E-022  2.299715344695E-022  3.750001811307E+004
 1.698000000000E-001  3.449226052993E-001  7.542600469563E-001  6.763375723667E-022  4.430534548441E-022  2.332841175225E-022  3.739007951766E+004
 1.718000000000E-001  3.487457445133E-001  7.502590685064E-001  6.794509111729E-022  4.424952972957E-022  2.369556138772E-022  3.734297559624E+004
 1.738000000000E-001  3.521576572549E-001  7.463321294162E-001  6.835617969375E-022  4.428402759390E-022  2.407215209985E-022  3.737208896567E+004
 1.758000000000E-001  3.549674468133E-001  7.426869268547E-001  6.886806818960E-022  4.442214585738E-022  2.444592233222E-022  3.748864945736E+004
 1.778000000000E-001  3.577743816542E-001  7.387419743492E-001  6.947174871063E-022  4.461653677325E-022  2.485521193738E-022  3.765269945455E+004
 1.799000000000E-001  3.615221838860E-001  7.334285031592E-001  7.020363552565E-022  4.482346389368E-022  2.538017163197E-022  3.782732898069E+004
 1.820000000000E-001  3.647362563092E-001  7.281521769502E-001  7.106778290176E-022  4.514678582198E-022  2.592099707978E-022  3.810018618283E+004
 1.841000000000E-001  3.672332489628E-001  7.230915343870E-001  7.207248563021E-022  4.560507257141E-022  2.646741305880E-022  3.848694262984E+004
 1.862000000000E-001  3.688594304159E-001  7.183277762090E-001  7.323725020163E-022  4.622299980703E-022  2.701425039460E-022  3.900842256016E+004
 1.884000000000E-001  3.693963395011E-001  7.137671589344E-001  7.464412878171E-022  4.707086084450E-022  2.757326793721E-022  3.972394776968E+004
 1.905000000000E-001  3.686791311435E-001  7.099513332425E-001  7.616025349345E-022  4.808155740782E-022  2.807869608563E-022  4.057689281407E+004
 1.928000000000E-001  3.640312009970E-001  7.086665590426E-001  7.805455384888E-022  4.964026086799E-022  2.841429298089E-022  4.189231075479E+004
 1.950000000000E-001  3.580590229538E-001  7.081643503561E-001  8.009182810217E-022  5.141422638533E-022  2.867760171685E-022  4.338939222498E+004
 1.972000000000E-001  3.509712592198E-001  7.081294686073E-001  8.232898424036E-022  5.343387697123E-022  2.889510726913E-022  4.509381175222E+004
 1.995000000000E-001  3.425550481199E-001  7.086032169328E-001  8.485280443058E-022  5.578604792576E-022  2.906675650482E-022  4.707885121117E+004
 2.018000000000E-001  3.334578862594E-001  7.096318943518E-001  8.753920170708E-022  5.834856454100E-022  2.919063716607E-022  4.924140516401E+004
 2.042000000000E-001  3.236558869044E-001  7.111362451028E-001  9.043828766365E-022  6.116740345976E-022  2.927088420389E-022  5.162027412818E+004
 2.065000000000E-001  3.143957036648E-001  7.129361331052E-001  9.317684883253E-022  6.388244787856E-022  2.929440095397E-022  5.391154904328E+004
 2.089000000000E-001  3.070546031082E-001  7.134426928798E-001  9.581780500669E-022  6.639650691966E-022  2.942129808703E-022  5.603320877601E+004
 2.113000000000E-001  3.013377463117E-001  7.138732880104E-001  9.805873563528E-022  6.850993723277E-022  2.954879840251E-022  5.781677070511E+004
 2.138000000000E-001  2.974607737517E-001  7.142681063414E-001  9.975728200704E-022  7.008340371386E-022  2.967387829318E-022  5.914464742525E+004
 2.163000000000E-001  2.960441892077E-001  7.146156592793E-001  1.006173997747E-021  7.083020323823E-022  2.978719653649E-022  5.977488500256E+004
 2.188000000000E-001  2.972305731657E-001  7.148885728155E-001  1.005525410543E-021  7.066525164345E-022  2.988728941083E-022  5.963567937899E+004
 2.213000000000E-001  3.010110994103E-001  7.151638036860E-001  9.959714485219E-022  6.961729878211E-022  2.997984607008E-022  5.875129307328E+004
 2.239000000000E-001  3.074090290229E-001  7.153804660140E-001  9.781147893197E-022  6.774334716621E-022  3.006813176577E-022  5.716983153259E+004
 2.265000000000E-001  3.159190403376E-001  7.155994173534E-001  9.542679809830E-022  6.527965562059E-022  3.014714247771E-022  5.509067783702E+004
 2.291000000000E-001  3.260119452012E-001  7.159535122551E-001  9.267763602021E-022  6.246361962461E-022  3.021401639559E-022  5.271417430989E+004
 2.317000000000E-001  3.371805806766E-001  7.163572511430E-001  8.977706647695E-022  5.950598307081E-022  3.027108340614E-022  5.021817152012E+004
 2.344000000000E-001  3.494277267822E-001  7.167525990094E-001  8.678619931412E-022  5.646069497172E-022  3.032550434240E-022  4.764819801163E+004
 2.371000000000E-001  3.618844814140E-001  7.171273619477E-001  8.392955662944E-022  5.355675255328E-022  3.037280407615E-022  4.519750867036E+004
 2.399000000000E-001  3.747008175810E-001  7.174212851690E-001  8.117599362263E-022  5.075928244428E-022  3.041671117835E-022  4.283667322984E+004
 2.427000000000E-001  3.871355623058E-001  7.177379901385E-001  7.866414594054E-022  4.821045756854E-022  3.045368837199E-022  4.068567398272E+004
 2.455000000000E-001  3.989698154453E-001  7.180355512141E-001  7.640620335996E-022  4.592243450656E-022  3.048376885340E-022  3.875477008636E+004
 2.483000000000E-001  4.101166424985E-001  7.183124067150E-001  7.439075179716E-022  4.388186643717E-022  3.050888535999E-022  3.703269791782E+004
 2.512000000000E-001  4.208138789135E-001  7.185123280655E-001  7.253480115664E-022  4.201115012569E-022  3.052365103095E-022  3.545396670884E+004
 2.541000000000E-001  4.307263929913E-001  7.187146916089E-001  7.088331320565E-022  4.035199938531E-022  3.053131382034E-022  3.405377949810E+004
 2.570000000000E-001  4.398849639084E-001  7.188947056310E-001  6.941479035503E-022  3.888026780500E-022  3.053452255003E-022  3.281175869418E+004
 2.600000000000E-001  4.485922304482E-001  7.190945746141E-001  6.806587149629E-022  3.753205038437E-022  3.053382111193E-022  3.167397371557E+004
 2.630000000000E-001  4.565750702090E-001  7.192007616894E-001  6.686698528495E-022  3.633718678381E-022  3.052979850114E-022  3.066560678943E+004
 2.661000000000E-001  4.641076937996E-001  7.192968756946E-001  6.575795557345E-022  3.523918246328E-022  3.051877311017E-022  2.973898115529E+004
 2.691000000000E-001  4.707998203236E-001  7.193468434457E-001  6.479220607134E-022  3.428804709459E-022  3.050415897676E-022  2.893630087645E+004
 2.723000000000E-001  4.773033306460E-001  7.193795182870E-001  6.386626416739E-022  3.338268356438E-022  3.048358060301E-022  2.817224827700E+004
 2.754000000000E-001  4.830692656369E-001  7.194039942539E-001  6.305604124855E-022  3.259560570864E-022  3.046043553991E-022  2.750801908996E+004
 2.786000000000E-001  4.885056408158E-001  7.193294172629E-001  6.229899190258E-022  3.186558294103E-022  3.043340896155E-022  2.689193972003E+004
 2.818000000000E-001  4.934627495454E-001  7.192893665259E-001  6.160265699147E-022  3.120404049316E-022  3.039861649831E-022  2.633365212606E+004
 2.851000000000E-001  4.981655518710E-001  7.191593979136E-001  6.094558533823E-022  3.058459418411E-022  3.036099115412E-022  2.581089022230E+004
 2.884000000000E-001  5.024640727919E-001  7.190371202965E-001  6.034030509601E-022  3.002146964396E-022  3.031883545205E-022  2.533565927433E+004
 2.917000000000E-001  5.063831429724E-001  7.189106066118E-001  5.978042736704E-022  2.950862666869E-022  3.027180069835E-022  2.490286184513E+004
 2.951000000000E-001  5.100989715746E-001  7.187124831493E-001  5.924405426210E-022  2.902372311110E-022  3.022033115101E-022  2.449364299403E+004
 2.985000000000E-001  5.134722184716E-001  7.185175918889E-001  5.873984571672E-022  2.857856682387E-022  3.016127889284E-022  2.411796758072E+004
 3.020000000000E-001  5.166804432659E-001  7.182687848895E-001  5.825313019682E-022  2.815487706510E-022  3.009825313172E-022  2.376040815762E+004
 3.055000000000E-001  5.241427302019E-001  7.180236605174E-001  5.729474491144E-022  2.726412088734E-022  3.003062402411E-022  2.300868296615E+004
 3.090000000000E-001  5.284967381683E-001  7.177255786400E-001  5.668911162272E-022  2.672910104045E-022  2.996001058227E-022  2.255717007533E+004
 3.126000000000E-001  5.328930217846E-001  7.173988341686E-001  5.607667013902E-022  2.619380393702E-022  2.988286620200E-022  2.210542320271E+004
 3.162000000000E-001  5.372055495882E-001  7.170237116434E-001  5.547622592893E-022  2.567408948970E-022  2.980213643923E-022  2.166682681441E+004
 3.199000000000E-001  5.415181644134E-001  7.166491847790E-001  5.486992800794E-022  2.515686531158E-022  2.971306269636E-022  2.123033200917E+004
 3.236000000000E-001  5.457542023831E-001  7.162648607826E-001  5.427506631424E-022  2.465422078862E-022  2.962084552562E-022  2.080614123767E+004
 3.273000000000E-001  5.499235795690E-001  7.158194302473E-001  5.369350469356E-022  2.416618039287E-022  2.952732430069E-022  2.039427515232E+004
 3.311000000000E-001  5.540895326933E-001  7.153586519647E-001  5.310448107234E-022  2.367984397105E-022  2.942463710129E-022  1.998384708127E+004
 3.350000000000E-001  5.582865282771E-001  7.148394115500E-001  5.251150757615E-022  2.319504031687E-022  2.931646725929E-022  1.957471254046E+004
 3.388000000000E-001  5.622938702442E-001  7.143653944836E-001  5.194042189832E-022  2.273464104700E-022  2.920578085132E-022  1.918617329938E+004
 3.428000000000E-001  5.664221266854E-001  7.137881126090E-001  5.135531165401E-022  2.226652681035E-022  2.908878484366E-022  1.879112325880E+004
 3.467000000000E-001  5.703602753530E-001  7.132440514280E-001  5.079106606402E-022  2.182185963828E-022  2.896920642575E-022  1.841586061857E+004
 3.507000000000E-001  5.743113049215E-001  7.126746883967E-001  5.021969720050E-022  2.137795736851E-022  2.884173983198E-022  1.804124349318E+004
 3.548000000000E-001  5.782911616273E-001  7.120460826910E-001  4.964480744394E-022  2.093565407842E-022  2.870915336552E-022  1.766797577556E+004
 3.589000000000E-001  5.822023991065E-001  7.113725005671E-001  4.908209301813E-022  2.050638070980E-022  2.857571230833E-022  1.730570424349E+004
 3.631000000000E-001  5.860992028075E-001  7.107204262340E-001  4.851112294521E-022  2.007879245972E-022  2.843233048549E-022  1.694485481333E+004
 3.673000000000E-001  5.899493031550E-001  7.100075719522E-001  4.795164328715E-022  1.966260474476E-022  2.828903854239E-022  1.659362650020E+004
 3.715000000000E-001  5.936965144867E-001  7.092913837548E-001  4.739877382235E-022  1.925828701308E-022  2.814048680927E-022  1.625241547989E+004
 3.758000000000E-001  5.974842594807E-001  7.085462215583E-001  4.683940434117E-022  1.885359752387E-022  2.798580681730E-022  1.591089072671E+004
 3.802000000000E-001  6.012563948105E-001  7.077867329425E-001  4.627474487125E-022  1.845175859919E-022  2.782298627207E-022  1.557177161629E+004
 3.846000000000E-001  6.049974608609E-001  7.069725788182E-001  4.572130291289E-022  1.806003074334E-022  2.766127216955E-022  1.524118541909E+004
 3.891000000000E-001  6.087320581502E-001  7.061676883527E-001  4.515805694441E-022  1.766889999858E-022  2.748915694584E-022  1.491110313470E+004
 3.936000000000E-001  6.124010114898E-001  7.053186985507E-001  4.460422899220E-022  1.728855404065E-022  2.731567495154E-022  1.459012232627E+004
 3.981000000000E-001  6.160545386262E-001  7.044196717779E-001  4.406022302194E-022  1.691672265639E-022  2.714350036555E-022  1.427632712001E+004
 4.027000000000E-001  6.196894664904E-001  7.035366746001E-001  4.350811532769E-022  1.654659455227E-022  2.696152077542E-022  1.396396934256E+004
 4.074000000000E-001  6.233339681287E-001  7.025865934389E-001  4.295679651140E-022  1.618036608385E-022  2.677643042755E-022  1.365490253796E+004
 4.121000000000E-001  6.268814884311E-001  7.016578535080E-001  4.241038850684E-022  1.582410103473E-022  2.658628747211E-022  1.335424404246E+004
 4.169000000000E-001  6.304004006482E-001  7.006645535210E-001  4.186517112890E-022  1.547335047604E-022  2.639182065287E-022  1.305823932481E+004
 4.217000000000E-001  6.338127967903E-001  6.996658481597E-001  4.132920013064E-022  1.513422420673E-022  2.619497592391E-022  1.277204455447E+004
 4.266000000000E-001  6.371713119452E-001  6.986408828180E-001  4.079285125929E-022  1.480081670442E-022  2.599203455486E-022  1.249067595465E+004
 4.315000000000E-001  6.404050817320E-001  6.976082846161E-001  4.026687751932E-022  1.447976453047E-022  2.578711298885E-022  1.221973423910E+004
 4.365000000000E-001  6.436391972168E-001  6.964984846534E-001  3.974425403591E-022  1.416329427426E-022  2.558095976166E-022  1.195265928651E+004
 4.416000000000E-001  6.467843012700E-001  6.954002218742E-001  3.921538207399E-022  1.385148858023E-022  2.536389349376E-022  1.168952084201E+004
 4.467000000000E-001  6.498696539504E-001  6.942585848227E-001  3.869836341415E-022  1.354947137375E-022  2.514889204040E-022  1.143464307857E+004
 4.519000000000E-001  6.529391495927E-001  6.931192252932E-001  3.817468974883E-022  1.324894028826E-022  2.492574946056E-022  1.118101947940E+004
 4.571000000000E-001  6.559455710391E-001  6.919400019438E-001  3.766193048430E-022  1.295775398634E-022  2.470417649796E-022  1.093528211150E+004
 4.624000000000E-001  6.589847692768E-001  6.907221973991E-001  3.714532359913E-022  1.266712109745E-022  2.447820250168E-022  1.069001177883E+004
 4.677000000000E-001  6.619520634610E-001  6.894998680858E-001  3.663431240964E-022  1.238415371660E-022  2.425015869304E-022  1.045121050654E+004
 4.732000000000E-001  6.650060503868E-001  6.882186349412E-001  3.611057526272E-022  1.209682423006E-022  2.401375103266E-022  1.020872797465E+004
 4.786000000000E-001  6.679302211909E-001  6.869554337187E-001  3.560402010344E-022  1.182301908046E-022  2.378100102298E-022  9.977658874433E+003
 4.842000000000E-001  6.708754927402E-001  6.856054516839E-001  3.509197479936E-022  1.154962891462E-022  2.354234588475E-022  9.746939986483E+003
 4.898000000000E-001  6.737228527355E-001  6.842742535745E-001  3.458461357057E-022  1.128416905505E-022  2.330044451552E-022  9.522913626925E+003
 4.954000000000E-001  6.764654368594E-001  6.829341176466E-001  3.408628735574E-022  1.102809208872E-022  2.305819526702E-022  9.306805660066E+003
 5.012000000000E-001  6.792223463758E-001  6.815043608911E-001  3.358446517614E-022  1.077314593742E-022  2.281131923871E-022  9.091652008387E+003
 5.070000000000E-001  6.818231397505E-001  6.800714814290E-001  3.309351389280E-022  1.052959034503E-022  2.256392354777E-022  8.886111054652E+003
 5.129000000000E-001  6.843360392499E-001  6.786360311035E-001  3.259995161523E-022  1.029062984713E-022  2.230932176811E-022  8.684447983962E+003
 5.188000000000E-001  6.867548547291E-001  6.771560557109E-001  3.212112557002E-022  1.006178664544E-022  2.205933892458E-022  8.491323081890E+003
 5.248000000000E-001  6.891293393459E-001  6.756081369667E-001  3.164848035345E-022  9.838583996175E-023  2.180989635728E-022  8.302958343652E+003
 5.309000000000E-001  6.914074103121E-001  6.740620210983E-001  3.117235566495E-022  9.619557961322E-023  2.155279770363E-022  8.118118325589E+003
 5.370000000000E-001  6.936099742193E-001  6.724764412358E-001  3.071017867271E-022  9.409292435261E-023  2.130088623745E-022  7.940671458777E+003
 5.433000000000E-001  6.957543378807E-001  6.708646423282E-001  3.023710938710E-022  9.199509366052E-023  2.103760002105E-022  7.763631745998E+003
 5.495000000000E-001  6.977757745188E-001  6.692695398460E-001  2.977987372403E-022  9.000199271172E-023  2.077967445286E-022  7.595430364996E+003
 5.559000000000E-001  6.998072644020E-001  6.675820077724E-001  2.932098025506E-022  8.801945273181E-023  2.051903498188E-022  7.428120243191E+003
 5.623000000000E-001  7.017201194037E-001  6.659196179551E-001  2.886579806216E-022  8.610086799297E-023  2.025571126286E-022  7.266207419439E+003
 5.688000000000E-001  7.035588228245E-001  6.642243606668E-001  2.841273200238E-022  8.422703721558E-023  1.999002828083E-022  7.108071463150E+003
 5.754000000000E-001  7.053204179025E-001  6.624950204424E-001  2.796200635473E-022  8.239832347217E-023  1.972217400751E-022  6.953743014667E+003
 5.821000000000E-001  7.069995370925E-001  6.607303951115E-001  2.751387259465E-022  8.061577406611E-023  1.945229518804E-022  6.803310457810E+003
 5.888000000000E-001  7.085686482125E-001  6.589571387574E-001  2.707506474224E-022  7.890522717567E-023  1.918454202467E-022  6.658954323007E+003
 5.957000000000E-001  7.100744132916E-001  6.571233924855E-001  2.663263049963E-022  7.721481023194E-023  1.891114947644E-022  6.516296990685E+003
 6.026000000000E-001  7.114961413209E-001  6.552531270028E-001  2.620456260307E-022  7.560117425983E-023  1.864444517709E-022  6.380119342932E+003
 6.095000000000E-001  7.127724153832E-001  6.534048675515E-001  2.578121936189E-022  7.405077365792E-023  1.837614199610E-022  6.249278242031E+003
 6.166000000000E-001  7.140144189086E-001  6.514657808446E-001  2.535936596492E-022  7.252413011588E-023  1.810695295333E-022  6.120442042227E+003
 6.237000000000E-001  7.151842031603E-001  6.495165784797E-001  2.494623021526E-022  7.105080436907E-023  1.784114977835E-022  5.996105427251E+003
 6.310000000000E-001  7.162290998018E-001  6.475354088165E-001  2.452606840032E-022  6.959784508282E-023  1.756628389204E-022  5.873487574586E+003
 6.383000000000E-001  7.172322998667E-001  6.455190186425E-001  2.411907144245E-022  6.820094361133E-023  1.729897708132E-022  5.755600541936E+003
 6.457000000000E-001  7.181528617769E-001  6.434696326529E-001  2.371506881183E-022  6.684024277379E-023  1.703104453445E-022  5.640768546024E+003
 6.531000000000E-001  7.189814403276E-001  6.414120685412E-001  2.331985888773E-022  6.553313156394E-023  1.676654573134E-022  5.530459075370E+003
 6.607000000000E-001  7.197052313198E-001  6.392950352700E-001  2.292279220596E-022  6.425138738873E-023  1.649765346708E-022  5.422290374488E+003
 6.683000000000E-001  7.203015274828E-001  6.371974267744E-001  2.252992187152E-022  6.301584733397E-023  1.622833713813E-022  5.318020922597E+003
 6.761000000000E-001  7.208500511703E-001  6.350125086674E-001  2.214007447858E-022  6.180400657782E-023  1.595967382080E-022  5.215751497227E+003
 6.839000000000E-001  7.212615005710E-001  6.328462017878E-001  2.175481364253E-022  6.063904110076E-023  1.569090953245E-022  5.117437961137E+003
 6.918000000000E-001  7.216229099479E-001  6.306203073799E-001  2.137754878214E-022  5.951019822419E-023  1.542652895972E-022  5.022172876402E+003
 6.998000000000E-001  7.218526452249E-001  6.283840617987E-001  2.099998525863E-022  5.841090350004E-023  1.515889490863E-022  4.929401413501E+003
 7.079000000000E-001  7.220373780575E-001  6.260898470652E-001  2.063036957001E-022  5.734471617322E-023  1.489589795269E-022  4.839423943525E+003
 7.161000000000E-001  7.221276575534E-001  6.237623234535E-001  2.026486575925E-022  5.631045717889E-023  1.463382004136E-022  4.752140963070E+003
 7.244000000000E-001  7.220565083921E-001  6.214257696368E-001  1.989958912610E-022  5.530961283272E-023  1.436862784283E-022  4.667677904992E+003
 7.328000000000E-001  7.219732029784E-001  6.190303932792E-001  1.954210589614E-022  5.433229109360E-023  1.410887678678E-022  4.585199962115E+003
 7.413000000000E-001  7.218079533837E-001  6.166012852230E-001  1.918856995969E-022  5.338107548725E-023  1.385046241096E-022  4.504925162831E+003
 7.499000000000E-001  7.215685393986E-001  6.141390331784E-001  1.883885112144E-022  5.245328833794E-023  1.359352228764E-022  4.426627533259E+003
 7.586000000000E-001  7.212027354294E-001  6.116646425248E-001  1.848941715100E-022  5.154798925204E-023  1.333461822580E-022  4.350227711885E+003
 7.674000000000E-001  7.208045763360E-001  6.091361222289E-001  1.814787399664E-022  5.066803369092E-023  1.308107062755E-022  4.275966676242E+003
 7.763000000000E-001  7.202856135451E-001  6.065934303064E-001  1.780685876682E-022  4.980834574650E-023  1.282602419217E-022  4.203416061297E+003
 7.852000000000E-001  7.197097346242E-001  6.040291777904E-001  1.747732803253E-022  4.898724912298E-023  1.257860312023E-022  4.134122237472E+003
 7.943000000000E-001  7.190463568007E-001  6.014203799922E-001  1.714428531029E-022  4.816749417976E-023  1.232753589232E-022  4.064941640465E+003
 8.035000000000E-001  7.183175591492E-001  5.987613398682E-001  1.681950483644E-022  4.737759176231E-023  1.208174566021E-022  3.998280351907E+003
 8.128000000000E-001  7.175013242449E-001  5.960866920191E-001  1.649514580899E-022  4.659856847427E-023  1.183528896156E-022  3.932537172688E+003
 8.222000000000E-001  7.166580960121E-001  5.933614698772E-001  1.617865103353E-022  4.584089787796E-023  1.159456124574E-022  3.868595985604E+003
 8.318000000000E-001  7.157307458674E-001  5.905753366457E-001  1.586319615058E-022  4.509418937884E-023  1.135377721269E-022  3.805579909658E+003
 8.414000000000E-001  7.146919418077E-001  5.878029258233E-001  1.555206576460E-022  4.437129684178E-023  1.111493608043E-022  3.744573705671E+003
 8.511000000000E-001  7.136182277132E-001  5.849823819452E-001  1.524895817310E-022  4.367023667140E-023  1.088193450596E-022  3.685409974454E+003
 8.610000000000E-001  7.124017387922E-001  5.821170039161E-001  1.494419295052E-022  4.297923907724E-023  1.064626904280E-022  3.627095442178E+003
 8.710000000000E-001  7.111442110157E-001  5.792053416391E-001  1.464746969814E-022  4.231006416279E-023  1.041646328186E-022  3.570622565173E+003
 8.810000000000E-001  7.097336829604E-001  5.763068199529E-001  1.435562432305E-022  4.166954201055E-023  1.018867012199E-022  3.516567746407E+003
 8.913000000000E-001  7.082386960932E-001  5.733182109412E-001  1.406267391931E-022  4.102944079113E-023  9.959729840194E-023  3.462548450921E+003
 9.016000000000E-001  7.066283658818E-001  5.703284314712E-001  1.377801719579E-022  4.042079419639E-023  9.735937776155E-023  3.411183667898E+003
 9.120000000000E-001  7.048839963640E-001  5.673085673477E-001  1.349883086141E-022  3.983721017579E-023  9.515109843834E-023  3.361933960675E+003
 9.226000000000E-001  7.030437786286E-001  5.642284377262E-001  1.322213002667E-022  3.926393771200E-023  9.295736255466E-023  3.313554464314E+003
 9.333000000000E-001  7.009864625967E-001  5.611306224315E-001  1.294859631064E-022  3.871805587252E-023  9.076790723390E-023  3.267486512100E+003
 9.441000000000E-001  6.988581575948E-001  5.579901043812E-001  1.268392441592E-022  3.819660367539E-023  8.864264048383E-023  3.223480221432E+003
 9.550000000000E-001  6.964365748716E-001  5.548317676675E-001  1.242375020360E-022  3.771396164746E-023  8.652354038858E-023  3.182749190886E+003
 9.661000000000E-001  6.937432947687E-001  5.516140218899E-001  1.216931294792E-022  3.726933688357E-023  8.442379259559E-023  3.145226505767E+003
 9.772000000000E-001  6.907349234659E-001  5.483951501582E-001  1.192681962277E-022  3.688548783444E-023  8.238270839326E-023  3.112832792744E+003
 9.886000000000E-001  6.872923482339E-001  5.450957473465E-001  1.168865544689E-022  3.655131997099E-023  8.033523449787E-023  3.084631764516E+003
 1.000000000000E+000  6.824366634484E-001  5.418254031178E-001  1.146729213082E-022  3.641591550275E-023  7.825700580544E-023  3.073204737418E+003
 1.012000000000E+000  6.744473571207E-001  5.383762112954E-001  1.128392474189E-022  3.673511521772E-023  7.610413220115E-023  3.100142576621E+003
 1.023000000000E+000  6.645917732880E-001  5.352050016069E-001  1.116512382213E-022  3.744874382203E-023  7.420249439932E-023  3.160366980627E+003
 1.035000000000E+000  6.509918230218E-001  5.317352610083E-001  1.109228082309E-022  3.871296708598E-023  7.220984114494E-023  3.267057060233E+003
 1.047000000000E+000  6.392055190799E-001  5.282703499190E-001  1.099085270049E-022  3.965438994944E-023  7.025413705550E-023  3.346505432297E+003
 1.059000000000E+000  6.378107025925E-001  5.248033746184E-001  1.071758560232E-022  3.881794799209E-023  6.835790803112E-023  3.275916588095E+003
 1.071000000000E+000  6.434243257083E-001  5.213308191441E-001  1.034076678825E-022  3.687265890214E-023  6.653500898038E-023  3.111750136028E+003
 1.084000000000E+000  6.482458383035E-001  5.175680345395E-001  9.968927574471E-023  3.506611761972E-023  6.462315812500E-023  2.959292861486E+003
 1.097000000000E+000  6.498285192393E-001  5.138021248168E-001  9.662916444852E-023  3.383677759961E-023  6.279238684891E-023  2.855546641693E+003
 1.109000000000E+000  6.491585892320E-001  5.103289671287E-001  9.420194149667E-023  3.304994205178E-023  6.115199944489E-023  2.789144171790E+003
 1.122000000000E+000  6.469940026727E-001  5.065695963060E-001  9.185499758002E-023  3.242536503023E-023  5.942963254979E-023  2.736434991340E+003
 1.135000000000E+000  6.438614006903E-001  5.028144005075E-001  8.970972963571E-023  3.194909745691E-023  5.776063217880E-023  2.696241912507E+003
 1.148000000000E+000  6.401652371080E-001  4.990618284272E-001  8.773159967769E-023  3.156887936816E-023  5.616272030953E-023  2.664154622774E+003
 1.161000000000E+000  6.359576438571E-001  4.953156547854E-001  8.587675538986E-023  3.126277637004E-023  5.461397901983E-023  2.638322039109E+003
 1.175000000000E+000  6.309783765332E-001  4.912895565512E-001  8.399754950741E-023  3.099691208645E-023  5.300063742095E-023  2.615885273081E+003
 1.189000000000E+000  6.254897781838E-001  4.872736458509E-001  8.221524448717E-023  3.079044944956E-023  5.142479503761E-023  2.598461519070E+003
 1.202000000000E+000  6.201185768310E-001  4.835527536721E-001  8.067102027100E-023  3.064542198904E-023  5.002559828196E-023  2.586222390311E+003
 1.216000000000E+000  6.139189301044E-001  4.795562121574E-001  7.908483368415E-023  3.053315720129E-023  4.855167648286E-023  2.576748162551E+003
 1.230000000000E+000  6.076359041470E-001  4.755713535293E-001  7.758550858937E-023  3.044176792897E-023  4.714374066041E-023  2.569035657160E+003
 1.245000000000E+000  6.011418281935E-001  4.713162450567E-001  7.600227720372E-023  3.031412933861E-023  4.568814786511E-023  2.558264006491E+003
 1.259000000000E+000  5.959281102262E-001  4.673620311152E-001  7.451761284365E-023  3.011047264317E-023  4.440714020048E-023  2.541077050936E+003
 1.273000000000E+000  5.913810981655E-001  4.634175354889E-001  7.288184868865E-023  2.978090097483E-023  4.310094771382E-023  2.513263903897E+003
 1.288000000000E+000  5.873845660428E-001  4.592073624979E-001  7.110016608934E-023  2.933702588538E-023  4.176314020396E-023  2.475804485154E+003
 1.303000000000E+000  5.842075742364E-001  4.550299438534E-001  6.941818529176E-023  2.886355565457E-023  4.055462963719E-023  2.435847479096E+003
 1.318000000000E+000  5.812690225585E-001  4.508866733965E-001  6.785028755842E-023  2.841101722903E-023  3.943927032939E-023  2.397656945807E+003
 1.334000000000E+000  5.775992982961E-001  4.464795106803E-001  6.618127328349E-023  2.795501627460E-023  3.822625700889E-023  2.359174203466E+003
 1.349000000000E+000  5.739052505661E-001  4.423690657423E-001  6.467139636121E-023  2.755614242807E-023  3.711525393314E-023  2.325512520714E+003
 1.365000000000E+000  5.695116809153E-001  4.379969896061E-001  6.309895888123E-023  2.716336474477E-023  3.593559413646E-023  2.292365304163E+003
 1.380000000000E+000  5.649080268457E-001  4.338970869139E-001  6.161696550480E-023  2.680904710126E-023  3.480791840353E-023  2.262463799682E+003
 1.396000000000E+000  5.598181828567E-001  4.295426047582E-001  6.010304815046E-023  2.645626895072E-023  3.364677919974E-023  2.232692215787E+003
 1.413000000000E+000  5.544250675552E-001  4.249522520039E-001  5.859628412763E-023  2.610903534169E-023  3.248724878595E-023  2.203388545742E+003
 1.429000000000E+000  5.493447722727E-001  4.206635623602E-001  5.724950631733E-023  2.579978930671E-023  3.144971701062E-023  2.177290715533E+003
 1.445000000000E+000  5.443484160321E-001  4.164126041021E-001  5.597421282317E-023  2.550473873423E-023  3.046947408893E-023  2.152390865986E+003
 1.462000000000E+000  5.389949888594E-001  4.119274183369E-001  5.467258277425E-023  2.520433463092E-023  2.946824814332E-023  2.127039222325E+003
 1.479000000000E+000  5.336048179900E-001  4.074746395224E-001  5.342052560948E-023  2.491507576470E-023  2.850544984478E-023  2.102628145307E+003
 1.496000000000E+000  5.282385240412E-001  4.030615887536E-001  5.222717777861E-023  2.463877047400E-023  2.758840730461E-023  2.079310243872E+003
 1.514000000000E+000  5.225311028288E-001  3.984258658625E-001  5.101019630345E-023  2.435578217349E-023  2.665441412995E-023  2.055428351195E+003
 1.531000000000E+000  5.170350471705E-001  3.940765299248E-001  4.989868352307E-023  2.409931533397E-023  2.579936818909E-023  2.033784652408E+003
 1.549000000000E+000  5.112946910863E-001  3.895178192283E-001  4.877245270420E-023  2.383535656528E-023  2.493709613892E-023  2.011508696217E+003
 1.567000000000E+000  5.056326425795E-001  3.850077013925E-001  4.769520644412E-023  2.357895317141E-023  2.411625327272E-023  1.989870351721E+003
 1.585000000000E+000  4.998751418806E-001  3.805306683978E-001  4.665198318810E-023  2.333181647294E-023  2.332016671516E-023  1.969014040352E+003
 1.603000000000E+000  4.940679563269E-001  3.760936060454E-001  4.565083054687E-023  2.309621799395E-023  2.255461255292E-023  1.949131460119E+003
 1.622000000000E+000  4.879560372907E-001  3.714559930784E-001  4.463256081113E-023  2.285383330359E-023  2.177872750754E-023  1.928676179278E+003
 1.641000000000E+000  4.818311627506E-001  3.668649938401E-001  4.365450584592E-023  2.262040453488E-023  2.103410131104E-023  1.908976704805E+003
 1.660000000000E+000  4.756648631365E-001  3.623190368125E-001  4.271561063315E-023  2.239729554754E-023  2.031831508561E-023  1.890148135280E+003
 1.679000000000E+000  4.694349978084E-001  3.578130279988E-001  4.180797215008E-023  2.218184683543E-023  1.962612531465E-023  1.871966030188E+003
 1.698000000000E+000  4.632543227208E-001  3.533628999919E-001  4.094308059118E-023  2.197602152181E-023  1.896705906937E-023  1.854596061036E+003
 1.718000000000E+000  4.567298889653E-001  3.487300741944E-001  4.007043799479E-023  2.176907129864E-023  1.830136669615E-023  1.837131158741E+003
 1.738000000000E+000  4.501149934576E-001  3.441404005084E-001  3.922894368542E-023  2.157140795511E-023  1.765753573031E-023  1.820449992955E+003
 1.758000000000E+000  4.435727564517E-001  3.396140295836E-001  3.842793093892E-023  2.138234768761E-023  1.704558325131E-023  1.804494856259E+003
 1.778000000000E+000  4.369268638045E-001  3.351301283797E-001  3.765673079379E-023  2.120349350693E-023  1.645323728686E-023  1.789401029624E+003
 1.799000000000E+000  4.299668188396E-001  3.304801390601E-001  3.688044787609E-023  2.102307902543E-023  1.585736885066E-023  1.774175526390E+003
 1.820000000000E+000  4.230001671840E-001  3.258888827866E-001  3.613899732135E-023  2.085219541256E-023  1.528680190879E-023  1.759754350336E+003
 1.841000000000E+000  4.160453584423E-001  3.213572153904E-001  3.543027383954E-023  2.068967286026E-023  1.474060097928E-023  1.746038779252E+003
 1.862000000000E+000  4.091007957698E-001  3.168853129417E-001  3.475325675546E-023  2.053567176121E-023  1.421758499425E-023  1.733042348965E+003
 1.884000000000E+000  4.017329755454E-001  3.122524767267E-001  3.407373175681E-023  2.038519011021E-023  1.368854164660E-023  1.720342931242E+003
 1.906000000000E+000  3.943923396894E-001  3.076948891238E-001  3.343496724201E-023  2.024847228400E-023  1.318649495802E-023  1.708805067497E+003
 1.928000000000E+000  3.869066416655E-001  3.031930036341E-001  3.283221644683E-023  2.012921384295E-023  1.270300260388E-023  1.698740632732E+003
 1.950000000000E+000  3.794531267086E-001  2.987659116849E-001  3.226736479571E-023  2.002341233333E-023  1.224395246238E-023  1.689811852661E+003
 1.972000000000E+000  3.720241643185E-001  2.944039725607E-001  3.173063759274E-023  1.992607365901E-023  1.180456393373E-023  1.681597266513E+003
 1.995000000000E+000  3.642482659525E-001  2.899027329406E-001  3.119264366166E-023  1.983077729743E-023  1.136186636423E-023  1.673555034818E+003
 2.018000000000E+000  3.566042573433E-001  2.854827176990E-001  3.068444560181E-023  1.974224166598E-023  1.094220393582E-023  1.666083353323E+003
 2.042000000000E+000  3.486907208191E-001  2.809456914192E-001  3.018181163479E-023  1.965769398023E-023  1.052411765456E-023  1.658948221751E+003
 2.065000000000E+000  3.412010652795E-001  2.766702012893E-001  2.972304868512E-023  1.958151281040E-023  1.014153587472E-023  1.652519155537E+003
 2.089000000000E+000  3.334253797809E-001  2.722724816070E-001  2.926280209306E-023  1.950584119173E-023  9.756960901331E-024  1.646133091263E+003
 2.114000000000E+000  3.255596884963E-001  2.677943465904E-001  2.881450939991E-023  1.943366669550E-023  9.380842704407E-024  1.640042155455E+003
 2.138000000000E+000  3.180972370674E-001  2.635639109527E-001  2.839980256581E-023  1.936590383637E-023  9.033898729442E-024  1.634323525652E+003
 2.163000000000E+000  3.104312165244E-001  2.592354718296E-001  2.798919169651E-023  1.930047286863E-023  8.688718827880E-024  1.628801688366E+003
 2.188000000000E+000  3.030193053087E-001  2.550007350338E-001  2.759636156083E-023  1.923413125162E-023  8.362230309211E-024  1.623202999747E+003
 2.213000000000E+000  2.956498293634E-001  2.508326080422E-001  2.722076344253E-023  1.917294937560E-023  8.047814066925E-024  1.618039750969E+003
 2.239000000000E+000  2.882551503061E-001  2.465950277109E-001  2.684672723292E-023  1.910801983917E-023  7.738707393753E-024  1.612560230374E+003
 2.265000000000E+000  2.809980158962E-001  2.424398124372E-001  2.649027285219E-023  1.904655874018E-023  7.443714112015E-024  1.607373417466E+003
 2.291000000000E+000  2.738455175081E-001  2.383574808391E-001  2.614726505596E-023  1.898695372529E-023  7.160311330670E-024  1.602343242841E+003
 2.317000000000E+000  2.669142091837E-001  2.343671382196E-001  2.582106816520E-023  1.892905817561E-023  6.892009989592E-024  1.597457333065E+003
 2.344000000000E+000  2.599134184404E-001  2.303093203960E-001  2.549440070939E-023  1.886806386992E-023  6.626336839466E-024  1.592309913685E+003
 2.371000000000E+000  2.528696817010E-001  2.263205303619E-001  2.519475176538E-023  1.882376290594E-023  6.370988859448E-024  1.588571275496E+003
 2.399000000000E+000  2.458385181765E-001  2.222841284558E-001  2.489724463009E-023  1.877654290355E-023  6.120701726539E-024  1.584586294396E+003
 2.427000000000E+000  2.389554720819E-001  2.183259644502E-001  2.460913834958E-023  1.872865007773E-023  5.880488271854E-024  1.580544532513E+003
 2.455000000000E+000  2.323393890708E-001  2.144661877370E-001  2.433310148191E-023  1.867956354940E-023  5.653537932505E-024  1.576402031924E+003
 2.483000000000E+000  2.259159921793E-001  2.106914795585E-001  2.406736327415E-023  1.863016102093E-023  5.437202253219E-024  1.572232863514E+003
 2.512000000000E+000  2.192662245493E-001  2.068546191699E-001  2.381612177761E-023  1.859405067202E-023  5.222071105582E-024  1.569185446093E+003
 2.541000000000E+000  2.128922337908E-001  2.031168274143E-001  2.357484047607E-023  1.855594002586E-023  5.018900450214E-024  1.565969219980E+003
 2.570000000000E+000  2.067260081755E-001  1.994649583224E-001  2.334166541667E-023  1.851633610091E-023  4.825329315755E-024  1.562626973381E+003
 2.600000000000E+000  2.003652863926E-001  1.957606909361E-001  2.312379587409E-023  1.849058989130E-023  4.633205982798E-024  1.560454204352E+003
 2.630000000000E+000  1.942826072260E-001  1.921550936377E-001  2.291416252249E-023  1.846233928522E-023  4.451823237271E-024  1.558070084792E+003
 2.661000000000E+000  1.880425838368E-001  1.885052862525E-001  2.271927015981E-023  1.844707989607E-023  4.272190263736E-024  1.556782317442E+003
 2.691000000000E+000  1.823848529612E-001  1.850722861130E-001  2.252343289336E-023  1.841549989692E-023  4.107932996436E-024  1.554117224400E+003
 2.723000000000E+000  1.762902247272E-001  1.814829171219E-001  2.235039376455E-023  1.841023782505E-023  3.940155939495E-024  1.553673148672E+003
 2.754000000000E+000  1.707594719774E-001  1.781054678427E-001  2.217542975354E-023  1.838876507795E-023  3.786664675586E-024  1.551861024846E+003
 2.786000000000E+000  1.651626028456E-001  1.747024715920E-001  2.201463846178E-023  1.837864347273E-023  3.635994989054E-024  1.551006844341E+003
 2.818000000000E+000  1.596818353328E-001  1.713818022218E-001  2.187319696811E-023  1.838044473165E-023  3.492752236463E-024  1.551158855827E+003
 2.851000000000E+000  1.543088568564E-001  1.680550406782E-001  2.173158167535E-023  1.837820614935E-023  3.353375526005E-024  1.550969937832E+003
 2.884000000000E+000  1.490142827000E-001  1.648019332912E-001  2.160801399916E-023  1.838811129250E-023  3.219902706657E-024  1.551805850714E+003
 2.917000000000E+000  1.439844644041E-001  1.616423095642E-001  2.148800700490E-023  1.839406782519E-023  3.093939179712E-024  1.552308533243E+003
 2.951000000000E+000  1.389775631458E-001  1.584779157620E-001  2.138154158417E-023  1.840998703850E-023  2.971554545668E-024  1.553651984343E+003
 2.985000000000E+000  1.341855822741E-001  1.553974241709E-001  2.127764263710E-023  1.842248977042E-023  2.855152866679E-024  1.554707112422E+003
 3.020000000000E+000  1.294698023302E-001  1.523252416932E-001  2.118665076190E-023  1.844361927572E-023  2.743031486183E-024  1.556490269454E+003
 3.055000000000E+000  1.250314703656E-001  1.493392205964E-001  2.108503687120E-023  1.844874370848E-023  2.636293162720E-024  1.556922729569E+003
 3.090000000000E+000  1.208838458421E-001  1.464438724304E-001  2.097320517296E-023  1.843788347202E-023  2.535321700943E-024  1.556006214642E+003
 3.126000000000E+000  1.167898028304E-001  1.435460639165E-001  2.086179893549E-023  1.842535355112E-023  2.436445384364E-024  1.554948792036E+003
 3.162000000000E+000  1.129804383853E-001  1.407321644064E-001  2.073008333195E-023  1.838798942934E-023  2.342093902607E-024  1.551795566463E+003
 3.199000000000E+000  1.091598633564E-001  1.379110908343E-001  2.060343036161E-023  1.835436271867E-023  2.249067642947E-024  1.548957747747E+003
 3.236000000000E+000  1.053842249668E-001  1.351546598203E-001  2.048796719476E-023  1.832885865080E-023  2.159108543966E-024  1.546805413497E+003
 3.273000000000E+000  1.010866066643E-001  1.324469673799E-001  2.048673829007E-023  1.841580343471E-023  2.070934855363E-024  1.554142840502E+003
 3.311000000000E+000  9.600748196712E-002  1.296516968206E-001  2.060151744032E-023  1.862361762617E-023  1.977899814147E-024  1.571680654638E+003
 3.350000000000E+000  9.159602706681E-002  1.266249526463E-001  2.049429199458E-023  1.861709627033E-023  1.877195724251E-024  1.571130305666E+003
 3.388000000000E+000  8.663040462128E-002  1.242864824275E-001  2.126500452538E-023  1.942280857907E-023  1.842195946307E-024  1.639125819442E+003
 3.428000000000E+000  8.506688675798E-002  1.220608588113E-001  2.109405314195E-023  1.929964771206E-023  1.794405429893E-024  1.628732051916E+003
 3.467000000000E+000  8.366775820176E-002  1.199562067018E-001  2.090306700495E-023  1.915415424910E-023  1.748912755845E-024  1.616453596371E+003
 3.507000000000E+000  8.349398578174E-002  1.178767951582E-001  2.030564985574E-023  1.861025021540E-023  1.695399640344E-024  1.570552554752E+003
 3.548000000000E+000  8.235932795405E-002  1.156352142747E-001  1.983064949181E-023  1.819741052677E-023  1.633238965038E-024  1.535712269416E+003
 3.589000000000E+000  8.150868672190E-002  1.133753707040E-001  1.919161663407E-023  1.762733316615E-023  1.564283467913E-024  1.487602413570E+003
 3.631000000000E+000  7.916745948119E-002  1.109291570254E-001  1.880634971029E-023  1.731749878161E-023  1.488850928678E-024  1.461454931480E+003
 3.673000000000E+000  7.643791435349E-002  1.085705166327E-001  1.860619958984E-023  1.718398049915E-023  1.422219090692E-024  1.450187082999E+003
 3.715000000000E+000  7.386442314329E-002  1.063078753622E-001  1.842947654184E-023  1.706819388824E-023  1.361282653596E-024  1.440415642236E+003
 3.758000000000E+000  7.140673500777E-002  1.040771580807E-001  1.825184856248E-023  1.694854364878E-023  1.303304913703E-024  1.430318142896E+003
 3.802000000000E+000  6.895910287165E-002  1.018613946199E-001  1.808600803351E-023  1.683881314499E-023  1.247194888520E-024  1.421057787927E+003
 3.846000000000E+000  6.660255914591E-002  9.971584366760E-002  1.793374378560E-023  1.673931055442E-023  1.194433231188E-024  1.412660584987E+003
 3.891000000000E+000  6.430037674295E-002  9.758304965589E-002  1.777402071138E-023  1.663114448340E-023  1.142876227979E-024  1.403532255319E+003
 3.935000000000E+000  6.211817479325E-002  9.555905542819E-002  1.763060205304E-023  1.653542123300E-023  1.095180820041E-024  1.395453997706E+003
 3.981000000000E+000  5.990522102188E-002  9.350473924896E-002  1.749389487504E-023  1.644591923602E-023  1.047975639023E-024  1.387900762882E+003
 4.027000000000E+000  5.778665133951E-002  9.151301989504E-002  1.736147560484E-023  1.635821406732E-023  1.003261537516E-024  1.380499165635E+003
 4.074000000000E+000  5.569813701832E-002  8.953498706137E-002  1.723048966859E-023  1.627078349413E-023  9.597061744538E-025  1.373120741998E+003
 4.121000000000E+000  5.367864917573E-002  8.761657689775E-002  1.711179718633E-023  1.619325902840E-023  9.185381579313E-025  1.366578312621E+003
 4.169000000000E+000  5.170889316933E-002  8.571758354387E-002  1.699367281034E-023  1.611494879843E-023  8.787240119042E-025  1.359969571185E+003
 4.217000000000E+000  4.980802058517E-002  8.387599389665E-002  1.688677686973E-023  1.604567993978E-023  8.410969299446E-025  1.354123847368E+003
 4.266000000000E+000  4.793448322505E-002  8.205331942808E-002  1.678941782542E-023  1.598462575831E-023  8.047920671111E-025  1.348971374963E+003
 4.315000000000E+000  4.614861991263E-002  8.028718347969E-002  1.669427290295E-023  1.592385524803E-023  7.704176549158E-025  1.343842842081E+003
 4.365000000000E+000  4.437822737956E-002  7.853568370946E-002  1.660854678293E-023  1.587148891735E-023  7.370578655769E-025  1.339423553061E+003
 4.416000000000E+000  4.267341472008E-002  7.680964241877E-002  1.652232003982E-023  1.581725622463E-023  7.050638151972E-025  1.334846758385E+003
 4.467000000000E+000  4.102219548456E-002  7.513276642554E-002  1.644608467872E-023  1.577143017808E-023  6.746545006461E-025  1.330979415730E+003
 4.519000000000E+000  3.941649956534E-002  7.348038974874E-002  1.637785531430E-023  1.573229758742E-023  6.455577268772E-025  1.327676945880E+003
 4.571000000000E+000  3.787791417692E-002  7.187627934490E-002  1.631143702950E-023  1.569359381759E-023  6.178432119056E-025  1.324410664993E+003
 4.624000000000E+000  3.637359551960E-002  7.029240494984E-002  1.625282244805E-023  1.566164885827E-023  5.911735897772E-025  1.321714772306E+003
 4.677000000000E+000  3.495575935090E-002  6.876216079591E-002  1.619412572554E-023  1.562804776378E-023  5.660779617603E-025  1.318879115386E+003
 4.732000000000E+000  3.354681922503E-002  6.722377003380E-002  1.614125502288E-023  1.559976725857E-023  5.414877643178E-025  1.316492472584E+003
 4.786000000000E+000  3.223260896507E-002  6.576197272300E-002  1.609063764016E-023  1.557199440911E-023  5.186432310540E-025  1.314148671767E+003
 4.842000000000E+000  3.093833645454E-002  6.429426215797E-002  1.603886319098E-023  1.554264744523E-023  4.962157457509E-025  1.311672028597E+003
 4.898000000000E+000  2.970023357593E-002  6.287330629327E-002  1.599473470118E-023  1.551968734457E-023  4.750473566099E-025  1.309734384323E+003
 4.955000000000E+000  2.851277153001E-002  6.147652440494E-002  1.594979267301E-023  1.549501987858E-023  4.547727944365E-025  1.307652652413E+003
 5.012000000000E+000  2.738638499252E-002  6.012425796728E-002  1.590519785428E-023  1.546961198246E-023  4.355858718195E-025  1.305508434270E+003
 5.070000000000E+000  2.629497890408E-002  5.879277934561E-002  1.586224816297E-023  1.544515068216E-023  4.170974808166E-025  1.303444101054E+003
 5.129000000000E+000  2.522834381642E-002  5.747913447016E-002  1.582313855341E-023  1.542394697373E-023  3.991915796804E-025  1.301654681887E+003
 5.188000000000E+000  2.421150020514E-002  5.621067492865E-002  1.579175951695E-023  1.540941732817E-023  3.823421887842E-025  1.300428498913E+003
 5.248000000000E+000  2.321857763702E-002  5.496229024072E-002  1.576832207035E-023  1.540220406016E-023  3.661180101960E-025  1.299819758226E+003
 5.309000000000E+000  2.229679913675E-002  5.373090704883E-002  1.571594234459E-023  1.536552713489E-023  3.504152097021E-025  1.296724526404E+003
 5.370000000000E+000  2.144943411963E-002  5.254269591093E-002  1.564789603896E-023  1.531225752376E-023  3.356385151985E-025  1.292229007919E+003
 5.432000000000E+000  2.060828597389E-002  5.137136618246E-002  1.559252020821E-023  1.527118509271E-023  3.213351155045E-025  1.288762831442E+003
 5.495000000000E+000  1.977832273932E-002  5.021939172223E-002  1.555323248175E-023  1.524561563009E-023  3.076168516638E-025  1.286604978411E+003
 5.559000000000E+000  1.896606396505E-002  4.908541436349E-002  1.551821631163E-023  1.522389682844E-023  2.943194831899E-025  1.284772089599E+003
 5.623000000000E+000  1.818314597359E-002  4.799026519419E-002  1.549864157695E-023  1.521682751477E-023  2.818140621860E-025  1.284175497478E+003
 5.688000000000E+000  1.740827222383E-002  4.691027492516E-002  1.549004070741E-023  1.522038586202E-023  2.696548453929E-025  1.284475792815E+003
 5.754000000000E+000  1.672615651005E-002  4.585200638691E-002  1.542755937333E-023  1.516951560068E-023  2.580437726463E-025  1.280182759783E+003
 5.821000000000E+000  1.607958740435E-002  4.481135119410E-002  1.534888638640E-023  1.510208262619E-023  2.468037602095E-025  1.274491969539E+003
 5.888000000000E+000  1.543142462417E-002  4.380232708716E-002  1.530279633419E-023  1.506665238602E-023  2.361439481700E-025  1.271501947720E+003
 5.957000000000E+000  1.477566338753E-002  4.279658650056E-002  1.527965034725E-023  1.505388337704E-023  2.257669702100E-025  1.270424348040E+003
 6.026000000000E+000  1.411356817299E-002  4.182327560169E-002  1.529773494484E-023  1.508182931980E-023  2.159056250363E-025  1.272782756513E+003
 6.095000000000E+000  1.341377465046E-002  4.088247793108E-002  1.539871212119E-023  1.519215726689E-023  2.065548543009E-025  1.282093530799E+003
 6.166000000000E+000  1.256328655169E-002  3.994212139499E-002  1.571149192762E-023  1.551410395238E-023  1.973879752413E-025  1.309263191794E+003
 6.237000000000E+000  1.189541364497E-002  3.903354644383E-002  1.586362868312E-023  1.567492425802E-023  1.887044250960E-025  1.322835107215E+003
 6.310000000000E+000  1.169596285183E-002  3.812720554212E-002  1.540917973849E-023  1.522895454469E-023  1.802251937985E-025  1.285198919388E+003
 6.383000000000E+000  1.137578087171E-002  3.724919805587E-002  1.513186147264E-023  1.495972473235E-023  1.721367402939E-025  1.262478130323E+003
 6.457000000000E+000  1.095853506238E-002  3.638729697236E-002  1.499815595232E-023  1.483379813444E-023  1.643578178745E-025  1.251850957783E+003
 6.531000000000E+000  1.051868143885E-002  3.555298684295E-002  1.492167107435E-023  1.476471476978E-023  1.569563045664E-025  1.246020888139E+003
 6.607000000000E+000  1.006329106322E-002  3.471980937487E-002  1.487316767823E-023  1.472349466286E-023  1.496730153782E-025  1.242542249029E+003
 6.683000000000E+000  9.625036331660E-003  3.390832845808E-002  1.482414914309E-023  1.468146616900E-023  1.426829740882E-025  1.238995388690E+003
 6.761000000000E+000  9.169451971183E-003  3.308568818266E-002  1.478146879660E-023  1.464593082841E-023  1.355379681940E-025  1.235996497256E+003
 6.839000000000E+000  8.678253967832E-003  3.229336199727E-002  1.501119533251E-023  1.488092436705E-023  1.302709654563E-025  1.255828025483E+003
 6.918000000000E+000  8.505528170232E-003  3.162927696224E-002  1.470853281599E-023  1.458342897578E-023  1.251038402092E-025  1.230721853273E+003
 6.998000000000E+000  8.102533836384E-003  3.085807832792E-002  1.460462183710E-023  1.448628739449E-023  1.183344426027E-025  1.222523900161E+003
 7.080000000000E+000  7.711414364298E-003  3.010417276580E-002  1.456727586871E-023  1.445494156833E-023  1.123343003827E-025  1.219878569400E+003
 7.161000000000E+000  7.336396607471E-003  2.938657519274E-002  1.455230261630E-023  1.444554115276E-023  1.067614635451E-025  1.219085251389E+003
 7.244000000000E+000  6.962191988137E-003  2.867303098875E-002  1.455133252373E-023  1.445002335301E-023  1.013091707134E-025  1.219463512346E+003
 7.328000000000E+000  6.590801339740E-003  2.797154421835E-002  1.456713047374E-023  1.447112141069E-023  9.600906304246E-026  1.221244015456E+003
 7.413000000000E+000  6.211989225360E-003  2.728036091736E-002  1.462849051747E-023  1.453761849200E-023  9.087202547783E-026  1.226855823987E+003
 7.499000000000E+000  5.819378439869E-003  2.659514654615E-002  1.475506445542E-023  1.466919915145E-023  8.586530397073E-026  1.237960152971E+003
 7.586000000000E+000  5.442915723245E-003  2.592273396277E-002  1.487249935875E-023  1.479154959814E-023  8.094976060368E-026  1.248285527665E+003
 7.674000000000E+000  5.137463910994E-003  2.525571019256E-002  1.481410277031E-023  1.473799585195E-023  7.610691835620E-026  1.243766030510E+003
 7.762000000000E+000  4.855302774444E-003  2.460230001529E-002  1.467302454423E-023  1.460178256745E-023  7.124197677909E-026  1.232270745950E+003
 7.852000000000E+000  4.529362765174E-003  2.391729015619E-002  1.458687827090E-023  1.452080900760E-023  6.606926330036E-026  1.225437241306E+003
 7.943000000000E+000  4.211484763540E-003  2.321542657611E-002  1.450720774513E-023  1.444611086075E-023  6.109688438012E-026  1.219133330073E+003
 8.035000000000E+000  3.887598815326E-003  2.251665214062E-002  1.454949200224E-023  1.449292941437E-023  5.656258787151E-026  1.223084432188E+003
 8.128000000000E+000  3.551097354189E-003  2.182200223002E-002  1.479342120010E-023  1.474088832121E-023  5.253287888307E-026  1.244010131204E+003
 8.222000000000E+000  3.214507473675E-003  2.113027644770E-002  1.527131629148E-023  1.522222653112E-023  4.908976035181E-026  1.284631130198E+003
 8.318000000000E+000  2.896399878170E-003  2.043293284576E-002  1.615162326615E-023  1.610484170649E-023  4.678155966033E-026  1.359116615481E+003
 8.414000000000E+000  2.682557460303E-003  1.981608049145E-002  1.697841513008E-023  1.693286955591E-023  4.554557417132E-026  1.428995377951E+003
 8.511000000000E+000  2.522769251961E-003  1.925513121163E-002  1.778692094504E-023  1.774204864780E-023  4.487229724722E-026  1.497283459804E+003
 8.610000000000E+000  2.368776071083E-003  1.871121665290E-002  1.821953097127E-023  1.817637298228E-023  4.315798899110E-026  1.533936873123E+003
 8.710000000000E+000  2.154757657374E-003  1.804726066322E-002  1.895712527204E-023  1.891627726120E-023  4.084801084173E-026  1.596378728664E+003
 8.811000000000E+000  2.016210583234E-003  1.737612316008E-002  2.054875333757E-023  2.050732272362E-023  4.143061395147E-026  1.730649922593E+003
 8.913000000000E+000  1.971729165952E-003  1.679376644256E-002  2.219865314142E-023  2.215488340957E-023  4.376973184379E-026  1.869690538086E+003
 9.016000000000E+000  1.952687462075E-003  1.625953630905E-002  2.372451356818E-023  2.367818700799E-023  4.632656018842E-026  1.998244874029E+003
 9.120000000000E+000  1.956299519537E-003  1.573341047384E-002  2.538283493920E-023  2.533317851140E-023  4.965642779603E-026  2.137912589599E+003
 9.226000000000E+000  1.995650168210E-003  1.523579086996E-002  2.711810514342E-023  2.706398689233E-023  5.411825109101E-026  2.283978628098E+003
 9.333000000000E+000  2.063307780327E-003  1.479113540267E-002  2.868894317606E-023  2.862974905639E-023  5.919411966453E-026  2.416116118914E+003
 9.441000000000E+000  2.144873371772E-003  1.439661175922E-002  2.990677274480E-023  2.984262650430E-023  6.414624049597E-026  2.518473032570E+003
 9.550000000000E+000  2.229346550584E-003  1.406216606090E-002  3.075051298675E-023  3.068195943669E-023  6.855355005570E-026  2.589305851366E+003
 9.660000000000E+000  2.313430986537E-003  1.377468470348E-002  3.122537269387E-023  3.115313494912E-023  7.223774475619E-026  2.629069202004E+003
 9.772000000000E+000  2.396466302805E-003  1.353070634576E-002  3.135010541694E-023  3.127497594572E-023  7.512947122107E-026  2.639351583286E+003
 9.885000000000E+000  2.476291308497E-003  1.333538516951E-002  3.112469855294E-023  3.104762473244E-023  7.707382050624E-026  2.620165004669E+003
 1.000000000000E+001  2.551871350201E-003  1.317666848146E-002  3.055952376020E-023  3.048153978704E-023  7.798397315943E-026  2.572392075938E+003
 1.012000000000E+001  2.618095932752E-003  1.307404059517E-002  2.967092870917E-023  2.959324737140E-023  7.768133777445E-026  2.497427478117E+003
 1.023000000000E+001  2.663020317642E-003  1.300646036899E-002  2.870051967247E-023  2.862408960546E-023  7.643006701468E-026  2.415638507650E+003
 1.035000000000E+001  2.692962094040E-003  1.293607834424E-002  2.761663988095E-023  2.754226931658E-023  7.437056436414E-026  2.324341743834E+003
 1.047000000000E+001  2.710478126556E-003  1.285871172239E-002  2.658732612328E-023  2.651526175738E-023  7.206436590074E-026  2.237670725057E+003
 1.059000000000E+001  2.720781271087E-003  1.276160979989E-002  2.560314951445E-023  2.553348894477E-023  6.966056967977E-026  2.154817148067E+003
 1.072000000000E+001  2.726176987598E-003  1.267216076409E-002  2.459558473808E-023  2.452853282097E-023  6.705191710948E-026  2.070007089665E+003
 1.084000000000E+001  2.729329214301E-003  1.259286508190E-002  2.369770512458E-023  2.363302628567E-023  6.467883890841E-026  1.994433679284E+003
 1.097000000000E+001  2.732487311084E-003  1.251800335201E-002  2.273680773603E-023  2.267467969740E-023  6.212803863326E-026  1.913557083583E+003
 1.109000000000E+001  2.733207668046E-003  1.246252467844E-002  2.186070328658E-023  2.180095344472E-023  5.974984185174E-026  1.839821750506E+003
 1.122000000000E+001  2.719331374069E-003  1.240158458669E-002  2.098202850993E-023  2.092497142151E-023  5.705708841865E-026  1.765896048887E+003
 1.135000000000E+001  2.728626387171E-003  1.237245698150E-002  1.980983105170E-023  1.975577742397E-023  5.405362773306E-026  1.667225660333E+003
 1.148000000000E+001  2.715355836545E-003  1.229562605777E-002  1.875635320554E-023  1.870542303239E-023  5.093017314897E-026  1.578584360297E+003
 1.161000000000E+001  2.691766654810E-003  1.219184300374E-002  1.784745499800E-023  1.779941381376E-023  4.804118423684E-026  1.502124609543E+003
 1.175000000000E+001  2.658015216114E-003  1.206484084000E-002  1.698824841939E-023  1.694309339659E-023  4.515502279386E-026  1.429858186292E+003
 1.189000000000E+001  2.624544041725E-003  1.190704581994E-002  1.616554396486E-023  1.612311678277E-023  4.242718209424E-026  1.360658882104E+003
 1.202000000000E+001  2.591808716168E-003  1.178210075738E-002  1.539802507951E-023  1.535811634390E-023  3.990873561285E-026  1.296099116396E+003
 1.216000000000E+001  2.547905588056E-003  1.162373295547E-002  1.458560086804E-023  1.454843813409E-023  3.716273395684E-026  1.227768913082E+003
 1.230000000000E+001  2.482364610343E-003  1.142355539013E-002  1.386704266978E-023  1.383261961380E-023  3.442305597357E-026  1.167359698119E+003
 1.244000000000E+001  2.388120685722E-003  1.117481906542E-002  1.330683308854E-023  1.327505476518E-023  3.177832336019E-026  1.120305795710E+003
 1.259000000000E+001  2.258595162362E-003  1.082406104945E-002  1.292429893224E-023  1.289510817320E-023  2.919075904528E-026  1.088241418080E+003
 1.273000000000E+001  2.135005667373E-003  1.051591040555E-002  1.273062977571E-023  1.270344980899E-023  2.717996672037E-026  1.072067023321E+003
 1.288000000000E+001  2.017611947802E-003  1.020061715264E-002  1.260504838102E-023  1.257961628480E-023  2.543209621616E-026  1.061616489044E+003
 1.303000000000E+001  1.920015740914E-003  9.921371499253E-003  1.246652235179E-023  1.244258643264E-023  2.393591914989E-026  1.050052292867E+003
 1.318000000000E+001  1.820694881517E-003  9.644365905240E-003  1.236965716798E-023  1.234713579649E-023  2.252137149185E-026  1.041997041663E+003
 1.334000000000E+001  1.728986905535E-003  9.331201644463E-003  1.227699136767E-023  1.225576461035E-023  2.122675731407E-026  1.034286062597E+003
 1.349000000000E+001  1.646050446785E-003  9.085765725570E-003  1.219426387624E-023  1.217419150273E-023  2.007237350170E-026  1.027401961036E+003
 1.365000000000E+001  1.563019028036E-003  8.832109757580E-003  1.211155012888E-023  1.209261954557E-023  1.893058331045E-026  1.020517956563E+003
 1.380000000000E+001  1.488038203958E-003  8.600511115677E-003  1.205131134637E-023  1.203337853467E-023  1.793281169118E-026  1.015518500890E+003
 1.396000000000E+001  1.410216773576E-003  8.359182454490E-003  1.201550901623E-023  1.199856454387E-023  1.694447235774E-026  1.012580485465E+003
 1.412000000000E+001  1.334904943508E-003  8.073792215926E-003  1.200659821124E-023  1.199057054393E-023  1.602766730690E-026  1.011905857404E+003
 1.429000000000E+001  1.258167444781E-003  7.830315767246E-003  1.202732899386E-023  1.201219660007E-023  1.513239378775E-026  1.013730919255E+003
 1.445000000000E+001  1.189117652870E-003  7.606025546233E-003  1.207732714514E-023  1.206296578223E-023  1.436136290778E-026  1.018015422034E+003
 1.462000000000E+001  1.118746828834E-003  7.372518706962E-003  1.217080639483E-023  1.215719034377E-023  1.361605105856E-026  1.025967202591E+003
 1.479000000000E+001  1.052202209022E-003  7.144147622695E-003  1.230860752667E-023  1.229565638264E-023  1.295114402955E-026  1.037652601153E+003
 1.496000000000E+001  9.904791812100E-004  6.865551301331E-003  1.248571650332E-023  1.247334966106E-023  1.236684225903E-026  1.052648457155E+003
 1.514000000000E+001  9.309853568036E-004  6.639844207834E-003  1.271569569130E-023  1.270385756481E-023  1.183812649017E-026  1.072101434569E+003
 1.531000000000E+001  8.807312736808E-004  6.434665992476E-003  1.296429845659E-023  1.295288039350E-023  1.141806309206E-026  1.093116919867E+003
 1.549000000000E+001  8.335783083067E-004  6.225800298026E-003  1.325488504906E-023  1.324383606440E-023  1.104898465599E-026  1.117671193290E+003
 1.567000000000E+001  7.926283198943E-004  6.026294492520E-003  1.356330863415E-023  1.355255797161E-023  1.075066253489E-026  1.143724791413E+003
 1.585000000000E+001  7.575711586184E-004  5.773553283784E-003  1.387708776876E-023  1.386657488730E-023  1.051288145923E-026  1.170225244844E+003
 1.603000000000E+001  7.275666427105E-004  5.594247528299E-003  1.419977209299E-023  1.418944081248E-023  1.033128050895E-026  1.197472482133E+003
 1.622000000000E+001  7.009922072375E-004  5.414906721342E-003  1.453552968909E-023  1.452534039605E-023  1.018929304012E-026  1.225819653343E+003
 1.641000000000E+001  6.784682425196E-004  5.245256748229E-003  1.486868473694E-023  1.485859680654E-023  1.008793040205E-026  1.253943762413E+003
 1.660000000000E+001  6.611121357001E-004  5.085650730273E-003  1.515544036041E-023  1.514542091486E-023  1.001944554414E-026  1.278149365824E+003
 1.679000000000E+001  6.470165895549E-004  4.867226267785E-003  1.541112698204E-023  1.540115572722E-023  9.971254821118E-027  1.299731287520E+003
 1.698000000000E+001  6.355521803337E-004  4.728887174685E-003  1.563214855379E-023  1.562221350769E-023  9.935046096659E-027  1.318386752000E+003
 1.718000000000E+001  6.258299554431E-004  4.592787811916E-003  1.581379603348E-023  1.580389928622E-023  9.896747267021E-027  1.333719542281E+003
 1.738000000000E+001  6.178928624412E-004  4.465719836548E-003  1.594665731633E-023  1.593680399060E-023  9.853325735558E-027  1.344935609802E+003
 1.758000000000E+001  6.116713673601E-004  4.346890987212E-003  1.602538954662E-023  1.601558727468E-023  9.802271936456E-027  1.351584273128E+003
 1.778000000000E+001  6.064788068966E-004  4.161119731908E-003  1.605685719264E-023  1.604711904905E-023  9.738143592702E-027  1.354245296393E+003
 1.799000000000E+001  6.017865430339E-004  4.054627651756E-003  1.604790403966E-023  1.603824662697E-023  9.657412694967E-027  1.353496536704E+003
 1.820000000000E+001  5.978870691657E-004  3.955818386226E-003  1.599240235191E-023  1.598284070134E-023  9.561650571102E-027  1.348820730788E+003
 1.841000000000E+001  5.945692904605E-004  3.864922414495E-003  1.588989376861E-023  1.588044612575E-023  9.447642863497E-027  1.340179468021E+003
 1.862000000000E+001  5.916137920909E-004  3.781331872325E-003  1.574476836363E-023  1.573545354152E-023  9.314822117202E-027  1.327943282534E+003
 1.884000000000E+001  5.888626350667E-004  3.618909542677E-003  1.554112619402E-023  1.553197460550E-023  9.151588522514E-027  1.310771328417E+003
 1.906000000000E+001  5.859035224420E-004  3.549229039999E-003  1.529887736645E-023  1.528991370031E-023  8.963666138411E-027  1.290343372391E+003
 1.927000000000E+001  5.830243978741E-004  3.487982744542E-003  1.504466161080E-023  1.503589020603E-023  8.771404776858E-027  1.268905871911E+003
 1.950000000000E+001  5.790623333646E-004  3.427963381440E-003  1.473437603158E-023  1.472584390941E-023  8.532122165519E-027  1.242740506180E+003
 1.972000000000E+001  5.744895862049E-004  3.375101388627E-003  1.442507929162E-023  1.441679223379E-023  8.287057833218E-027  1.216659078306E+003
 1.995000000000E+001  5.684608445678E-004  3.230593479897E-003  1.408953859735E-023  1.408152924634E-023  8.009351010621E-027  1.188365630590E+003
 2.018000000000E+001  5.608244596406E-004  3.176886893193E-003  1.380360780026E-023  1.379586639937E-023  7.741400885671E-027  1.164258028118E+003
 2.042000000000E+001  5.526577957492E-004  3.121525535628E-003  1.351999865405E-023  1.351252672139E-023  7.471932654678E-027  1.140346482063E+003
 2.065000000000E+001  5.444437055706E-004  3.068305140247E-003  1.326655171871E-023  1.325932882814E-023  7.222890577880E-027  1.118978655542E+003
 2.089000000000E+001  5.360452287956E-004  3.012492921955E-003  1.302052333820E-023  1.301354374879E-023  6.979589411865E-027  1.098236409747E+003
 2.114000000000E+001  5.276692891047E-004  2.852695942611E-003  1.277269624440E-023  1.276595648485E-023  6.739759547232E-027  1.077342074345E+003
 2.138000000000E+001  5.200703452350E-004  2.802055897108E-003  1.253817541259E-023  1.253165467937E-023  6.520733215440E-027  1.057568922726E+003
 2.163000000000E+001  5.128805686695E-004  2.751338532674E-003  1.229622102363E-023  1.228991453080E-023  6.306492831086E-027  1.037168035928E+003
 2.188000000000E+001  5.065654094051E-004  2.703411179154E-003  1.205144193802E-023  1.204533709440E-023  6.104843619255E-027  1.016527705297E+003
 2.213000000000E+001  5.006827424179E-004  2.660054229857E-003  1.179430722026E-023  1.178840201417E-023  5.905206083958E-027  9.948444908328E+002
 2.239000000000E+001  4.951057042708E-004  2.509518595382E-003  1.150807784687E-023  1.150238013188E-023  5.697714987178E-027  9.707065887226E+002
 2.265000000000E+001  4.895753061379E-004  2.474262487325E-003  1.122555418359E-023  1.122005842947E-023  5.495754126000E-027  9.468809514603E+002
 2.291000000000E+001  4.840616979073E-004  2.443329010575E-003  1.093517312025E-023  1.092987982179E-023  5.293298467501E-027  9.223922558033E+002
 2.317000000000E+001  4.786674164575E-004  2.416479575631E-003  1.063870341641E-023  1.063361101573E-023  5.092400678792E-027  8.973895973298E+002
 2.344000000000E+001  4.727222304611E-004  2.387906931967E-003  1.035130709607E-023  1.034641380309E-023  4.893292978641E-027  8.731525069729E+002
 2.371000000000E+001  4.664986869334E-004  2.241384227573E-003  1.006402874590E-023  1.005933388971E-023  4.694856195223E-027  8.489253157120E+002
 2.399000000000E+001  4.596809983671E-004  2.215882269619E-003  9.785403504682E-024  9.780905340630E-024  4.498164052457E-027  8.254282286762E+002
 2.427000000000E+001  4.529920419791E-004  2.190999444509E-003  9.518147374675E-024  9.513835729660E-024  4.311645015112E-027  8.028897428982E+002
 2.455000000000E+001  4.459616513591E-004  2.166159898739E-003  9.265492927832E-024  9.261360873306E-024  4.132054526753E-027  7.815829347646E+002
 2.483000000000E+001  4.389968355704E-004  2.142673916928E-003  9.019170056087E-024  9.015210668973E-024  3.959387114093E-027  7.608098754132E+002
 2.512000000000E+001  4.318948164642E-004  1.989323273728E-003  8.772036093188E-024  8.768247496270E-024  3.788596918485E-027  7.399682081960E+002
 2.541000000000E+001  4.246842034250E-004  1.966227057429E-003  8.543922294837E-024  8.540293826004E-024  3.628468833908E-027  7.207307871480E+002
 2.570000000000E+001  4.176682627309E-004  1.943620966459E-003  8.324807709616E-024  8.321330701642E-024  3.477007973644E-027  7.022520944716E+002
 2.600000000000E+001  4.105140691589E-004  1.921451372871E-003  8.103600020856E-024  8.100273379037E-024  3.326641819398E-027  6.835966686312E+002
 2.630000000000E+001  4.035645894241E-004  1.899729293323E-003  7.891226858203E-024  7.888042238476E-024  3.184619727083E-027  6.656861001999E+002
 2.661000000000E+001  3.964846452600E-004  1.742054271558E-003  7.678909266368E-024  7.675864696751E-024  3.044569616460E-027  6.477800550710E+002
 2.692000000000E+001  3.893895480822E-004  1.721103563750E-003  7.482090486577E-024  7.479177038744E-024  2.913447833279E-027  6.311812291446E+002
 2.723000000000E+001  3.827226917947E-004  1.702057507678E-003  7.285025067192E-024  7.282236922789E-024  2.788144403508E-027  6.145610978371E+002
 2.754000000000E+001  3.759642563040E-004  1.682512085708E-003  7.100406167911E-024  7.097736668986E-024  2.669498924375E-027  5.989907889155E+002
 2.786000000000E+001  3.691293437187E-004  1.663261943977E-003  6.914470793660E-024  6.911918459594E-024  2.552334066226E-027  5.833092553465E+002
 2.818000000000E+001  3.624174374729E-004  1.505413819357E-003  6.734330409014E-024  6.731889770244E-024  2.440638769931E-027  5.681163098076E+002
 2.851000000000E+001  3.558023838028E-004  1.487914331641E-003  6.557261660724E-024  6.554928571394E-024  2.333089330104E-027  5.531822353202E+002
 2.884000000000E+001  3.493830686389E-004  1.470745391072E-003  6.387180486295E-024  6.384948913577E-024  2.231572718252E-027  5.388373456626E+002
 2.917000000000E+001  3.428498820941E-004  1.453562768049E-003  6.225410156987E-024  6.223275775849E-024  2.134381138311E-027  5.251934582052E+002
 2.951000000000E+001  3.366051073875E-004  1.436995150428E-003  6.060747561833E-024  6.058707483249E-024  2.040078583899E-027  5.113052434105E+002
 2.985000000000E+001  3.301968415173E-004  1.281219189406E-003  5.905627911108E-024  5.903677891424E-024  1.950019683424E-027  4.982220167647E+002
 3.020000000000E+001  3.239068717897E-004  1.265685384993E-003  5.753058433919E-024  5.751194978759E-024  1.863455160554E-027  4.853537089628E+002
 3.055000000000E+001  3.178015148887E-004  1.250842022205E-003  5.603842001976E-024  5.602061092498E-024  1.780909477425E-027  4.727680315347E+002
 3.090000000000E+001  3.118879429388E-004  1.236248340818E-003  5.460371741623E-024  5.458668717513E-024  1.703024110176E-027  4.606668905904E+002
 3.126000000000E+001  3.060107761255E-004  1.221529880200E-003  5.318323151640E-024  5.316695687445E-024  1.627464195320E-027  4.486855307216E+002
 3.162000000000E+001  2.999890366607E-004  1.071222374217E-003  5.182235284362E-024  5.180680670591E-024  1.554613770705E-027  4.372069783254E+002
 3.199000000000E+001  2.940904417891E-004  1.058000738583E-003  5.048412608344E-024  5.046927918450E-024  1.484689894321E-027  4.259193425253E+002
 3.236000000000E+001  2.886365028838E-004  1.045605552631E-003  4.916060163407E-024  4.914641208994E-024  1.418954413532E-027  4.147554287094E+002
 3.273000000000E+001  2.831191636159E-004  1.032867577178E-003  4.792091412005E-024  4.790734679092E-024  1.356732912538E-027  4.042987333488E+002
 3.311000000000E+001  2.774094291969E-004  1.019487628962E-003  4.672735666185E-024  4.671439405251E-024  1.296260933945E-027  3.942311901974E+002
 3.350000000000E+001  2.719271646328E-004  8.782405951910E-004  4.548786223788E-024  4.547549285248E-024  1.236938540356E-027  3.837758796977E+002
 3.388000000000E+001  2.668436381794E-004  8.677123836721E-004  4.432911788977E-024  4.431728894668E-024  1.182894309499E-027  3.740015882071E+002
 3.428000000000E+001  2.614464039651E-004  8.563623277589E-004  4.318567480054E-024  4.317438406116E-024  1.129073937941E-027  3.643564079059E+002
 3.467000000000E+001  2.563645631419E-004  8.455159013650E-004  4.211162145266E-024  4.210082552522E-024  1.079592743691E-027  3.552964539462E+002
 3.508000000000E+001  2.512286277818E-004  8.345424953120E-004  4.100340052240E-024  4.099309929435E-024  1.030122804763E-027  3.459481526513E+002
 3.548000000000E+001  2.463130959157E-004  7.050146561517E-004  3.997721303534E-024  3.996736612423E-024  9.846911108814E-028  3.372918055728E+002
 3.589000000000E+001  2.413249557862E-004  6.956142331022E-004  3.897458056952E-024  3.896517503059E-024  9.405538932725E-028  3.288341343204E+002
 3.631000000000E+001  2.363975397088E-004  6.861829509580E-004  3.798442918320E-024  3.797544975760E-024  8.979425606154E-028  3.204816643750E+002
 3.673000000000E+001  2.318520881144E-004  6.773198955077E-004  3.700232582525E-024  3.699374675875E-024  8.579066507673E-028  3.121968958469E+002
 3.715000000000E+001  2.271029766702E-004  6.680654176596E-004  3.608854142616E-024  3.608034561098E-024  8.195815181568E-028  3.044885389493E+002
 3.758000000000E+001  2.225281981760E-004  5.523049693992E-004  3.517615553966E-024  3.516832785315E-024  7.827686510998E-028  2.967918567286E+002
 3.802000000000E+001  2.181052310681E-004  5.448124287185E-004  3.425979267260E-024  3.425232043260E-024  7.472239997203E-028  2.890615050254E+002
 3.846000000000E+001  2.136542880669E-004  5.371898025545E-004  3.339940206416E-024  3.339226613869E-024  7.135925469880E-028  2.818033518416E+002
 3.890000000000E+001  2.093619233922E-004  5.297286336512E-004  3.256928064093E-024  3.256246187369E-024  6.818767238486E-028  2.748004841033E+002
 3.935000000000E+001  2.051323496035E-004  5.222633594074E-004  3.174935723312E-024  3.174284441288E-024  6.512820247632E-028  2.678835846414E+002
 3.981000000000E+001  2.009295993982E-004  4.222555945028E-004  3.093859013345E-024  3.093237365493E-024  6.216478521458E-028  2.610438758535E+002
 4.027000000000E+001  1.967420448673E-004  4.160474100487E-004  3.017918046149E-024  3.017324294781E-024  5.937513676412E-028  2.546374350069E+002
 4.074000000000E+001  1.928409032725E-004  4.101459241253E-004  2.939208805583E-024  2.938642005902E-024  5.667996809753E-028  2.479972948485E+002
 4.121000000000E+001  1.888684145622E-004  4.040872208214E-004  2.866877508245E-024  2.866336045635E-024  5.414626097263E-028  2.418952645530E+002
 4.169000000000E+001  1.848552328629E-004  3.979251497994E-004  2.795704922698E-024  2.795188122013E-024  5.168006845013E-028  2.358909630570E+002
 4.217000000000E+001  1.811164379209E-004  3.142000774909E-004  2.725052438989E-024  2.724558887198E-024  4.935517908972E-028  2.299304346441E+002
 4.266000000000E+001  1.774653055984E-004  3.095313963861E-004  2.655574738223E-024  2.655103465840E-024  4.712723824580E-028  2.240689664644E+002
 4.315000000000E+001  1.738044500968E-004  3.048243395858E-004  2.590103185066E-024  2.589653013606E-024  4.501714597743E-028  2.185454848466E+002
 4.365000000000E+001  1.702048651741E-004  3.001326940297E-004  2.525587078598E-024  2.525157211390E-024  4.298672081982E-028  2.131025678644E+002
 4.416000000000E+001  1.666688528364E-004  2.954576430961E-004  2.462009818842E-024  2.461599478490E-024  4.103403521784E-028  2.077388162422E+002
 4.467000000000E+001  1.630992609493E-004  2.272225259727E-004  2.402196991686E-024  2.401805195132E-024  3.917965539987E-028  2.026926689095E+002
 4.519000000000E+001  1.598226660024E-004  2.237142711211E-004  2.340108647699E-024  2.339734645296E-024  3.740024028106E-028  1.974544233464E+002
 4.571000000000E+001  1.564741751890E-004  2.201444289073E-004  2.283099084776E-024  2.282741838730E-024  3.572460461652E-028  1.926446976888E+002
 4.624000000000E+001  1.531843644388E-004  2.165932950044E-004  2.226996333286E-024  2.226655192268E-024  3.411410179220E-028  1.879114445154E+002
 4.677000000000E+001  1.499497446023E-004  2.130628233373E-004  2.172691129210E-024  2.172365334730E-024  3.257944799247E-028  1.833298255975E+002
 4.731000000000E+001  1.468324510602E-004  1.595196374027E-004  2.119137121379E-024  2.118825963282E-024  3.111580976648E-028  1.788115415533E+002
 4.786000000000E+001  1.437259925506E-004  1.568678195017E-004  2.066409985174E-024  2.066112988348E-024  2.969968261356E-028  1.743629986002E+002
 4.842000000000E+001  1.408128194373E-004  1.543147787237E-004  2.013084255066E-024  2.012800786996E-024  2.834680697206E-028  1.698638858498E+002
 4.898000000000E+001  1.376984024382E-004  1.516511038190E-004  1.965644051452E-024  1.965373385407E-024  2.706660456472E-028  1.658614019568E+002
 4.954000000000E+001  1.348879607477E-004  1.491554222928E-004  1.916994738141E-024  1.916736158630E-024  2.585795109920E-028  1.617568187360E+002
 5.012000000000E+001  1.320588491330E-004  1.086007108292E-004  1.868646495159E-024  1.868399723854E-024  2.467713055872E-028  1.576776198941E+002
 5.070000000000E+001  1.292307813722E-004  1.067252073170E-004  1.823167319271E-024  1.822931709934E-024  2.356093372417E-028  1.538404922577E+002
 5.129000000000E+001  1.264726331175E-004  1.048700847144E-004  1.778237031505E-024  1.778012133185E-024  2.248983196814E-028  1.500496482226E+002
 5.188000000000E+001  1.238121015211E-004  1.030626578451E-004  1.734897308421E-024  1.734682507139E-024  2.148012816790E-028  1.463929829926E+002
 5.248000000000E+001  1.212182472012E-004  1.012753485392E-004  1.692076557834E-024  1.691871447280E-024  2.051105544709E-028  1.427800804978E+002
 5.309000000000E+001  1.186658813276E-004  7.154166238632E-005  1.650101836598E-024  1.649906025810E-024  1.958107887202E-028  1.392385429505E+002
 5.370000000000E+001  1.161246589070E-004  7.027061055295E-005  1.610398726291E-024  1.610211719288E-024  1.870070027949E-028  1.358886688868E+002
 5.433000000000E+001  1.135966388265E-004  6.899341432958E-005  1.570804004246E-024  1.570625566191E-024  1.784380551375E-028  1.325479220854E+002
 5.495000000000E+001  1.112082888636E-004  6.777097751437E-005  1.532973947570E-024  1.532803468160E-024  1.704794095817E-028  1.293560470702E+002
 5.559000000000E+001  1.088313281770E-004  6.654383228972E-005  1.495276970527E-024  1.495114237548E-024  1.627329786949E-028  1.261753849760E+002
 5.623000000000E+001  1.065417429151E-004  4.560242998103E-005  1.458768560982E-024  1.458613141237E-024  1.554197449968E-028  1.230949916767E+002
 5.688000000000E+001  1.042255475985E-004  4.475908152463E-005  1.423677885645E-024  1.423529502038E-024  1.483836072353E-028  1.201342201375E+002
 5.754000000000E+001  1.020407790038E-004  4.394623747728E-005  1.388489083873E-024  1.388347401366E-024  1.416825077567E-028  1.171651392572E+002
 5.821000000000E+001  9.982685798867E-005  4.312493729420E-005  1.354683826903E-024  1.354548593073E-024  1.352338300077E-028  1.143127969137E+002
 5.888000000000E+001  9.769153290517E-005  4.232645579866E-005  1.322057733978E-024  1.321928580131E-024  1.291538466214E-028  1.115599352344E+002
 5.957000000000E+001  9.557573806503E-005  2.807762055964E-005  1.289501372700E-024  1.289378127654E-024  1.232450454317E-028  1.088129438880E+002
 6.026000000000E+001  9.346411133540E-005  2.754041445383E-005  1.258788476459E-024  1.258670824913E-024  1.176515463115E-028  1.062214992695E+002
 6.095000000000E+001  9.150524724840E-005  2.703019311074E-005  1.228348004587E-024  1.228235604299E-024  1.124002878668E-028  1.036530161520E+002
 6.166000000000E+001  8.948823641301E-005  2.650818607907E-005  1.198794781821E-024  1.198687503791E-024  1.072780308463E-028  1.011593986990E+002
 6.237000000000E+001  8.762826939996E-005  2.601365289898E-005  1.169365629928E-024  1.169263160442E-024  1.024694864464E-028  9.867622533575E+001
 6.310000000000E+001  8.570287514850E-005  1.668078183646E-005  1.140956709681E-024  1.140858926410E-024  9.778327043960E-029  9.627914083622E+001
 6.383000000000E+001  8.385563246011E-005  1.635940782276E-005  1.113411736243E-024  1.113318370398E-024  9.336584533119E-029  9.395494368122E+001
 6.457000000000E+001  8.197385796436E-005  1.603555224480E-005  1.087205542365E-024  1.087116419932E-024  8.912243270790E-029  9.174371386074E+001
 6.531000000000E+001  8.023961967968E-005  1.572880587535E-005  1.061058437008E-024  1.060973298082E-024  8.513892544341E-029  8.953744869310E+001
 6.607000000000E+001  7.844943104765E-005  1.541574161775E-005  1.035839313923E-024  1.035758052918E-024  8.126100483402E-029  8.740948871120E+001
 6.683000000000E+001  7.679648383079E-005  9.583151054789E-006  1.010717659839E-024  1.010640040277E-024  7.761956242136E-029  8.528973435719E+001
 6.761000000000E+001  7.509195843084E-005  9.391190191721E-006  9.865015493097E-025  9.864274709764E-025  7.407833333272E-029  8.324639199843E+001
 6.839000000000E+001  7.345407062564E-005  9.205149610732E-006  9.630255614824E-025  9.629548233348E-025  7.073814760743E-029  8.126549296195E+001
 6.918000000000E+001  7.185392614710E-005  9.022313130819E-006  9.400631258543E-025  9.399955786279E-025  6.754722641874E-029  7.932792092437E+001
 6.998000000000E+001  7.029708875110E-005  8.842802683675E-006  9.175111113248E-025  9.174466129648E-025  6.449836002292E-029  7.742497307471E+001
 7.079000000000E+001  6.877521531109E-005  5.251751189089E-006  8.954738358656E-025  8.954122494598E-025  6.158640586711E-029  7.556545342857E+001
 7.161000000000E+001  6.722673344866E-005  5.144379734423E-006  8.745384083775E-025  8.744796160170E-025  5.879236047061E-029  7.379891076790E+001
 7.244000000000E+001  6.578207800132E-005  5.041363864787E-006  8.533943776148E-025  8.533382395593E-025  5.613805551415E-029  7.201475190801E+001
 7.328000000000E+001  6.431146860956E-005  4.938054744824E-006  8.333115257286E-025  8.332579342406E-025  5.359148802888E-029  7.032013875377E+001
 7.413000000000E+001  6.288240552394E-005  4.836731852778E-006  8.135923834646E-025  8.135412228184E-025  5.116064618821E-029  6.865620994374E+001
 7.499000000000E+001  6.154246413056E-005  2.789278604626E-006  7.938059692332E-025  7.937571164578E-025  4.885277538815E-029  6.698659355338E+001
 7.586000000000E+001  6.017830753513E-005  2.731880009240E-006  7.750225634383E-025  7.749759238921E-025  4.663954616925E-029  6.540161486562E+001
 7.674000000000E+001  5.884636026086E-005  2.675600449703E-006  7.566864342386E-025  7.566419059961E-025  4.452824251371E-029  6.385437405412E+001
 7.762000000000E+001  5.751654280494E-005  2.619941116310E-006  7.393655859737E-025  7.393230602213E-025  4.252575237416E-029  6.239280544746E+001
 7.852000000000E+001  5.626046624283E-005  2.565968680820E-006  7.216938978902E-025  7.216532950550E-025  4.060283517990E-029  6.090162212093E+001
 7.943000000000E+001  5.502721797067E-005  1.416928417588E-006  7.045517757188E-025  7.045130061947E-025  3.876952413410E-029  5.945512225407E+001
 8.035000000000E+001  5.378042757243E-005  1.387069423603E-006  6.881977207549E-025  6.881607091873E-025  3.701156767657E-029  5.807512243978E+001
 8.128000000000E+001  5.261814362412E-005  1.358446391608E-006  6.717010101079E-025  6.716656664477E-025  3.534366022232E-029  5.668307605591E+001
 8.222000000000E+001  5.142978048090E-005  1.329820164946E-006  6.561452278299E-025  6.561114824249E-025  3.374540503088E-029  5.537043043474E+001
 8.318000000000E+001  5.030922522031E-005  1.302088151745E-006  6.403071091340E-025  6.402748957794E-025  3.221335456359E-029  5.403395234730E+001
 8.414000000000E+001  4.918316885707E-005  6.919749669674E-007  6.254343039219E-025  6.254035430809E-025  3.076084097879E-029  5.277893209218E+001
 8.511000000000E+001  4.809013849626E-005  6.774035475625E-007  6.108474955891E-025  6.108181198485E-025  2.937574066298E-029  5.154804193999E+001
 8.610000000000E+001  4.701257572750E-005  6.630002574254E-007  5.964834377006E-025  5.964553954778E-025  2.804222278510E-029  5.033594574609E+001
 8.710000000000E+001  4.595916326508E-005  6.489097608481E-007  5.825078062494E-025  5.824810346780E-025  2.677157137060E-029  4.915662425385E+001
 8.811000000000E+001  4.493876193292E-005  6.351428802346E-007  5.687926021404E-025  5.687670413050E-025  2.556083533679E-029  4.799927563798E+001
 8.912000000000E+001  4.394705386916E-005  3.247077985841E-007  5.556417872564E-025  5.556173684369E-025  2.441881955651E-029  4.688955104651E+001
 9.016000000000E+001  4.292604633938E-005  3.176187478546E-007  5.428671004785E-025  5.428437973402E-025  2.330313831126E-029  4.581156636136E+001
 9.120000000000E+001  4.198360242323E-005  3.108967891378E-007  5.301114750834E-025  5.300892190940E-025  2.225598940989E-029  4.473518451707E+001
 9.226000000000E+001  4.105415069438E-005  3.042648854211E-007  5.175836498123E-025  5.175624008551E-025  2.124895715634E-029  4.367802375028E+001
 9.332000000000E+001  4.011999148093E-005  2.977164494598E-007  5.058281633407E-025  5.058078695191E-025  2.029382160404E-029  4.268603766702E+001
 9.441000000000E+001  3.922668322904E-005  1.456801684132E-007  4.938486510338E-025  4.938292789892E-025  1.937204459719E-029  4.167514282459E+001
 9.550000000000E+001  3.833415841589E-005  1.425228999250E-007  4.825387046127E-025  4.825202068976E-025  1.849771514442E-029  4.072074984976E+001
 9.661000000000E+001  3.745655263951E-005  1.394141867346E-007  4.714233680663E-025  4.714057101721E-025  1.765789420147E-029  3.978277744074E+001
 9.772000000000E+001  3.663964275990E-005  1.364650514894E-007  4.604176370175E-025  4.604007674797E-025  1.686953774068E-029  3.885405049401E+001
 9.886000000000E+001  3.580064736952E-005  1.334735725950E-007  4.497463809711E-025  4.497302797595E-025  1.610121159086E-029  3.795354880513E+001
 1.000000000000E+002  3.498978646172E-005  6.217319215630E-008  4.394568632519E-025  4.394414867501E-025  1.537650180432E-029  3.708525902078E+001
 1.012000000000E+002  3.416891019053E-005  6.077303580643E-008  4.289819173704E-025  4.289672595258E-025  1.465784460799E-029  3.620132010885E+001
 1.023000000000E+002  3.343971161454E-005  5.952613409587E-008  4.197119950185E-025  4.196979599705E-025  1.403504807458E-029  3.541906721440E+001
 1.035000000000E+002  3.267081062769E-005  5.821099715883E-008  4.099473616429E-025  4.099339683303E-025  1.339331261956E-029  3.459506636339E+001
 1.047000000000E+002  3.193325778099E-005  5.693990019124E-008  4.004602208619E-025  4.004474328625E-025  1.278799946382E-029  3.379448053879E+001
 1.059000000000E+002  3.121499955844E-005  2.544740096474E-008  3.913793554523E-025  3.913671385459E-025  1.221690640763E-029  3.302817813705E+001
 1.072000000000E+002  3.046825589115E-005  2.485741798026E-008  3.818172752379E-025  3.818056419315E-025  1.163330644561E-029  3.222126620620E+001
 1.084000000000E+002  2.980345858991E-005  2.433272408911E-008  3.733111579365E-025  3.733000319728E-025  1.112596363671E-029  3.150346245313E+001
 1.097000000000E+002  2.908454275739E-005  2.377340799776E-008  3.646193642308E-025  3.646087594433E-025  1.060478748914E-029  3.076999030110E+001
 1.109000000000E+002  2.846143426432E-005  2.328082026170E-008  3.567054205430E-025  3.566952681951E-025  1.015234787851E-029  3.010215651310E+001
 1.122000000000E+002  2.781412419228E-005  9.936186016315E-009  3.483627810985E-025  3.483530916929E-025  9.689405657444E-030  2.939814520395E+001
 1.135000000000E+002  2.718784683807E-005  9.718579546520E-009  3.403272065647E-025  3.403179538007E-025  9.252763966907E-030  2.872004543644E+001
 1.148000000000E+002  2.655704431426E-005  9.503944665274E-009  3.328070096300E-025  3.327981712595E-025  8.838370502840E-030  2.808543743577E+001
 1.161000000000E+002  2.597174246994E-005  9.299920977256E-009  3.253077231119E-025  3.252992743035E-025  8.448808408146E-030  2.745259200727E+001
 1.175000000000E+002  2.534311036065E-005  9.084443116124E-009  3.177013747077E-025  3.176933231667E-025  8.051541000948E-030  2.681071208352E+001
 1.188000000000E+002  2.479297748875E-005  3.679943575998E-009  3.107647259372E-025  3.107570211544E-025  7.704782854460E-030  2.622534505621E+001
 1.202000000000E+002  2.420795929510E-005  3.596457692188E-009  3.036451350576E-025  3.036377844286E-025  7.350629069630E-030  2.562453983875E+001
 1.216000000000E+002  2.366285011778E-005  3.517032087133E-009  2.965858603288E-025  2.965788422620E-025  7.018066760011E-030  2.502882298781E+001
 1.230000000000E+002  2.311155652711E-005  3.438898950896E-009  2.900172473324E-025  2.900105445824E-025  6.702750005560E-030  2.447451250936E+001
 1.244000000000E+002  2.258493670532E-005  3.363291767308E-009  2.835893704117E-025  2.835829655637E-025  6.404847981050E-030  2.393207753230E+001
 1.259000000000E+002  2.205390804981E-005  1.300166384057E-009  2.768403746982E-025  2.768342692861E-025  6.105412168070E-030  2.336254289104E+001
 1.273000000000E+002  2.156036067865E-005  1.272200024141E-009  2.708827522914E-025  2.708769119616E-025  5.840329841029E-030  2.285979077018E+001
 1.288000000000E+002  2.105088343630E-005  1.243209618316E-009  2.646927645982E-025  2.646871925817E-025  5.572016533988E-030  2.233742919671E+001
 1.303000000000E+002  2.055751850081E-005  1.215205728084E-009  2.587382049479E-025  2.587328859325E-025  5.319015435083E-030  2.183493452783E+001
 1.318000000000E+002  2.009677964634E-005  1.188633459791E-009  2.528522139813E-025  2.528471324661E-025  5.081515227471E-030  2.133822518559E+001
 1.334000000000E+002  1.960746368248E-005  4.337856988500E-010  2.469173765245E-025  2.469125351010E-025  4.841423492777E-030  2.083739381872E+001
 1.349000000000E+002  1.916246678869E-005  4.243380409577E-010  2.415739577848E-025  2.415693286318E-025  4.629152943063E-030  2.038647099536E+001
 1.365000000000E+002  1.870543350469E-005  4.145877257427E-010  2.360463559428E-025  2.360419405933E-025  4.415349415112E-030  1.992000475742E+001
 1.380000000000E+002  1.829160206896E-005  4.057641880424E-010  2.310418286350E-025  2.310376025098E-025  4.226125190675E-030  1.949767964782E+001
 1.396000000000E+002  1.786581330849E-005  3.966528552833E-010  2.258662083990E-025  2.258621731155E-025  4.035283511954E-030  1.906091583417E+001
 1.412000000000E+002  1.745284892170E-005  1.381426610858E-010  2.208893346839E-025  2.208854795357E-025  3.855148186652E-030  1.864092369405E+001
 1.429000000000E+002  1.703057408709E-005  1.349164442446E-010  2.157646607543E-025  2.157609861583E-025  3.674596040352E-030  1.820845846266E+001
 1.445000000000E+002  1.664612563696E-005  1.319865874013E-010  2.111195091250E-025  2.111159948031E-025  3.514321873307E-030  1.781645927107E+001
 1.462000000000E+002  1.625282333404E-005  1.289760141299E-010  2.063306124329E-025  2.063272589780E-025  3.353454992276E-030  1.741232922461E+001
 1.479000000000E+002  1.587130403132E-005  1.260684757366E-010  2.017309470461E-025  2.017277453129E-025  3.201733193095E-030  1.702416797725E+001
 1.496000000000E+002  1.550491226395E-005  4.178827563641E-011  1.972609647180E-025  1.972579062040E-025  3.058513951055E-030  1.664695019939E+001
 1.514000000000E+002  1.512803719653E-005  4.081214032550E-011  1.927207141326E-025  1.927177986465E-025  2.915486131939E-030  1.626380234050E+001
 1.531000000000E+002  1.478657417906E-005  3.992252115825E-011  1.885535437498E-025  1.885507556888E-025  2.788060961381E-030  1.591213807553E+001
 1.549000000000E+002  1.443472725609E-005  3.901186193599E-011  1.843215820127E-025  1.843189213810E-025  2.660631763765E-030  1.555500595175E+001
 1.567000000000E+002  1.409705069305E-005  3.813181139646E-011  1.802089872518E-025  1.802064468366E-025  2.540415228633E-030  1.520794681352E+001
 1.585000000000E+002  1.376923458949E-005  1.180091428600E-011  1.762584438474E-025  1.762560169035E-025  2.426943861713E-030  1.487456291207E+001
 1.603000000000E+002  1.344149030832E-005  1.153529751307E-011  1.725363344079E-025  1.725340152624E-025  2.319145466777E-030  1.456045648585E+001
 1.622000000000E+002  1.312156010732E-005  1.126968376830E-011  1.686042366176E-025  1.686020242670E-025  2.212350625126E-030  1.422862867958E+001
 1.641000000000E+002  1.281094780923E-005  1.101325030155E-011  1.648325369677E-025  1.648304253067E-025  2.111661028357E-030  1.391033664621E+001
 1.660000000000E+002  1.250916063403E-005  1.076546694661E-011  1.612147653866E-025  1.612127487252E-025  2.016661396798E-030  1.360503439978E+001
 1.679000000000E+002  1.222251553435E-005  3.172203984945E-012  1.576551860370E-025  1.576532590940E-025  1.926942960408E-030  1.330464265496E+001
 1.698000000000E+002  1.192959683744E-005  3.101028531621E-012  1.543816021929E-025  1.543797604826E-025  1.841710273280E-030  1.302838620770E+001
 1.718000000000E+002  1.164730709662E-005  3.030015290931E-012  1.508907507488E-025  1.508889932778E-025  1.757470912010E-030  1.273379407228E+001
 1.738000000000E+002  1.137310890010E-005  2.961433089764E-012  1.475422710576E-025  1.475405930433E-025  1.678014316107E-030  1.245121654206E+001
 1.758000000000E+002  1.110661529450E-005  2.895177346481E-012  1.443299651252E-025  1.443283621078E-025  1.603017398114E-030  1.218013058439E+001
 1.778000000000E+002  1.084029975843E-005  8.089640004689E-013  1.413033801933E-025  1.413018484223E-025  1.531770998174E-030  1.192471764014E+001
 1.799000000000E+002  1.058152231183E-005  7.903716698391E-013  1.381232801925E-025  1.381218186380E-025  1.461554571140E-030  1.165634919564E+001
 1.820000000000E+002  1.032994956542E-005  7.724154794998E-013  1.350764817348E-025  1.350750864016E-025  1.395333243796E-030  1.139922997144E+001
 1.841000000000E+002  1.007964594574E-005  7.547696929833E-013  1.321973102548E-025  1.321959777528E-025  1.332502082348E-030  1.115625680389E+001
 1.862000000000E+002  9.847113232852E-006  7.379983416754E-013  1.293228170144E-025  1.293215435579E-025  1.273456422732E-030  1.091367812193E+001
 1.884000000000E+002  9.610163036828E-006  1.927669788563E-013  1.264377914492E-025  1.264365763614E-025  1.215087789843E-030  1.067021054097E+001
 1.906000000000E+002  9.375185285977E-006  1.883142193587E-013  1.237062904195E-025  1.237051306501E-025  1.159769393724E-030  1.043969891484E+001
 1.928000000000E+002  9.152689500199E-006  1.840703553079E-013  1.210334802500E-025  1.210323724681E-025  1.107781863856E-030  1.021414003506E+001
 1.950000000000E+002  8.940026527892E-006  1.799814238770E-013  1.184245777994E-025  1.184235190805E-025  1.058718867081E-030  9.993974196049E+000
 1.972000000000E+002  8.727392871449E-006  1.759527165674E-013  1.159661030339E-025  1.159650909522E-025  1.012081740948E-030  9.786503015757E+000
 1.995000000000E+002  8.518971550843E-006  4.309429822455E-014  1.134289111897E-025  1.134279448920E-025  9.662976674683E-031  9.572388687344E+000
 2.018000000000E+002  8.318405559657E-006  4.212521422150E-014  1.109663645404E-025  1.109654414772E-025  9.230632237280E-031  9.364573586284E+000
 2.042000000000E+002  8.110175120328E-006  4.113267042580E-014  1.085414132953E-025  1.085405330055E-025  8.802898696330E-031  9.159931190225E+000
 2.065000000000E+002  7.923091377142E-006  4.022977688396E-014  1.062478869954E-025  1.062470451836E-025  8.418117172925E-031  8.966379619657E+000
 2.089000000000E+002  7.727789329893E-006  3.930229809138E-014  1.039960837717E-025  1.039952801119E-025  8.036598265215E-031  8.776349107157E+000
 2.114000000000E+002  7.539413024676E-006  9.018073044378E-015  1.016512435901E-025  1.016504771994E-025  7.663907098978E-031  8.578466963611E+000
 2.138000000000E+002  7.356933046344E-006  8.814652562699E-015  9.955920769024E-026  9.955847523982E-026  7.324504251241E-031  8.401919148071E+000
 2.163000000000E+002  7.180624945113E-006  8.613732874963E-015  9.737950119751E-026  9.737880195183E-026  6.992456754415E-031  8.217972591128E+000
 2.188000000000E+002  7.011449066076E-006  8.419680641620E-015  9.525981237173E-026  9.525914446241E-026  6.679093224884E-031  8.039090875585E+000
 2.213000000000E+002  6.839981342426E-006  8.228649275713E-015  9.329672575786E-026  9.329608760999E-026  6.381478634932E-031  7.873424970022E+000
 2.239000000000E+002  6.674929403694E-006  1.780135857873E-015  9.125098090793E-026  9.125037181408E-026  6.090938555783E-031  7.700783327251E+000
 2.265000000000E+002  6.510370887604E-006  1.739066246635E-015  8.932282770541E-026  8.932224618067E-026  5.815247370918E-031  7.538065330213E+000
 2.291000000000E+002  6.355759196796E-006  1.700131568107E-015  8.742422687539E-026  8.742367122805E-026  5.556473339860E-031  7.377841168382E+000
 2.317000000000E+002  6.201334954904E-006  1.661806809086E-015  8.563582601233E-026  8.563529495588E-026  5.310564412423E-031  7.226916871792E+000
 2.344000000000E+002  6.052973087175E-006  1.624062458843E-015  8.377308030706E-026  8.377257323086E-026  5.070762005284E-031  7.069718428452E+000
 2.371000000000E+002  5.904909960992E-006  3.301012512325E-016  8.201808711608E-026  8.201760280666E-026  4.843094195933E-031  6.921613311576E+000
 2.399000000000E+002  5.760481279856E-006  3.224943328683E-016  8.022892111171E-026  8.022845895451E-026  4.621571981671E-031  6.770624237529E+000
 2.427000000000E+002  5.616526427160E-006  3.150148519275E-016  7.854380991955E-026  7.854336877616E-026  4.411433841030E-031  6.628416440538E+000
 2.455000000000E+002  5.481351455504E-006  3.079260221629E-016  7.688313807841E-026  7.688271665491E-026  4.214235008098E-031  6.488271015226E+000
 2.483000000000E+002  5.348424147103E-006  3.009495983632E-016  7.529087191498E-026  7.529046922746E-026  4.026875174065E-031  6.353898385302E+000
 2.512000000000E+002  5.218866860708E-006  5.645563795813E-017  7.366933371135E-026  7.366894924090E-026  3.844704443566E-031  6.217055391361E+000
 2.541000000000E+002  5.089705814732E-006  5.515965938697E-017  7.214112729184E-026  7.214076011472E-026  3.671771150586E-031  6.088088756926E+000
 2.570000000000E+002  4.968156420048E-006  5.393106301213E-017  7.063777320371E-026  7.063742226420E-026  3.509395064399E-031  5.961219366431E+000
 2.600000000000E+002  4.844693422512E-006  5.268008095201E-017  6.914460703217E-026  6.914427204775E-026  3.349844228910E-031  5.835209728735E+000
 2.630000000000E+002  4.728527262054E-006  5.149423948796E-017  6.767682805978E-026  6.767650804806E-026  3.200117264900E-031  5.711342479622E+000
 2.661000000000E+002  4.608739515318E-006  9.011973627793E-018  6.624956837418E-026  6.624926304718E-026  3.053270036389E-031  5.590894701841E+000
 2.691000000000E+002  4.499367118805E-006  8.813270826074E-018  6.489408289731E-026  6.489379091500E-026  2.919823027932E-031  5.476503965798E+000
 2.723000000000E+002  4.385482340970E-006  8.605286462430E-018  6.349912666175E-026  6.349884818745E-026  2.784742986421E-031  5.358782235078E+000
 2.754000000000E+002  4.277413877887E-006  8.410380350914E-018  6.221557565898E-026  6.221530953721E-026  2.661217667444E-031  5.250462095213E+000
 2.786000000000E+002  4.174116964482E-006  8.219727503019E-018  6.088661039641E-026  6.088635624858E-026  2.541478333655E-031  5.138309332168E+000
 2.818000000000E+002  4.069184683571E-006  1.320502097224E-018  5.966262374654E-026  5.966238096830E-026  2.427782347311E-031  5.035015852439E+000
 2.851000000000E+002  3.968987442245E-006  1.290309590683E-018  5.839588111375E-026  5.839564934123E-026  2.317725188193E-031  4.928114087548E+000
 2.884000000000E+002  3.870924670023E-006  1.260597840285E-018  5.717634618833E-026  5.717612486300E-026  2.213253290022E-031  4.825196219024E+000
 2.917000000000E+002  3.778463045919E-006  1.232435633389E-018  5.597961798465E-026  5.597940646773E-026  2.115169178796E-031  4.724202996942E+000
 2.951000000000E+002  3.681649175419E-006  1.203884888159E-018  5.484501477368E-026  5.484481285357E-026  2.019201034174E-031  4.628452597098E+000
 2.985000000000E+002  3.593557144785E-006  1.606700050590E-019  5.368204224884E-026  5.368184933936E-026  1.929094864700E-031  4.530308010260E+000
 3.020000000000E+002  3.501627671127E-006  1.569269408173E-019  5.257797104359E-026  5.257778693511E-026  1.841084782979E-031  4.437134194243E+000
 3.055000000000E+002  3.413318175353E-006  1.533108045923E-019  5.150504983395E-026  5.150487403082E-026  1.758031227207E-031  4.346589140665E+000
 3.090000000000E+002  3.331407593547E-006  1.498795707246E-019  5.042997031664E-026  5.042980231385E-026  1.680027860552E-031  4.255861900994E+000
 3.126000000000E+002  3.245810541248E-006  1.464087993886E-019  4.941289889344E-026  4.941273850853E-026  1.603849081020E-031  4.170030053528E+000
 3.162000000000E+002  3.168095612320E-006  0.000000000000E+000  4.836778092387E-026  4.836762769011E-026  1.532337545226E-031  4.081831268081E+000
 3.199000000000E+002  3.086829811075E-006  0.000000000000E+000  4.738073026817E-026  4.738058401192E-026  1.462562506623E-031  3.998532873245E+000
 3.236000000000E+002  3.011589930424E-006  0.000000000000E+000  4.639019680277E-026  4.639005709452E-026  1.397082495616E-031  3.914940521575E+000
 3.273000000000E+002  2.936516328213E-006  0.000000000000E+000  4.545800629959E-026  4.545787281141E-026  1.334881777467E-031  3.836271809957E+000
 3.311000000000E+002  2.860996722143E-006  0.000000000000E+000  4.454971473435E-026  4.454958727776E-026  1.274565878274E-031  3.759619956875E+000
 3.350000000000E+002  2.789204147887E-006  0.000000000000E+000  4.361402532687E-026  4.361390367845E-026  1.216484203478E-031  3.680655931656E+000
 3.388000000000E+002  2.720802859635E-006  0.000000000000E+000  4.273530759564E-026  4.273519132129E-026  1.162743471136E-031  3.606499812235E+000
 3.428000000000E+002  2.652765141409E-006  0.000000000000E+000  4.182949079580E-026  4.182937983198E-026  1.109638150660E-031  3.530056748214E+000
 3.467000000000E+002  2.585257976544E-006  0.000000000000E+000  4.102048938825E-026  4.102038333971E-026  1.060485473927E-031  3.461784076272E+000
 3.508000000000E+002  2.518497999091E-006  0.000000000000E+000  4.017104795163E-026  4.017094678093E-026  1.011707038876E-031  3.390098594236E+000
 3.548000000000E+002  2.456914281167E-006  0.000000000000E+000  3.936036189705E-026  3.936026519202E-026  9.670503525678E-032  3.321683713952E+000
 3.589000000000E+002  2.395299551320E-006  0.000000000000E+000  3.855706358092E-026  3.855697122520E-026  9.235571709560E-032  3.253892288410E+000
 3.631000000000E+002  2.335519870341E-006  0.000000000000E+000  3.775367519706E-026  3.775358702260E-026  8.817445860112E-032  3.186093247707E+000
 3.673000000000E+002  2.275970827036E-006  0.000000000000E+000  3.699759816618E-026  3.699751396073E-026  8.420545409662E-032  3.122286879433E+000
 3.715000000000E+002  2.217483663479E-006  0.000000000000E+000  3.628327042276E-026  3.628318996520E-026  8.045755942009E-032  3.062003790109E+000
 3.758000000000E+002  2.163245400221E-006  0.000000000000E+000  3.552714548256E-026  3.552706862862E-026  7.685393404813E-032  2.998193347845E+000
 3.802000000000E+002  2.106678131812E-006  0.000000000000E+000  3.481966452866E-026  3.481959117484E-026  7.335382581958E-032  2.938488050517E+000
 3.846000000000E+002  2.055449579247E-006  0.000000000000E+000  3.408935412254E-026  3.408928405359E-026  7.006894858797E-032  2.876856116408E+000
 3.890000000000E+002  2.003208318242E-006  0.000000000000E+000  3.342082119104E-026  3.342075424217E-026  6.694886701238E-032  2.820437680809E+000
 3.935000000000E+002  1.951864541979E-006  0.000000000000E+000  3.275607650382E-026  3.275601256839E-026  6.393542426214E-032  2.764338932973E+000
 3.981000000000E+002  1.902086060922E-006  0.000000000000E+000  3.209345050664E-026  3.209338946214E-026  6.104450485557E-032  2.708418974868E+000
 4.027000000000E+002  1.853656739037E-006  0.000000000000E+000  3.145131087805E-026  3.145125257812E-026  5.829993436064E-032  2.654227885978E+000
 4.074000000000E+002  1.806707451056E-006  0.000000000000E+000  3.081184948349E-026  3.081179381549E-026  5.566799804263E-032  2.600262808577E+000
 4.121000000000E+002  1.759940235766E-006  0.000000000000E+000  3.021081681644E-026  3.021076364721E-026  5.316923207062E-032  2.549540789510E+000
 4.169000000000E+002  1.715122575694E-006  0.000000000000E+000  2.959564411158E-026  2.959559335143E-026  5.076015735797E-032  2.497625459600E+000
 4.217000000000E+002  1.672632274981E-006  0.000000000000E+000  2.899556199097E-026  2.899551349206E-026  4.849891281732E-032  2.446983638814E+000
 4.266000000000E+002  1.628374873730E-006  0.000000000000E+000  2.843750255649E-026  2.843745624957E-026  4.630691463461E-032  2.399888182399E+000
 4.315000000000E+002  1.586840023883E-006  0.000000000000E+000  2.787756142199E-026  2.787751718476E-026  4.423723023268E-032  2.352633915607E+000
 4.365000000000E+002  1.547582695512E-006  0.000000000000E+000  2.730338325195E-026  2.730334099770E-026  4.225424344964E-032  2.304178152411E+000
 4.416000000000E+002  1.506666339850E-006  0.000000000000E+000  2.677054626814E-026  2.677050593386E-026  4.033428096160E-032  2.259211241107E+000
 4.467000000000E+002  1.468796579744E-006  0.000000000000E+000  2.623390549272E-026  2.623386696045E-026  3.853227066104E-032  2.213923311019E+000
 4.519000000000E+002  1.430318908966E-006  0.000000000000E+000  2.571992783370E-026  2.571989104600E-026  3.678769911778E-032  2.170547957320E+000
 4.571000000000E+002  1.393342000410E-006  0.000000000000E+000  2.522047701495E-026  2.522044187420E-026  3.514074989529E-032  2.128398541613E+000
 4.624000000000E+002  1.358388382212E-006  0.000000000000E+000  2.470921128489E-026  2.470917772019E-026  3.356470554303E-032  2.085252038264E+000
 4.677000000000E+002  1.323597061411E-006  0.000000000000E+000  2.422775229635E-026  2.422772022857E-026  3.206778174405E-032  2.044620972872E+000
 4.731000000000E+002  1.288674054003E-006  0.000000000000E+000  2.376670905407E-026  2.376667842653E-026  3.062754130702E-032  2.005712824316E+000
 4.786000000000E+002  1.256523419224E-006  0.000000000000E+000  2.327882781471E-026  2.327879856432E-026  2.925039232127E-032  1.964539763496E+000
 4.842000000000E+002  1.223073495845E-006  0.000000000000E+000  2.282739659159E-026  2.282736867200E-026  2.791958375032E-032  1.926442781324E+000
 4.898000000000E+002  1.192064550285E-006  0.000000000000E+000  2.237346627948E-026  2.237343960886E-026  2.667061601876E-032  1.888134889623E+000
 4.955000000000E+002  1.160638837136E-006  0.000000000000E+000  2.193928038372E-026  2.193925492014E-026  2.546358087217E-032  1.851493261261E+000
 5.012000000000E+002  1.130469407056E-006  0.000000000000E+000  2.151677960638E-026  2.151675528232E-026  2.432406108339E-032  1.815837755404E+000
 5.070000000000E+002  1.101999874575E-006  0.000000000000E+000  2.108469392603E-026  2.108467069070E-026  2.323533006195E-032  1.779373358021E+000
 5.129000000000E+002  1.073160144777E-006  0.000000000000E+000  2.067148421119E-026  2.067146202737E-026  2.218381298882E-032  1.744501934246E+000
 5.188000000000E+002  1.044697049986E-006  0.000000000000E+000  2.028451016948E-026  2.028448897831E-026  2.119116793446E-032  1.711844581239E+000
 5.248000000000E+002  1.018604578814E-006  0.000000000000E+000  1.987350633348E-026  1.987348609024E-026  2.024324454837E-032  1.677159306812E+000
 5.309000000000E+002  9.914300267126E-007  0.000000000000E+000  1.949531807238E-026  1.949529874414E-026  1.932824371727E-032  1.645243395112E+000
 5.370000000000E+002  9.653366889940E-007  0.000000000000E+000  1.912737700402E-026  1.912735853966E-026  1.846435878620E-032  1.614192258161E+000
 5.432000000000E+002  9.407352207107E-007  0.000000000000E+000  1.875111392461E-026  1.875109628477E-026  1.763983329644E-032  1.582438808377E+000
 5.495000000000E+002  9.158568098694E-007  0.000000000000E+000  1.839176059308E-026  1.839174374886E-026  1.684421918466E-032  1.552112400253E+000
 5.559000000000E+002  8.924156975059E-007  0.000000000000E+000  1.802477876780E-026  1.802476268220E-026  1.608559551645E-032  1.521142206670E+000
 5.623000000000E+002  8.690901865288E-007  0.000000000000E+000  1.767970986311E-026  1.767969449784E-026  1.536526234270E-032  1.492021280716E+000
 5.688000000000E+002  8.456704978529E-007  0.000000000000E+000  1.735251456614E-026  1.735249989163E-026  1.467450963215E-032  1.464408738234E+000
 5.754000000000E+002  8.242580686620E-007  0.000000000000E+000  1.700441684879E-026  1.700440283276E-026  1.401602779050E-032  1.435032200101E+000
 5.821000000000E+002  8.019828327688E-007  0.000000000000E+000  1.668547735032E-026  1.668546396885E-026  1.338146639151E-032  1.408116374589E+000
 5.888000000000E+002  7.812145964917E-007  0.000000000000E+000  1.636218694808E-026  1.636217416570E-026  1.278237927437E-032  1.380833365474E+000
 5.957000000000E+002  7.607655804141E-007  0.000000000000E+000  1.604077308299E-026  1.604076087973E-026  1.220326804477E-032  1.353708719025E+000
 6.026000000000E+002  7.404309559881E-007  0.000000000000E+000  1.573894098478E-026  1.573892933118E-026  1.165359911960E-032  1.328236610688E+000
 6.095000000000E+002  7.208967861461E-007  0.000000000000E+000  1.544539025020E-026  1.544537911567E-026  1.113453219214E-032  1.303463378970E+000
 6.166000000000E+002  7.022539604405E-007  0.000000000000E+000  1.514127420442E-026  1.514126357140E-026  1.063301977617E-032  1.277798520117E+000
 6.237000000000E+002  6.837055471007E-007  0.000000000000E+000  1.485555717572E-026  1.485554701890E-026  1.015682684631E-032  1.253686385338E+000
 6.310000000000E+002  6.653756202557E-007  0.000000000000E+000  1.457024858203E-026  1.457023888734E-026  9.694688187550E-033  1.229608717939E+000
 6.383000000000E+002  6.478737140101E-007  0.000000000000E+000  1.429442600303E-026  1.429441674204E-026  9.260982864223E-033  1.206331590015E+000
 6.457000000000E+002  6.307317826197E-007  0.000000000000E+000  1.402100430658E-026  1.402099546309E-026  8.843493040408E-033  1.183257075528E+000
 6.531000000000E+002  6.137841813963E-007  0.000000000000E+000  1.376588775828E-026  1.376587930900E-026  8.449284148911E-033  1.161727363519E+000
 6.607000000000E+002  5.981219643448E-007  0.000000000000E+000  1.349074422931E-026  1.349073616020E-026  8.069110438910E-033  1.138507537334E+000
 6.683000000000E+002  5.820405004249E-007  0.000000000000E+000  1.324328187490E-026  1.324327416677E-026  7.708126409733E-033  1.117623773736E+000
 6.761000000000E+002  5.667265279430E-007  0.000000000000E+000  1.298741433068E-026  1.298740697036E-026  7.360312230582E-033  1.096030679912E+000
 6.839000000000E+002  5.514917996552E-007  0.000000000000E+000  1.274742303046E-026  1.274741600036E-026  7.030099268033E-033  1.075777409445E+000
 6.918000000000E+002  5.366790320528E-007  0.000000000000E+000  1.251085425736E-026  1.251084754305E-026  6.714313152993E-033  1.055812970993E+000
 6.998000000000E+002  5.227623534450E-007  0.000000000000E+000  1.226956807571E-026  1.226956166164E-026  6.414068283012E-033  1.035450420620E+000
 7.080000000000E+002  5.085677095651E-007  0.000000000000E+000  1.203758844139E-026  1.203758231946E-026  6.121928782327E-033  1.015873265865E+000
 7.161000000000E+002  4.951273832868E-007  0.000000000000E+000  1.181413254500E-026  1.181412669549E-026  5.849500532807E-033  9.970154430500E-001
 7.244000000000E+002  4.818962314341E-007  0.000000000000E+000  1.159451968619E-026  1.159451409884E-026  5.587355342065E-033  9.784819402362E-001
 7.328000000000E+002  4.690270459462E-007  0.000000000000E+000  1.137555356407E-026  1.137554822863E-026  5.335442284160E-033  9.600030158329E-001
 7.413000000000E+002  4.561002284598E-007  0.000000000000E+000  1.117041189574E-026  1.117040680091E-026  5.094827417637E-033  9.426907610454E-001
 7.499000000000E+002  4.443702650137E-007  0.000000000000E+000  1.095097606390E-026  1.095097119761E-026  4.866288135675E-033  9.241721950197E-001
 7.586000000000E+002  4.321695513272E-007  0.000000000000E+000  1.075224178992E-026  1.075223714313E-026  4.646791510110E-033  9.074006700064E-001
 7.674000000000E+002  4.203172739538E-007  0.000000000000E+000  1.055682871096E-026  1.055682427374E-026  4.437217465386E-033  8.909094257891E-001
 7.762000000000E+002  4.093090175632E-007  0.000000000000E+000  1.035997886863E-026  1.035997462820E-026  4.240432772695E-033  8.742969294429E-001
 7.852000000000E+002  3.985060668179E-007  0.000000000000E+000  1.016111073435E-026  1.016110668508E-026  4.049264273245E-033  8.575141053269E-001
 7.943000000000E+002  3.876411846665E-007  0.000000000000E+000  9.975223558071E-027  9.975219691264E-027  3.866807477364E-033  8.418267669162E-001
 8.035000000000E+002  3.774466576549E-007  0.000000000000E+000  9.785849486394E-027  9.785845792758E-027  3.693636180953E-033  8.258451623349E-001
 8.128000000000E+002  3.669858598549E-007  0.000000000000E+000  9.611865567410E-027  9.611862039991E-027  3.527418750066E-033  8.111623598884E-001
 8.222000000000E+002  3.570147541200E-007  0.000000000000E+000  9.436034789747E-027  9.436031420943E-027  3.368803640329E-033  7.963236970680E-001
 8.318000000000E+002  3.474922161738E-007  0.000000000000E+000  9.257036028716E-027  9.257032811968E-027  3.216747964819E-033  7.812176818683E-001
 8.414000000000E+002  3.380020305736E-007  0.000000000000E+000  9.089866087684E-027  9.089863015291E-027  3.072393195279E-033  7.671099214562E-001
 8.511000000000E+002  3.287936633972E-007  0.000000000000E+000  8.925554314022E-027  8.925551379357E-027  2.934665700758E-033  7.532433663801E-001
 8.610000000000E+002  3.200689092770E-007  0.000000000000E+000  8.756533178537E-027  8.756530375843E-027  2.802694023502E-033  7.389793792868E-001
 8.710000000000E+002  3.112506913294E-007  0.000000000000E+000  8.598046005080E-027  8.598043328932E-027  2.676147763163E-033  7.256043717754E-001
 8.810000000000E+002  3.027852118599E-007  0.000000000000E+000  8.443818936769E-027  8.443816380105E-027  2.556663505676E-033  7.125888816187E-001
 8.912000000000E+002  2.947377880947E-007  0.000000000000E+000  8.286063703575E-027  8.286061261359E-027  2.442216088004E-033  6.992756428441E-001
 9.016000000000E+002  2.865859749592E-007  0.000000000000E+000  8.135211775985E-027  8.135209444547E-027  2.331437598320E-033  6.865449861608E-001
 9.120000000000E+002  2.787074008961E-007  0.000000000000E+000  7.990012226329E-027  7.990009999454E-027  2.226875540729E-033  6.742913433134E-001
 9.226000000000E+002  2.712744393752E-007  0.000000000000E+000  7.840058086160E-027  7.840055959353E-027  2.126807361992E-033  6.616364516246E-001
 9.333000000000E+002  2.637695431937E-007  0.000000000000E+000  7.699583099400E-027  7.699581068484E-027  2.030915516911E-033  6.497815224228E-001
 9.441000000000E+002  2.565055662196E-007  0.000000000000E+000  7.561482125939E-027  7.561480186376E-027  1.939562254174E-033  6.381269400987E-001
 9.550000000000E+002  2.496577403488E-007  0.000000000000E+000  7.422008149954E-027  7.422006296993E-027  1.852961783568E-033  6.263564872161E-001
 9.660000000000E+002  2.428006911470E-007  0.000000000000E+000  7.289819233541E-027  7.289817463568E-027  1.769973148240E-033  6.152008333350E-001
 9.772000000000E+002  2.360716367231E-007  0.000000000000E+000  7.159666646041E-027  7.159664955847E-027  1.690194223523E-033  6.042170286498E-001
 9.885000000000E+002  2.297444384414E-007  0.000000000000E+000  7.027922082804E-027  7.027920468178E-027  1.614626012324E-033  5.930988739077E-001
 1.000000000000E+003  2.233504956314E-007  0.000000000000E+000  6.902193326893E-027  6.902191785284E-027  1.541608300505E-033  5.824884037722E-001
 1.012000000000E+003  2.169702796839E-007  0.000000000000E+000  6.774373213824E-027  6.774371743986E-027  1.469837650886E-033  5.717014401320E-001
 1.023000000000E+003  2.114694526279E-007  0.000000000000E+000  6.657754991653E-027  6.657753583742E-027  1.407911803816E-033  5.618598234217E-001
 1.035000000000E+003  2.055143321342E-007  0.000000000000E+000  6.538378607556E-027  6.538377263825E-027  1.343730512772E-033  5.517854406460E-001
 1.047000000000E+003  1.998011810989E-007  0.000000000000E+000  6.422209908491E-027  6.422208625326E-027  1.283165124982E-033  5.419817598859E-001
 1.059000000000E+003  1.944540876185E-007  0.000000000000E+000  6.306333565911E-027  6.306332339619E-027  1.226292339777E-033  5.322027513048E-001
 1.072000000000E+003  1.887244918264E-007  0.000000000000E+000  6.188224400841E-027  6.188223232971E-027  1.167869505356E-033  5.222353109406E-001
 1.084000000000E+003  1.836459034329E-007  0.000000000000E+000  6.082419815587E-027  6.082418698576E-027  1.117011482092E-033  5.133062756039E-001
 1.096000000000E+003  1.788892052781E-007  0.000000000000E+000  5.976569621223E-027  5.976568552079E-027  1.069143789830E-033  5.043733909797E-001
 1.109000000000E+003  1.737780963567E-007  0.000000000000E+000  5.868850702822E-027  5.868849682944E-027  1.019877702938E-033  4.952828014843E-001
 1.122000000000E+003  1.688560568035E-007  0.000000000000E+000  5.764785617682E-027  5.764784644263E-027  9.734189677195E-034  4.865005653257E-001
 1.135000000000E+003  1.642633154434E-007  0.000000000000E+000  5.660504501238E-027  5.660503571424E-027  9.298132364557E-034  4.777000976553E-001
 1.148000000000E+003  1.597067006055E-007  0.000000000000E+000  5.562689159863E-027  5.562688271464E-027  8.883987322158E-034  4.694452882106E-001
 1.161000000000E+003  1.553311647484E-007  0.000000000000E+000  5.467444780476E-027  5.467443931212E-027  8.492645659487E-034  4.614074466890E-001
 1.175000000000E+003  1.509318284298E-007  0.000000000000E+000  5.364735059763E-027  5.364734250053E-027  8.097092716117E-034  4.527395915944E-001
 1.188000000000E+003  1.468820773436E-007  0.000000000000E+000  5.275244494540E-027  5.275243719701E-027  7.748388698533E-034  4.451873244596E-001
 1.202000000000E+003  1.426783450393E-007  0.000000000000E+000  5.182003684042E-027  5.182002944682E-027  7.393597096265E-034  4.373185674189E-001
 1.216000000000E+003  1.387576104925E-007  0.000000000000E+000  5.088519719206E-027  5.088519013135E-027  7.060708371811E-034  4.294292899605E-001
 1.230000000000E+003  1.348682796221E-007  0.000000000000E+000  5.000909220637E-027  5.000908546173E-027  6.744640231337E-034  4.220356847634E-001
 1.244000000000E+003  1.311352931960E-007  0.000000000000E+000  4.915580539666E-027  4.915579895060E-027  6.446060952976E-034  4.148346461182E-001
 1.259000000000E+003  1.273988735633E-007  0.000000000000E+000  4.824100413919E-027  4.824099799334E-027  6.145849586896E-034  4.071144759760E-001
 1.274000000000E+003  1.237027062371E-007  0.000000000000E+000  4.738322531946E-027  4.738321945802E-027  5.861433202258E-034  3.998755283291E-001
 1.288000000000E+003  1.203770675375E-007  0.000000000000E+000  4.660916751809E-027  4.660916190741E-027  5.610674906194E-034  3.933431171602E-001
 1.303000000000E+003  1.170629941550E-007  0.000000000000E+000  4.577099195684E-027  4.577098659875E-027  5.358089363914E-034  3.862696046758E-001
 1.318000000000E+003  1.137617887232E-007  0.000000000000E+000  4.499109484426E-027  4.499108972599E-027  5.118267426099E-034  3.796879144149E-001
 1.334000000000E+003  1.103727437345E-007  0.000000000000E+000  4.418718586223E-027  4.418718098517E-027  4.877060941521E-034  3.729035836721E-001
 1.349000000000E+003  1.074364447977E-007  0.000000000000E+000  4.342014663901E-027  4.342014197410E-027  4.664906187489E-034  3.664304032232E-001
 1.365000000000E+003  1.043125434235E-007  0.000000000000E+000  4.265997457177E-027  4.265997012180E-027  4.449970449964E-034  3.600151759647E-001
 1.380000000000E+003  1.014905278138E-007  0.000000000000E+000  4.197040749772E-027  4.197040323812E-027  4.259598809505E-034  3.541957967608E-001
 1.396000000000E+003  9.868944865407E-008  0.000000000000E+000  4.122701573240E-027  4.122701166373E-027  4.068671452283E-034  3.479221812918E-001
 1.412000000000E+003  9.591007362920E-008  0.000000000000E+000  4.053111265360E-027  4.053110876626E-027  3.887341998881E-034  3.420493313257E-001
 1.429000000000E+003  9.306861192949E-008  0.000000000000E+000  3.981590125582E-027  3.981589755021E-027  3.705610662600E-034  3.360135349792E-001
 1.445000000000E+003  9.058468106066E-008  0.000000000000E+000  3.913559415482E-027  3.913559060973E-027  3.545085314633E-034  3.302723021048E-001
 1.462000000000E+003  8.795449010028E-008  0.000000000000E+000  3.846342051189E-027  3.846341712886E-027  3.383030538636E-034  3.245997089618E-001
 1.479000000000E+003  8.543101503227E-008  0.000000000000E+000  3.780981372366E-027  3.780981049353E-027  3.230130764593E-034  3.190838047743E-001
 1.496000000000E+003  8.307524501233E-008  0.000000000000E+000  3.715387931996E-027  3.715387623339E-027  3.086567627664E-034  3.135482573417E-001
 1.514000000000E+003  8.060450430691E-008  0.000000000000E+000  3.650368985181E-027  3.650368690944E-027  2.942361825878E-034  3.080611924609E-001
 1.531000000000E+003  7.836576667780E-008  0.000000000000E+000  3.590624756965E-027  3.590624475583E-027  2.813820619318E-034  3.030192704565E-001
 1.549000000000E+003  7.615122052204E-008  0.000000000000E+000  3.527150359326E-027  3.527150090729E-027  2.685968048274E-034  2.976625527262E-001
 1.567000000000E+003  7.395816269253E-008  0.000000000000E+000  3.467703848437E-027  3.467703591972E-027  2.564650053922E-034  2.926457555627E-001
 1.585000000000E+003  7.184388114559E-008  0.000000000000E+000  3.410318814906E-027  3.410318569895E-027  2.450105396066E-034  2.878029301313E-001
 1.603000000000E+003  6.988881578871E-008  0.000000000000E+000  3.351733316043E-027  3.351733081795E-027  2.342486722979E-034  2.828587952087E-001
 1.622000000000E+003  6.782358214794E-008  0.000000000000E+000  3.294767652547E-027  3.294767429084E-027  2.234629445409E-034  2.780513611139E-001
 1.641000000000E+003  6.585205766459E-008  0.000000000000E+000  3.238940257359E-027  3.238940044068E-027  2.132908805997E-034  2.733399874813E-001
 1.660000000000E+003  6.401200002539E-008  0.000000000000E+000  3.182894836031E-027  3.182894632287E-027  2.037434643248E-034  2.686102141771E-001
 1.679000000000E+003  6.217944271425E-008  0.000000000000E+000  3.130864863159E-027  3.130864668484E-027  1.946754324049E-034  2.642193117642E-001
 1.698000000000E+003  6.042057194236E-008  0.000000000000E+000  3.080181104433E-027  3.080180918327E-027  1.861063040159E-034  2.599420187470E-001
 1.718000000000E+003  5.869871886495E-008  0.000000000000E+000  3.026216644178E-027  3.026216466543E-027  1.776350400211E-034  2.553878614072E-001
 1.738000000000E+003  5.699457195769E-008  0.000000000000E+000  2.975682366293E-027  2.975682196695E-027  1.695977427489E-034  2.511231833027E-001
 1.758000000000E+003  5.535181860462E-008  0.000000000000E+000  2.926912636616E-027  2.926912474606E-027  1.620099373336E-034  2.470074185637E-001
 1.778000000000E+003  5.382507513976E-008  0.000000000000E+000  2.877497481912E-027  2.877497327031E-027  1.548815181784E-034  2.428371852046E-001
 1.799000000000E+003  5.222872184025E-008  0.000000000000E+000  2.829375601698E-027  2.829375453923E-027  1.477746712827E-034  2.387760936087E-001
 1.820000000000E+003  5.069852247083E-008  0.000000000000E+000  2.782542579962E-027  2.782542438891E-027  1.410707975162E-034  2.348237710685E-001
 1.841000000000E+003  4.927585747206E-008  0.000000000000E+000  2.735160512053E-027  2.735160377276E-027  1.347773795551E-034  2.308251134976E-001
 1.862000000000E+003  4.785967813336E-008  0.000000000000E+000  2.691174484406E-027  2.691174355607E-027  1.287987446244E-034  2.271130538581E-001
 1.884000000000E+003  4.643730595146E-008  0.000000000000E+000  2.646292378999E-027  2.646292256112E-027  1.228866888406E-034  2.233253725960E-001
 1.906000000000E+003  4.511448437457E-008  0.000000000000E+000  2.600939965294E-027  2.600939847954E-027  1.173400654235E-034  2.194980011382E-001
 1.928000000000E+003  4.379904325891E-008  0.000000000000E+000  2.558841583321E-027  2.558841471246E-027  1.120748132006E-034  2.159452432589E-001
 1.950000000000E+003  4.253731728509E-008  0.000000000000E+000  2.517826830336E-027  2.517826723235E-027  1.071015987509E-034  2.124839347581E-001
 1.972000000000E+003  4.136446829856E-008  0.000000000000E+000  2.476217628950E-027  2.476217526523E-027  1.024274256130E-034  2.089724596602E-001
 1.995000000000E+003  4.014241912839E-008  0.000000000000E+000  2.435942772191E-027  2.435942674406E-027  9.778463573406E-035  2.055735923074E-001
 2.018000000000E+003  3.903697258606E-008  0.000000000000E+000  2.393264067395E-027  2.393263973969E-027  9.342578379010E-035  2.019718598627E-001
 2.042000000000E+003  3.790013178900E-008  0.000000000000E+000  2.351178967753E-027  2.351178878643E-027  8.910999273737E-035  1.984202228231E-001
 2.065000000000E+003  3.685515285700E-008  0.000000000000E+000  2.311899611031E-027  2.311899525826E-027  8.520541355460E-035  1.951053674503E-001
 2.089000000000E+003  3.583548683759E-008  0.000000000000E+000  2.270855338617E-027  2.270855257240E-027  8.137720659710E-035  1.916415676550E-001
 2.114000000000E+003  3.478895003742E-008  0.000000000000E+000  2.230453981351E-027  2.230453903756E-027  7.759515211799E-035  1.882320246239E-001
 2.138000000000E+003  3.382007195333E-008  0.000000000000E+000  2.193043795521E-027  2.193043721352E-027  7.416889896133E-035  1.850749119108E-001
 2.163000000000E+003  3.288185334913E-008  0.000000000000E+000  2.153670901796E-027  2.153670830979E-027  7.081669075514E-035  1.817521627351E-001
 2.188000000000E+003  3.195194241265E-008  0.000000000000E+000  2.116768155245E-027  2.116768087610E-027  6.763485419732E-035  1.786378737167E-001
 2.213000000000E+003  3.105943982815E-008  0.000000000000E+000  2.080840198157E-027  2.080840133527E-027  6.462973092663E-035  1.756058489229E-001
 2.239000000000E+003  3.019669219090E-008  0.000000000000E+000  2.043107681344E-027  2.043107619649E-027  6.169509376640E-035  1.724215340758E-001
 2.265000000000E+003  2.933685434135E-008  0.000000000000E+000  2.008069983256E-027  2.008069924345E-027  5.891045660600E-035  1.694646398248E-001
 2.291000000000E+003  2.851279018472E-008  0.000000000000E+000  1.973912652792E-027  1.973912596510E-027  5.628175731203E-035  1.665820413711E-001
 2.317000000000E+003  2.774511694201E-008  0.000000000000E+000  1.939464629456E-027  1.939464575645E-027  5.381067294914E-035  1.636749108086E-001
 2.344000000000E+003  2.695502932895E-008  0.000000000000E+000  1.905901783013E-027  1.905901731639E-027  5.137363845920E-035  1.608424819166E-001
 2.371000000000E+003  2.619688902110E-008  0.000000000000E+000  1.873238577841E-027  1.873238528768E-027  4.907302313376E-035  1.580859753612E-001
 2.399000000000E+003  2.546194850656E-008  0.000000000000E+000  1.839354435035E-027  1.839354388201E-027  4.683354791017E-035  1.552264316734E-001
 2.427000000000E+003  2.473401896524E-008  0.000000000000E+000  1.807600924068E-027  1.807600879358E-027  4.470923553747E-035  1.525466958365E-001
 2.455000000000E+003  2.403554687413E-008  0.000000000000E+000  1.776702397167E-027  1.776702354463E-027  4.270401374848E-035  1.499391136357E-001
 2.483000000000E+003  2.338662611727E-008  0.000000000000E+000  1.745457427996E-027  1.745457387176E-027  4.082036027216E-035  1.473022945373E-001
 2.512000000000E+003  2.271978391408E-008  0.000000000000E+000  1.715138925530E-027  1.715138886563E-027  3.896758577067E-035  1.447436616310E-001
 2.541000000000E+003  2.207992454888E-008  0.000000000000E+000  1.685637457261E-027  1.685637420042E-027  3.721874787308E-035  1.422539797043E-001
 2.570000000000E+003  2.148196794038E-008  0.000000000000E+000  1.656085988746E-027  1.656085953170E-027  3.557598611675E-035  1.397600781578E-001
 2.600000000000E+003  2.086803526084E-008  0.000000000000E+000  1.627469672310E-027  1.627469638348E-027  3.396209450770E-035  1.373450957781E-001
 2.630000000000E+003  2.027915105081E-008  0.000000000000E+000  1.599607875933E-027  1.599607843494E-027  3.243868973811E-035  1.349937886984E-001
 2.661000000000E+003  1.971344193199E-008  0.000000000000E+000  1.570555468418E-027  1.570555437457E-027  3.096105402762E-035  1.325420037952E-001
 2.692000000000E+003  1.915312257520E-008  0.000000000000E+000  1.543312414013E-027  1.543312384453E-027  2.955925183741E-035  1.302429134552E-001
 2.723000000000E+003  1.861218021234E-008  0.000000000000E+000  1.517065682258E-027  1.517065654022E-027  2.823589987214E-035  1.280279045727E-001
 2.754000000000E+003  1.810926203519E-008  0.000000000000E+000  1.490535604755E-027  1.490535577762E-027  2.699249983929E-035  1.257889836251E-001
 2.786000000000E+003  1.759474707099E-008  0.000000000000E+000  1.464846802826E-027  1.464846777053E-027  2.577360899348E-035  1.236210594373E-001
 2.818000000000E+003  1.710072010574E-008  0.000000000000E+000  1.439858733989E-027  1.439858709366E-027  2.462262120174E-035  1.215122713722E-001
 2.851000000000E+003  1.661207283177E-008  0.000000000000E+000  1.414768982877E-027  1.414768959374E-027  2.350224538368E-035  1.193949021540E-001
 2.884000000000E+003  1.615783403504E-008  0.000000000000E+000  1.389445447969E-027  1.389445425519E-027  2.245042894903E-035  1.172578034943E-001
 2.917000000000E+003  1.570445178729E-008  0.000000000000E+000  1.365953132663E-027  1.365953111212E-027  2.145154511561E-035  1.152752447525E-001
 2.951000000000E+003  1.525623945459E-008  0.000000000000E+000  1.342389626678E-027  1.342389606198E-027  2.047981758596E-035  1.132866780987E-001
 2.985000000000E+003  1.483986913859E-008  0.000000000000E+000  1.318573630100E-027  1.318573610533E-027  1.956746012029E-035  1.112768033037E-001
 3.020000000000E+003  1.441483164332E-008  0.000000000000E+000  1.295606439433E-027  1.295606420757E-027  1.867594870043E-035  1.093385607674E-001
 3.055000000000E+003  1.400712524121E-008  0.000000000000E+000  1.273254420285E-027  1.273254402451E-027  1.783463412886E-035  1.074522336601E-001
 3.090000000000E+003  1.361585036271E-008  0.000000000000E+000  1.251494846076E-027  1.251494829036E-027  1.704016655387E-035  1.056159040449E-001
 3.126000000000E+003  1.323921859824E-008  0.000000000000E+000  1.229131570042E-027  1.229131553769E-027  1.627274154178E-035  1.037286269425E-001
 3.162000000000E+003  1.286590927944E-008  0.000000000000E+000  1.208168146021E-027  1.208168130477E-027  1.554418176102E-035  1.019594858709E-001
 3.199000000000E+003  1.249775001178E-008  0.000000000000E+000  1.187203750012E-027  1.187203735175E-027  1.483737568070E-035  1.001902627697E-001
 3.236000000000E+003  1.215577293559E-008  0.000000000000E+000  1.166020635327E-027  1.166020621153E-027  1.417388208125E-035  9.840258160155E-002
 3.273000000000E+003  1.181650305302E-008  0.000000000000E+000  1.146168917367E-027  1.146168903823E-027  1.354370851134E-035  9.672725939963E-002
 3.311000000000E+003  1.148215029246E-008  0.000000000000E+000  1.126316406309E-027  1.126316393376E-027  1.293253425410E-035  9.505187026517E-002
 3.350000000000E+003  1.115140561997E-008  0.000000000000E+000  1.106667018236E-027  1.106667005895E-027  1.234089280659E-035  9.339362304384E-002
 3.388000000000E+003  1.085090262726E-008  0.000000000000E+000  1.087397932167E-027  1.087397920368E-027  1.179924907902E-035  9.176747018978E-002
 3.428000000000E+003  1.053971695862E-008  0.000000000000E+000  1.068155610701E-027  1.068155599443E-027  1.125805780455E-035  9.014357604873E-002
 3.467000000000E+003  1.024670553911E-008  0.000000000000E+000  1.050088587223E-027  1.050088576463E-027  1.075994854325E-035  8.861886741940E-002
 3.508000000000E+003  9.958293847799E-009  0.000000000000E+000  1.031124334589E-027  1.031124324321E-027  1.026823911745E-035  8.701844000406E-002
 3.548000000000E+003  9.681380728228E-009  0.000000000000E+000  1.013587955495E-027  1.013587945682E-027  9.812930898696E-036  8.553851340701E-002
 3.589000000000E+003  9.407030447685E-009  0.000000000000E+000  9.962897978616E-028  9.962897884895E-028  9.372128463202E-036  8.407869074706E-002
 3.631000000000E+003  9.139329295307E-009  0.000000000000E+000  9.788397147669E-028  9.788397058210E-028  8.945938480579E-036  8.260604682243E-002
 3.673000000000E+003  8.888831448494E-009  0.000000000000E+000  9.614158362247E-028  9.614158276789E-028  8.545863320114E-036  8.113561434500E-002
 3.715000000000E+003  8.640411787688E-009  0.000000000000E+000  9.450806024774E-028  9.450805943115E-028  8.165885577961E-036  7.975705456205E-002
 3.758000000000E+003  8.396280650244E-009  0.000000000000E+000  9.288025739844E-028  9.288025661859E-028  7.798487079842E-036  7.838332243254E-002
 3.802000000000E+003  8.156598460863E-009  0.000000000000E+000  9.125966421259E-028  9.125966346822E-028  7.443684366553E-036  7.701567466690E-002
 3.846000000000E+003  7.932300599229E-009  0.000000000000E+000  8.964143546192E-028  8.964143475086E-028  7.110628122304E-036  7.565002228887E-002
 3.890000000000E+003  7.711442773621E-009  0.000000000000E+000  8.810691423885E-028  8.810691355942E-028  6.794314271133E-036  7.435501220054E-002
 3.936000000000E+003  7.488319934097E-009  0.000000000000E+000  8.656418500377E-028  8.656418435555E-028  6.482203121426E-036  7.305307522259E-002
 3.981000000000E+003  7.278941324064E-009  0.000000000000E+000  8.509519668453E-028  8.509519606512E-028  6.194029436264E-036  7.181336953044E-002
 4.027000000000E+003  7.079993730190E-009  0.000000000000E+000  8.357785849395E-028  8.357785790222E-028  5.917307141198E-036  7.053286050955E-002
 4.074000000000E+003  6.878422819007E-009  0.000000000000E+000  8.212524373690E-028  8.212524317201E-028  5.648921505364E-036  6.930697275996E-002
 4.121000000000E+003  6.685041537956E-009  0.000000000000E+000  8.071124867231E-028  8.071124813275E-028  5.395580499547E-036  6.811367686355E-002
 4.169000000000E+003  6.494067556659E-009  0.000000000000E+000  7.932375673334E-028  7.932375621820E-028  5.151338350743E-036  6.694274743172E-002
 4.217000000000E+003  6.316666243376E-009  0.000000000000E+000  7.792090346453E-028  7.792090297233E-028  4.922003405677E-036  6.575885429555E-002
 4.266000000000E+003  6.138419232603E-009  0.000000000000E+000  7.656237357881E-028  7.656237310883E-028  4.699719464699E-036  6.461236646055E-002
 4.315000000000E+003  5.966031837294E-009  0.000000000000E+000  7.525678030147E-028  7.525677985249E-028  4.489843472508E-036  6.351055278234E-002
 4.365000000000E+003  5.797228641846E-009  0.000000000000E+000  7.395985508636E-028  7.395985465760E-028  4.287621902534E-036  6.241605423741E-002
 4.416000000000E+003  5.637228045029E-009  0.000000000000E+000  7.262400268501E-028  7.262400227561E-028  4.093980646782E-036  6.128870433775E-002
 4.467000000000E+003  5.477335900067E-009  0.000000000000E+000  7.138845469439E-028  7.138845430337E-028  3.910185457478E-036  6.024600313714E-002
 4.519000000000E+003  5.322198385463E-009  0.000000000000E+000  7.014549849517E-028  7.014549812184E-028  3.733282588385E-036  5.919705001521E-002
 4.571000000000E+003  5.172119657101E-009  0.000000000000E+000  6.895184948643E-028  6.895184912980E-028  3.566272161222E-036  5.818970811908E-002
 4.624000000000E+003  5.031117982939E-009  0.000000000000E+000  6.770676684688E-028  6.770676650624E-028  3.406407322499E-036  5.713896045439E-002
 4.677000000000E+003  4.890138604207E-009  0.000000000000E+000  6.655434521637E-028  6.655434489091E-028  3.254599728203E-036  5.616641108447E-002
 4.732000000000E+003  4.749712726096E-009  0.000000000000E+000  6.539128687435E-028  6.539128656376E-028  3.105898274429E-036  5.518488520175E-002
 4.786000000000E+003  4.617524389946E-009  0.000000000000E+000  6.427844384013E-028  6.427844354332E-028  2.968072821795E-036  5.424573692133E-002
 4.842000000000E+003  4.488956280350E-009  0.000000000000E+000  6.312906076472E-028  6.312906048133E-028  2.833835937924E-036  5.327575184134E-002
 4.898000000000E+003  4.362626420543E-009  0.000000000000E+000  6.203686758207E-028  6.203686731142E-028  2.706436775613E-036  5.235403034193E-002
 4.954000000000E+003  4.240333187157E-009  0.000000000000E+000  6.098853819678E-028  6.098853793816E-028  2.586117225520E-036  5.146932629103E-002
 5.012000000000E+003  4.119806596304E-009  0.000000000000E+000  5.991703582774E-028  5.991703558089E-028  2.468465994341E-036  5.056506614129E-002
 5.070000000000E+003  4.003300248004E-009  0.000000000000E+000  5.888750989799E-028  5.888750966224E-028  2.357443829790E-036  4.969623066460E-002
 5.129000000000E+003  3.892980453944E-009  0.000000000000E+000  5.783170750678E-028  5.783170728164E-028  2.251377069421E-036  4.880522000813E-002
 5.188000000000E+003  3.783716613320E-009  0.000000000000E+000  5.684074988427E-028  5.684074966920E-028  2.150692896507E-036  4.796893302012E-002
 5.248000000000E+003  3.677078784973E-009  0.000000000000E+000  5.585978475442E-028  5.585978454902E-028  2.054008294536E-036  4.714107887641E-002
 5.309000000000E+003  3.572144452954E-009  0.000000000000E+000  5.490309645727E-028  5.490309626115E-028  1.961217914598E-036  4.633371238900E-002
 5.370000000000E+003  3.475509667377E-009  0.000000000000E+000  5.392243681969E-028  5.392243663228E-028  1.874079504554E-036  4.550611605492E-002
 5.432000000000E+003  3.377197873066E-009  0.000000000000E+000  5.300158737516E-028  5.300158719616E-028  1.789968481525E-036  4.472899462039E-002
 5.495000000000E+003  3.281338807227E-009  0.000000000000E+000  5.209089576767E-028  5.209089559675E-028  1.709278777857E-036  4.396044556731E-002
 5.559000000000E+003  3.188748646073E-009  0.000000000000E+000  5.117713153816E-028  5.117713137497E-028  1.631910089022E-036  4.318930347285E-002
 5.623000000000E+003  3.099096980413E-009  0.000000000000E+000  5.030078188137E-028  5.030078172548E-028  1.558870012410E-036  4.244973621023E-002
 5.688000000000E+003  3.014476739135E-009  0.000000000000E+000  4.940152119650E-028  4.940152104758E-028  1.489197365247E-036  4.169083391782E-002
 5.754000000000E+003  2.928506820150E-009  0.000000000000E+000  4.855838781229E-028  4.855838767008E-028  1.422035698838E-036  4.097929846575E-002
 5.821000000000E+003  2.845539728346E-009  0.000000000000E+000  4.771272046986E-028  4.771272033409E-028  1.357684416444E-036  4.026562456043E-002
 5.888000000000E+003  2.765933182818E-009  0.000000000000E+000  4.688950502103E-028  4.688950489134E-028  1.296932378636E-036  3.957089821244E-002
 5.957000000000E+003  2.689001667996E-009  0.000000000000E+000  4.604636919499E-028  4.604636907117E-028  1.238187635705E-036  3.885936069896E-002
 6.026000000000E+003  2.612773767750E-009  0.000000000000E+000  4.525617987309E-028  4.525617975484E-028  1.182441596010E-036  3.819250569425E-002
 6.095000000000E+003  2.539633423498E-009  0.000000000000E+000  4.448664874623E-028  4.448664863325E-028  1.129797800553E-036  3.754308451238E-002
 6.166000000000E+003  2.467412654660E-009  0.000000000000E+000  4.371586081931E-028  4.371586071145E-028  1.078650681949E-036  3.689260269416E-002
 6.237000000000E+003  2.398108247987E-009  0.000000000000E+000  4.296576142270E-028  4.296576131967E-028  1.030365468488E-036  3.625958029927E-002
 6.310000000000E+003  2.331871930891E-009  0.000000000000E+000  4.218717041608E-028  4.218717031771E-028  9.837507853697E-037  3.560251332109E-002
 6.383000000000E+003  2.266237645570E-009  0.000000000000E+000  4.145692392362E-028  4.145692382967E-028  9.395124166525E-037  3.498624514945E-002
 6.456000000000E+003  2.202617829850E-009  0.000000000000E+000  4.075754978294E-028  4.075754969317E-028  8.977330585290E-037  3.439603071166E-002
 6.531000000000E+003  2.140511803820E-009  0.000000000000E+000  4.004647411386E-028  4.004647402814E-028  8.571995054210E-037  3.379594114306E-002
 6.607000000000E+003  2.079533522016E-009  0.000000000000E+000  3.935653878010E-028  3.935653869826E-028  8.184324170375E-037  3.321369228427E-002
 6.683000000000E+003  2.022877237461E-009  0.000000000000E+000  3.865920588429E-028  3.865920580608E-028  7.820282760166E-037  3.262520048935E-002
 6.761000000000E+003  1.965215262125E-009  0.000000000000E+000  3.798864688226E-028  3.798864680760E-028  7.465586864048E-037  3.205930366584E-002
 6.839000000000E+003  1.909889413256E-009  0.000000000000E+000  3.733606073784E-028  3.733606066653E-028  7.130774713588E-037  3.150857446059E-002
 6.918000000000E+003  1.856122873547E-009  0.000000000000E+000  3.669252465639E-028  3.669252458829E-028  6.810583430292E-037  3.096548276646E-002
 6.998000000000E+003  1.803876626325E-009  0.000000000000E+000  3.605814573080E-028  3.605814566575E-028  6.504444627241E-037  3.043011896107E-002
 7.080000000000E+003  1.754104261819E-009  0.000000000000E+000  3.540183058455E-028  3.540183052245E-028  6.209850190454E-037  2.987624278364E-002
 7.161000000000E+003  1.704851826178E-009  0.000000000000E+000  3.480424783913E-028  3.480424777980E-028  5.933608548729E-037  2.937193193758E-002
 7.244000000000E+003  1.656927133171E-009  0.000000000000E+000  3.419761631886E-028  3.419761626220E-028  5.666295836849E-037  2.885998466727E-002
 7.328000000000E+003  1.609901240172E-009  0.000000000000E+000  3.361022345797E-028  3.361022340386E-028  5.410914042746E-037  2.836427324822E-002
 7.413000000000E+003  1.564246553340E-009  0.000000000000E+000  3.303168639793E-028  3.303168634626E-028  5.166970159896E-037  2.787603539902E-002
 7.499000000000E+003  1.521324408575E-009  0.000000000000E+000  3.244029907650E-028  3.244029902715E-028  4.935221880657E-037  2.737695298254E-002
 7.586000000000E+003  1.478273591471E-009  0.000000000000E+000  3.187963973915E-028  3.187963969202E-028  4.712682953198E-037  2.690380246551E-002
 7.674000000000E+003  1.436496331005E-009  0.000000000000E+000  3.132761584945E-028  3.132761580445E-028  4.500200522687E-037  2.643793955832E-002
 7.762000000000E+003  1.396401635273E-009  0.000000000000E+000  3.079027955762E-028  3.079027951463E-028  4.299559672477E-037  2.598447177955E-002
 7.852000000000E+003  1.357052828187E-009  0.000000000000E+000  3.025520532926E-028  3.025520528820E-028  4.105791195946E-037  2.553291299685E-002
 7.943000000000E+003  1.318455957175E-009  0.000000000000E+000  2.973812923726E-028  2.973812919805E-028  3.920841364811E-037  2.509654316572E-002
 8.035000000000E+003  1.282604140475E-009  0.000000000000E+000  2.920044238479E-028  2.920044234733E-028  3.745260830644E-037  2.464277954230E-002
 8.128000000000E+003  1.246255270821E-009  0.000000000000E+000  2.870009490936E-028  2.870009487359E-028  3.576764455385E-037  2.422052729203E-002
 8.222000000000E+003  1.211005532618E-009  0.000000000000E+000  2.820776006121E-028  2.820776002705E-028  3.415975349689E-037  2.380503704226E-002
 8.318000000000E+003  1.176477499386E-009  0.000000000000E+000  2.771819024801E-028  2.771819021540E-028  3.260982715050E-037  2.339188025527E-002
 8.414000000000E+003  1.143345271820E-009  0.000000000000E+000  2.724182777322E-028  2.724182774207E-028  3.114681498024E-037  2.298986937910E-002
 8.511000000000E+003  1.112229557195E-009  0.000000000000E+000  2.675558681111E-028  2.675558678135E-028  2.975835447140E-037  2.257952186939E-002
 8.610000000000E+003  1.080741492894E-009  0.000000000000E+000  2.629037509522E-028  2.629037506681E-028  2.841309922915E-037  2.218692131953E-002
 8.710000000000E+003  1.050222132438E-009  0.000000000000E+000  2.583312656484E-028  2.583312653771E-028  2.713052126847E-037  2.180104104536E-002
 8.810000000000E+003  1.020609230297E-009  0.000000000000E+000  2.539611102259E-028  2.539611099667E-028  2.591950532330E-037  2.143223575447E-002
 8.912000000000E+003  9.919465606410E-010  0.000000000000E+000  2.495404223064E-028  2.495404220589E-028  2.475307636478E-037  2.105916593504E-002
 9.016000000000E+003  9.635896974311E-010  0.000000000000E+000  2.452345671069E-028  2.452345668706E-028  2.363055023181E-037  2.069578705575E-002
 9.120000000000E+003  9.372336279241E-010  0.000000000000E+000  2.408852590548E-028  2.408852588290E-028  2.257657652574E-037  2.032874111188E-002
 9.226000000000E+003  9.109072905040E-010  0.000000000000E+000  2.366513687835E-028  2.366513685680E-028  2.155674571327E-037  1.997143548250E-002
 9.332000000000E+003  8.853495327482E-010  0.000000000000E+000  2.326070545547E-028  2.326070543488E-028  2.059385470640E-037  1.963012851695E-002
 9.441000000000E+003  8.601264374606E-010  0.000000000000E+000  2.285608516713E-028  2.285608514747E-028  1.965912310910E-037  1.928866216441E-002
 9.550000000000E+003  8.359341929036E-010  0.000000000000E+000  2.246208888128E-028  2.246208886250E-028  1.877682813990E-037  1.895616159899E-002
 9.660000000000E+003  8.122218769753E-010  0.000000000000E+000  2.208270028367E-028  2.208270026573E-028  1.793605227309E-037  1.863598872490E-002
 9.772000000000E+003  7.900520588899E-010  0.000000000000E+000  2.168471599244E-028  2.168471597531E-028  1.713205451627E-037  1.830012260981E-002
 9.886000000000E+003  7.676783506244E-010  0.000000000000E+000  2.130498112393E-028  2.130498110758E-028  1.635537276931E-037  1.797965751141E-002
 1.000000000000E+004  7.459570161132E-010  0.000000000000E+000  2.094250667557E-028  2.094250665994E-028  1.562220978964E-037  1.767375879260E-002
 1.012000000000E+004  7.242186225760E-010  0.000000000000E+000  2.056602218002E-028  2.056602216513E-028  1.489429625508E-037  1.735603674249E-002
 1.023000000000E+004  7.048883660961E-010  0.000000000000E+000  2.023572811346E-028  2.023572809920E-028  1.426392932666E-037  1.707729562774E-002
 1.035000000000E+004  6.846162724607E-010  0.000000000000E+000  1.988532461922E-028  1.988532460561E-028  1.361381681748E-037  1.678158380460E-002
 1.047000000000E+004  6.657839195480E-010  0.000000000000E+000  1.953121050202E-028  1.953121048901E-028  1.300356588155E-037  1.648274051982E-002
 1.059000000000E+004  6.473315188009E-010  0.000000000000E+000  1.919279420153E-028  1.919279418911E-028  1.242410062051E-037  1.619714490545E-002
 1.072000000000E+004  6.277622528969E-010  0.000000000000E+000  1.884838287281E-028  1.884838286098E-028  1.183230329570E-037  1.590648997871E-002
 1.084000000000E+004  6.105717047276E-010  0.000000000000E+000  1.853507200663E-028  1.853507199532E-028  1.131699051234E-037  1.564208129275E-002
 1.096000000000E+004  5.940773330255E-010  0.000000000000E+000  1.822898626103E-028  1.822898625020E-028  1.082942754171E-037  1.538377001622E-002
 1.109000000000E+004  5.769227445028E-010  0.000000000000E+000  1.790620361744E-028  1.790620360711E-028  1.033049613460E-037  1.511136792658E-002
 1.122000000000E+004  5.607775790839E-010  0.000000000000E+000  1.758705403754E-028  1.758705402768E-028  9.862425586391E-038  1.484203184484E-002
 1.135000000000E+004  5.449921092895E-010  0.000000000000E+000  1.728148846028E-028  1.728148845086E-028  9.418274847630E-038  1.458415954771E-002
 1.148000000000E+004  5.296450286042E-010  0.000000000000E+000  1.699033939863E-028  1.699033938963E-028  8.998848796780E-038  1.433845360790E-002
 1.161000000000E+004  5.151080356241E-010  0.000000000000E+000  1.670040196238E-028  1.670040195378E-028  8.602511248976E-038  1.409377018059E-002
 1.175000000000E+004  4.998856027423E-010  0.000000000000E+000  1.640331821815E-028  1.640331820995E-028  8.199782614452E-038  1.384305585517E-002
 1.188000000000E+004  4.863232497563E-010  0.000000000000E+000  1.613476625035E-028  1.613476624250E-028  7.846711956927E-038  1.361642001005E-002
 1.202000000000E+004  4.727342498989E-010  0.000000000000E+000  1.584259409989E-028  1.584259409240E-028  7.489336838266E-038  1.336985066710E-002
 1.216000000000E+004  4.592752618952E-010  0.000000000000E+000  1.556874307453E-028  1.556874306738E-028  7.150338552932E-038  1.313874285179E-002
 1.230000000000E+004  4.463631651813E-010  0.000000000000E+000  1.530212715816E-028  1.530212715133E-028  6.830305912325E-038  1.291374087533E-002
 1.244000000000E+004  4.339691559468E-010  0.000000000000E+000  1.504249566395E-028  1.504249565742E-028  6.527979146619E-038  1.269463317859E-002
 1.259000000000E+004  4.210650068946E-010  0.000000000000E+000  1.477773571111E-028  1.477773570488E-028  6.222387389084E-038  1.247119748318E-002
 1.274000000000E+004  4.088659752387E-010  0.000000000000E+000  1.451446263161E-028  1.451446262568E-028  5.934469918938E-038  1.224901658697E-002
 1.288000000000E+004  3.982742608447E-010  0.000000000000E+000  1.426639566175E-028  1.426639565607E-028  5.681938187102E-038  1.203966840070E-002
 1.303000000000E+004  3.868841139278E-010  0.000000000000E+000  1.402195246793E-028  1.402195246250E-028  5.424870656091E-038  1.183337838434E-002
 1.318000000000E+004  3.759314819811E-010  0.000000000000E+000  1.378467183758E-028  1.378467183240E-028  5.182092112524E-038  1.163313298436E-002
 1.334000000000E+004  3.648652603624E-010  0.000000000000E+000  1.353351502157E-028  1.353351501663E-028  4.937909481964E-038  1.142117722123E-002
 1.349000000000E+004  3.548159032487E-010  0.000000000000E+000  1.330807689954E-028  1.330807689482E-028  4.721917325613E-038  1.123092592742E-002
 1.365000000000E+004  3.445121357794E-010  0.000000000000E+000  1.307466991031E-028  1.307466990580E-028  4.504382455411E-038  1.103394956297E-002
 1.380000000000E+004  3.352288806100E-010  0.000000000000E+000  1.286198053819E-028  1.286198053388E-028  4.311707338245E-038  1.085445716896E-002
 1.396000000000E+004  3.260231064412E-010  0.000000000000E+000  1.263232181519E-028  1.263232181108E-028  4.118428799755E-038  1.066064403391E-002
 1.412000000000E+004  3.168940588807E-010  0.000000000000E+000  1.241709764606E-028  1.241709764212E-028  3.934904472577E-038  1.047901247900E-002
 1.429000000000E+004  3.075934867476E-010  0.000000000000E+000  1.219457384233E-028  1.219457383858E-028  3.750971487564E-038  1.029122063091E-002
 1.445000000000E+004  2.990853893268E-010  0.000000000000E+000  1.199515451834E-028  1.199515451476E-028  3.587575459154E-038  1.012292706963E-002
 1.462000000000E+004  2.905118052662E-010  0.000000000000E+000  1.178470932238E-028  1.178470931896E-028  3.423597179783E-038  9.945328576289E-003
 1.479000000000E+004  2.823015169305E-010  0.000000000000E+000  1.157939743757E-028  1.157939743430E-028  3.268881461768E-038  9.772062176731E-003
 1.496000000000E+004  2.745384882085E-010  0.000000000000E+000  1.137743042136E-028  1.137743041823E-028  3.123542547577E-038  9.601618572054E-003
 1.514000000000E+004  2.664345726094E-010  0.000000000000E+000  1.117596775169E-028  1.117596774871E-028  2.977664191417E-038  9.431600594516E-003
 1.531000000000E+004  2.591802047177E-010  0.000000000000E+000  1.098692984815E-028  1.098692984530E-028  2.847594727262E-038  9.272068101021E-003
 1.549000000000E+004  2.517006458274E-010  0.000000000000E+000  1.079664135468E-028  1.079664135197E-028  2.717521601740E-038  9.111480212150E-003
 1.567000000000E+004  2.445251742758E-010  0.000000000000E+000  1.061155125175E-028  1.061155124916E-028  2.594791419170E-038  8.955279338726E-003
 1.585000000000E+004  2.376377128518E-010  0.000000000000E+000  1.043147665921E-028  1.043147665673E-028  2.478912254962E-038  8.803311144907E-003
 1.603000000000E+004  2.310291075498E-010  0.000000000000E+000  1.025598060752E-028  1.025598060515E-028  2.369430046803E-038  8.655206864217E-003
 1.622000000000E+004  2.245389908575E-010  0.000000000000E+000  1.006909203055E-028  1.006909202828E-028  2.260903763390E-038  8.497488226125E-003
 1.641000000000E+004  2.181176887829E-010  0.000000000000E+000  9.893729596099E-029  9.893729593941E-029  2.157997432944E-038  8.349496707431E-003
 1.660000000000E+004  2.119436631607E-010  0.000000000000E+000  9.723714508342E-029  9.723714506281E-029  2.060879672427E-038  8.206017910972E-003
 1.679000000000E+004  2.059447198625E-010  0.000000000000E+000  9.561616764316E-029  9.561616762347E-029  1.969164485959E-038  8.069220703568E-003
 1.698000000000E+004  2.002685327352E-010  0.000000000000E+000  9.399853457342E-029  9.399853455460E-029  1.882494859828E-038  7.932705733615E-003
 1.718000000000E+004  1.945299344164E-010  0.000000000000E+000  9.234326837716E-029  9.234326835920E-029  1.796352994121E-038  7.793014836293E-003
 1.738000000000E+004  1.889572944145E-010  0.000000000000E+000  9.076708325809E-029  9.076708324094E-029  1.715110247435E-038  7.659997733590E-003
 1.758000000000E+004  1.837498048313E-010  0.000000000000E+000  8.918446149146E-029  8.918446147507E-029  1.638762739304E-038  7.526437430594E-003
 1.778000000000E+004  1.786795851749E-010  0.000000000000E+000  8.765755661309E-029  8.765755659743E-029  1.566261585308E-038  7.397579176208E-003
 1.799000000000E+004  1.734944857448E-010  0.000000000000E+000  8.613522666145E-029  8.613522664650E-029  1.494398685414E-038  7.269107008132E-003
 1.820000000000E+004  1.685199273588E-010  0.000000000000E+000  8.465528662894E-029  8.465528661467E-029  1.426610275325E-038  7.144212201723E-003
 1.841000000000E+004  1.637451660664E-010  0.000000000000E+000  8.321603730286E-029  8.321603728923E-029  1.362622384755E-038  7.022751357359E-003
 1.862000000000E+004  1.591601806534E-010  0.000000000000E+000  8.181583163567E-029  8.181583162265E-029  1.302182254344E-038  6.904585477729E-003
 1.884000000000E+004  1.546999855585E-010  0.000000000000E+000  8.033115272140E-029  8.033115270897E-029  1.242722816590E-038  6.779290748541E-003
 1.906000000000E+004  1.502823699401E-010  0.000000000000E+000  7.894016964005E-029  7.894016962819E-029  1.186331577698E-038  6.661903179548E-003
 1.928000000000E+004  1.460328551667E-010  0.000000000000E+000  7.759232689641E-029  7.759232688508E-029  1.133102903571E-038  6.548156301398E-003
 1.950000000000E+004  1.419654390076E-010  0.000000000000E+000  7.627394109855E-029  7.627394108772E-029  1.082826353290E-038  6.436895347986E-003
 1.972000000000E+004  1.380556890448E-010  0.000000000000E+000  7.499203303426E-029  7.499203302391E-029  1.035307679341E-038  6.328712816248E-003
 1.995000000000E+004  1.340708470261E-010  0.000000000000E+000  7.372095122337E-029  7.372095121349E-029  9.883830374089E-039  6.221443931545E-003
 2.018000000000E+004  1.304240658595E-010  0.000000000000E+000  7.240387810260E-029  7.240387809316E-029  9.443208166139E-039  6.110293757314E-003
 2.042000000000E+004  1.265925618402E-010  0.000000000000E+000  7.114966902645E-029  7.114966901745E-029  9.007018876141E-039  6.004448793100E-003
 2.065000000000E+004  1.231285870480E-010  0.000000000000E+000  6.994629422169E-029  6.994629421308E-029  8.612388376762E-039  5.902893824658E-003
 2.089000000000E+004  1.196008355831E-010  0.000000000000E+000  6.875680479594E-029  6.875680478772E-029  8.223371305621E-039  5.802510668374E-003
 2.114000000000E+004  1.160724633370E-010  0.000000000000E+000  6.755450645572E-029  6.755450644788E-029  7.841217973832E-039  5.701046544713E-003
 2.138000000000E+004  1.128282855699E-010  0.000000000000E+000  6.642850556367E-029  6.642850555617E-029  7.495014395717E-039  5.606021300203E-003
 2.163000000000E+004  1.096845991067E-010  0.000000000000E+000  6.524373176625E-029  6.524373175909E-029  7.156232563005E-039  5.506036104288E-003
 2.188000000000E+004  1.066209558531E-010  0.000000000000E+000  6.410301927184E-029  6.410301926500E-029  6.834725187834E-039  5.409769321140E-003
 2.213000000000E+004  1.036299766829E-010  0.000000000000E+000  6.302300687938E-029  6.302300687285E-029  6.531072733396E-039  5.318625128986E-003
 2.239000000000E+004  1.005946532235E-010  0.000000000000E+000  6.196104446143E-029  6.196104445520E-029  6.232949780961E-039  5.229004206710E-003
 2.265000000000E+004  9.772932750936E-011  0.000000000000E+000  6.089927163369E-029  6.089927162774E-029  5.951644862571E-039  5.139399284292E-003
 2.291000000000E+004  9.506996376498E-011  0.000000000000E+000  5.982370696184E-029  5.982370695615E-029  5.687437653149E-039  5.048630443292E-003
 2.317000000000E+004  9.243248987269E-011  0.000000000000E+000  5.881499408712E-029  5.881499408169E-029  5.436416345320E-039  4.963503345931E-003
 2.344000000000E+004  8.975346200038E-011  0.000000000000E+000  5.782758417479E-029  5.782758416960E-029  5.190225878806E-039  4.880174043957E-003
 2.371000000000E+004  8.723162447638E-011  0.000000000000E+000  5.683506234260E-029  5.683506233765E-029  4.957814815362E-039  4.796413337852E-003
 2.399000000000E+004  8.472178398523E-011  0.000000000000E+000  5.583419640375E-029  5.583419639902E-029  4.730372726708E-039  4.711948457548E-003
 2.427000000000E+004  8.234421500411E-011  0.000000000000E+000  5.485437292315E-029  5.485437291863E-029  4.516940277899E-039  4.629259388217E-003
 2.455000000000E+004  7.999014290832E-011  0.000000000000E+000  5.393626430858E-029  5.393626430427E-029  4.314369489985E-039  4.551778547651E-003
 2.483000000000E+004  7.777471102038E-011  0.000000000000E+000  5.301244883564E-029  5.301244883152E-029  4.123027888674E-039  4.473816095021E-003
 2.512000000000E+004  7.552885230751E-011  0.000000000000E+000  5.211126084869E-029  5.211126084475E-029  3.935903724199E-039  4.397763216713E-003
 2.541000000000E+004  7.337600957150E-011  0.000000000000E+000  5.123329535185E-029  5.123329534809E-029  3.759294770117E-039  4.323670126195E-003
 2.570000000000E+004  7.137180096823E-011  0.000000000000E+000  5.034667097763E-029  5.034667097404E-029  3.593332580429E-039  4.248846297409E-003
 2.600000000000E+004  6.931795241012E-011  0.000000000000E+000  4.948694475728E-029  4.948694475385E-029  3.430333681608E-039  4.176292452304E-003
 2.630000000000E+004  6.734780456857E-011  0.000000000000E+000  4.865003701057E-029  4.865003700729E-029  3.276473184841E-039  4.105664299311E-003
 2.661000000000E+004  6.545426507502E-011  0.000000000000E+000  4.777702632431E-029  4.777702632118E-029  3.127210145528E-039  4.031989354185E-003
 2.692000000000E+004  6.358019892181E-011  0.000000000000E+000  4.695850877026E-029  4.695850876727E-029  2.985631328684E-039  3.962913182692E-003
 2.723000000000E+004  6.178220190256E-011  0.000000000000E+000  4.616175605250E-029  4.616175604965E-029  2.851974932612E-039  3.895673784958E-003
 2.754000000000E+004  6.007407639238E-011  0.000000000000E+000  4.538352237440E-029  4.538352237167E-029  2.726373190075E-039  3.829997242354E-003
 2.786000000000E+004  5.836464659622E-011  0.000000000000E+000  4.460347778055E-029  4.460347777794E-029  2.603266217624E-039  3.764167873306E-003
 2.818000000000E+004  5.669096499474E-011  0.000000000000E+000  4.386974269964E-029  4.386974269715E-029  2.487018047714E-039  3.702246647514E-003
 2.851000000000E+004  5.511596209700E-011  0.000000000000E+000  4.308076698502E-029  4.308076698264E-029  2.374437920256E-039  3.635663565087E-003
 2.884000000000E+004  5.352520631723E-011  0.000000000000E+000  4.236529149408E-029  4.236529149181E-029  2.267610967910E-039  3.575283298998E-003
 2.917000000000E+004  5.204547139709E-011  0.000000000000E+000  4.164162261903E-029  4.164162261686E-029  2.167257878947E-039  3.514211578458E-003
 2.951000000000E+004  5.058063702204E-011  0.000000000000E+000  4.091666238957E-029  4.091666238750E-029  2.069590848480E-039  3.453030878191E-003
 2.985000000000E+004  4.910282399009E-011  0.000000000000E+000  4.026048482789E-029  4.026048482591E-029  1.976903500259E-039  3.397654871217E-003
 3.020000000000E+004  4.817953512132E-011  0.000000000000E+000  3.918189237044E-029  3.918189236855E-029  1.887765359581E-039  3.306630509919E-003
 3.055000000000E+004  4.980804817450E-011  0.000000000000E+000  3.620257686641E-029  3.620257686461E-029  1.803179692603E-039  3.055200705270E-003
 3.090000000000E+004  5.483011210898E-011  0.000000000000E+000  3.143662134242E-029  3.143662134069E-029  1.723673472532E-039  2.652993129483E-003
 3.126000000000E+004  6.247370951227E-011  0.000000000000E+000  2.634125346587E-029  2.634125346422E-029  1.645635817216E-039  2.222985851603E-003
 3.162000000000E+004  7.160273997393E-011  0.000000000000E+000  2.195386692826E-029  2.195386692669E-029  1.571957025086E-039  1.852726394827E-003
 3.199000000000E+004  8.137241167269E-011  0.000000000000E+000  1.843514829071E-029  1.843514828921E-029  1.500112475959E-039  1.555775387636E-003
 3.236000000000E+004  9.089966129290E-011  0.000000000000E+000  1.575713755273E-029  1.575713755130E-029  1.432318466489E-039  1.329773235198E-003
 3.273000000000E+004  9.987125624725E-011  0.000000000000E+000  1.370404173893E-029  1.370404173756E-029  1.368639864132E-039  1.156508779423E-003
 3.311000000000E+004  1.081246725123E-010  0.000000000000E+000  1.208383724213E-029  1.208383724082E-029  1.306560944497E-039  1.019776802038E-003
 3.350000000000E+004  1.155709114283E-010  0.000000000000E+000  1.078528908593E-029  1.078528908468E-029  1.246465689678E-039  9.101899829201E-004
 3.388000000000E+004  1.219678644525E-010  0.000000000000E+000  9.768781591693E-030  9.768781590501E-030  1.191477429042E-039  8.244050835536E-004
 3.428000000000E+004  1.276289835150E-010  0.000000000000E+000  8.905125509263E-030  8.905125508126E-030  1.136552116820E-039  7.515195902958E-004
 3.467000000000E+004  1.323761336524E-010  0.000000000000E+000  8.205923120514E-030  8.205923119427E-030  1.086268375743E-039  6.925126406229E-004
 3.508000000000E+004  1.363670514768E-010  0.000000000000E+000  7.597975509228E-030  7.597975508192E-030  1.036113517387E-039  6.412068460780E-004
 3.548000000000E+004  1.396422132397E-010  0.000000000000E+000  7.090787048621E-030  7.090787047631E-030  9.901731970811E-040  5.984042978448E-004
 3.589000000000E+004  1.421626901860E-010  0.000000000000E+000  6.650575796828E-030  6.650575795883E-030  9.454637465632E-040  5.612540769686E-004
 3.631000000000E+004  1.442741813689E-010  0.000000000000E+000  6.255255179062E-030  6.255255178159E-030  9.024718202127E-040  5.278922575989E-004
 3.673000000000E+004  1.458131122358E-010  0.000000000000E+000  5.910910416565E-030  5.910910415703E-030  8.618882439864E-040  4.988323825230E-004
 3.715000000000E+004  1.467263718386E-010  0.000000000000E+000  5.611619540162E-030  5.611619539338E-030  8.233725752667E-040  4.735746860896E-004
 3.758000000000E+004  1.473914438122E-010  0.000000000000E+000  5.334973581664E-030  5.334973580878E-030  7.863294589017E-040  4.502280350885E-004
 3.802000000000E+004  1.476690454185E-010  0.000000000000E+000  5.082691084352E-030  5.082691083601E-030  7.505561405832E-040  4.289374604841E-004
 3.846000000000E+004  1.474424895245E-010  0.000000000000E+000  4.860319495926E-030  4.860319495209E-030  7.166176063636E-040  4.101711213855E-004
 3.890000000000E+004  1.470363770530E-010  0.000000000000E+000  4.656947669451E-030  4.656947668766E-030  6.847407134416E-040  3.930082064387E-004
 3.936000000000E+004  1.463315315181E-010  0.000000000000E+000  4.464432605483E-030  4.464432604830E-030  6.532872605199E-040  3.767615132458E-004
 3.981000000000E+004  1.454675726030E-010  0.000000000000E+000  4.291307342275E-030  4.291307341651E-030  6.242460623742E-040  3.621511602827E-004
