# model = dl07_MW
# Size-integrated extinction, albedo and scattering asymmetry per H
# for the Draine & Li (2007) / Weingartner & Draine (2001) Milky-Way
# dust model.
#
# Model definition: WD01 R_V = 3.1, b_C = 6e-5 size distribution
#   (Draine's "MW 3.1_60"), with the Draine (2003a) x0.93 abundance
#   reduction applied, heated by the MMP83 field at U = 1 for the
#   PAH ionization fraction (WD01b charging).
# Size grid: Draine's 84-point log grid, 3.548 A - 5.012 um.
# Optics:
#   silicate     : Mie on the D03 astrosilicate dielectric function
#     ../data/dielectric/index_silD03
#   carbonaceous : absorption from the DL07 PAH <-> graphite xi-blend
#     (neutral and cation mixed by the ionization fraction, a > 100 A
#     fully ionized); scattering and <cos> from random-orientation D03
#     graphite (1/3 parallel + 2/3 perpendicular), which is the
#     standard DL07 treatment -- PAH scattering is Rayleigh-negligible.
#     ../data/dielectric/index_CpaD03, index_CpeD03
#
# Wavelength range:  9.120000E-02 -  3.981000E+04 um, 1129 points.
#   The grid is the T-matrix Q table's own wavelength grid (no EUV extension was requested).
#
# How far to trust the EUV band of THIS model:
#   the optics are Mie on the D03 dielectric functions at EVERY
#   wavelength, so nothing changes character across the band, and the
#   result can be checked directly against Draine's own published
#   table kext_albedo_WD_MW_3.1_60_D03.all (2003 vintage), which
#   spans 1e-4 - 1e4 um.  Running this program prints that comparison
#   decade by decade.
#
# Column order follows Draine's kext_albedo tables and MoCHII's
#   par%ion_dust_kext reader: the first four columns are
#   lambda, albedo, <cos>, C_ext/H, and a reader may stop there.
#   Draine's 5th column is K_abs [cm^2/g]; ours is C_abs/H [cm^2/H],
#   so no dust-mass normalization is folded into the first six
#   columns; K_abs is a separate trailing column instead.
#   A host running the Zubko model through an ionizing band needs
#   exactly such a file: that model has no EUV extension of its own
#   (its optics table IS the model definition), so the host reads the
#   ionizing-band optics from a curve file instead.
#
# SCOPE: these are size-integrated TRANSPORT optics, not a dust model.
#   There is no size-resolved Cabs(lambda, a), no grain enthalpy and no
#   Planck integral here, so stochastic heating and thermal emission
#   cannot be computed from this file.  A host that needs emission must
#   build the model (build_astrodust / build_dl07 / build_zubko /
#   build_from_files).  The builder reads this very curve back in, and
#   dust_extinction serves it on the model wavelength grid while
#   dust_emission supplies the re-emitted spectrum, so the absorbed
#   power and the emission refer to one and the same grain.
#
# Units: lambda micron; cross sections cm^2 per H nucleon;
#   albedo and <cos> dimensionless.
#
# K_abs [cm^2/g] = C_abs/H / (M_dust/N_H), M_dust/N_H =  1.750186E-26 g/H.
#   The dust mass per H is this model's own size distribution
#   weighted by the solid density of each grain material:
#   M_dust/N_H = sum_pop rho * sum_a (4/3) pi a^3 dn(a).
#   Densities: 3.5 g/cm^3 astrosilicate, 2.2 g/cm^3 graphite (Draine & Li 2007 sec. 2).
#
#             lambda               albedo                <cos>              C_ext/H              C_abs/H              C_sca/H                K_abs
#           (micron)                                                       (cm^2/H)             (cm^2/H)             (cm^2/H)             (cm^2/g)
 9.120000000000E-002  2.501651065358E-001  6.549980818105E-001  2.325385593738E-021  1.743655258944E-021  5.817303347942E-022  9.962685229967E+004
 9.226000000000E-002  2.537804740434E-001  6.525571334385E-001  2.300269195633E-021  1.716505788738E-021  5.837634068952E-022  9.807561890971E+004
 9.332000000000E-002  2.573476779230E-001  6.500464356304E-001  2.276365497530E-021  1.690548122637E-021  5.858173748934E-022  9.659248137239E+004
 9.441000000000E-002  2.606476979891E-001  6.482676255727E-001  2.250240002377E-021  1.663720125835E-021  5.865198765425E-022  9.505961593859E+004
 9.550000000000E-002  2.639331562038E-001  6.464256489121E-001  2.225055593681E-021  1.637789648112E-021  5.872659455690E-022  9.357803185774E+004
 9.661000000000E-002  2.668084392249E-001  6.457104058444E-001  2.197297790391E-021  1.611040196424E-021  5.862575939665E-022  9.204965423910E+004
 9.772000000000E-002  2.697043284161E-001  6.448576842809E-001  2.170631396037E-021  1.585202713130E-021  5.854286829071E-022  9.057338356076E+004
 9.886000000000E-002  2.719570953308E-001  6.455166867040E-001  2.142083295424E-021  1.559528544444E-021  5.825547509801E-022  8.910644415372E+004
 1.000000000000E-001  2.743770540131E-001  6.457101785726E-001  2.115288766751E-021  1.534902066542E-021  5.803867002080E-022  8.769936642780E+004
 1.012000000000E-001  2.781599362292E-001  6.457845837871E-001  2.080080643446E-021  1.501485544314E-021  5.785950991327E-022  8.579005384587E+004
 1.023000000000E-001  2.814638087977E-001  6.455191596092E-001  2.051719965677E-021  1.474235049551E-021  5.774849161256E-022  8.423304823774E+004
 1.035000000000E-001  2.850058967020E-001  6.464447266080E-001  2.017014857417E-021  1.442153729318E-021  5.748611280996E-022  8.240002480260E+004
 1.047000000000E-001  2.888991421835E-001  6.471572937401E-001  1.982653581683E-021  1.409866662688E-021  5.727869189952E-022  8.055524568021E+004
 1.059000000000E-001  2.919729794346E-001  6.489105199354E-001  1.948256194217E-021  1.379418028490E-021  5.688381657276E-022  7.881550867291E+004
 1.072000000000E-001  2.952421935293E-001  6.508740555310E-001  1.911873749573E-021  1.347407949998E-021  5.644657995750E-022  7.698655576171E+004
 1.084000000000E-001  2.978233809024E-001  6.534223044528E-001  1.879141906019E-021  1.319489510373E-021  5.596523956460E-022  7.539138593288E+004
 1.097000000000E-001  3.003533231063E-001  6.564307187528E-001  1.845047971635E-021  1.290881682064E-021  5.541662895712E-022  7.375682665232E+004
 1.109000000000E-001  3.032263261006E-001  6.582479946389E-001  1.815142643103E-021  1.264743608086E-021  5.503990350167E-022  7.226338118928E+004
 1.122000000000E-001  3.055075425124E-001  6.615283460731E-001  1.785862263882E-021  1.240267872378E-021  5.455943915043E-022  7.086491638736E+004
 1.135000000000E-001  3.079331415675E-001  6.647770771421E-001  1.757171075606E-021  1.216079866023E-021  5.410912095829E-022  6.948289151507E+004
 1.148000000000E-001  3.106744694131E-001  6.677619161875E-001  1.728962960144E-021  1.191818309867E-021  5.371446502777E-022  6.809666424373E+004
 1.161000000000E-001  3.135643769793E-001  6.695275999635E-001  1.703020110253E-021  1.169013670398E-021  5.340064398546E-022  6.679368050516E+004
 1.175000000000E-001  3.168434152724E-001  6.712930376474E-001  1.675759939478E-021  1.144806437077E-021  5.309535024007E-022  6.541055706588E+004
 1.189000000000E-001  3.201759272060E-001  6.727847364179E-001  1.649669596403E-021  1.121485103791E-021  5.281844926119E-022  6.407805110474E+004
 1.202000000000E-001  3.233355509773E-001  6.739964401691E-001  1.626302986477E-021  1.100461414289E-021  5.258415721887E-022  6.287682511807E+004
 1.216000000000E-001  3.268980848769E-001  6.751519660386E-001  1.601818627567E-021  1.078187185895E-021  5.236314416716E-022  6.160414736203E+004
 1.230000000000E-001  3.302413467243E-001  6.761632093530E-001  1.578541488152E-021  1.057241821245E-021  5.212996669077E-022  6.040739660544E+004
 1.244000000000E-001  3.336924108657E-001  6.770701366386E-001  1.555889733788E-021  1.036701137479E-021  5.191885963089E-022  5.923376801276E+004
 1.259000000000E-001  3.372720909146E-001  6.779091006357E-001  1.532573875933E-021  1.015679480316E-021  5.168943956172E-022  5.803265814743E+004
 1.274000000000E-001  3.407463951418E-001  6.786569784274E-001  1.510109144714E-021  9.955448973817E-022  5.145642473318E-022  5.688223284986E+004
 1.288000000000E-001  3.438117685743E-001  6.792325131737E-001  1.489979467341E-021  9.777069915355E-022  5.122724758060E-022  5.586303229290E+004
 1.303000000000E-001  3.478529499997E-001  6.797544125179E-001  1.465436479677E-021  9.556800771838E-022  5.097564024927E-022  5.460448526562E+004
 1.318000000000E-001  3.503698474417E-001  6.800514882578E-001  1.447167202992E-021  9.401234508574E-022  5.070437521351E-022  5.371562968172E+004
 1.333000000000E-001  3.527336593911E-001  6.802252007774E-001  1.429668648875E-021  9.253763946405E-022  5.042922542344E-022  5.287303032957E+004
 1.349000000000E-001  3.549589668670E-001  6.800900868441E-001  1.412220992315E-021  9.109404878952E-022  5.012805044201E-022  5.204820905727E+004
 1.365000000000E-001  3.570359557889E-001  6.797362220282E-001  1.395572865417E-021  8.973031735396E-022  4.982696918772E-022  5.126901678512E+004
 1.380000000000E-001  3.588611916991E-001  6.789794853434E-001  1.381051712587E-021  8.854458492097E-022  4.956058633769E-022  5.059152741695E+004
 1.396000000000E-001  3.607341979155E-001  6.778702253823E-001  1.366335175241E-021  8.734513517169E-022  4.928838235244E-022  4.990620041553E+004
 1.412000000000E-001  3.626390490475E-001  6.763034396269E-001  1.352522731943E-021  8.620451746160E-022  4.904775573269E-022  4.925448814872E+004
 1.429000000000E-001  3.649856379304E-001  6.740703571995E-001  1.338576014227E-021  8.500149937560E-022  4.885610204709E-022  4.856712231449E+004
 1.445000000000E-001  3.676574800125E-001  6.716999534328E-001  1.325529511885E-021  8.381886718629E-022  4.873408400217E-022  4.789140432583E+004
 1.462000000000E-001  3.707955831890E-001  6.693091958978E-001  1.311513796971E-021  8.252102737630E-022  4.863035232084E-022  4.714986040885E+004
 1.479000000000E-001  3.740102316575E-001  6.672800949801E-001  1.297740378726E-021  8.123721990473E-022  4.853681796785E-022  4.641633411863E+004
 1.496000000000E-001  3.773464593202E-001  6.653253871539E-001  1.284777383147E-021  7.999711866020E-022  4.848061965453E-022  4.570778016055E+004
 1.514000000000E-001  3.809165618049E-001  6.638260744331E-001  1.271588437073E-021  7.872193415921E-022  4.843690954806E-022  4.497918075833E+004
 1.531000000000E-001  3.849861177300E-001  6.618830652184E-001  1.260286635893E-021  7.750937767139E-022  4.851928591796E-022  4.428636498813E+004
 1.549000000000E-001  3.901802456324E-001  6.591461422592E-001  1.249542479560E-021  7.619956879573E-022  4.875467916029E-022  4.353798233206E+004
 1.567000000000E-001  3.940971866746E-001  6.574754189023E-001  1.239717399158E-021  7.511482598781E-022  4.885691392796E-022  4.291819518691E+004
 1.585000000000E-001  3.988093175878E-001  6.552535364717E-001  1.230924694036E-021  7.400204568056E-022  4.909042372305E-022  4.228238831658E+004
 1.603000000000E-001  4.042178240342E-001  6.524689433632E-001  1.223313053583E-021  7.288281129511E-022  4.944849406320E-022  4.164289379359E+004
 1.622000000000E-001  4.090105583765E-001  6.500022581895E-001  1.217126647158E-021  7.193089975889E-022  4.978176495689E-022  4.109900216400E+004
 1.641000000000E-001  4.147968638378E-001  6.467998580505E-001  1.211918154402E-021  7.092183047278E-022  5.026998496740E-022  4.052245243485E+004
 1.660000000000E-001  4.208043928652E-001  6.432387500831E-001  1.208253024264E-021  6.998148439609E-022  5.084381803029E-022  3.998516893680E+004
 1.679000000000E-001  4.260724285387E-001  6.399017982287E-001  1.206501291471E-021  6.924443561790E-022  5.140569352922E-022  3.956404297520E+004
 1.698000000000E-001  4.322463608810E-001  6.357995556946E-001  1.205538191562E-021  6.844486953563E-022  5.210894962058E-022  3.910719663718E+004
 1.718000000000E-001  4.366786246034E-001  6.323923010244E-001  1.207068203930E-021  6.799673208352E-022  5.271008830945E-022  3.885114531325E+004
 1.738000000000E-001  4.411903262656E-001  6.286749348043E-001  1.209471615494E-021  6.758644388455E-022  5.336071766490E-022  3.861671983500E+004
 1.758000000000E-001  4.460360816267E-001  6.245068842132E-001  1.212659223648E-021  6.717694551836E-022  5.408897684644E-022  3.838274564178E+004
 1.778000000000E-001  4.512731212336E-001  6.198795209629E-001  1.216803500384E-021  6.676927868380E-022  5.491107135465E-022  3.814981792683E+004
 1.799000000000E-001  4.575349761637E-001  6.143769397629E-001  1.222341940435E-021  6.630777498543E-022  5.592641905809E-022  3.788612955977E+004
 1.820000000000E-001  4.598962275153E-001  6.106937195383E-001  1.231117535636E-021  6.649312253693E-022  5.661863102671E-022  3.799203118822E+004
 1.841000000000E-001  4.622891828877E-001  6.067002088953E-001  1.241070443932E-021  6.673370025009E-022  5.737334414316E-022  3.812948955433E+004
 1.862000000000E-001  4.644924571980E-001  6.022767430224E-001  1.252491974705E-021  6.707188997536E-022  5.817730749517E-022  3.832272028407E+004
 1.884000000000E-001  4.661809264181E-001  5.972892339304E-001  1.266478141013E-021  6.760701879474E-022  5.904079530657E-022  3.862847567681E+004
 1.905000000000E-001  4.663478469357E-001  5.926792510284E-001  1.282286342281E-021  6.842948674032E-022  5.979914748777E-022  3.909840740279E+004
 1.928000000000E-001  4.632269209884E-001  5.889303709271E-001  1.303597082729E-021  6.997358198870E-022  6.038612628419E-022  3.998065375543E+004
 1.950000000000E-001  4.604022655256E-001  5.852127053622E-001  1.327526312497E-021  7.163301906786E-022  6.111961218184E-022  4.092880271973E+004
 1.972000000000E-001  4.580322680802E-001  5.814192639139E-001  1.353178154653E-021  7.333788953606E-022  6.197992592922E-022  4.190291086097E+004
 1.995000000000E-001  4.556059122902E-001  5.774110841610E-001  1.380819457818E-021  7.517099490307E-022  6.291095087872E-022  4.295028829818E+004
 2.018000000000E-001  4.499125880234E-001  5.742113284834E-001  1.410000265524E-021  7.756233969482E-022  6.343768685754E-022  4.431662578458E+004
 2.042000000000E-001  4.424733740944E-001  5.707691154559E-001  1.441828888310E-021  8.038579952326E-022  6.379708930773E-022  4.592985990216E+004
 2.065000000000E-001  4.355714736332E-001  5.669154493915E-001  1.472198865411E-021  8.309510361225E-022  6.412478292880E-022  4.747786910250E+004
 2.089000000000E-001  4.302586018215E-001  5.630416059989E-001  1.500502525093E-021  8.548984066167E-022  6.456041184759E-022  4.884614481581E+004
 2.113000000000E-001  4.267673126945E-001  5.598544457702E-001  1.527038181206E-021  8.753482002309E-022  6.516899809753E-022  5.001458023762E+004
 2.138000000000E-001  4.252727672318E-001  5.568946978794E-001  1.548423796991E-021  8.899213239971E-022  6.585024729940E-022  5.084724164906E+004
 2.163000000000E-001  4.259150797391E-001  5.548948716753E-001  1.556286596338E-021  8.934406665618E-022  6.628459297761E-022  5.104832556178E+004
 2.188000000000E-001  4.285454843535E-001  5.529791494582E-001  1.550365204770E-021  8.859631971668E-022  6.644020076027E-022  5.062108701496E+004
 2.213000000000E-001  4.326298689803E-001  5.508854448844E-001  1.532400320316E-021  8.694381705123E-022  6.629621498037E-022  4.967690015158E+004
 2.239000000000E-001  4.381047793243E-001  5.484600327865E-001  1.505792372006E-021  8.460975371600E-022  6.596948348459E-022  4.834329144673E+004
 2.265000000000E-001  4.457076593822E-001  5.457010053761E-001  1.472151068137E-021  8.160020613008E-022  6.561490068364E-022  4.662373277082E+004
 2.291000000000E-001  4.554975734436E-001  5.443950835564E-001  1.434448277600E-021  7.810605679229E-022  6.533877096771E-022  4.462728824314E+004
 2.317000000000E-001  4.668881715666E-001  5.436056904232E-001  1.398095957722E-021  7.453414923466E-022  6.527544653757E-022  4.258641517005E+004
 2.344000000000E-001  4.791427802775E-001  5.427844667576E-001  1.361409204010E-021  7.090998129053E-022  6.523093911048E-022  4.051568219330E+004
 2.371000000000E-001  4.908094787781E-001  5.425160250871E-001  1.322970408731E-021  6.736439919831E-022  6.493264167482E-022  3.848985064428E+004
 2.399000000000E-001  5.015972482866E-001  5.425352068436E-001  1.283232074932E-021  6.395663972331E-022  6.436656776991E-022  3.654276650510E+004
 2.427000000000E-001  5.102295648278E-001  5.428010296641E-001  1.246180148296E-021  6.103421935339E-022  6.358379547620E-022  3.487298951760E+004
 2.455000000000E-001  5.177503012471E-001  5.424258114268E-001  1.213901334878E-021  5.854035530607E-022  6.284977818175E-022  3.344807582653E+004
 2.483000000000E-001  5.246684653254E-001  5.414631471122E-001  1.185435234915E-021  5.634747494696E-022  6.219604854456E-022  3.219513453250E+004
 2.512000000000E-001  5.318519544819E-001  5.413183039994E-001  1.157468711455E-021  5.418667150162E-022  6.156019964391E-022  3.096052095511E+004
 2.541000000000E-001  5.388878875179E-001  5.422377396340E-001  1.133458309701E-021  5.226513555965E-022  6.108069541041E-022  2.986261713211E+004
 2.570000000000E-001  5.455962598311E-001  5.430559202570E-001  1.113440275456E-021  5.059514256221E-022  6.074888498342E-022  2.890843685568E+004
 2.600000000000E-001  5.513876708732E-001  5.440703862837E-001  1.094850815831E-021  4.911635745361E-022  6.036872412945E-022  2.806350661594E+004
 2.630000000000E-001  5.560608333996E-001  5.452646609814E-001  1.076710938397E-021  4.779941566614E-022  5.987167817353E-022  2.731104844352E+004
 2.661000000000E-001  5.600460292663E-001  5.462594906588E-001  1.058528079655E-021  4.657036317773E-022  5.928244478776E-022  2.660880738925E+004
 2.691000000000E-001  5.631545723712E-001  5.468190298672E-001  1.042350782454E-021  4.553461733006E-022  5.870046091538E-022  2.601701553099E+004
 2.723000000000E-001  5.659049519297E-001  5.469950741825E-001  1.027206805375E-021  4.459053875574E-022  5.813014178176E-022  2.547759940386E+004
 2.754000000000E-001  5.680982845529E-001  5.471904504002E-001  1.014176178389E-021  4.380244312119E-022  5.761517471773E-022  2.502730691067E+004
 2.786000000000E-001  5.702867025059E-001  5.482185266608E-001  1.001333332489E-021  4.302862481945E-022  5.710470842943E-022  2.458517202616E+004
 2.818000000000E-001  5.727437291108E-001  5.497589372689E-001  9.899289179418E-022  4.229533379252E-022  5.669755800166E-022  2.416619312274E+004
 2.851000000000E-001  5.752548354653E-001  5.513140498346E-001  9.796870556659E-022  4.161173396513E-022  5.635697160146E-022  2.377560617222E+004
 2.884000000000E-001  5.774365101230E-001  5.527684283445E-001  9.704942399868E-022  4.100954329544E-022  5.603988070324E-022  2.343153379554E+004
 2.917000000000E-001  5.793003549355E-001  5.541699014496E-001  9.613359922899E-022  4.044337107441E-022  5.569022815458E-022  2.310804120174E+004
 2.951000000000E-001  5.808347318069E-001  5.551946453685E-001  9.521211581995E-022  3.990961206290E-022  5.530250375705E-022  2.280306847316E+004
 2.985000000000E-001  5.819338211728E-001  5.560010647266E-001  9.429653315563E-022  3.942219129303E-022  5.487434186260E-022  2.252457192518E+004
 3.020000000000E-001  5.827615635617E-001  5.567360181363E-001  9.339898487940E-022  3.896964641601E-022  5.442933846339E-022  2.226600234045E+004
 3.055000000000E-001  5.869447769992E-001  5.574799124746E-001  9.202673584420E-022  3.801212389616E-022  5.401461194804E-022  2.171890477533E+004
 3.090000000000E-001  5.891221544803E-001  5.584354702875E-001  9.104190722078E-022  3.740710269088E-022  5.363480452990E-022  2.137321512166E+004
 3.126000000000E-001  5.916026678168E-001  5.596055915307E-001  9.009522225067E-022  3.679464840962E-022  5.330057384104E-022  2.102327844751E+004
 3.162000000000E-001  5.941643784453E-001  5.607722849631E-001  8.920401900829E-022  3.620216849940E-022  5.300185050888E-022  2.068475448640E+004
 3.199000000000E-001  5.967990810985E-001  5.619451992076E-001  8.829824829816E-022  3.560193485121E-022  5.269631344695E-022  2.034180028885E+004
 3.236000000000E-001  5.993751488977E-001  5.630831734043E-001  8.739632424551E-022  3.501313938775E-022  5.238318485776E-022  2.000538150210E+004
 3.273000000000E-001  6.017978886553E-001  5.639748924023E-001  8.649666831428E-022  3.444315594703E-022  5.205351236725E-022  1.967971129997E+004
 3.311000000000E-001  6.040665545802E-001  5.645135539697E-001  8.556691816767E-022  3.387880472408E-022  5.168811344359E-022  1.935725916589E+004
 3.350000000000E-001  6.062263951557E-001  5.649943284030E-001  8.459242335386E-022  3.331026348656E-022  5.128215986729E-022  1.903241299228E+004
 3.388000000000E-001  6.082817197392E-001  5.656029287637E-001  8.365863122903E-022  3.277061515401E-022  5.088801607502E-022  1.872407529511E+004
 3.428000000000E-001  6.105071686370E-001  5.664607991012E-001  8.272173554172E-022  3.221952299140E-022  5.050221255032E-022  1.840919896158E+004
 3.467000000000E-001  6.127742527160E-001  5.672961470655E-001  8.187206679559E-022  3.170297224660E-022  5.016909454898E-022  1.811405848302E+004
 3.507000000000E-001  6.151278766581E-001  5.680786673570E-001  8.104466521823E-022  3.119183238807E-022  4.985283283016E-022  1.782200961080E+004
 3.548000000000E-001  6.174979594733E-001  5.687705876654E-001  8.020365936558E-022  3.067806336504E-022  4.952559600054E-022  1.752845851857E+004
 3.589000000000E-001  6.197907369709E-001  5.693616055422E-001  7.935700000957E-022  3.017226648984E-022  4.918473351973E-022  1.723946245515E+004
 3.631000000000E-001  6.220120935765E-001  5.697827073546E-001  7.848708288513E-022  2.966716814104E-022  4.881991474409E-022  1.695086550725E+004
 3.673000000000E-001  6.241039063884E-001  5.698274619823E-001  7.761339393060E-022  2.917457159045E-022  4.843882234014E-022  1.666941168467E+004
 3.715000000000E-001  6.260761798167E-001  5.696164454698E-001  7.672381642318E-022  2.868886253600E-022  4.803495388718E-022  1.639189315582E+004
 3.758000000000E-001  6.280145289006E-001  5.694614327732E-001  7.580226047910E-022  2.819733957472E-022  4.760492090439E-022  1.611105274764E+004
 3.802000000000E-001  6.299967938272E-001  5.695443255782E-001  7.488286190402E-022  2.770689899188E-022  4.717596291214E-022  1.583083077568E+004
 3.846000000000E-001  6.320560629176E-001  5.697883420392E-001  7.401856031049E-022  2.723468049781E-022  4.678387981268E-022  1.556102031905E+004
 3.891000000000E-001  6.341856459547E-001  5.700924046111E-001  7.318702121505E-022  2.677286289028E-022  4.641415832476E-022  1.529715259440E+004
 3.936000000000E-001  6.362584593804E-001  5.703112692463E-001  7.238460079739E-022  2.632928621118E-022  4.605531458622E-022  1.504370714946E+004
 3.981000000000E-001  6.382199367360E-001  5.703574394960E-001  7.158834001381E-022  2.589923417916E-022  4.568910583465E-022  1.479798925279E+004
 4.027000000000E-001  6.401443918391E-001  5.701471791434E-001  7.077199149288E-022  2.546769803943E-022  4.530429345345E-022  1.455142338471E+004
 4.074000000000E-001  6.419841267770E-001  5.696400101800E-001  6.992884520908E-022  2.503563658100E-022  4.489320862808E-022  1.430455736643E+004
 4.121000000000E-001  6.436628234176E-001  5.688999656285E-001  6.906871537426E-022  2.461175102664E-022  4.445696434763E-022  1.406236279672E+004
 4.169000000000E-001  6.452703113453E-001  5.680566252688E-001  6.817582096751E-022  2.418398774558E-022  4.399183322193E-022  1.381795261872E+004
 4.217000000000E-001  6.468423344148E-001  5.673129581904E-001  6.728711876459E-022  2.376296178686E-022  4.352415697773E-022  1.357739192996E+004
 4.266000000000E-001  6.484570023352E-001  5.667574275937E-001  6.640892792145E-022  2.334559359321E-022  4.306333432824E-022  1.333892117051E+004
 4.315000000000E-001  6.500810107232E-001  5.663689707550E-001  6.557339044841E-022  2.294537450916E-022  4.262801593925E-022  1.311024886060E+004
 4.365000000000E-001  6.517212820608E-001  5.660112029232E-001  6.476253189385E-022  2.255541157849E-022  4.220712031537E-022  1.288743658680E+004
 4.416000000000E-001  6.533351625875E-001  5.655415742828E-001  6.396359751554E-022  2.217393013304E-022  4.178966738250E-022  1.266947036082E+004
 4.467000000000E-001  6.548492923355E-001  5.648693322903E-001  6.317424992987E-022  2.180463706947E-022  4.136961286040E-022  1.245846818415E+004
 4.519000000000E-001  6.562933172952E-001  5.639482444145E-001  6.236209616586E-022  2.143426919969E-022  4.092782696617E-022  1.224685189779E+004
 4.571000000000E-001  6.576500115676E-001  5.628014197998E-001  6.153607363879E-022  2.106687409841E-022  4.046919954038E-022  1.203693415572E+004
 4.624000000000E-001  6.589709450863E-001  5.614753299635E-001  6.068204566776E-022  2.069434068431E-022  3.998770498345E-022  1.182408054699E+004
 4.677000000000E-001  6.602586588503E-001  5.601043948206E-001  5.982672156796E-022  2.032561062209E-022  3.950111094587E-022  1.161340005119E+004
 4.732000000000E-001  6.615804076877E-001  5.587410859492E-001  5.895451619722E-022  1.995136333643E-022  3.900315286079E-022  1.139956719139E+004
 4.786000000000E-001  6.628692723646E-001  5.575025874069E-001  5.812692654742E-022  1.959637304214E-022  3.853055350528E-022  1.119673715698E+004
 4.842000000000E-001  6.641896101130E-001  5.562918301495E-001  5.730342604389E-022  1.924308584166E-022  3.806034020223E-022  1.099488021559E+004
 4.898000000000E-001  6.653183410079E-001  5.550948113533E-001  5.651636752835E-022  1.891499164460E-022  3.760137588376E-022  1.080741774591E+004
 4.954000000000E-001  6.662968652355E-001  5.538358478962E-001  5.575198187988E-022  1.860461112265E-022  3.714737075723E-022  1.063007630035E+004
 5.012000000000E-001  6.672078492656E-001  5.523983309163E-001  5.497005232063E-022  1.829360193777E-022  3.667645038287E-022  1.045237565702E+004
 5.070000000000E-001  6.680035721382E-001  5.507993293642E-001  5.419059026429E-022  1.799108239147E-022  3.619950787283E-022  1.027952572007E+004
 5.129000000000E-001  6.687052784128E-001  5.490252765912E-001  5.339802590710E-022  1.769048412620E-022  3.570754178090E-022  1.010777354130E+004
 5.188000000000E-001  6.693306469079E-001  5.471527201464E-001  5.260853956106E-022  1.739603174377E-022  3.521250781728E-022  9.939532922277E+003
 5.248000000000E-001  6.699302103711E-001  5.452076182153E-001  5.181463401469E-022  1.710244534893E-022  3.471218866576E-022  9.771787100696E+003
 5.309000000000E-001  6.705373580688E-001  5.432351070432E-001  5.102319551060E-022  1.681023679269E-022  3.421295871790E-022  9.604828531774E+003
 5.370000000000E-001  6.711582486671E-001  5.412871034666E-001  5.025223252948E-022  1.652503215338E-022  3.372720037610E-022  9.441871775671E+003
 5.433000000000E-001  6.718098903793E-001  5.392926096512E-001  4.947914522577E-022  1.623856609558E-022  3.324057913018E-022  9.278194285624E+003
 5.495000000000E-001  6.724460491476E-001  5.373196322729E-001  4.873963643229E-022  1.596486047651E-022  3.277477595578E-022  9.121807699770E+003
 5.559000000000E-001  6.728347946113E-001  5.352368747152E-001  4.800823317156E-022  1.570662346592E-022  3.230160970564E-022  8.974259379195E+003
 5.623000000000E-001  6.731295257849E-001  5.330906366318E-001  4.729158550050E-022  1.545822297893E-022  3.183336252157E-022  8.832331331769E+003
 5.688000000000E-001  6.733465341942E-001  5.308284690152E-001  4.657380768685E-022  1.521349569668E-022  3.136031199017E-022  8.692502035368E+003
 5.754000000000E-001  6.734821006358E-001  5.284459190060E-001  4.585396491582E-022  1.497214030184E-022  3.088182461399E-022  8.554599326959E+003
 5.821000000000E-001  6.735423110531E-001  5.259531950676E-001  4.513329507083E-022  1.473411120338E-022  3.039918386745E-022  8.418597157303E+003
 5.888000000000E-001  6.735434045151E-001  5.234066114609E-001  4.442474676470E-022  1.450275158408E-022  2.992199518061E-022  8.286405713486E+003
 5.957000000000E-001  6.735050247584E-001  5.207488154151E-001  4.370988250655E-022  1.427105700679E-022  2.943882549976E-022  8.154022885445E+003
 6.026000000000E-001  6.734435405156E-001  5.180719834053E-001  4.301176122412E-022  1.404576846153E-022  2.896599276258E-022  8.025300258035E+003
 6.095000000000E-001  6.733682712920E-001  5.153866094821E-001  4.233115794780E-022  1.382669929870E-022  2.850445864910E-022  7.900131185668E+003
 6.166000000000E-001  6.732812081407E-001  5.126184672847E-001  4.164872004170E-022  1.360741949451E-022  2.804130054719E-022  7.774841759606E+003
 6.237000000000E-001  6.731854448984E-001  5.098427348890E-001  4.098308292736E-022  1.339386801360E-022  2.758921491376E-022  7.652825313187E+003
 6.310000000000E-001  6.730715394135E-001  5.069728713370E-001  4.031462395588E-022  1.317999794902E-022  2.713462600686E-022  7.530626838313E+003
 6.383000000000E-001  6.729270940285E-001  5.040758277927E-001  3.966123875442E-022  1.297211661384E-022  2.668912214059E-022  7.411850130764E+003
 6.457000000000E-001  6.727348637105E-001  5.010997014073E-001  3.901367064722E-022  1.276781424151E-022  2.624585640570E-022  7.295118327458E+003
 6.531000000000E-001  6.724957672585E-001  4.980742566434E-001  3.838027207598E-022  1.256970155866E-022  2.581057051732E-022  7.181923113595E+003
 6.607000000000E-001  6.720427128975E-001  4.949454674668E-001  3.774715087860E-022  1.237945319799E-022  2.536769768061E-022  7.073221320447E+003
 6.683000000000E-001  6.714307662080E-001  4.917971414365E-001  3.712939464472E-022  1.219957674958E-022  2.492981789515E-022  6.970445704299E+003
 6.761000000000E-001  6.707915517107E-001  4.885340121814E-001  3.650801817342E-022  1.201874801299E-022  2.448927016043E-022  6.867125981328E+003
 6.839000000000E-001  6.701563175787E-001  4.852582840462E-001  3.589968008431E-022  1.184128267675E-022  2.405839740755E-022  6.765727997117E+003
 6.918000000000E-001  6.695192945638E-001  4.819496446100E-001  3.529769059380E-022  1.166520568770E-022  2.363248490609E-022  6.665123269827E+003
 6.998000000000E-001  6.688684493052E-001  4.786268420106E-001  3.470395424730E-022  1.149157418515E-022  2.321238006215E-022  6.565915814850E+003
 7.079000000000E-001  6.679616169063E-001  4.753528175239E-001  3.412185922008E-022  1.132976696359E-022  2.279209225649E-022  6.473464373655E+003
 7.161000000000E-001  6.669797990369E-001  4.720758220562E-001  3.355070168206E-022  1.117306141661E-022  2.237764026545E-022  6.383927865203E+003
 7.244000000000E-001  6.659284047770E-001  4.687789245977E-001  3.298967452035E-022  1.102091319290E-022  2.196876132745E-022  6.296995264658E+003
 7.328000000000E-001  6.648189546145E-001  4.654419747271E-001  3.243687998579E-022  1.087222734268E-022  2.156465264311E-022  6.212040952944E+003
 7.413000000000E-001  6.636727702225E-001  4.620484189047E-001  3.189000867145E-022  1.072547827405E-022  2.116453039740E-022  6.128193255925E+003
 7.499000000000E-001  6.625149129900E-001  4.585932084232E-001  3.134716084612E-022  1.057919930567E-022  2.076796154045E-022  6.044614159068E+003
 7.586000000000E-001  6.613673535015E-001  4.550854559145E-001  3.080742386542E-022  1.043239947535E-022  2.037502439007E-022  5.960737458455E+003
 7.674000000000E-001  6.602378132575E-001  4.515454126534E-001  3.027140804286E-022  1.028507979242E-022  1.998632825045E-022  5.876563730780E+003
 7.763000000000E-001  6.591104566249E-001  4.479974627148E-001  2.974157208153E-022  1.013859092613E-022  1.960298115540E-022  5.792864705011E+003
 7.852000000000E-001  6.579673249700E-001  4.444986472045E-001  2.922701257726E-022  9.996593294936E-023  1.923041928232E-022  5.711731826495E+003
 7.943000000000E-001  6.567579636127E-001  4.409733821763E-001  2.871867494875E-022  9.857456471756E-023  1.886121847700E-022  5.632233521647E+003
 8.035000000000E-001  6.553942227274E-001  4.374771607306E-001  2.822413688445E-022  9.726200628915E-023  1.849793625554E-022  5.557238155441E+003
 8.128000000000E-001  6.538269122705E-001  4.340009044296E-001  2.774195744558E-022  9.603519068598E-023  1.813843837698E-022  5.487141858442E+003
 8.222000000000E-001  6.522233255154E-001  4.304688581536E-001  2.726689235444E-022  9.482789146559E-023  1.778410320788E-022  5.418160664771E+003
 8.318000000000E-001  6.505896034379E-001  4.268255014943E-001  2.679113444485E-022  9.361100910722E-023  1.743003353413E-022  5.348631921425E+003
 8.414000000000E-001  6.489845397079E-001  4.231485636920E-001  2.632255044336E-022  9.239622159936E-023  1.708292828342E-022  5.279222871098E+003
 8.511000000000E-001  6.474058443408E-001  4.194180932632E-001  2.585569040876E-022  9.116565328662E-023  1.673912508009E-022  5.208912156346E+003
 8.610000000000E-001  6.458224636500E-001  4.156215946699E-001  2.538799684289E-022  8.991858174675E-023  1.639613866821E-022  5.137658500285E+003
 8.710000000000E-001  6.442102477480E-001  4.118187926638E-001  2.492854478708E-022  8.869320773799E-023  1.605922401328E-022  5.067644571352E+003
 8.810000000000E-001  6.425526677531E-001  4.080531965303E-001  2.448541570201E-022  8.752246521640E-023  1.573316918037E-022  5.000752109852E+003
 8.913000000000E-001  6.407895170548E-001  4.042003005536E-001  2.404705957739E-022  8.637955884206E-023  1.540910369318E-022  4.935450116258E+003
 9.016000000000E-001  6.389389810911E-001  4.003553832579E-001  2.362557362532E-022  8.530273685464E-023  1.509529993985E-022  4.873923971945E+003
 9.120000000000E-001  6.368384959797E-001  3.964872866113E-001  2.321420771137E-022  8.430506587101E-023  1.478370112427E-022  4.816920261367E+003
 9.226000000000E-001  6.346822786371E-001  3.924747273340E-001  2.280475851515E-022  8.330982416985E-023  1.447377609817E-022  4.760055352174E+003
 9.333000000000E-001  6.325064801595E-001  3.883566102464E-001  2.239881032104E-022  8.231417645118E-023  1.416739267592E-022  4.703167244446E+003
 9.441000000000E-001  6.303206029884E-001  3.841593957185E-001  2.199557871254E-022  8.131312275373E-023  1.386426643717E-022  4.645970256481E+003
 9.550000000000E-001  6.281018411784E-001  3.799218994047E-001  2.159693929712E-022  8.031861960778E-023  1.356507733634E-022  4.589147545957E+003
 9.661000000000E-001  6.257575756384E-001  3.756416970192E-001  2.120456725834E-022  7.935648658302E-023  1.326891860004E-022  4.534174360025E+003
 9.772000000000E-001  6.232336698818E-001  3.714163552833E-001  2.083189907626E-022  7.848758164354E-023  1.298314091191E-022  4.484527926980E+003
 9.886000000000E-001  6.203346993076E-001  3.671368365787E-001  2.047529494831E-022  7.773759013315E-023  1.270153593499E-022  4.441675824738E+003
 1.000000000000E+000  6.169353362293E-001  3.629004078502E-001  2.015090260471E-022  7.719098730951E-023  1.243180387376E-022  4.410444697771E+003
 1.012000000000E+000  6.122289092899E-001  3.585068708237E-001  1.985372484144E-022  7.698700536425E-023  1.215502430502E-022  4.398789825612E+003
 1.023000000000E+000  6.066520519639E-001  3.544448400419E-001  1.963116805694E-022  7.721879672751E-023  1.190928838419E-022  4.412033638455E+003
 1.035000000000E+000  5.991035171883E-001  3.499672856883E-001  1.944208477615E-022  7.794263405285E-023  1.164782137086E-022  4.453391374700E+003
 1.047000000000E+000  5.925931367534E-001  3.454703977660E-001  1.922426965776E-022  7.832099399473E-023  1.139217025828E-022  4.475009644626E+003
 1.059000000000E+000  5.916354440759E-001  3.409971771081E-001  1.883286897971E-022  7.690676177674E-023  1.114219280203E-022  4.394204965159E+003
 1.071000000000E+000  5.943733226342E-001  3.365926289127E-001  1.833655928142E-022  7.437797615643E-023  1.089876166578E-022  4.249718289711E+003
 1.084000000000E+000  5.967066588603E-001  3.319355623769E-001  1.783832986377E-022  7.194079651113E-023  1.064425021266E-022  4.110465684986E+003
 1.097000000000E+000  5.973581354534E-001  3.274217351548E-001  1.741156488159E-022  7.010624948598E-023  1.040093993299E-022  4.005645569557E+003
 1.109000000000E+000  5.969202310152E-001  3.233853577470E-001  1.706565999049E-022  6.878822286540E-023  1.018683770395E-022  3.930337768441E+003
 1.122000000000E+000  5.957874063186E-001  3.191245680593E-001  1.672676183760E-022  6.761167786266E-023  9.965594051331E-023  3.863113771834E+003
 1.135000000000E+000  5.941075089138E-001  3.149559540306E-001  1.641401395998E-022  6.662325014941E-023  9.751688945041E-023  3.806638191990E+003
 1.148000000000E+000  5.920764561757E-001  3.108236244207E-001  1.611823215905E-022  6.575006382502E-023  9.543225776546E-023  3.756747134383E+003
 1.161000000000E+000  5.898643372073E-001  3.067128288608E-001  1.583352699354E-022  6.493894087840E-023  9.339632905698E-023  3.710402178529E+003
 1.175000000000E+000  5.873217115053E-001  3.023413682399E-001  1.553674614931E-022  6.411677809673E-023  9.125068339635E-023  3.663426442015E+003
 1.189000000000E+000  5.846229268419E-001  2.980615898564E-001  1.524996414742E-022  6.334485473320E-023  8.915478674096E-023  3.619321224237E+003
 1.202000000000E+000  5.819702008696E-001  2.942010641739E-001  1.499440297000E-022  6.268107261631E-023  8.726295708371E-023  3.581394849411E+003
 1.216000000000E+000  5.789823522483E-001  2.901970987654E-001  1.473244088855E-022  6.202617608538E-023  8.529823280010E-023  3.543976168382E+003
 1.230000000000E+000  5.759591869656E-001  2.863791113035E-001  1.448360902296E-022  6.141641345767E-023  8.341967677191E-023  3.509136293391E+003
 1.245000000000E+000  5.728652134491E-001  2.824854780199E-001  1.422644111620E-022  6.076607889549E-023  8.149833226655E-023  3.471978268582E+003
 1.259000000000E+000  5.703235655880E-001  2.789843582391E-001  1.398978602014E-022  6.011081375322E-023  7.978704644821E-023  3.434538526287E+003
 1.273000000000E+000  5.682824165116E-001  2.755556183309E-001  1.375095480280E-022  5.936528978122E-023  7.814425824676E-023  3.391941684816E+003
 1.288000000000E+000  5.665428606747E-001  2.719203739946E-001  1.349086294941E-022  5.847710861080E-023  7.643152088329E-023  3.341193869945E+003
 1.303000000000E+000  5.650151810500E-001  2.683292379154E-001  1.323049911035E-022  5.755066260132E-023  7.475432850215E-023  3.288259725264E+003
 1.318000000000E+000  5.634224700196E-001  2.648103701802E-001  1.297461773753E-022  5.664426564292E-023  7.310191173240E-023  3.236471118866E+003
 1.334000000000E+000  5.615934231990E-001  2.611228524481E-001  1.270928024770E-022  5.571832047000E-023  7.137448200704E-023  3.183565590375E+003
 1.349000000000E+000  5.597500162260E-001  2.577517205723E-001  1.246951143248E-022  5.489702205819E-023  6.979809226662E-023  3.136639241174E+003
 1.365000000000E+000  5.576855181811E-001  2.542945651094E-001  1.222463309925E-022  5.407132254721E-023  6.817500844529E-023  3.089461427325E+003
 1.380000000000E+000  5.556879107020E-001  2.512197882090E-001  1.200578708242E-022  5.334316342255E-023  6.671470740161E-023  3.047856757370E+003
 1.396000000000E+000  5.534562291763E-001  2.481316367743E-001  1.178351681424E-022  5.261856031796E-023  6.521660782445E-023  3.006455266962E+003
 1.413000000000E+000  5.510816517054E-001  2.449877621252E-001  1.155832246993E-022  5.188743032256E-023  6.369579437673E-023  2.964680851011E+003
 1.429000000000E+000  5.488372480454E-001  2.420906148012E-001  1.135413630667E-022  5.122563382182E-023  6.231572924483E-023  2.926867927904E+003
 1.445000000000E+000  5.465704492191E-001  2.392183824447E-001  1.115508229350E-022  5.058043953265E-023  6.097038340233E-023  2.890003601758E+003
 1.462000000000E+000  5.441107451264E-001  2.361855007148E-001  1.094808851757E-022  4.991115916567E-023  5.956972601007E-023  2.851763074609E+003
 1.479000000000E+000  5.415502045139E-001  2.331654530249E-001  1.074579418162E-022  4.926407144902E-023  5.819387036722E-023  2.814790564107E+003
 1.496000000000E+000  5.389454097971E-001  2.301349292559E-001  1.054734613394E-022  4.862902349511E-023  5.684443784426E-023  2.778505966918E+003
 1.514000000000E+000  5.361660380728E-001  2.269583892998E-001  1.034234855671E-022  4.797132506690E-023  5.545216050018E-023  2.740927194493E+003
 1.531000000000E+000  5.335566130207E-001  2.240462053660E-001  1.015469349269E-022  4.736589626466E-023  5.418103866221E-023  2.706334940347E+003
 1.549000000000E+000  5.308404560891E-001  2.210949579232E-001  9.963154537807E-023  4.674309038871E-023  5.288845498935E-023  2.670749816112E+003
 1.567000000000E+000  5.281485188547E-001  2.182648672923E-001  9.779406838082E-023  4.614427601271E-023  5.164979236811E-023  2.636535489004E+003
 1.585000000000E+000  5.255105318296E-001  2.155324305444E-001  9.602452539485E-023  4.556262598592E-023  5.046189940893E-023  2.603301877594E+003
 1.603000000000E+000  5.229064828481E-001  2.128492618642E-001  9.430941101038E-023  4.499440859947E-023  4.931500241091E-023  2.570835764040E+003
 1.622000000000E+000  5.201655150951E-001  2.100314646417E-001  9.254392768478E-023  4.440576787170E-023  4.813815981308E-023  2.537202726465E+003
 1.641000000000E+000  5.174056301783E-001  2.071905667234E-001  9.081532027646E-023  4.382696225897E-023  4.698835801749E-023  2.504131635724E+003
 1.660000000000E+000  5.145886091241E-001  2.042905669787E-001  8.911908442316E-023  4.325941872343E-023  4.585966569973E-023  2.471704023844E+003
 1.679000000000E+000  5.117211830949E-001  2.013375100657E-001  8.745534052568E-023  4.270259020392E-023  4.475275032177E-023  2.439888633511E+003
 1.698000000000E+000  5.088476506633E-001  1.983782276194E-001  8.582885456708E-023  4.215504356150E-023  4.367381100558E-023  2.408603579776E+003
 1.718000000000E+000  5.058501240824E-001  1.953136100971E-001  8.416484843520E-023  4.159004941088E-023  4.257479902432E-023  2.376321631550E+003
 1.738000000000E+000  5.029067648412E-001  1.923370511795E-001  8.255541360746E-023  4.103773763000E-023  4.151767597745E-023  2.344764313132E+003
 1.758000000000E+000  5.000289541640E-001  1.894562025760E-001  8.100119533453E-023  4.049825234537E-023  4.050294298916E-023  2.313939859448E+003
 1.778000000000E+000  4.971848534263E-001  1.866663028282E-001  7.950085743708E-023  3.997423528496E-023  3.952662215212E-023  2.283999210336E+003
 1.799000000000E+000  4.941906214107E-001  1.838129605279E-001  7.797795046176E-023  3.944197866673E-023  3.853597179503E-023  2.253587779397E+003
 1.820000000000E+000  4.912212600745E-001  1.809734914747E-001  7.649452750637E-023  3.891878931589E-023  3.757573819048E-023  2.223694422947E+003
 1.841000000000E+000  4.882519124376E-001  1.781037857674E-001  7.504347947685E-023  3.840335710631E-023  3.664012237054E-023  2.194244284595E+003
 1.862000000000E+000  4.852636558394E-001  1.751735150638E-001  7.362084335823E-023  3.789532376423E-023  3.572551959399E-023  2.165216893731E+003
 1.884000000000E+000  4.821021538986E-001  1.720454787150E-001  7.216262001799E-023  3.737286547635E-023  3.478975454164E-023  2.135365307867E+003
 1.906000000000E+000  4.789060397665E-001  1.688956734241E-001  7.074407391997E-023  3.686430964201E-023  3.387976427796E-023  2.106308063475E+003
 1.928000000000E+000  4.756421993150E-001  1.657835189598E-001  6.937624178803E-023  3.637797356376E-023  3.299826822427E-023  2.078520384467E+003
 1.950000000000E+000  4.723872458491E-001  1.627200309333E-001  6.805400955418E-023  3.590616341189E-023  3.214784614228E-023  2.051562670164E+003
 1.972000000000E+000  4.691756577354E-001  1.597175721246E-001  6.677369492936E-023  3.544510269146E-023  3.132859223790E-023  2.025219143793E+003
 1.995000000000E+000  4.658761586732E-001  1.566444436224E-001  6.547596275639E-023  3.497227274201E-023  3.050369001438E-023  1.998203161537E+003
 2.018000000000E+000  4.626267609262E-001  1.536247509238E-001  6.421571476656E-023  3.450780664355E-023  2.970790812302E-023  1.971665062820E+003
 2.042000000000E+000  4.592672941271E-001  1.505016710407E-001  6.293598814204E-023  3.403154716483E-023  2.890444097721E-023  1.944453128294E+003
 2.065000000000E+000  4.560551930859E-001  1.475012365914E-001  6.173938728635E-023  3.358281909647E-023  2.815656818988E-023  1.918814249989E+003
 2.089000000000E+000  4.526840292831E-001  1.443403065951E-001  6.051979700726E-023  3.312345144662E-023  2.739634556064E-023  1.892567460225E+003
 2.114000000000E+000  4.491635595522E-001  1.410100709671E-001  5.927946598942E-023  3.265329003726E-023  2.662617595216E-023  1.865703949765E+003
 2.138000000000E+000  4.457636712376E-001  1.377986303492E-001  5.811985571716E-023  3.221213546088E-023  2.590772025628E-023  1.840497796429E+003
 2.163000000000E+000  4.422290952229E-001  1.344572294073E-001  5.694497429580E-023  3.176224983548E-023  2.518272446032E-023  1.814792779039E+003
 2.188000000000E+000  4.387265483424E-001  1.311378270267E-001  5.580384773372E-023  3.132121823328E-023  2.448262950044E-023  1.789593652052E+003
 2.213000000000E+000  4.352634276375E-001  1.278597744915E-001  5.469663235256E-023  3.088918867456E-023  2.380744367800E-023  1.764908872870E+003
 2.239000000000E+000  4.317039191958E-001  1.245067228280E-001  5.357985067777E-023  3.044921915025E-023  2.313063152752E-023  1.739770429597E+003
 2.265000000000E+000  4.281640180077E-001  1.212286119920E-001  5.249738236597E-023  3.001989219727E-023  2.247749016870E-023  1.715240068613E+003
 2.291000000000E+000  4.246257709908E-001  1.180205148014E-001  5.144718234391E-023  2.960138287582E-023  2.184579946808E-023  1.691327792296E+003
 2.317000000000E+000  4.210999663657E-001  1.148362205847E-001  5.042496146130E-023  2.919101188595E-023  2.123394957534E-023  1.667880514065E+003
 2.344000000000E+000  4.174426680985E-001  1.115346546989E-001  4.939102936528E-023  2.877310628691E-023  2.061792307837E-023  1.644002732504E+003
 2.371000000000E+000  4.137877138912E-001  1.082275546202E-001  4.838408082774E-023  2.836334263330E-023  2.002073819444E-023  1.620590155513E+003
 2.399000000000E+000  4.100047370990E-001  1.047918149157E-001  4.736788239434E-023  2.794682622632E-023  1.942105616803E-023  1.596791747917E+003
 2.427000000000E+000  4.062325742161E-001  1.013626948132E-001  4.638036523420E-023  2.753915007203E-023  1.884121516217E-023  1.573498443922E+003
 2.455000000000E+000  4.024445851615E-001  9.798480091421E-002  4.542322811093E-023  2.714289591713E-023  1.828033219380E-023  1.550857756228E+003
 2.483000000000E+000  3.986912633506E-001  9.463744704294E-002  4.449388361804E-023  2.675456094699E-023  1.773932267105E-023  1.528669545276E+003
 2.512000000000E+000  3.948611569025E-001  9.118464954744E-002  4.356010703527E-023  2.635991277653E-023  1.720019425874E-023  1.506120618367E+003
 2.541000000000E+000  3.910647670968E-001  8.779466234859E-002  4.265396670840E-023  2.597350315183E-023  1.668046355657E-023  1.484042415460E+003
 2.570000000000E+000  3.872964496356E-001  8.446526193301E-002  4.177401588919E-023  2.559508784829E-023  1.617892804091E-023  1.462420982346E+003
 2.600000000000E+000  3.834205331718E-001  8.107381082073E-002  4.088972603627E-023  2.521176547819E-023  1.567796055807E-023  1.440519175236E+003
 2.630000000000E+000  3.795615081311E-001  7.772164693802E-002  4.003049244999E-023  2.483645836444E-023  1.519403408555E-023  1.419075334088E+003
 2.661000000000E+000  3.755889445554E-001  7.428659556042E-002  3.916780744078E-023  2.445681198355E-023  1.471099545723E-023  1.397383561176E+003
 2.691000000000E+000  3.717601815061E-001  7.098486891826E-002  3.835655356243E-023  2.409711424811E-023  1.425943931432E-023  1.376831589691E+003
 2.723000000000E+000  3.676970381650E-001  6.749003249201E-002  3.751617763735E-023  2.372159023682E-023  1.379458740053E-023  1.355375355716E+003
 2.754000000000E+000  3.637861604398E-001  6.414051526918E-002  3.672609924599E-023  2.336565261336E-023  1.336044663263E-023  1.335038224934E+003
 2.786000000000E+000  3.597177034581E-001  6.079065801743E-002  3.593771618360E-023  2.301028345051E-023  1.292743273309E-023  1.314733574162E+003
 2.818000000000E+000  3.556812010420E-001  5.750715242491E-002  3.517325960226E-023  2.266279238236E-023  1.251046721989E-023  1.294879052378E+003
 2.851000000000E+000  3.515541848196E-001  5.419635628598E-002  3.440893519380E-023  2.231233003124E-023  1.209660516257E-023  1.274854761044E+003
 2.884000000000E+000  3.474607878248E-001  5.096332693624E-002  3.366797748105E-023  2.196967550102E-023  1.169830198003E-023  1.255276583479E+003
 2.917000000000E+000  3.433974324493E-001  4.780329574941E-002  3.294934970147E-023  2.163462761311E-023  1.131472208836E-023  1.236133024985E+003
 2.951000000000E+000  3.392389031822E-001  4.461554086244E-002  3.223129058915E-023  2.129718292154E-023  1.093410766761E-023  1.216852520841E+003
 2.985000000000E+000  3.351064918117E-001  4.148875139356E-002  3.153502037025E-023  2.096743032476E-023  1.056759004549E-023  1.198011518248E+003
 3.020000000000E+000  3.308790095460E-001  3.832861877004E-002  3.084025665746E-023  2.063586308050E-023  1.020439357696E-023  1.179066832535E+003
 3.055000000000E+000  3.266785321257E-001  3.522768689207E-002  3.016717103005E-023  2.031220387957E-023  9.854967150481E-024  1.160573986979E+003
 3.090000000000E+000  3.225047663899E-001  3.218988234580E-002  2.951530064852E-023  1.999647550794E-023  9.518825140576E-024  1.142534283497E+003
 3.126000000000E+000  3.181941297457E-001  2.915898741706E-002  2.887076086859E-023  1.968425423891E-023  9.186506629677E-024  1.124694964575E+003
 3.162000000000E+000  3.138820754685E-001  2.621524561140E-002  2.825019275112E-023  1.938296361801E-023  8.867229133105E-024  1.107480187724E+003
 3.199000000000E+000  3.094231429556E-001  2.327630043571E-002  2.763871628760E-023  1.908665782663E-023  8.552058460969E-024  1.090550227996E+003
 3.236000000000E+000  3.047572450880E-001  2.042564443487E-002  2.706885527366E-023  1.881942551278E-023  8.249429760888E-024  1.075281433247E+003
 3.273000000000E+000  2.985664041214E-001  1.766542254269E-002  2.665611112978E-023  1.869749188190E-023  7.958619247877E-024  1.068314537829E+003
 3.311000000000E+000  2.911824630101E-001  1.492783927886E-002  2.634596563085E-023  1.867448246808E-023  7.671483162769E-024  1.066999853943E+003
 3.350000000000E+000  2.913958385727E-001  1.220251008847E-002  2.535624493169E-023  1.796754067676E-023  7.388704254925E-024  1.026607474161E+003
 3.388000000000E+000  2.878189836973E-001  9.625314507399E-003  2.475255654371E-023  1.762830087539E-023  7.124255668321E-024  1.007224403217E+003
 3.428000000000E+000  2.836021527848E-001  7.012497301217E-003  2.417847614657E-023  1.732140826035E-023  6.857067886225E-024  9.896895464425E+002
 3.467000000000E+000  2.794271582409E-001  4.553445014337E-003  2.364547740801E-023  1.703828885064E-023  6.607188557369E-024  9.735130141437E+002
 3.507000000000E+000  2.751519495576E-001  2.112403099134E-003  2.311954098429E-023  1.675815420958E-023  6.361386774702E-024  9.575070219239E+002
 3.548000000000E+000  2.708006054823E-001 -3.044259625033E-004  2.259954881812E-023  1.647957731455E-023  6.119971503574E-024  9.415900343006E+002
 3.589000000000E+000  2.664893439526E-001 -2.635610163624E-003  2.209743759788E-023  1.620870594939E-023  5.888731648492E-024  9.261133158664E+002
 3.631000000000E+000  2.621184118562E-001 -4.936573505041E-003  2.160057327789E-023  1.593866531511E-023  5.661907962784E-024  9.106840627223E+002
 3.673000000000E+000  2.577810999389E-001 -7.122142136723E-003  2.112082467263E-023  1.567627525690E-023  5.444549415727E-024  8.956919388837E+002
 3.715000000000E+000  2.534851613219E-001 -9.207900684078E-003  2.065730041195E-023  1.542098128455E-023  5.236319127396E-024  8.811052625634E+002
 3.758000000000E+000  2.491391773168E-001 -1.126191762421E-002  2.019866417079E-023  1.516638559638E-023  5.032278574408E-024  8.665584839548E+002
 3.802000000000E+000  2.447471996729E-001 -1.328212638999E-002  1.974534204666E-023  1.491272487415E-023  4.832617172503E-024  8.520651262927E+002
 3.846000000000E+000  2.404112987051E-001 -1.522316094818E-002  1.930751561922E-023  1.466577071443E-023  4.641744904787E-024  8.379549600376E+002
 3.891000000000E+000  2.360376141676E-001 -1.712857407599E-002  1.887508075873E-023  1.441985172922E-023  4.455229029512E-024  8.239039403238E+002
 3.935000000000E+000  2.318224918408E-001 -1.891589071982E-002  1.846661407546E-023  1.418563758462E-023  4.280976490834E-024  8.105216975492E+002
 3.981000000000E+000  2.274766901923E-001 -2.070873941214E-002  1.805418116504E-023  1.394727578948E-023  4.106905375556E-024  7.969024713653E+002
 4.027000000000E+000  2.231933991040E-001 -2.242694981278E-002  1.765606571116E-023  1.371534839028E-023  3.940717320877E-024  7.836508858665E+002
 4.074000000000E+000  2.188817399600E-001 -2.410836278743E-002  1.726347222642E-023  1.348481338775E-023  3.778658838670E-024  7.704788574341E+002
 4.121000000000E+000  2.146356541593E-001 -2.571785013376E-002  1.688461525628E-023  1.326057481552E-023  3.624040440758E-024  7.576665867739E+002
 4.169000000000E+000  2.103827192094E-001 -2.727916301995E-002  1.650926487462E-023  1.303600083815E-023  3.473264036472E-024  7.448351521434E+002
 4.217000000000E+000  2.062034993136E-001 -2.876803057486E-002  1.614647355298E-023  1.281701420478E-023  3.329459348198E-024  7.323229603744E+002
 4.266000000000E+000  2.020079717421E-001 -3.022010732975E-002  1.578919350580E-023  1.259965055025E-023  3.189542955549E-024  7.199035003957E+002
 4.315000000000E+000  1.978839017929E-001 -3.160666306981E-002  1.544456342687E-023  1.238833295447E-023  3.056230472398E-024  7.078294927645E+002
 4.365000000000E+000  1.937492513584E-001 -3.295690578527E-002  1.510538927601E-023  1.217873141231E-023  2.926657863705E-024  6.958535349162E+002
 4.416000000000E+000  1.896083427408E-001 -3.426982283657E-002  1.477187601456E-023  1.197100508427E-023  2.800870930295E-024  6.839847207707E+002
 4.467000000000E+000  1.855018122196E-001 -3.548960496281E-002  1.445286576903E-023  1.177183297711E-023  2.681032791922E-024  6.726046672878E+002
 4.519000000000E+000  1.813820375765E-001 -3.666260439482E-002  1.414015896916E-023  1.157538812368E-023  2.564770845482E-024  6.613804403099E+002
 4.571000000000E+000  1.773434768468E-001 -3.777673463774E-002  1.383883101140E-023  1.138460460434E-023  2.454226407057E-024  6.504796837499E+002
 4.624000000000E+000  1.733102562586E-001 -3.885435912376E-002  1.354291644997E-023  1.119579012953E-023  2.347126320433E-024  6.396914320602E+002
 4.677000000000E+000  1.693601257679E-001 -3.987605459567E-002  1.325783758312E-023  1.101248854264E-023  2.245349040489E-024  6.292181690511E+002
 4.732000000000E+000  1.653478566716E-001 -4.087978144339E-002  1.297297499799E-023  1.082792138742E-023  2.145053610572E-024  6.186725955396E+002
 4.786000000000E+000  1.614746662707E-001 -4.180222618753E-002  1.270504504287E-023  1.065350213461E-023  2.051542908251E-024  6.087068405267E+002
 4.842000000000E+000  1.575054704122E-001 -4.268505367927E-002  1.244050293606E-023  1.048105566895E-023  1.959447267108E-024  5.988538042248E+002
 4.898000000000E+000  1.536249796571E-001 -4.351655535373E-002  1.218616535678E-023  1.031406595175E-023  1.872099405033E-024  5.893125489761E+002
 4.955000000000E+000  1.497629527494E-001 -4.431261854995E-002  1.193748461047E-023  1.014969166680E-023  1.787792943664E-024  5.799207311131E+002
 5.012000000000E+000  1.459760729368E-001 -4.507052998974E-002  1.169956903996E-023  9.991711896457E-024  1.707857143507E-024  5.708942752434E+002
 5.070000000000E+000  1.421694720959E-001 -4.583061807159E-002  1.147031329014E-023  9.839584904903E-024  1.630728385234E-024  5.622022283261E+002
 5.129000000000E+000  1.383492796638E-001 -4.655654334717E-002  1.124985401807E-023  9.693444818344E-024  1.556409199723E-024  5.538522539009E+002
 5.188000000000E+000  1.344916062703E-001 -4.723294572078E-002  1.104882365255E-023  9.562849612119E-024  1.485974040428E-024  5.463904639313E+002
 5.248000000000E+000  1.305107524797E-001 -4.786932339174E-002  1.086553222625E-023  9.447463439307E-024  1.418068786940E-024  5.397976692047E+002
 5.309000000000E+000  1.269181829453E-001 -4.847242952118E-002  1.065836305822E-023  9.305622985695E-024  1.352740072520E-024  5.316933619744E+002
 5.370000000000E+000  1.236136686149E-001 -4.903342671021E-002  1.044324871969E-023  9.152320433187E-024  1.290928286499E-024  5.229341472859E+002
 5.432000000000E+000  1.202026965623E-001 -4.956257728898E-002  1.024512433567E-023  9.013632763904E-024  1.231491571763E-024  5.150099800100E+002
 5.495000000000E+000  1.167178742614E-001 -5.005997770345E-002  1.006173723336E-023  8.887352652102E-024  1.174384581254E-024  5.077947406544E+002
 5.559000000000E+000  1.131028128367E-001 -5.050631922540E-002  9.898063263715E-024  8.778564466954E-024  1.119498796761E-024  5.015789337177E+002
 5.623000000000E+000  1.093841475981E-001 -5.090909476637E-002  9.760247537892E-024  8.692631180613E-024  1.067616357279E-024  4.966689821765E+002
 5.688000000000E+000  1.055775966780E-001 -5.126741906967E-002  9.639890225330E-024  8.622133783100E-024  1.017756442230E-024  4.926409876670E+002
 5.754000000000E+000  1.024026799302E-001 -5.159234842654E-002  9.471710697392E-024  8.501782138455E-024  9.699285589364E-025  4.857644818534E+002
 5.821000000000E+000  9.939512254861E-002 -5.188777377406E-002  9.297210843891E-024  8.373113432702E-024  9.240974111888E-025  4.784127659234E+002
 5.888000000000E+000  9.621929021651E-002 -5.215045660469E-002  9.154455583937E-024  8.273620365332E-024  8.808352186050E-025  4.727280521149E+002
 5.957000000000E+000  9.275107528339E-002 -5.236678057003E-002  9.042822662991E-024  8.204091137402E-024  8.387315255894E-025  4.687553757008E+002
 6.026000000000E+000  8.900074601328E-002 -5.254605407160E-002  8.977496887638E-024  8.178492967307E-024  7.990039203317E-025  4.672927786088E+002
 6.095000000000E+000  8.454737951885E-002 -5.269195473701E-002  9.007117313700E-024  8.245589147808E-024  7.615281658922E-025  4.711264385197E+002
 6.166000000000E+000  7.842832653953E-002 -5.281245433080E-002  9.246139780350E-024  8.520980510426E-024  7.251592699234E-025  4.868614150682E+002
 6.237000000000E+000  7.404600924009E-002 -5.295682000645E-002  9.330320008424E-024  8.639447046867E-024  6.908729615567E-025  4.936302118633E+002
 6.310000000000E+000  7.464787428250E-002 -5.396071019827E-002  8.808278911707E-024  8.150759614860E-024  6.575192968463E-025  4.657081840659E+002
 6.383000000000E+000  7.401652328602E-002 -5.296704426586E-002  8.456717112910E-024  7.830780313799E-024  6.259367991109E-025  4.474255961505E+002
 6.457000000000E+000  7.222061400290E-002 -5.297941966534E-002  8.251397073806E-024  7.655476110754E-024  5.959209630520E-025  4.374092779278E+002
 6.531000000000E+000  6.996548031600E-002 -5.297324245290E-002  8.112945030803E-024  7.545318934946E-024  5.676260958575E-025  4.311152512688E+002
 6.607000000000E+000  6.752643511317E-002 -5.296129133010E-002  7.999157246876E-024  7.459002674085E-024  5.401545727912E-025  4.261834177955E+002
 6.683000000000E+000  6.515679096823E-002 -5.293000888070E-002  7.893007563418E-024  7.378724519498E-024  5.142830439203E-025  4.215965822907E+002
 6.761000000000E+000  6.291956594648E-002 -5.287079511503E-002  7.774839089251E-024  7.285649588452E-024  4.891895007994E-025  4.162785801452E+002
 6.839000000000E+000  6.081453945935E-002 -5.279126159038E-002  7.655151148265E-024  7.189606656692E-024  4.655444915735E-025  4.107909959867E+002
 6.918000000000E+000  5.869497778431E-002 -5.269532208626E-002  7.547317727960E-024  7.104328081587E-024  4.429896463738E-025  4.059184525394E+002
 6.998000000000E+000  5.641146406789E-002 -5.259450417464E-002  7.469545804254E-024  7.048177789514E-024  4.213680147401E-025  4.027102054812E+002
 7.080000000000E+000  5.406768181248E-002 -5.247572382245E-002  7.407960827474E-024  7.007429558575E-024  4.005312688992E-025  4.003819826491E+002
 7.161000000000E+000  5.134704596202E-002 -5.234618742330E-002  7.420687435516E-024  7.039657056695E-024  3.810303788212E-025  4.022233582184E+002
 7.244000000000E+000  4.857743920018E-002 -5.219905933465E-002  7.456909420840E-024  7.094671856828E-024  3.622375640121E-025  4.053667269200E+002
 7.328000000000E+000  4.533791482754E-002 -5.203948186996E-002  7.593881685936E-024  7.249590924849E-024  3.442907610874E-025  4.142183041047E+002
 7.413000000000E+000  4.149886550315E-002 -5.186744767519E-002  7.883105857647E-024  7.555965907913E-024  3.271399497336E-025  4.317235850537E+002
 7.499000000000E+000  3.770249448548E-002 -5.167786713862E-002  8.245242571476E-024  7.934376358893E-024  3.108662125825E-025  4.533447409072E+002
 7.586000000000E+000  3.295725679015E-002 -5.146544979175E-002  8.962933360431E-024  8.667539664079E-024  2.953936963527E-025  4.952353336391E+002
 7.674000000000E+000  2.928017783344E-002 -5.122922131076E-002  9.588241269091E-024  9.307495859622E-024  2.807454094689E-025  5.318003719657E+002
 7.762000000000E+000  2.601415007539E-002 -5.097807597446E-002  1.026612493826E-023  9.999060423422E-024  2.670645148365E-025  5.713141464346E+002
 7.852000000000E+000  2.214182912408E-002 -5.072725417603E-002  1.147706583114E-023  1.122294260066E-023  2.541232304788E-025  6.412428369129E+002
 7.943000000000E+000  1.920449310611E-002 -5.044142703202E-002  1.259822347293E-023  1.235628097709E-023  2.419424958351E-025  7.059981458855E+002
 8.035000000000E+000  1.651300829175E-002 -5.008967406060E-002  1.396713268683E-023  1.373649330896E-023  2.306393778697E-025  7.848590384984E+002
 8.128000000000E+000  1.393482833967E-002 -4.964657958917E-002  1.580732181437E-023  1.558704949838E-023  2.202723159933E-025  8.905938660739E+002
 8.222000000000E+000  1.187233939207E-002 -4.915371179335E-002  1.773629332402E-023  1.752572203012E-023  2.105712939001E-025  1.001363377987E+003
 8.318000000000E+000  1.024296381159E-002 -4.858389080482E-002  1.966676357351E-023  1.946531762594E-023  2.014459475746E-025  1.112185630811E+003
 8.414000000000E+000  9.000797154568E-003 -4.798018138424E-002  2.143757393199E-023  2.124461867754E-023  1.929552544479E-025  1.213849169034E+003
 8.511000000000E+000  8.012582753323E-003 -4.737058142665E-002  2.307303735435E-023  2.288816273318E-023  1.848746211722E-025  1.307755989226E+003
 8.610000000000E+000  7.176380390285E-003 -4.670863043456E-002  2.468783686778E-023  2.451066755940E-023  1.771693083765E-025  1.400460695531E+003
 8.710000000000E+000  6.423953734335E-003 -4.596762157910E-002  2.647220249780E-023  2.630214629371E-023  1.700562040918E-025  1.502820027369E+003
 8.811000000000E+000  5.723220100544E-003 -4.511146920055E-002  2.859461695083E-023  2.843096366433E-023  1.636532865003E-025  1.624453803694E+003
 8.913000000000E+000  5.089049068819E-003 -4.411612592365E-002  3.104342480394E-023  3.088544329185E-023  1.579815120914E-025  1.764694873751E+003
 9.016000000000E+000  4.543136591650E-003 -4.298511438570E-002  3.367678652951E-023  3.352378828834E-023  1.529982411714E-025  1.915441419510E+003
 9.120000000000E+000  4.094529040252E-003 -4.174724947032E-002  3.629243736211E-023  3.614383692339E-023  1.486004387207E-025  2.065142570035E+003
 9.226000000000E+000  3.756593466007E-003 -4.047819313470E-002  3.845616191430E-023  3.831169774772E-023  1.444641665750E-025  2.189007163706E+003
 9.333000000000E+000  3.517385408946E-003 -3.928429683778E-002  3.989320329472E-023  3.975288352353E-023  1.403197711850E-025  2.271351882759E+003
 9.441000000000E+000  3.353856241150E-003 -3.820391524551E-002  4.055405273834E-023  4.041804027546E-023  1.360124628804E-025  2.309356799809E+003
 9.550000000000E+000  3.247078720772E-003 -3.725832963960E-002  4.048788443305E-023  4.035641708506E-023  1.314673479916E-025  2.305835848947E+003
 9.660000000000E+000  3.183401080942E-003 -3.649595799150E-002  3.975917604546E-023  3.963260664146E-023  1.265694040005E-025  2.264479648638E+003
 9.772000000000E+000  3.135810826471E-003 -3.585984322817E-002  3.872086058174E-023  3.859943928791E-023  1.214212938225E-025  2.205447789672E+003
 9.885000000000E+000  3.090089792046E-003 -3.525418788502E-002  3.767849144338E-023  3.756206152159E-023  1.164299217889E-025  2.146175361264E+003
 1.000000000000E+001  3.041728200287E-003 -3.466969150895E-002  3.668166521139E-023  3.657008955588E-023  1.115756555070E-025  2.089497274235E+003
 1.012000000000E+001  2.987275862419E-003 -3.404564837902E-002  3.578331676329E-023  3.567642212485E-023  1.068946384443E-025  2.038435992081E+003
 1.023000000000E+001  2.948974147464E-003 -3.347728354178E-002  3.488531533402E-023  3.478243944097E-023  1.028758930461E-025  1.987356697394E+003
 1.035000000000E+001  2.922253965379E-003 -3.288450914168E-002  3.377328311908E-023  3.367458900856E-023  9.869411051858E-026  1.924057687550E+003
 1.047000000000E+001  2.930048295116E-003 -3.239423808557E-002  3.224615378999E-023  3.215167100205E-023  9.448278793639E-026  1.837043051761E+003
 1.059000000000E+001  2.952192751626E-003 -3.203724284179E-002  3.054847850769E-023  3.045829351086E-023  9.018499682359E-026  1.740288909371E+003
 1.072000000000E+001  2.978858584953E-003 -3.172291781423E-002  2.875054881505E-023  2.866490499589E-023  8.564381915980E-026  1.637820458810E+003
 1.084000000000E+001  2.990715313355E-003 -3.148597086995E-002  2.727959620509E-023  2.719801069897E-023  8.158550611269E-026  1.554006837563E+003
 1.097000000000E+001  2.991134625338E-003 -3.121447530828E-002  2.591193390521E-023  2.583442782250E-023  7.750608271334E-026  1.476096098536E+003
 1.109000000000E+001  2.984902005115E-003 -3.096719813269E-002  2.478267634415E-023  2.470870248383E-023  7.397386031176E-026  1.411775774051E+003
 1.122000000000E+001  2.963063717480E-003 -3.074482864417E-002  2.372598582881E-023  2.365568422104E-023  7.030160777079E-026  1.351609697988E+003
 1.135000000000E+001  2.966335525879E-003 -3.057855354332E-002  2.251258577685E-023  2.244580589388E-023  6.677988296929E-026  1.282481142454E+003
 1.148000000000E+001  2.930314895237E-003 -3.091848397027E-002  2.144208244124E-023  2.137925038768E-023  6.283205356248E-026  1.221541591852E+003
 1.161000000000E+001  3.010391711084E-003 -2.952328882800E-002  2.035382170715E-023  2.029254873099E-023  6.127297615608E-026  1.159450955019E+003
 1.175000000000E+001  2.999018797746E-003 -2.948782223626E-002  1.932626332508E-023  1.926830349808E-023  5.795982700210E-026  1.100928877324E+003
 1.189000000000E+001  3.004994435956E-003 -2.931835583698E-002  1.830325585438E-023  1.824825467237E-023  5.500118200227E-026  1.042646568836E+003
 1.202000000000E+001  3.013026101650E-003 -2.918571815479E-002  1.738857180600E-023  1.733617958528E-023  5.239222072189E-026  9.905335324306E+002
 1.216000000000E+001  3.028577396452E-003 -2.904830985346E-002  1.642797567799E-023  1.637822228219E-023  4.975339580784E-026  9.357989338024E+002
 1.230000000000E+001  3.026549100333E-003 -2.891496827827E-002  1.561992162222E-023  1.557264716249E-023  4.727445973300E-026  8.897709629320E+002
 1.244000000000E+001  3.020673687100E-003 -2.884165098715E-002  1.488280555146E-023  1.483784945234E-023  4.495609911951E-026  8.477869855581E+002
 1.259000000000E+001  3.019505790092E-003 -2.882125527683E-002  1.411553820484E-023  1.407291625550E-023  4.262194933978E-026  8.040811634186E+002
 1.273000000000E+001  3.026186089405E-003 -2.881205814088E-002  1.340123959258E-023  1.336068494774E-023  4.055464483584E-026  7.633865576830E+002
 1.288000000000E+001  3.044083016916E-003 -2.881039285703E-002  1.263364779458E-023  1.259518992189E-023  3.845787269318E-026  7.196486344406E+002
 1.303000000000E+001  3.040019256649E-003 -2.881604233563E-002  1.200075030445E-023  1.196426779243E-023  3.648251201976E-026  6.835997735882E+002
 1.318000000000E+001  3.033245006357E-003 -2.882521214916E-002  1.141622047872E-023  1.138159228496E-023  3.462819375856E-026  6.503075695111E+002
 1.334000000000E+001  3.014904018202E-003 -2.884147140846E-002  1.086746145640E-023  1.083469710319E-023  3.276435321255E-026  6.190597381416E+002
 1.349000000000E+001  3.002335206302E-003 -2.886171853846E-002  1.036673664307E-023  1.033561222467E-023  3.112441839796E-026  5.905436336985E+002
 1.365000000000E+001  2.965432282548E-003 -2.891715891364E-002  9.931367587731E-024  9.901916789677E-024  2.945079805451E-026  5.657636717055E+002
 1.380000000000E+001  2.929015303224E-003 -2.897217509974E-002  9.552169090660E-024  9.524190641214E-024  2.797844944552E-026  5.441816146965E+002
 1.396000000000E+001  2.834050818757E-003 -2.903005047138E-002  9.351450597751E-024  9.324948111528E-024  2.650248622312E-026  5.327975374971E+002
 1.412000000000E+001  2.732185375237E-003 -2.908469497705E-002  9.195137754016E-024  9.170014933121E-024  2.512282089481E-026  5.239451540904E+002
 1.429000000000E+001  2.576242887215E-003 -2.910252456711E-002  9.229534854580E-024  9.205757331059E-024  2.377752352142E-026  5.259873597281E+002
 1.445000000000E+001  2.431999645246E-003 -2.911194755135E-002  9.291877175304E-024  9.269279333310E-024  2.259784199401E-026  5.296168025917E+002
 1.462000000000E+001  2.260945274686E-003 -2.907091962386E-002  9.490885005065E-024  9.469426633461E-024  2.145837160479E-026  5.410525754648E+002
 1.479000000000E+001  2.102014297069E-003 -2.902105357648E-002  9.702298864698E-024  9.681904493770E-024  2.039437092803E-026  5.531928768790E+002
 1.496000000000E+001  1.952889439714E-003 -2.891746371907E-002  9.944005314381E-024  9.924585771414E-024  1.941954296691E-026  5.670589043978E+002
 1.514000000000E+001  1.807762327962E-003 -2.879199139945E-002  1.021121156156E-023  1.019275211798E-023  1.845944358384E-026  5.823810667712E+002
 1.531000000000E+001  1.679004650264E-003 -2.865378729376E-002  1.049432882313E-023  1.047670879624E-023  1.762002689544E-026  5.986054379015E+002
 1.549000000000E+001  1.554469919673E-003 -2.850869300868E-002  1.079798899266E-023  1.078120384358E-023  1.678514908206E-026  6.160033053710E+002
 1.567000000000E+001  1.440141403683E-003 -2.833617382719E-002  1.112439638075E-023  1.110837567693E-023  1.602070381890E-026  6.346968514438E+002
 1.585000000000E+001  1.336182115308E-003 -2.816248306601E-002  1.145332835717E-023  1.143802462466E-023  1.530373251161E-026  6.535319318633E+002
 1.603000000000E+001  1.241602819819E-003 -2.798679411921E-002  1.179062901462E-023  1.177598973639E-023  1.463927823200E-026  6.728421711412E+002
 1.622000000000E+001  1.150925360499E-003 -2.779937045844E-002  1.215025870721E-023  1.213627466633E-023  1.398404088275E-026  6.934276930309E+002
 1.641000000000E+001  1.068793758539E-003 -2.760557850865E-002  1.251752545495E-023  1.250414680188E-023  1.337865307861E-026  7.144467234414E+002
 1.660000000000E+001  9.973387826066E-004 -2.740517874274E-002  1.285291543210E-023  1.284009672107E-023  1.281871102999E-026  7.336418211006E+002
 1.679000000000E+001  9.328379594073E-004 -2.720237200852E-002  1.317829978385E-023  1.316600656557E-023  1.229321827882E-026  7.522632611902E+002
 1.698000000000E+001  8.767287101239E-004 -2.699780374525E-002  1.346140230936E-023  1.344960031148E-023  1.180199788315E-026  7.684668955335E+002
 1.718000000000E+001  8.232031573281E-004 -2.678083117419E-002  1.374538711732E-023  1.373407187125E-023  1.131524607368E-026  7.847206853370E+002
 1.738000000000E+001  7.770204661651E-004 -2.653293236310E-002  1.398442368936E-023  1.397355750594E-023  1.086618341415E-026  7.984041240977E+002
 1.758000000000E+001  7.360450068360E-004 -2.627866737204E-002  1.419031499771E-023  1.417987028721E-023  1.044471049949E-026  8.101921727278E+002
 1.778000000000E+001  6.999114390191E-004 -2.603426399642E-002  1.435231483017E-023  1.434226948085E-023  1.004534932604E-026  8.194711402274E+002
 1.799000000000E+001  6.680828566458E-004 -2.579773647162E-002  1.443877507778E-023  1.442912877968E-023  9.646298100429E-027  8.244340011435E+002
 1.820000000000E+001  6.388443172642E-004 -2.556486302920E-002  1.450865754641E-023  1.449938877298E-023  9.268773424655E-027  8.284484311402E+002
 1.841000000000E+001  6.152423712585E-004 -2.534292653017E-002  1.448513392006E-023  1.447622205192E-023  8.911868140972E-027  8.271247592239E+002
 1.862000000000E+001  5.939945692224E-004 -2.512790914696E-002  1.443269443822E-023  1.442412149611E-023  8.572942115549E-027  8.241479010681E+002
 1.884000000000E+001  5.743435957147E-004 -2.492944693407E-002  1.433282923270E-023  1.432459726402E-023  8.231968678275E-027  8.184614066083E+002
 1.906000000000E+001  5.587869027455E-004 -2.479839530461E-002  1.413329167399E-023  1.412539417571E-023  7.897498280110E-027  8.070795829622E+002
 1.927000000000E+001  5.447606365521E-004 -2.467699135778E-002  1.394028726165E-023  1.393269314189E-023  7.594119762377E-027  7.960692657932E+002
 1.950000000000E+001  5.320348367618E-004 -2.463374463738E-002  1.367042547094E-023  1.366315232836E-023  7.273142583897E-027  7.806685707985E+002
 1.972000000000E+001  5.217678039276E-004 -2.465741342380E-002  1.337393822918E-023  1.336696013880E-023  6.978090379702E-027  7.637451019133E+002
 1.995000000000E+001  5.114737785330E-004 -2.467987664270E-002  1.307133519495E-023  1.306464954975E-023  6.685645202634E-027  7.464720473634E+002
 2.018000000000E+001  5.018523719276E-004 -2.474559548739E-002  1.274332223064E-023  1.273692696415E-023  6.395266487685E-027  7.277470330792E+002
 2.042000000000E+001  4.912897881263E-004 -2.480749071626E-002  1.242952274778E-023  1.242341625018E-023  6.106497597266E-027  7.098340394210E+002
 2.065000000000E+001  4.801790251658E-004 -2.484071065632E-002  1.217555146266E-023  1.216970501823E-023  5.846444432196E-027  6.953377957956E+002
 2.089000000000E+001  4.691890143135E-004 -2.487563542669E-002  1.191441266441E-023  1.190882255288E-023  5.590111534139E-027  6.804318109630E+002
 2.114000000000E+001  4.581780157313E-004 -2.490351710138E-002  1.164852129867E-023  1.164318420230E-023  5.337096374829E-027  6.652540901478E+002
 2.138000000000E+001  4.479734222060E-004 -2.492189423236E-002  1.140004740403E-023  1.139494048578E-023  5.106918248896E-027  6.510702427660E+002
 2.163000000000E+001  4.366213800406E-004 -2.492736819607E-002  1.117770614136E-023  1.117282571588E-023  4.880425481129E-027  6.383793193386E+002
 2.188000000000E+001  4.257828867040E-004 -2.491911288206E-002  1.096354872773E-023  1.095888063630E-023  4.668091425811E-027  6.261551857353E+002
 2.213000000000E+001  4.154239117314E-004 -2.489784940492E-002  1.075726213829E-023  1.075279331437E-023  4.468823917008E-027  6.143800191264E+002
 2.239000000000E+001  4.060442949178E-004 -2.487880371971E-002  1.051786560645E-023  1.051359488713E-023  4.270719324211E-027  6.007129904754E+002
 2.265000000000E+001  3.965040939167E-004 -2.486317710764E-002  1.029744111381E-023  1.029335813625E-023  4.082977558490E-027  5.881293710138E+002
 2.291000000000E+001  3.865935304623E-004 -2.485351016153E-002  1.010015403594E-023  1.009624938173E-023  3.904654206966E-027  5.768672108633E+002
 2.317000000000E+001  3.764310917009E-004 -2.482108615002E-002  9.933079575264E-024  9.929340455275E-024  3.739119988468E-027  5.673305717381E+002
 2.344000000000E+001  3.662306708189E-004 -2.477932683672E-002  9.769429986932E-024  9.765852122035E-024  3.577864897632E-027  5.579893743054E+002
 2.371000000000E+001  3.568666721314E-004 -2.473931094253E-002  9.601319261051E-024  9.597892870199E-024  3.426390852762E-027  5.483927229666E+002
 2.399000000000E+001  3.472029309992E-004 -2.471002633482E-002  9.441795218558E-024  9.438516999584E-024  3.278218973778E-027  5.392864984189E+002
 2.427000000000E+001  3.376431931343E-004 -2.468966326730E-002  9.295694917066E-024  9.292556288951E-024  3.138628114201E-027  5.309467729570E+002
 2.455000000000E+001  3.284937448810E-004 -2.475308243338E-002  9.161756237307E-024  9.158746657691E-024  3.009579616080E-027  5.233013210814E+002
 2.483000000000E+001  3.197759229201E-004 -2.481953549296E-002  9.032663252784E-024  9.029774824556E-024  2.888428228085E-027  5.159322854279E+002
 2.512000000000E+001  3.113212768649E-004 -2.484263814894E-002  8.896732152222E-024  8.893962410209E-024  2.769742013554E-027  5.081724009696E+002
 2.541000000000E+001  3.029000377021E-004 -2.480168622433E-002  8.776346844433E-024  8.773688488643E-024  2.658355790065E-027  5.013003360026E+002
 2.570000000000E+001  2.948482712753E-004 -2.474784363958E-002  8.661460197752E-024  8.658906381186E-024  2.553816566027E-027  4.947420556272E+002
 2.600000000000E+001  2.868903169492E-004 -2.467846711910E-002  8.548193825653E-024  8.545741431617E-024  2.452394035984E-027  4.882761744512E+002
 2.630000000000E+001  2.792936604821E-004 -2.459506859701E-002  8.440399825408E-024  8.438042475245E-024  2.357350163171E-027  4.821226025428E+002
 2.661000000000E+001  2.718070713544E-004 -2.449404558482E-002  8.334547542151E-024  8.332282153193E-024  2.265388958496E-027  4.760797979631E+002
 2.692000000000E+001  2.646743671186E-004 -2.437783168447E-002  8.234104249291E-024  8.231924892960E-024  2.179356330969E-027  4.703457069545E+002
 2.723000000000E+001  2.578813102228E-004 -2.424634360070E-002  8.138852606529E-024  8.136753748555E-024  2.098857973882E-027  4.649079339210E+002
 2.754000000000E+001  2.514148678116E-004 -2.409952667940E-002  8.048574836790E-024  8.046551305412E-024  2.023531378663E-027  4.597540564937E+002
 2.786000000000E+001  2.450400356110E-004 -2.387167661727E-002  7.962915028023E-024  7.960963795041E-024  1.951232982034E-027  4.548638614791E+002
 2.818000000000E+001  2.390138307722E-004 -2.363103965589E-002  7.880291731884E-024  7.878408233169E-024  1.883498714440E-027  4.501469022482E+002
 2.851000000000E+001  2.331507356350E-004 -2.337265784140E-002  7.797784828620E-024  7.795966769350E-024  1.818059269116E-027  4.454364622131E+002
 2.884000000000E+001  2.276295169876E-004 -2.310460864261E-002  7.717655172111E-024  7.715898405991E-024  1.756766119105E-027  4.408616135041E+002
 2.917000000000E+001  2.224358932320E-004 -2.282771900369E-002  7.639523577087E-024  7.637824272836E-024  1.699304250736E-027  4.364007086937E+002
 2.951000000000E+001  2.174131916347E-004 -2.253417928842E-002  7.560700284494E-024  7.559056488514E-024  1.643795979845E-027  4.319001708871E+002
 2.985000000000E+001  2.127096569769E-004 -2.223338336586E-002  7.483141209101E-024  7.481549472702E-024  1.591736399697E-027  4.274716693373E+002
 3.020000000000E+001  2.081349574864E-004 -2.190825900033E-002  7.396961341384E-024  7.395421775150E-024  1.539566234317E-027  4.225506097649E+002
 3.055000000000E+001  2.038212215322E-004 -2.157783242822E-002  7.304875683402E-024  7.303386794717E-024  1.488888684932E-027  4.172920270521E+002
 3.090000000000E+001  1.997863657636E-004 -2.125189080226E-002  7.211596088091E-024  7.210155309518E-024  1.440778573795E-027  4.119650799058E+002
 3.126000000000E+001  1.959087388410E-004 -2.092257422357E-002  7.114126308896E-024  7.112732589383E-024  1.393719513132E-027  4.063986590782E+002
 3.162000000000E+001  1.922892851022E-004 -2.060051016615E-002  7.014864355231E-024  7.013515471979E-024  1.348883251956E-027  4.007297121631E+002
 3.199000000000E+001  1.888197497124E-004 -2.027828238806E-002  6.910765103800E-024  6.909460214863E-024  1.304888937221E-027  3.947843295088E+002
 3.236000000000E+001  1.855858401061E-004 -1.996610644443E-002  6.804394121297E-024  6.803131322098E-024  1.262799199414E-027  3.887090386275E+002
 3.273000000000E+001  1.825698685522E-004 -1.966501937143E-002  6.695644741743E-024  6.694422318763E-024  1.222422980372E-027  3.824977558849E+002
 3.311000000000E+001  1.796814551593E-004 -1.936828204355E-002  6.581432009825E-024  6.580249448545E-024  1.182561280557E-027  3.759742853655E+002
 3.350000000000E+001  1.769191310631E-004 -1.907773881882E-002  6.461571153270E-024  6.460427977717E-024  1.143175553739E-027  3.691280719782E+002
 3.388000000000E+001  1.739339563961E-004 -1.878895810287E-002  6.338501151861E-024  6.337398671278E-024  1.102480582964E-027  3.620985731835E+002
 3.428000000000E+001  1.709385308663E-004 -1.850123534135E-002  6.207759000125E-024  6.206697854921E-024  1.061145203453E-027  3.546307489908E+002
 3.467000000000E+001  1.681606298687E-004 -1.823683412777E-002  6.079535044567E-024  6.078512706124E-024  1.022338442403E-027  3.473066619496E+002
 3.508000000000E+001  1.653778176263E-004 -1.797545811163E-002  5.944291633598E-024  5.943308579620E-024  9.830539776988E-028  3.395815331018E+002
 3.548000000000E+001  1.627859460850E-004 -1.773619186110E-002  5.812260756592E-024  5.811314602226E-024  9.461543661547E-028  3.320398218473E+002
 3.589000000000E+001  1.602433892033E-004 -1.750634282689E-002  5.677202409397E-024  5.676292675242E-024  9.097341552749E-028  3.243251032940E+002
 3.631000000000E+001  1.577471764955E-004 -1.728623814867E-002  5.539506261334E-024  5.538632419862E-024  8.738414719044E-028  3.164596391434E+002
 3.673000000000E+001  1.553501316911E-004 -1.708080537396E-002  5.402834431297E-024  5.401995100257E-024  8.393310404074E-028  3.086526222522E+002
 3.715000000000E+001  1.530428503101E-004 -1.688916177691E-002  5.267524630349E-024  5.266718473366E-024  8.061569835073E-028  3.009233509655E+002
 3.758000000000E+001  1.507598951028E-004 -1.670572199201E-002  5.130685183848E-024  5.129911682287E-024  7.735015601226E-028  2.931066510195E+002
 3.802000000000E+001  1.482674717298E-004 -1.650154692980E-002  4.991400256625E-024  4.990660194329E-024  7.400622964412E-028  2.851502689582E+002
 3.846000000000E+001  1.458547406722E-004 -1.630736264384E-002  4.855523359422E-024  4.854815158321E-024  7.082011004161E-028  2.773885206031E+002
 3.890000000000E+001  1.435165501387E-004 -1.612236631892E-002  4.723139837761E-024  4.722461989026E-024  6.778487353383E-028  2.698262862789E+002
 3.935000000000E+001  1.411975604492E-004 -1.594189282653E-002  4.591419858577E-024  4.590771561294E-024  6.482972830292E-028  2.623019188756E+002
 3.981000000000E+001  1.388981703774E-004 -1.576577002110E-002  4.460644587437E-024  4.460025012065E-024  6.195753718990E-028  2.548314816537E+002
 4.027000000000E+001  1.366666157722E-004 -1.559738291312E-002  4.333791720870E-024  4.333199436222E-024  5.922846479528E-028  2.475850762375E+002
 4.074000000000E+001  1.344528143194E-004 -1.543263689742E-002  4.208216387499E-024  4.207650580962E-024  5.658065365642E-028  2.404116185283E+002
 4.121000000000E+001  1.323025470692E-004 -1.527463231889E-002  4.086681826202E-024  4.086141147787E-024  5.406784146679E-028  2.334689604026E+002
 4.169000000000E+001  1.299888786691E-004 -1.508064172155E-002  3.969207766208E-024  3.968691813341E-024  5.159528667339E-028  2.267582832573E+002
 4.217000000000E+001  1.276893191146E-004 -1.487902389244E-002  3.856620200654E-024  3.856127751446E-024  4.924492075052E-028  2.203267348700E+002
 4.266000000000E+001  1.254154963926E-004 -1.467793997861E-002  3.745741560343E-024  3.745271786306E-024  4.697740371490E-028  2.139927816365E+002
 4.315000000000E+001  1.232129547951E-004 -1.448129616964E-002  3.638819549723E-024  3.638371200014E-024  4.483497086875E-028  2.078848260262E+002
 4.365000000000E+001  1.210359075847E-004 -1.428489589823E-002  3.533647068936E-024  3.533219370756E-024  4.276981800728E-028  2.018767887672E+002
 4.416000000000E+001  1.188856410966E-004 -1.408869578637E-002  3.430307790152E-024  3.429899975812E-024  4.078143407908E-028  1.959734509101E+002
 4.467000000000E+001  1.168035383546E-004 -1.389638980087E-002  3.330787576873E-024  3.330398529098E-024  3.890477744862E-028  1.902882583329E+002
 4.519000000000E+001  1.147012527261E-004 -1.366068545592E-002  3.234037106177E-024  3.233666158070E-024  3.709481074414E-028  1.847612818325E+002
 4.571000000000E+001  1.124877478858E-004 -1.325758802783E-002  3.144534125948E-024  3.144180404387E-024  3.537215619780E-028  1.796483537354E+002
 4.624000000000E+001  1.103100278623E-004 -1.285141998558E-002  3.056634861119E-024  3.056297683642E-024  3.371774766949E-028  1.746270177836E+002
 4.677000000000E+001  1.082080484624E-004 -1.244983787755E-002  2.971938556331E-024  2.971616968660E-024  3.215876713309E-028  1.697886341405E+002
 4.731000000000E+001  1.061410014890E-004 -1.204526498524E-002  2.888786010716E-024  2.888479392076E-024  3.066186402649E-028  1.650384204612E+002
 4.786000000000E+001  1.041097866048E-004 -1.163783574322E-002  2.807201245070E-024  2.806908987947E-024  2.922571225809E-028  1.603777499746E+002
 4.842000000000E+001  1.021152039858E-004 -1.122768873927E-002  2.727202846820E-024  2.726924357945E-024  2.784888750136E-028  1.558076855203E+002
 4.898000000000E+001  1.001916792069E-004 -1.082216653715E-002  2.650154298616E-024  2.649888775207E-024  2.655234093358E-028  1.514061201398E+002
 4.954000000000E+001  9.833619553180E-005 -1.042117106140E-002  2.575915141830E-024  2.575661836135E-024  2.533056950603E-028  1.471650316233E+002
 5.012000000000E+001  9.645536354989E-005 -9.969689390704E-003  2.502422945822E-024  2.502181573707E-024  2.413721149949E-028  1.429666058081E+002
 5.070000000000E+001  9.454653652929E-005 -9.378206794345E-003  2.433624221598E-024  2.433394130857E-024  2.300907413659E-028  1.390363126072E+002
 5.129000000000E+001  9.267800743816E-005 -8.784280541609E-003  2.366124238989E-024  2.365904951309E-024  2.192876798206E-028  1.351801979950E+002
 5.188000000000E+001  9.085623107195E-005 -8.187578309593E-003  2.301520900226E-024  2.301311792712E-024  2.091075147279E-028  1.314895527037E+002
 5.248000000000E+001  8.903443682188E-005 -7.571645824789E-003  2.238963284748E-024  2.238763939913E-024  1.993448351224E-028  1.279157696061E+002
 5.309000000000E+001  8.725394585650E-005 -6.954936266048E-003  2.177567344684E-024  2.177377343341E-024  1.900013431919E-028  1.244083369536E+002
 5.370000000000E+001  8.554239868287E-005 -6.347671283077E-003  2.118288794878E-024  2.118107591373E-024  1.812035046169E-028  1.210218539921E+002
 5.433000000000E+001  8.380430174429E-005 -5.702678940475E-003  2.060028040271E-024  2.059855401060E-024  1.726392114886E-028  1.176935112302E+002
 5.495000000000E+001  8.214288560042E-005 -5.065887524684E-003  2.005029309787E-024  2.004864610894E-024  1.646988932193E-028  1.145515143810E+002
 5.559000000000E+001  8.049581542617E-005 -4.420344610255E-003  1.950160611562E-024  1.950003631793E-024  1.569797686397E-028  1.114169345184E+002
 5.623000000000E+001  7.891453942096E-005 -3.786613505861E-003  1.897137133943E-024  1.896987422240E-024  1.497117031435E-028  1.083877588534E+002
 5.688000000000E+001  7.731819602074E-005 -3.136406527918E-003  1.846261506304E-024  1.846118756695E-024  1.427496090500E-028  1.054812869445E+002
 5.754000000000E+001  7.574983915662E-005 -2.486122918988E-003  1.796584741080E-024  1.796448650075E-024  1.360910051680E-028  1.026432968369E+002
 5.821000000000E+001  7.422270971696E-005 -1.840903102323E-003  1.747813070536E-024  1.747683343114E-024  1.297274221739E-028  9.985700407112E+001
 5.888000000000E+001  7.275793661299E-005 -1.210458925053E-003  1.700636172626E-024  1.700512437847E-024  1.237347788497E-028  9.716181028912E+001
 5.957000000000E+001  7.125539541394E-005 -5.749060687384E-004  1.654839716022E-024  1.654721799764E-024  1.179162583118E-028  9.454548053377E+001
 6.026000000000E+001  6.979860119575E-005  4.401475054581E-005  1.610870511125E-024  1.610758074617E-024  1.124365083840E-028  9.203353470659E+001
 6.095000000000E+001  6.840181405041E-005  6.459514105937E-004  1.568292486397E-024  1.568185212346E-024  1.072740510312E-028  8.960105830988E+001
 6.166000000000E+001  6.702416682925E-005  1.247976822545E-003  1.525868797306E-024  1.525766527222E-024  1.022700848302E-028  8.717739109930E+001
 6.237000000000E+001  6.568283519264E-005  1.835565798159E-003  1.485244314529E-024  1.485146759471E-024  9.755505753198E-029  8.485650824050E+001
 6.310000000000E+001  6.434284835748E-005  2.422924379980E-003  1.445192223023E-024  1.445099235239E-024  9.298778405338E-029  8.256832153548E+001
 6.383000000000E+001  6.304465116983E-005  2.986709840025E-003  1.406710269857E-024  1.406621584299E-024  8.868555826017E-029  8.036983234023E+001
 6.457000000000E+001  6.175552928767E-005  3.530197247536E-003  1.369512502396E-024  1.369427927427E-024  8.457496945157E-029  7.824470643551E+001
 6.531000000000E+001  6.051858625408E-005  4.052351061534E-003  1.333498728757E-024  1.333418027299E-024  8.070145783597E-029  7.618721658310E+001
 6.607000000000E+001  5.927706205517E-005  4.553109580349E-003  1.298172418150E-024  1.298095466303E-024  7.695184698900E-029  7.416899907760E+001
 6.683000000000E+001  5.808810103131E-005  5.032807446708E-003  1.263925528207E-024  1.263852109173E-024  7.341903377853E-029  7.221244380926E+001
 6.761000000000E+001  5.689933280039E-005  5.489793864560E-003  1.230283062061E-024  1.230213059776E-024  7.000228538690E-029  7.029041674077E+001
 6.839000000000E+001  5.575484620451E-005  5.920901650176E-003  1.197799540832E-024  1.197732757703E-024  6.678312918291E-029  6.843459676678E+001
 6.918000000000E+001  5.462751462778E-005  6.330756154256E-003  1.166247048454E-024  1.166183339276E-024  6.370917769901E-029  6.663196448978E+001
 6.998000000000E+001  5.350613730729E-005  6.715323107762E-003  1.135826524658E-024  1.135765750968E-024  6.077368998559E-029  6.489400134474E+001
 7.079000000000E+001  5.243409298459E-005  7.082431146092E-003  1.105676393927E-024  1.105618418789E-024  5.797513885006E-029  6.317147976554E+001
 7.161000000000E+001  5.135155154827E-005  7.417522010026E-003  1.076939408836E-024  1.076884106327E-024  5.530250956723E-029  6.152969358740E+001
 7.244000000000E+001  5.029930721149E-005  7.734532334926E-003  1.048781319989E-024  1.048728567015E-024  5.275297381180E-029  5.992097664521E+001
 7.328000000000E+001  4.926911710694E-005  8.025247911251E-003  1.021355124398E-024  1.021304803133E-024  5.032126523175E-029  5.835407099698E+001
 7.413000000000E+001  4.825592978258E-005  8.285452920388E-003  9.947411315060E-025  9.946931293479E-025  4.800215819380E-029  5.683356556448E+001
 7.499000000000E+001  4.727488509969E-005  8.528974184548E-003  9.686087028522E-025  9.685629119870E-025  4.579086513390E-029  5.534056900325E+001
 7.586000000000E+001  4.630347314491E-005  8.736887284667E-003  9.433935831169E-025  9.433499007175E-025  4.368239944093E-029  5.389997864751E+001
 7.674000000000E+001  4.535854591819E-005  8.924466530379E-003  9.187308333573E-025  9.186891610626E-025  4.167229469130E-029  5.249094331521E+001
 7.762000000000E+001  4.444892235261E-005  9.092573553714E-003  8.948903638625E-025  8.948505869502E-025  3.977691229742E-029  5.112888387717E+001
 7.852000000000E+001  4.352804845961E-005  9.235769262925E-003  8.718114414964E-025  8.717734932458E-025  3.794825067310E-029  4.981033298002E+001
 7.943000000000E+001  4.263692070046E-005  9.363022164009E-003  8.491547549836E-025  8.491185496396E-025  3.620534395065E-029  4.851590238147E+001
 8.035000000000E+001  4.176440407267E-005  9.453005561981E-003  8.271207171009E-025  8.270861728970E-025  3.454420384588E-029  4.725704325075E+001
 8.128000000000E+001  4.090406268770E-005  9.494470893604E-003  8.058129255929E-025  8.057799645705E-025  3.296102242301E-029  4.603967504730E+001
 8.222000000000E+001  4.007168124513E-005  9.522604931969E-003  7.849006287097E-025  7.848691764219E-025  3.145228780276E-029  4.484489988079E+001
 8.318000000000E+001  3.923994598803E-005  9.511321510598E-003  7.645148504793E-025  7.644848509579E-025  2.999952143985E-029  4.368020509848E+001
 8.414000000000E+001  3.842884933142E-005  9.467006264831E-003  7.450057507029E-025  7.449771209892E-025  2.862971374480E-029  4.256559616284E+001
 8.511000000000E+001  3.764424293340E-005  9.412935650293E-003  7.258587551615E-025  7.258314307582E-025  2.732440331463E-029  4.147167301316E+001
 8.610000000000E+001  3.686070342282E-005  9.309716297131E-003  7.072110086513E-025  7.071849403561E-025  2.606829524725E-029  4.040627253582E+001
 8.710000000000E+001  3.609167614250E-005  9.173850730881E-003  6.891390832511E-025  6.891142110665E-025  2.487218460984E-029  3.937376919628E+001
 8.811000000000E+001  3.534812523715E-005  9.033029903141E-003  6.714117857800E-025  6.713880526321E-025  2.373314788945E-029  3.836095352694E+001
 8.912000000000E+001  3.461685389665E-005  8.872278197872E-003  6.545577101162E-025  6.545350513876E-025  2.265872861802E-029  3.739802725055E+001
 9.016000000000E+001  3.388007727522E-005  8.692434534195E-003  6.379947640731E-025  6.379731487612E-025  2.161531190799E-029  3.645173341277E+001
 9.120000000000E+001  3.317473759311E-005  8.513428192953E-003  6.219013996432E-025  6.218807682275E-025  2.063141574195E-029  3.553226655694E+001
 9.226000000000E+001  3.247677798003E-005  8.324263442439E-003  6.061471798305E-025  6.061274941231E-025  1.968570738257E-029  3.463217515161E+001
 9.332000000000E+001  3.179377624646E-005  8.125413039649E-003  5.911138893294E-025  5.910950955867E-025  1.879374273351E-029  3.377327225724E+001
 9.441000000000E+001  3.112136955335E-005  7.924107298432E-003  5.760894602125E-025  5.760715315195E-025  1.792869298706E-029  3.291487413602E+001
 9.550000000000E+001  3.047419263359E-005  7.724193559364E-003  5.615544701810E-025  5.615373572619E-025  1.711291909855E-029  3.208443817419E+001
 9.661000000000E+001  2.981566897486E-005  7.509259226828E-003  5.476730440202E-025  5.476567147820E-025  1.632923818696E-029  3.129134291578E+001
 9.772000000000E+001  2.918498017956E-005  7.298907207273E-003  5.341774472235E-025  5.341618572653E-025  1.558995820958E-029  3.052029016912E+001
 9.886000000000E+001  2.856483078039E-005  7.087710892553E-003  5.207023553056E-025  5.206874815309E-025  1.487377466625E-029  2.975040768563E+001
 1.000000000000E+002  2.797098632421E-005  6.880888251917E-003  5.076074739959E-025  5.075932757142E-025  1.419828171321E-029  2.900224688825E+001
 1.012000000000E+002  2.734419171306E-005  6.617712419156E-003  4.947250902878E-025  4.947115624300E-025  1.352785771409E-029  2.826622723061E+001
 1.023000000000E+002  2.679353847901E-005  6.384173127206E-003  4.832401706504E-025  4.832272229363E-025  1.294771410693E-029  2.761004901612E+001
 1.035000000000E+002  2.621160181738E-005  6.124790672876E-003  4.711589399331E-025  4.711465901026E-025  1.234983052623E-029  2.691980051841E+001
 1.047000000000E+002  2.562034612241E-005  5.805153089306E-003  4.600248333211E-025  4.600130473256E-025  1.178599545459E-029  2.628366569983E+001
 1.059000000000E+002  2.505314204614E-005  5.500450700397E-003  4.492015811459E-025  4.491903272349E-025  1.125391101980E-029  2.566529028965E+001
 1.072000000000E+002  2.446443152300E-005  5.186423702940E-003  4.378130912434E-025  4.378023803950E-025  1.071084839060E-029  2.501461964131E+001
 1.084000000000E+002  2.394358640332E-005  4.910687299067E-003  4.275991718027E-025  4.275889335450E-025  1.023825771604E-029  2.443105614413E+001
 1.097000000000E+002  2.340254476947E-005  4.626544072850E-003  4.168446362127E-025  4.168348809874E-025  9.755225260881E-030  2.381660417590E+001
 1.109000000000E+002  2.292348258409E-005  4.377072180310E-003  4.071931194364E-025  4.071837851520E-025  9.334284381763E-030  2.326517160665E+001
 1.122000000000E+002  2.242544351808E-005  4.120018105836E-003  3.970245782691E-025  3.970156748168E-025  8.903452255264E-030  2.268419849207E+001
 1.135000000000E+002  2.192401050106E-005  3.836892924973E-003  3.875774439571E-025  3.875689467052E-025  8.497251951292E-030  2.214444283713E+001
 1.148000000000E+002  2.142689800531E-005  3.545910743022E-003  3.786808654089E-025  3.786727514526E-025  8.113956279680E-030  2.163614285873E+001
 1.161000000000E+002  2.094876202162E-005  3.272799327937E-003  3.700417490298E-025  3.700339971133E-025  7.751916538490E-030  2.114255222594E+001
 1.175000000000E+002  2.045382065680E-005  2.997478058044E-003  3.610174954540E-025  3.610101112669E-025  7.384187105982E-030  2.062695641779E+001
 1.188000000000E+002  1.999628142364E-005  2.737431137576E-003  3.531668255377E-025  3.531597635145E-025  7.062023232946E-030  2.017841280114E+001
 1.202000000000E+002  1.950832695895E-005  2.459258961402E-003  3.452102942798E-025  3.452035598045E-025  6.734475290404E-030  1.972382091561E+001
 1.216000000000E+002  1.903810468056E-005  2.201403299377E-003  3.375141433831E-025  3.375077177535E-025  6.425629592897E-030  1.928410525771E+001
 1.230000000000E+002  1.858441228804E-005  1.962584900218E-003  3.300740170256E-025  3.300678827940E-025  6.134231617974E-030  1.885901702146E+001
 1.244000000000E+002  1.813688534668E-005  1.724432709557E-003  3.230749033689E-025  3.230690437964E-025  5.859572480791E-030  1.845912587583E+001
 1.259000000000E+002  1.765234936216E-005  1.447754627628E-003  3.163063026771E-025  3.163007191278E-025  5.583549360310E-030  1.807240557741E+001
 1.273000000000E+002  1.721786364911E-005  1.210374946123E-003  3.102043356778E-025  3.101989946218E-025  5.341055955062E-030  1.772377266789E+001
 1.288000000000E+002  1.677121987413E-005  9.768658748750E-004  3.038830815375E-025  3.038779850475E-025  5.096489976493E-030  1.736261051499E+001
 1.303000000000E+002  1.634431217903E-005  7.634364350035E-004  2.977669988277E-025  2.977621320309E-025  4.866796785455E-030  1.701317034782E+001
 1.318000000000E+002  1.593774240225E-005  5.686796929456E-004  2.918313595446E-025  2.918267084116E-025  4.651133033319E-030  1.667403933598E+001
 1.334000000000E+002  1.552762432530E-005  3.800275245498E-004  2.856633457227E-025  2.856589100496E-025  4.435673115891E-030  1.632163117888E+001
 1.349000000000E+002  1.516668923845E-005  2.197399912913E-004  2.799924161363E-025  2.799881695783E-025  4.246557964662E-030  1.599762331066E+001
 1.365000000000E+002  1.482642960719E-005  4.672636459394E-005  2.737911639945E-025  2.737871046490E-025  4.059345420035E-030  1.564331440892E+001
 1.380000000000E+002  1.453357409029E-005 -1.137194362849E-004  2.678630851539E-025  2.678591921459E-025  3.893007994137E-030  1.530461255810E+001
 1.396000000000E+002  1.424387861281E-005 -2.821376298166E-004  2.614596907897E-025  2.614559665896E-025  3.724200097750E-030  1.493875284846E+001
 1.412000000000E+002  1.397360303738E-005 -4.476233708345E-004  2.550174335176E-025  2.550138700052E-025  3.563512383588E-030  1.457067217333E+001
 1.429000000000E+002  1.370369567295E-005 -6.200843206576E-004  2.481836927932E-025  2.481802917594E-025  3.401033797027E-030  1.418022349543E+001
 1.445000000000E+002  1.346280342091E-005 -7.791132928361E-004  2.418103805726E-025  2.418071251270E-025  3.255445618786E-030  1.381608125601E+001
 1.462000000000E+002  1.321821831819E-005 -9.445195215967E-004  2.351452408053E-025  2.351421326042E-025  3.108201129449E-030  1.343526502399E+001
 1.479000000000E+002  1.298339865723E-005 -1.106252229560E-003  2.286252838813E-025  2.286223155481E-025  2.968333203754E-030  1.306274365112E+001
 1.496000000000E+002  1.275698014800E-005 -1.264369045781E-003  2.222758437742E-025  2.222730082056E-025  2.835568526406E-030  1.269996465478E+001
 1.514000000000E+002  1.248284954803E-005 -1.384103390428E-003  2.164332921565E-025  2.164305904523E-025  2.701704223174E-030  1.236614769893E+001
 1.531000000000E+002  1.222147161882E-005 -1.485347275772E-003  2.112851263048E-025  2.112825440896E-025  2.582215174614E-030  1.207200489061E+001
 1.549000000000E+002  1.195404741308E-005 -1.592600588967E-003  2.060233441211E-025  2.060208813083E-025  2.462812823826E-030  1.177137040563E+001
 1.567000000000E+002  1.169606387949E-005 -1.699817044312E-003  2.009433409266E-025  2.009409906805E-025  2.350246151637E-030  1.148112179675E+001
 1.585000000000E+002  1.144732986290E-005 -1.806910686910E-003  1.960332224088E-025  1.960309783518E-025  2.244056961001E-030  1.120057948740E+001
 1.603000000000E+002  1.120762862740E-005 -1.913803076790E-003  1.912822102327E-025  1.912800664127E-025  2.143819975316E-030  1.092912766249E+001
 1.622000000000E+002  1.096415006752E-005 -2.026336656139E-003  1.864290886633E-025  1.864270446268E-025  2.044036505054E-030  1.065184160942E+001
 1.641000000000E+002  1.073018221660E-005 -2.138489912477E-003  1.817319888697E-025  1.817300388523E-025  1.950017355157E-030  1.038346980935E+001
 1.660000000000E+002  1.050542448115E-005 -2.250193657266E-003  1.771815329301E-025  1.771796715629E-025  1.861367213651E-030  1.012347646059E+001
 1.679000000000E+002  1.028957221335E-005 -2.361385385032E-003  1.727692334852E-025  1.727674557637E-025  1.777721504192E-030  9.871376643562E+000
 1.698000000000E+002  1.008232072140E-005 -2.472008736488E-003  1.684873895573E-025  1.684856908134E-025  1.698743899027E-030  9.626730368388E+000
 1.718000000000E+002  9.873121468127E-006 -2.587784690797E-003  1.641134270837E-025  1.641118067719E-025  1.620311800148E-030  9.376820704686E+000
 1.738000000000E+002  9.672772846944E-006 -2.702821848552E-003  1.598688141668E-025  1.598672677921E-025  1.546374724746E-030  9.134301401714E+000
 1.758000000000E+002  9.467977403921E-006 -2.800104783089E-003  1.559627367263E-025  1.559612600746E-025  1.476651667178E-030  8.911124686043E+000
 1.778000000000E+002  9.252816481155E-006 -2.871384449566E-003  1.524794621388E-025  1.524780512743E-025  1.410864480315E-030  8.712105340390E+000
 1.799000000000E+002  9.036323704206E-006 -2.945352713755E-003  1.489206059082E-025  1.489192602134E-025  1.345694801213E-030  8.508767467510E+000
 1.820000000000E+002  8.829024547996E-006 -3.018423571602E-003  1.454583665784E-025  1.454570823229E-025  1.284255489232E-030  8.310949760390E+000
 1.841000000000E+002  8.630476033878E-006 -3.090597840864E-003  1.420885959681E-025  1.420873696759E-025  1.226292222190E-030  8.118415219830E+000
 1.862000000000E+002  8.440260963011E-006 -3.161877686394E-003  1.388074134313E-025  1.388062418605E-025  1.171570792961E-030  7.930942131579E+000
 1.884000000000E+002  8.249498387240E-006 -3.235596167743E-003  1.354610395878E-025  1.354599221021E-025  1.117485627613E-030  7.739744185424E+000
 1.906000000000E+002  8.067026026705E-006 -3.308341831930E-003  1.322039784150E-025  1.322029119221E-025  1.066492934708E-030  7.553649101270E+000
 1.928000000000E+002  7.892444994546E-006 -3.380120914297E-003  1.290325496484E-025  1.290315312661E-025  1.018382300606E-030  7.372446612662E+000
 1.950000000000E+002  7.725380719043E-006 -3.450940626180E-003  1.259432943331E-025  1.259423213732E-025  9.729598977335E-031  7.195939097114E+000
 1.972000000000E+002  7.565481441223E-006 -3.520809046306E-003  1.229329561148E-025  1.229320260678E-025  9.300469980015E-031  7.023940507241E+000
 1.995000000000E+002  7.405616613095E-006 -3.592845738426E-003  1.198668332049E-025  1.198659455171E-025  8.876878113416E-031  6.848754527904E+000
 2.018000000000E+002  7.236995657429E-006 -3.645137881631E-003  1.171392103997E-025  1.171383626638E-025  8.477359569775E-031  6.692909218073E+000
 2.042000000000E+002  7.064088603772E-006 -3.693324902747E-003  1.144411667106E-025  1.144403582881E-025  8.084225415631E-031  6.538753927308E+000
 2.065000000000E+002  6.905471598190E-006 -3.738720056961E-003  1.119207588103E-025  1.119199859447E-025  7.728656212123E-031  6.394747959436E+000
 2.089000000000E+002  6.746979420839E-006 -3.785288437824E-003  1.093562888673E-025  1.093555510426E-025  7.378246305268E-031  6.248224398711E+000
 2.114000000000E+002  6.589124789859E-006 -3.832946963099E-003  1.067534738956E-025  1.067527704836E-025  7.034119612491E-031  6.099509890503E+000
 2.138000000000E+002  6.444186660792E-006 -3.877901185150E-003  1.043180907094E-025  1.043174184642E-025  6.722452486289E-031  5.960361710438E+000
 2.163000000000E+002  6.299741855560E-006 -3.923916136861E-003  1.018447348825E-025  1.018440932869E-025  6.415955391074E-031  5.819043866294E+000
 2.188000000000E+002  6.161633637686E-006 -3.969120961452E-003  9.943379566856E-026  9.943318299394E-026  6.126746201142E-031  5.681292207855E+000
 2.213000000000E+002  6.029549951645E-006 -4.013534304815E-003  9.708297848975E-026  9.708239312308E-026  5.853666682584E-031  5.546975636933E+000
 2.239000000000E+002  5.898260214733E-006 -4.058904139086E-003  9.469956140909E-026  9.469900284644E-026  5.585626554119E-031  5.410796383697E+000
 2.265000000000E+002  5.766553458937E-006 -4.103458574241E-003  9.247755493751E-026  9.247702166074E-026  5.332767642989E-031  5.283839526678E+000
 2.291000000000E+002  5.635876697273E-006 -4.147217338363E-003  9.038644362663E-026  9.038593421978E-026  5.094068513847E-031  5.164361517159E+000
 2.317000000000E+002  5.510738397639E-006 -4.190198827526E-003  8.834728964818E-026  8.834680278938E-026  4.868588013915E-031  5.047852106945E+000
 2.344000000000E+002  5.386358287112E-006 -4.234030603283E-003  8.628268967871E-026  8.628222492922E-026  4.647494805852E-031  4.929888769594E+000
 2.371000000000E+002  5.267373607667E-006 -4.277064324200E-003  8.427009913941E-026  8.426965525732E-026  4.438820961225E-031  4.814897012813E+000
 2.399000000000E+002  5.149396547606E-006 -4.320869942559E-003  8.223587080273E-026  8.223544733762E-026  4.234651092009E-031  4.698668916162E+000
 2.427000000000E+002  5.036579736635E-006 -4.363732242343E-003  8.025709083499E-026  8.025668661375E-026  4.042212374208E-031  4.585608893912E+000
 2.455000000000E+002  4.928702834502E-006 -4.405792294835E-003  7.832886564252E-026  7.832847958282E-026  3.860597021156E-031  4.475437347049E+000
 2.483000000000E+002  4.825686876231E-006 -4.447109283864E-003  7.644611035268E-026  7.644574144768E-026  3.689049914678E-031  4.367863746622E+000
 2.512000000000E+002  4.725879697864E-006 -4.483337251046E-003  7.450824231484E-026  7.450789019785E-026  3.521169896792E-031  4.257141160115E+000
 2.541000000000E+002  4.632011451621E-006 -4.510170864453E-003  7.259971047400E-026  7.259937419131E-026  3.362826902999E-031  4.148094695042E+000
 2.570000000000E+002  4.542551008389E-006 -4.536467054193E-003  7.073757322663E-026  7.073725189760E-026  3.213290345916E-031  4.041699017474E+000
 2.600000000000E+002  4.454385986627E-006 -4.563121542970E-003  6.885899810181E-026  6.885869137725E-026  3.067245561979E-031  3.934364112517E+000
 2.630000000000E+002  4.364262459054E-006 -4.589331046727E-003  6.712125346310E-026  6.712096052833E-026  2.929347666936E-031  3.835075761947E+000
 2.661000000000E+002  4.275532839201E-006 -4.615862889140E-003  6.536964573869E-026  6.536936624862E-026  2.794900670427E-031  3.734995299540E+000
 2.691000000000E+002  4.193723606717E-006 -4.641020930770E-003  6.371567278594E-026  6.371540558001E-026  2.672059210802E-031  3.640493307592E+000
 2.723000000000E+002  4.110656051778E-006 -4.667311258123E-003  6.199443367896E-026  6.199417884116E-026  2.548377939790E-031  3.542147948780E+000
 2.754000000000E+002  4.032688545856E-006 -4.692269173721E-003  6.038923391995E-026  6.038899038898E-026  2.435309719220E-031  3.450432644383E+000
 2.786000000000E+002  3.946945326738E-006 -4.717574578051E-003  5.890797893322E-026  5.890774642664E-026  2.325065721581E-031  3.365799129415E+000
 2.818000000000E+002  3.865099460028E-006 -4.742367264817E-003  5.746271428824E-026  5.746249218913E-026  2.220991059672E-031  3.283221951548E+000
 2.851000000000E+002  3.784581504240E-006 -4.767413729990E-003  5.600862936251E-026  5.600841739329E-026  2.119692227632E-031  3.200140795354E+000
 2.884000000000E+002  3.707821187949E-006 -4.791946963747E-003  5.459012706100E-026  5.458992465057E-026  2.024104297696E-031  3.119092683210E+000
 2.917000000000E+002  3.634641815992E-006 -4.815982296101E-003  5.320593540552E-026  5.320574202100E-026  1.933845176839E-031  3.040004940559E+000
 2.951000000000E+002  3.562816492589E-006 -4.840240774619E-003  5.181440364160E-026  5.181421903638E-026  1.846052118480E-031  2.960497793633E+000
 2.985000000000E+002  3.494450392219E-006 -4.864001836013E-003  5.045674172565E-026  5.045656540707E-026  1.763185809133E-031  2.882925832715E+000
 3.020000000000E+002  3.419337329135E-006 -4.883347370439E-003  4.921100487284E-026  4.921083660381E-026  1.682690259659E-031  2.811748896304E+000
 3.055000000000E+002  3.341711640339E-006 -4.898916135337E-003  4.808140537397E-026  4.808124469978E-026  1.606741920221E-031  2.747207648713E+000
 3.090000000000E+002  3.267482691840E-006 -4.914151454854E-003  4.697899838941E-026  4.697884488635E-026  1.535030641174E-031  2.684220069704E+000
 3.126000000000E+002  3.194499624415E-006 -4.929485353412E-003  4.587245978904E-026  4.587231324949E-026  1.465395555671E-031  2.620996411595E+000
 3.162000000000E+002  3.124761437802E-006 -4.944488709328E-003  4.479269258462E-026  4.479255261814E-026  1.399664784837E-031  2.559302362622E+000
 3.199000000000E+002  3.056299659649E-006 -4.959575498519E-003  4.370983698172E-026  4.370970339136E-026  1.335903598905E-031  2.497431841241E+000
 3.236000000000E+002  2.990935314837E-006 -4.974335263250E-003  4.265328715211E-026  4.265315957889E-026  1.275732228371E-031  2.437064326611E+000
 3.273000000000E+002  2.928517562393E-006 -4.988778496930E-003  4.162211137959E-026  4.162198948850E-026  1.218910841590E-031  2.378146584836E+000
 3.311000000000E+002  2.867332194157E-006 -5.003293189511E-003  4.058854463264E-026  4.058842825179E-026  1.163808407391E-031  2.319092220653E+000
 3.350000000000E+002  2.807465013072E-006 -5.017864673347E-003  3.955367051231E-026  3.955355946676E-026  1.110455461019E-031  2.259963147364E+000
 3.388000000000E+002  2.751850785352E-006 -5.031755889844E-003  3.856966437272E-026  3.856955823475E-026  1.061379611948E-031  2.203740482419E+000
 3.428000000000E+002  2.696070914062E-006 -5.046061857417E-003  3.755888857062E-026  3.755878730919E-026  1.012614270397E-031  2.145988283300E+000
 3.467000000000E+002  2.644286855391E-006 -5.059707783345E-003  3.659721750708E-026  3.659712073354E-026  9.677354119785E-032  2.091041748770E+000
 3.508000000000E+002  2.587045451084E-006 -5.073729884659E-003  3.568571354177E-026  3.568562122121E-026  9.232056288693E-032  2.038961598854E+000
 3.548000000000E+002  2.527830836665E-006 -5.086293870402E-003  3.489973364913E-026  3.489964542851E-026  8.822062290966E-032  1.994053470479E+000
 3.589000000000E+002  2.469212787496E-006 -5.093871308917E-003  3.412097424305E-026  3.412088999110E-026  8.425194592275E-032  1.949557889979E+000
 3.631000000000E+002  2.411785700854E-006 -5.101452730469E-003  3.334257809480E-026  3.334249767964E-026  8.041515307865E-032  1.905083057326E+000
 3.673000000000E+002  2.356876398091E-006 -5.108857536029E-003  3.258307920482E-026  3.258300241053E-026  7.679429035496E-032  1.861687940883E+000
 3.715000000000E+002  2.304358211515E-006 -5.116091876322E-003  3.184181072151E-026  3.184173734657E-026  7.337493800562E-032  1.819334439718E+000
 3.758000000000E+002  2.252943194723E-006 -5.123327970020E-003  3.110111527151E-026  3.110104520247E-026  7.006904599924E-032  1.777013673350E+000
 3.802000000000E+002  2.202674662654E-006 -5.130560003220E-003  3.036160481718E-026  3.036153794045E-026  6.687673764831E-032  1.734760607332E+000
 3.846000000000E+002  2.154657409280E-006 -5.137623788884E-003  2.964005564469E-026  2.963999178053E-026  6.386416550630E-032  1.693533780910E+000
 3.890000000000E+002  2.108780584261E-006 -5.144525177144E-003  2.893583253296E-026  2.893577151363E-026  6.101932183494E-032  1.653296900278E+000
 3.935000000000E+002  2.063967224536E-006 -5.151421253142E-003  2.823289399292E-026  2.823283572115E-026  5.827176785518E-032  1.613133410383E+000
 3.981000000000E+002  2.020252576519E-006 -5.158306975464E-003  2.753176643283E-026  2.753171081171E-026  5.562112207205E-032  1.573073388519E+000
 4.027000000000E+002  1.972562410799E-006 -5.165020371866E-003  2.692924285465E-026  2.692918973504E-026  5.311961220635E-032  1.538647272459E+000
 4.074000000000E+002  1.925092698476E-006 -5.171719085180E-003  2.634018001923E-026  2.634012931194E-026  5.070728823155E-032  1.504990254842E+000
 4.121000000000E+002  1.879654814878E-006 -5.178262856559E-003  2.576555648886E-026  2.576550805851E-026  4.843035231230E-032  1.472158244931E+000
 4.169000000000E+002  1.834882659434E-006 -5.180347886377E-003  2.519804283503E-026  2.519799659958E-026  4.623545184966E-032  1.439732465805E+000
 4.217000000000E+002  1.791927509237E-006 -5.180939191978E-003  2.464581791227E-026  2.464577374875E-026  4.416351910464E-032  1.408180228565E+000
 4.266000000000E+002  1.749973438846E-006 -5.181513376407E-003  2.409564378974E-026  2.409560162301E-026  4.216673662394E-032  1.376745163159E+000
 4.315000000000E+002  1.709837767212E-006 -5.182059419804E-003  2.355868479496E-026  2.355864451343E-026  4.028152900828E-032  1.346065161265E+000
 4.365000000000E+002  1.670662570706E-006 -5.182589148180E-003  2.302391108539E-026  2.302387262021E-026  3.846518648164E-032  1.315510015603E+000
 4.416000000000E+002  1.632462205301E-006 -5.183102439899E-003  2.249163741386E-026  2.249160069712E-026  3.671674801348E-032  1.285097710193E+000
 4.467000000000E+002  1.595948183460E-006 -5.183589919322E-003  2.197221938586E-026  2.197218431933E-026  3.506652361545E-032  1.255419929286E+000
 4.519000000000E+002  1.557661360343E-006 -5.184033888256E-003  2.149277305042E-026  2.149273957196E-026  3.347846210725E-032  1.228025998756E+000
 4.571000000000E+002  1.519522840157E-006 -5.184438381693E-003  2.104567186145E-026  2.104563988207E-026  3.197937907992E-032  1.202480160759E+000
 4.624000000000E+002  1.482293639337E-006 -5.184827494659E-003  2.060105304398E-026  2.060102250717E-026  3.053680989074E-032  1.177076154255E+000
 4.677000000000E+002  1.446637661216E-006 -5.185194536775E-003  2.016722557728E-026  2.016719640261E-026  2.917466804233E-032  1.152288726224E+000
 4.731000000000E+002  1.411843951508E-006 -5.185547072464E-003  1.973591918012E-026  1.973589131608E-026  2.786403812190E-032  1.127645341052E+000
 4.786000000000E+002  1.377917012043E-006 -5.185885110910E-003  1.930734114314E-026  1.930731453923E-026  2.660391381844E-032  1.103157842719E+000
 4.842000000000E+002  1.344859448311E-006 -5.186208753978E-003  1.888168533269E-026  1.888165993948E-026  2.539321291970E-032  1.078837308186E+000
 4.898000000000E+002  1.313224558087E-006 -5.186512821383E-003  1.846645490534E-026  1.846643065474E-026  2.425060208250E-032  1.055112442614E+000
 4.955000000000E+002  1.282411007554E-006 -5.186803377298E-003  1.805413368250E-026  1.805411052968E-026  2.315281976629E-032  1.031553797069E+000
 5.012000000000E+002  1.252235999497E-006 -5.184925394361E-003  1.766161223193E-026  1.766159011542E-026  2.211650664598E-032  1.009126443304E+000
 5.070000000000E+002  1.220429131134E-006 -5.175448845822E-003  1.730622162923E-026  1.730620050821E-026  2.112101702617E-032  9.888206244074E-001
 5.129000000000E+002  1.189445514585E-006 -5.166001519902E-003  1.695341630929E-026  1.695339614412E-026  2.016516498598E-032  9.686625179860E-001
 5.188000000000E+002  1.159773011737E-006 -5.156742723962E-003  1.660909174562E-026  1.660907248284E-026  1.926277635604E-032  9.489889716417E-001
 5.248000000000E+002  1.130872122604E-006 -5.147514735694E-003  1.626732533681E-026  1.626730694054E-026  1.839626473273E-032  9.294615879865E-001
 5.309000000000E+002  1.102738577153E-006 -5.138321296013E-003  1.592823752722E-026  1.592821996254E-026  1.756468198732E-032  9.100872488784E-001
 5.370000000000E+002  1.075799024945E-006 -5.129312185717E-003  1.559729892843E-026  1.559728214887E-026  1.677955897898E-032  8.911785268054E-001
 5.432000000000E+002  1.049578026847E-006 -5.120338717782E-003  1.526899433659E-026  1.526897831059E-026  1.602600094773E-032  8.724203016124E-001
 5.495000000000E+002  1.023672707759E-006 -5.111403010654E-003  1.494923474627E-026  1.494921944315E-026  1.530312361163E-032  8.541503085650E-001
 5.559000000000E+002  9.970678421461E-007 -5.102505111434E-003  1.465299979889E-026  1.465298518886E-026  1.461003489045E-032  8.372244362362E-001
 5.623000000000E+002  9.715811559339E-007 -5.093787262643E-003  1.436394879043E-026  1.436393483469E-026  1.395574196958E-032  8.207090288505E-001
 5.688000000000E+002  9.467808574635E-007 -5.085111959326E-003  1.407747617000E-026  1.407746284172E-026  1.332828495916E-032  8.043409407289E-001
 5.754000000000E+002  9.226590095139E-007 -5.076482076788E-003  1.379365503077E-026  1.379364230393E-026  1.272684008827E-032  7.881243482274E-001
 5.821000000000E+002  8.992070031889E-007 -5.067900241860E-003  1.351255210597E-026  1.351253995538E-026  1.215058148464E-032  7.720630643146E-001
 5.888000000000E+002  8.767436881637E-007 -5.059493203681E-003  1.323827130902E-026  1.323825970245E-026  1.160657081238E-032  7.563915729992E-001
 5.957000000000E+002  8.545892336370E-007 -5.051012383865E-003  1.296268143593E-026  1.296267035816E-026  1.107776799421E-032  7.406452844149E-001
 6.026000000000E+002  8.327962294788E-007 -5.042676892223E-003  1.270274747540E-026  1.270273689660E-026  1.057880020153E-032  7.257935226058E-001
 6.095000000000E+002  8.116113336923E-007 -5.034495276706E-003  1.245379692104E-026  1.245378681340E-026  1.010764272862E-032  7.115693157037E-001
 6.166000000000E+002  7.907233208564E-007 -5.026247937280E-003  1.220387841802E-026  1.220386876813E-026  9.649891270023E-033  6.972898025629E-001
 6.237000000000E+002  7.704832629348E-007 -5.018168644107E-003  1.196361304129E-026  1.196360382352E-026  9.217763612540E-033  6.835618365409E-001
 6.310000000000E+002  7.503442238719E-007 -5.010031741824E-003  1.172580416969E-026  1.172579537130E-026  8.798389428977E-033  6.699742265910E-001
 6.383000000000E+002  7.310239394901E-007 -5.002062371855E-003  1.149428418382E-026  1.149427578123E-026  8.402596905676E-033  6.567459419940E-001
 6.457000000000E+002  7.119051712763E-007 -4.994148806449E-003  1.127093853924E-026  1.127093051540E-026  8.023839431222E-033  6.439847119881E-001
 6.531000000000E+002  6.935804754925E-007 -4.986397173153E-003  1.105305795352E-026  1.105305028734E-026  7.666185191050E-033  6.315357366595E-001
 6.607000000000E+002  6.754337908622E-007 -4.978599186619E-003  1.083654210695E-026  1.083653478758E-026  7.319366715133E-033  6.191647375160E-001
 6.683000000000E+002  6.578739789942E-007 -4.970961348073E-003  1.062808713644E-026  1.062808014450E-026  6.991941973545E-033  6.072543097918E-001
 6.761000000000E+002  6.406035092123E-007 -4.963284391768E-003  1.041941983756E-026  1.041941316284E-026  6.674716911895E-033  5.953317497246E-001
 6.839000000000E+002  6.238160543994E-007 -4.955765743108E-003  1.021980979104E-026  1.021980341576E-026  6.375281420557E-033  5.839266909045E-001
 6.918000000000E+002  6.074489012979E-007 -4.948307621881E-003  1.002376992063E-026  1.002376383170E-026  6.088928025148E-033  5.727256197147E-001
 6.998000000000E+002  5.915629171904E-007 -4.940911203732E-003  9.830141562719E-027  9.830135747571E-027  5.815147219237E-033  5.616623338734E-001
 7.080000000000E+002  5.753190127435E-007 -4.918839510988E-003  9.647373523457E-027  9.647367973140E-027  5.550317411083E-033  5.512195711914E-001
 7.161000000000E+002  5.599249614329E-007 -4.897014428723E-003  9.471547552585E-027  9.471542249229E-027  5.303355898091E-033  5.411734549441E-001
 7.244000000000E+002  5.448094828213E-007 -4.875142156920E-003  9.295690506217E-027  9.295685441837E-027  5.064380337159E-033  5.311255626866E-001
 7.328000000000E+002  5.301548218438E-007 -4.853496332870E-003  9.122002751703E-027  9.121997915630E-027  4.836073743688E-033  5.212016161777E-001
 7.413000000000E+002  5.159491628153E-007 -4.832077926527E-003  8.950485347123E-027  8.950480729127E-027  4.617995421638E-033  5.114016758977E-001
 7.499000000000E+002  5.021808136030E-007 -4.810887696987E-003  8.781137429764E-027  8.781133020046E-027  4.409718738839E-033  5.017256925785E-001
 7.586000000000E+002  4.884828624128E-007 -4.789925217954E-003  8.620224602217E-027  8.620220391385E-027  4.210831988333E-033  4.925316626197E-001
 7.674000000000E+002  4.752027862293E-007 -4.769191811329E-003  8.461515188343E-027  8.461511167408E-027  4.020935593222E-033  4.834635281162E-001
 7.762000000000E+002  4.624770281520E-007 -4.748915539515E-003  8.306627314705E-027  8.306623473080E-027  3.841624314470E-033  4.746137435234E-001
 7.852000000000E+002  4.500051108898E-007 -4.728635615783E-003  8.152034213039E-027  8.152030544582E-027  3.668457060016E-033  4.657808009017E-001
 7.943000000000E+002  4.379234994240E-007 -4.708584921222E-003  7.999508919686E-027  7.999505416513E-027  3.503172939782E-033  4.570660057448E-001
 8.035000000000E+002  4.260120183904E-007 -4.688745290681E-003  7.852923857913E-027  7.852920512473E-027  3.345439942976E-033  4.486906158796E-001
 8.128000000000E+002  4.143732897024E-007 -4.669125246791E-003  7.710242909824E-027  7.710239714905E-027  3.194918718948E-033  4.405382940990E-001
 8.222000000000E+002  4.031007865752E-007 -4.649732916916E-003  7.569531145534E-027  7.569528094250E-027  3.051283958770E-033  4.324984847525E-001
 8.318000000000E+002  3.920712715755E-007 -4.630368069444E-003  7.429332958888E-027  7.429330046060E-027  2.912828020149E-033  4.244880192846E-001
 8.414000000000E+002  3.815038261703E-007 -4.611433149048E-003  7.292554492638E-027  7.292551710500E-027  2.782137441497E-033  4.166729451955E-001
 8.511000000000E+002  3.712708055274E-007 -4.592723198504E-003  7.157702492761E-027  7.157699835315E-027  2.657445970213E-033  4.089679428548E-001
 8.610000000000E+002  3.612632064534E-007 -4.574050601063E-003  7.023421519645E-027  7.023418982341E-027  2.537303778461E-033  4.012955668864E-001
 8.710000000000E+002  3.515784455986E-007 -4.555608918944E-003  6.891100254571E-027  6.891097831808E-027  2.422762315966E-033  3.937351620113E-001
 8.810000000000E+002  3.422972825734E-007 -4.537574895407E-003  6.761994431427E-027  6.761992116815E-027  2.314612318654E-033  3.863584767791E-001
 8.912000000000E+002  3.332244194103E-007 -4.519586288469E-003  6.633502559215E-027  6.633500348770E-027  2.210445038951E-033  3.790168705005E-001
 9.016000000000E+002  3.243095374771E-007 -4.501647766305E-003  6.506751657277E-027  6.506749547076E-027  2.110201620450E-033  3.717747374387E-001
 9.120000000000E+002  3.155330249889E-007 -4.484083368103E-003  6.387883587508E-027  6.387881571919E-027  2.015588231643E-033  3.649830037268E-001
 9.226000000000E+002  3.069604427918E-007 -4.466577850107E-003  6.269698953595E-027  6.269697029045E-027  1.924549566967E-033  3.582303191370E-001
 9.333000000000E+002  2.986684458371E-007 -4.449299817012E-003  6.153331992750E-027  6.153330154944E-027  1.837806102994E-033  3.515814902936E-001
 9.441000000000E+002  2.906477729776E-007 -4.432247061561E-003  6.038759429976E-027  6.038757674824E-027  1.755151979870E-033  3.450351873498E-001
 9.550000000000E+002  2.828894536483E-007 -4.415417265136E-003  5.925957826231E-027  5.925956149840E-027  1.676390971805E-033  3.385900710855E-001
 9.660000000000E+002  2.753848017545E-007 -4.398808126665E-003  5.814903613985E-027  5.814902012649E-027  1.601336078959E-033  3.322447949385E-001
 9.772000000000E+002  2.680613902028E-007 -4.382271337666E-003  5.704600354485E-027  5.704598825301E-027  1.529183101574E-033  3.259424256498E-001
 9.885000000000E+002  2.609804071915E-007 -4.365956902707E-003  5.596044604149E-027  5.596043143691E-027  1.460457999453E-033  3.197399032173E-001
 1.000000000000E+003  2.540706216268E-007 -4.349578797874E-003  5.488376121096E-027  5.488374726661E-027  1.394435132808E-033  3.135880762287E-001
 1.012000000000E+003  2.467875885434E-007 -4.319813864156E-003  5.387074876741E-027  5.387073547278E-027  1.329463218134E-033  3.078000527164E-001
 1.023000000000E+003  2.403877781076E-007 -4.293156018697E-003  5.296434179461E-027  5.296432906263E-027  1.273198044294E-033  3.026211380723E-001
 1.035000000000E+003  2.336916394448E-007 -4.264734632840E-003  5.199889629530E-027  5.199888414359E-027  1.215170732457E-033  2.971048963807E-001
 1.047000000000E+003  2.272778153747E-007 -4.236978353527E-003  5.105698910352E-027  5.105697749940E-027  1.160412094306E-033  2.917231448194E-001
 1.059000000000E+003  2.211313110967E-007 -4.209864002486E-003  5.013779538106E-027  5.013778429402E-027  1.108703642811E-033  2.864711705408E-001
 1.072000000000E+003  2.147580098974E-007 -4.181189057049E-003  4.916672121550E-027  4.916671065655E-027  1.055894720142E-033  2.809227681628E-001
 1.084000000000E+003  2.091243909650E-007 -4.155342571183E-003  4.829235882973E-027  4.829234873062E-027  1.009911012853E-033  2.759269453931E-001
 1.096000000000E+003  2.037176190563E-007 -4.130073092428E-003  4.743839291038E-027  4.743838324635E-027  9.664036455560E-034  2.710476613297E-001
 1.109000000000E+003  1.981029689567E-007 -4.103326933511E-003  4.653548655375E-027  4.653547733493E-027  9.218818048144E-034  2.658887474093E-001
 1.122000000000E+003  1.927274092529E-007 -4.077212289096E-003  4.565488328148E-027  4.565487448253E-027  8.798947374585E-034  2.608572659934E-001
 1.135000000000E+003  1.875781653343E-007 -4.051707136289E-003  4.479579038413E-027  4.479578198142E-027  8.402712174957E-034  2.559486878051E-001
 1.148000000000E+003  1.826432912136E-007 -4.026790346219E-003  4.395745157042E-027  4.395744354189E-027  8.028533628183E-034  2.511586916482E-001
 1.161000000000E+003  1.779116070042E-007 -4.002441589932E-003  4.313914492672E-027  4.313913725176E-027  7.674954598700E-034  2.464831527489E-001
 1.175000000000E+003  1.730311873600E-007 -3.976833265754E-003  4.227950434008E-027  4.227949702440E-027  7.315672836957E-034  2.415714450290E-001
 1.188000000000E+003  1.686888073892E-007 -3.953604059738E-003  4.150063518608E-027  4.150062818539E-027  7.000692655435E-034  2.371212390386E-001
 1.202000000000E+003  1.641873428056E-007 -3.927847593733E-003  4.068657418488E-027  4.068656750466E-027  6.680220503279E-034  2.324699581856E-001
 1.216000000000E+003  1.597523257934E-007 -3.893741121531E-003  3.992400641545E-027  3.992400003750E-027  6.377952879859E-034  2.281128929899E-001
 1.230000000000E+003  1.555024920888E-007 -3.860458930136E-003  3.918003307901E-027  3.918002698642E-027  6.092592783907E-034  2.238620703061E-001
 1.244000000000E+003  1.513782754870E-007 -3.827984424165E-003  3.846653949732E-027  3.846653367432E-027  5.822998413056E-034  2.197853990457E-001
 1.259000000000E+003  1.470228713603E-007 -3.794072582998E-003  3.775224228733E-027  3.775223673689E-027  5.550443061373E-034  2.157041361287E-001
 1.274000000000E+003  1.428559614196E-007 -3.761007411412E-003  3.705586224724E-027  3.705585695359E-027  5.293650827561E-034  2.117252460666E-001
 1.288000000000E+003  1.391278297792E-007 -3.730882858069E-003  3.642150230685E-027  3.642149723961E-027  5.067244573251E-034  2.081007187293E-001
 1.303000000000E+003  1.352967897804E-007 -3.699367200427E-003  3.575795642030E-027  3.575795158236E-027  4.837936712774E-034  2.043094323010E-001
 1.318000000000E+003  1.316259641408E-007 -3.668610839368E-003  3.511051614943E-027  3.511051152798E-027  4.621455539650E-034  2.006101681064E-001
 1.334000000000E+003  1.278775145844E-007 -3.636610481387E-003  3.443703181663E-027  3.443702741291E-027  4.403722038375E-034  1.967620965273E-001
 1.349000000000E+003  1.245116730678E-007 -3.607338836166E-003  3.382112246737E-027  3.382111825625E-027  4.211124543444E-034  1.932429897390E-001
 1.365000000000E+003  1.210711783864E-007 -3.576865101152E-003  3.318007794920E-027  3.318007393205E-027  4.017151136261E-034  1.895802686893E-001
 1.380000000000E+003  1.179788100082E-007 -3.548973733827E-003  3.259351315419E-027  3.259350930884E-027  3.845343895917E-034  1.862288271253E-001
 1.396000000000E+003  1.148148199137E-007 -3.519920089826E-003  3.198268282289E-027  3.198267915080E-027  3.672085968666E-034  1.827387401013E-001
 1.412000000000E+003  1.117825236172E-007 -3.491561091015E-003  3.138664116716E-027  3.138663765869E-027  3.508477957531E-034  1.793331507571E-001
 1.429000000000E+003  1.086973271770E-007 -3.462163268056E-003  3.076897441306E-027  3.076897106855E-027  3.344505278676E-034  1.758040025593E-001
 1.445000000000E+003  1.059154325621E-007 -3.435160468359E-003  3.020183152033E-027  3.020182832149E-027  3.198840049645E-034  1.725635313478E-001
 1.462000000000E+003  1.030822444956E-007 -3.407152129389E-003  2.961378415434E-027  2.961378110168E-027  3.052655338637E-034  1.692036187038E-001
 1.479000000000E+003  1.003687370884E-007 -3.379821555695E-003  2.904019319888E-027  2.904019028415E-027  2.914727516176E-034  1.659263052919E-001
 1.496000000000E+003  9.776860094603E-008 -3.353144408247E-003  2.848054644388E-027  2.848054365938E-027  2.784503179997E-034  1.627286645117E-001
 1.514000000000E+003  9.497110263983E-008 -3.316311600831E-003  2.794998729671E-027  2.794998464226E-027  2.654441112338E-034  1.596972209644E-001
 1.531000000000E+003  9.239830170044E-008 -3.279996076771E-003  2.747349644390E-027  2.747349390540E-027  2.538504413190E-034  1.569747061771E-001
 1.549000000000E+003  8.978717665954E-008 -3.242515328539E-003  2.698118053152E-027  2.698117810896E-027  2.422564022867E-034  1.541617720902E-001
 1.567000000000E+003  8.728615736776E-008 -3.205995988961E-003  2.650097536378E-027  2.650097305062E-027  2.313168306003E-034  1.514180348649E-001
 1.585000000000E+003  8.488938839519E-008 -3.170402112900E-003  2.603245147899E-027  2.603244926911E-027  2.209878884479E-034  1.487410406976E-001
 1.603000000000E+003  8.259139044841E-008 -3.135699541618E-003  2.557519915390E-027  2.557519704161E-027  2.112291259116E-034  1.461284485640E-001
 1.622000000000E+003  8.026721546332E-008 -3.099999892263E-003  2.510434029930E-027  2.510433828425E-027  2.015055491869E-034  1.434381130958E-001
 1.641000000000E+003  7.804173100375E-008 -3.065220279031E-003  2.464516588715E-027  2.464516396380E-027  1.923351406708E-034  1.408145387414E-001
 1.660000000000E+003  7.590966029590E-008 -3.031326264017E-003  2.419725776163E-027  2.419725592483E-027  1.836805616778E-034  1.382553362951E-001
 1.679000000000E+003  7.386606782942E-008 -2.998284709351E-003  2.376021716313E-027  2.376021540806E-027  1.755073812614E-034  1.357582273747E-001
 1.698000000000E+003  7.190633361547E-008 -2.966064530241E-003  2.333366362817E-027  2.333366195033E-027  1.677838201318E-034  1.333210381359E-001
 1.718000000000E+003  6.992929669222E-008 -2.933002736212E-003  2.289559040639E-027  2.289558880532E-027  1.601072534472E-034  1.308180291099E-001
 1.738000000000E+003  6.803566020506E-008 -2.900784658084E-003  2.246833081629E-027  2.246832928764E-027  1.528647720792E-034  1.283768056718E-001
 1.758000000000E+003  6.622100645408E-008 -2.869378786244E-003  2.205149961379E-027  2.205149815352E-027  1.460272498247E-034  1.259951666626E-001
 1.778000000000E+003  6.448120141322E-008 -2.838755181774E-003  2.164472934852E-027  2.164472795284E-027  1.395678152656E-034  1.236710125905E-001
 1.799000000000E+003  6.273072922846E-008 -2.807411137044E-003  2.122806518324E-027  2.122806385159E-027  1.331652009054E-034  1.212903279534E-001
 1.820000000000E+003  6.105431781392E-008 -2.776866429246E-003  2.082171959322E-027  2.082171832196E-027  1.271255885476E-034  1.189686003152E-001
 1.841000000000E+003  5.944804618362E-008 -2.747091619812E-003  2.042532357710E-027  2.042532236285E-027  1.214245579327E-034  1.167037213222E-001
 1.862000000000E+003  5.790824565533E-008 -2.718058056751E-003  2.003852524474E-027  2.003852408434E-027  1.160395842443E-034  1.144936803886E-001
 1.884000000000E+003  5.636267547773E-008 -2.688407536328E-003  1.964323643039E-027  1.964323532324E-027  1.107145360258E-034  1.122351275688E-001
 1.906000000000E+003  5.488259355390E-008 -2.659511283984E-003  1.925774465501E-027  1.925774359810E-027  1.056914972666E-034  1.100325518609E-001
 1.928000000000E+003  5.346454452505E-008 -2.631341236505E-003  1.888169908370E-027  1.888169807420E-027  1.009501441369E-034  1.078839487081E-001
 1.950000000000E+003  5.210529532573E-008 -2.603870756589E-003  1.851476517685E-027  1.851476421213E-027  9.647173074263E-035  1.057874066599E-001
 1.972000000000E+003  5.080181859686E-008 -2.577074202368E-003  1.815662376489E-027  1.815662284250E-027  9.223895068356E-035  1.037411020850E-001
 1.995000000000E+003  4.949564871080E-008 -2.549753877021E-003  1.779127374920E-027  1.779127286861E-027  8.805906356081E-035  1.016536098642E-001
 2.018000000000E+003  4.816356945700E-008 -2.506542510846E-003  1.746402320785E-027  1.746402236672E-027  8.411296947697E-035  9.978380577023E-002
 2.042000000000E+003  4.680848470683E-008 -2.458031906389E-003  1.713963746906E-027  1.713963666678E-027  8.022804583510E-035  9.793037023300E-002
 2.065000000000E+003  4.556356374085E-008 -2.412972938284E-003  1.683653711580E-027  1.683653634866E-027  7.671326320508E-035  9.619855252020E-002
 2.089000000000E+003  4.431762730989E-008 -2.367384270093E-003  1.652806570468E-027  1.652806497220E-027  7.324846560535E-035  9.443604630780E-002
 2.114000000000E+003  4.307443933766E-008 -2.321382986564E-003  1.621490592659E-027  1.621490522814E-027  6.984479817008E-035  9.264675227119E-002
 2.138000000000E+003  4.193070410027E-008 -2.278588405623E-003  1.592181985206E-027  1.592181918445E-027  6.676131169547E-035  9.097215290092E-002
 2.163000000000E+003  4.078839045100E-008 -2.235374193897E-003  1.562409174653E-027  1.562409110925E-027  6.372815545997E-035  8.927103045591E-002
 2.188000000000E+003  3.969355659932E-008 -2.193492921240E-003  1.533380476149E-027  1.533380415284E-027  6.086532471832E-035  8.761242416991E-002
 2.213000000000E+003  3.864373399274E-008 -2.152888165965E-003  1.505068570985E-027  1.505068512824E-027  5.816146949799E-035  8.599477314042E-002
 2.239000000000E+003  3.759718104659E-008 -2.111956088707E-003  1.476356629894E-027  1.476356574388E-027  5.550684750348E-035  8.435426534214E-002
 2.265000000000E+003  3.659437321066E-008 -2.072290872994E-003  1.448364037516E-027  1.448363984514E-027  5.300197413376E-035  8.275485880664E-002
 2.291000000000E+003  3.563302830717E-008 -2.033838727208E-003  1.421064333221E-027  1.421064282584E-027  5.063682561197E-035  8.119504165926E-002
 2.317000000000E+003  3.471100821596E-008 -1.996548957472E-003  1.394432336751E-027  1.394432288349E-027  4.840215229758E-035  7.967337518163E-002
 2.344000000000E+003  3.379300082303E-008 -1.959003621916E-003  1.367457065076E-027  1.367457018865E-027  4.621047772556E-035  7.813209506054E-002
 2.371000000000E+003  3.291313678054E-008 -1.922609230505E-003  1.341150443606E-027  1.341150399464E-027  4.414146799368E-035  7.662901945424E-002
 2.399000000000E+003  3.203886814046E-008 -1.886030722329E-003  1.314549763875E-027  1.314549721759E-027  4.211668654887E-035  7.510914230232E-002
 2.427000000000E+003  3.120144509220E-008 -1.850586850346E-003  1.288616227466E-027  1.288616187259E-027  4.020668846620E-035  7.362738356710E-002
 2.455000000000E+003  3.039894247648E-008 -1.816229322394E-003  1.263325292835E-027  1.263325254431E-027  3.840375290597E-035  7.218234102416E-002
 2.483000000000E+003  2.962336580710E-008 -1.782912391217E-003  1.238912911173E-027  1.238912874472E-027  3.670077037081E-035  7.078749616593E-002
 2.512000000000E+003  2.880667834462E-008 -1.749451829082E-003  1.216225087027E-027  1.216225051992E-027  3.503540487664E-035  6.949118697427E-002
 2.541000000000E+003  2.802391559173E-008 -1.717016268105E-003  1.194103152771E-027  1.194103119308E-027  3.346344596109E-035  6.822721090517E-002
 2.570000000000E+003  2.727330929932E-008 -1.685562599051E-003  1.172526449851E-027  1.172526417872E-027  3.197867652842E-035  6.699438759562E-002
 2.600000000000E+003  2.652889601529E-008 -1.654013912285E-003  1.150758553858E-027  1.150758523330E-027  3.052835401401E-035  6.575064012700E-002
 2.630000000000E+003  2.581540384487E-008 -1.623429411917E-003  1.129532373401E-027  1.129532344242E-027  2.915933437520E-035  6.453784453680E-002
 2.661000000000E+003  2.510890434826E-008 -1.592795836742E-003  1.108146815477E-027  1.108146787653E-027  2.782435239364E-035  6.331594262887E-002
 2.692000000000E+003  2.443204157045E-008 -1.563105613956E-003  1.087297933420E-027  1.087297906856E-027  2.656490830879E-035  6.212470464927E-002
 2.723000000000E+003  2.378325980000E-008 -1.534320067638E-003  1.066966033650E-027  1.066966008275E-027  2.537593037608E-035  6.096300537041E-002
 2.754000000000E+003  2.316110211303E-008 -1.506400607830E-003  1.047132371561E-027  1.047132347308E-027  2.425273978357E-035  5.982977378604E-002
 2.786000000000E+003  2.254535409417E-008 -1.478451168058E-003  1.027162599834E-027  1.027162576676E-027  2.315774452555E-035  5.868876533327E-002
 2.818000000000E+003  2.195511378796E-008 -1.451349331182E-003  1.007686013050E-027  1.007685990926E-027  2.212386107904E-035  5.757593587808E-002
 2.851000000000E+003  2.137175009675E-008 -1.424250380169E-003  9.880984950941E-028  9.880984739767E-028  2.111739410813E-035  5.645676817104E-002
 2.884000000000E+003  2.081275825877E-008 -1.397978174194E-003  9.689979570518E-028  9.689979368842E-028  2.016752023336E-035  5.536542492644E-002
 2.917000000000E+003  2.027687100047E-008 -1.372498394477E-003  9.503667114142E-028  9.503666921438E-028  1.927046321049E-035  5.430089553716E-002
 2.951000000000E+003  1.974765645608E-008 -1.347040133707E-003  9.316439327369E-028  9.316439143391E-028  1.839778432308E-035  5.323113624305E-002
 2.985000000000E+003  1.924049191755E-008 -1.322353590347E-003  9.133839009687E-028  9.133838833948E-028  1.757395556421E-035  5.218781681592E-002
 3.020000000000E+003  1.871699241768E-008 -1.297717269089E-003  8.961614502203E-028  8.961614334468E-028  1.677344706879E-035  5.120378142910E-002
 3.055000000000E+003  1.819858888002E-008 -1.273834014125E-003  8.801763906607E-028  8.801763746427E-028  1.601796827553E-035  5.029044659166E-002
 3.090000000000E+003  1.770158881137E-008 -1.250669839143E-003  8.645862550189E-028  8.645862397143E-028  1.530455037831E-035  4.939967643404E-002
 3.126000000000E+003  1.721154852311E-008 -1.227561667019E-003  8.489476958813E-028  8.489476812695E-028  1.461170446125E-035  4.850613951247E-002
 3.162000000000E+003  1.674184457123E-008 -1.205151170776E-003  8.336971172165E-028  8.336971032588E-028  1.395762755592E-035  4.763477054480E-002
 3.199000000000E+003  1.627917000811E-008 -1.182815070406E-003  8.184124328407E-028  8.184124195176E-028  1.332307513097E-035  4.676145288541E-002
 3.236000000000E+003  1.583577942712E-008 -1.161154988266E-003  8.035082184338E-028  8.035082057096E-028  1.272417891500E-035  4.590987405406E-002
 3.273000000000E+003  1.541066369014E-008 -1.140143018422E-003  7.889706504148E-028  7.889706382562E-028  1.215856135493E-035  4.507924421593E-002
 3.311000000000E+003  1.499208822049E-008 -1.119210045806E-003  7.744079963899E-028  7.744079847799E-028  1.160999300053E-035  4.424718104316E-002
 3.350000000000E+003  1.458049874756E-008 -1.098377647661E-003  7.598355677385E-028  7.598355566597E-028  1.107878154376E-035  4.341455937869E-002
 3.388000000000E+003  1.419608485029E-008 -1.078688830703E-003  7.459874572326E-028  7.459874466425E-028  1.059010124012E-035  4.262332292054E-002
 3.428000000000E+003  1.380823090189E-008 -1.058585966064E-003  7.317707712716E-028  7.317707611671E-028  1.010445977697E-035  4.181102724639E-002
 3.467000000000E+003  1.344579398880E-008 -1.039574843808E-003  7.182524423071E-028  7.182524326496E-028  9.657474371211E-036  4.103863344226E-002
 3.508000000000E+003  1.308062569060E-008 -1.020188976094E-003  7.043926174270E-028  7.043926082131E-028  9.213896167787E-036  4.024672765988E-002
 3.548000000000E+003  1.273921094646E-008 -1.001844208749E-003  6.912057536551E-028  6.912057448497E-028  8.805415903219E-036  3.949327270835E-002
 3.589000000000E+003  1.240368381752E-008 -9.835983949927E-004  6.780200561322E-028  6.780200477223E-028  8.409946398204E-036  3.873988439180E-002
 3.631000000000E+003  1.207432482422E-008 -9.654700331322E-004  6.648474845577E-028  6.648474765301E-028  8.027584487114E-036  3.798724604897E-002
 3.673000000000E+003  1.175873167069E-008 -9.478849555992E-004  6.520013836458E-028  6.520013759791E-028  7.666709319207E-036  3.725326118834E-002
 3.715000000000E+003  1.145618806564E-008 -9.308219791308E-004  6.394699540115E-028  6.394699466856E-028  7.325888055484E-036  3.653725563109E-002
 3.758000000000E+003  1.115925996305E-008 -9.138716639350E-004  6.269544207658E-028  6.269544137695E-028  6.996347366306E-036  3.582215834171E-002
 3.802000000000E+003  1.086815457600E-008 -8.970457095386E-004  6.144650769688E-028  6.144650702907E-028  6.678101438051E-036  3.510855743253E-002
 3.846000000000E+003  1.058925245459E-008 -8.807241825554E-004  6.022849952846E-028  6.022849889069E-028  6.377747864681E-036  3.441262676458E-002
 3.890000000000E+003  1.032192050197E-008 -8.648850357349E-004  5.904030111685E-028  5.904030050744E-028  6.094092945406E-036  3.373372843176E-002
 3.936000000000E+003  1.005416488864E-008 -8.488207122954E-004  5.782881276834E-028  5.782881218692E-028  5.814204188870E-036  3.304152297800E-002
 3.981000000000E+003  9.803230214256E-009 -8.335748954455E-004  5.667295094055E-028  5.667295038497E-028  5.555779849915E-036  3.238110072750E-002
 4.027000000000E+003  9.543611546589E-009 -8.184507940098E-004  5.560027649612E-028  5.560027596549E-028  5.306274407619E-036  3.176820907127E-002
 4.074000000000E+003  9.280154046524E-009 -8.034579016470E-004  5.458571610185E-028  5.458571559529E-028  5.065638541650E-036  3.118852191331E-002
 4.121000000000E+003  9.027648933166E-009 -7.889103700017E-004  5.359635523367E-028  5.359635474982E-028  4.838490791468E-036  3.062323295314E-002
 4.169000000000E+003  8.780481242557E-009 -7.744938070963E-004  5.261100649174E-028  5.261100602979E-028  4.619499556528E-036  3.006023639238E-002
 4.217000000000E+003  8.543569678103E-009 -7.605043883207E-004  5.165006609595E-028  5.165006565468E-028  4.412759385694E-036  2.951118597471E-002
 4.266000000000E+003  8.311746557954E-009 -7.466445892170E-004  5.069336830736E-028  5.069336788601E-028  4.213504295398E-036  2.896455964588E-002
 4.315000000000E+003  8.089522408453E-009 -7.331934202447E-004  4.976029709372E-028  4.976029669118E-028  4.025370383910E-036  2.843143278129E-002
 4.365000000000E+003  7.872140745074E-009 -7.198710729418E-004  4.883165677676E-028  4.883165639235E-028  3.844096749618E-036  2.790083758813E-002
 4.416000000000E+003  7.659659253191E-009 -7.066846909344E-004  4.790798449245E-028  4.790798412549E-028  3.669588367193E-036  2.737308096863E-002
 4.467000000000E+003  7.456027805589E-009 -6.938866569546E-004  4.700722305432E-028  4.700722270383E-028  3.504871621566E-036  2.685841486906E-002
 4.519000000000E+003  7.257037749596E-009 -6.812235653178E-004  4.611153135703E-028  4.611153102240E-028  3.346331237497E-036  2.634664545595E-002
 4.571000000000E+003  7.066311031849E-009 -6.689317791162E-004  4.523796224734E-028  4.523796192767E-028  3.196655116867E-036  2.584751617723E-002
 4.624000000000E+003  6.879975965395E-009 -6.567708618818E-004  4.436953469445E-028  4.436953438919E-028  3.052613322936E-036  2.535132461835E-002
 4.677000000000E+003  6.701354937644E-009 -6.449651471343E-004  4.352245972272E-028  4.352245943106E-028  2.916594503613E-036  2.486733323698E-002
 4.732000000000E+003  6.523723767215E-009 -6.330741223586E-004  4.266517782743E-028  4.266517754909E-028  2.783358346253E-036  2.437750994768E-002
 4.786000000000E+003  6.356584597278E-009 -6.217413530847E-004  4.184426605300E-028  4.184426578701E-028  2.659866170769E-036  2.390846737489E-002
 4.842000000000E+003  6.190458635300E-009 -6.103314592713E-004  4.101391169248E-028  4.101391143859E-028  2.538949238042E-036  2.343402961202E-002
 4.898000000000E+003  6.031286619290E-009 -5.992564071773E-004  4.020413012849E-028  4.020412988601E-028  2.424826320842E-036  2.297134648288E-002
 4.954000000000E+003  5.878707820317E-009 -5.885032069468E-004  3.941417900212E-028  3.941417877041E-028  2.317044423311E-036  2.251999382751E-002
 5.012000000000E+003  5.724693064814E-009 -5.776911491171E-004  3.863354119776E-028  3.863354097659E-028  2.211651653640E-036  2.207396250460E-002
 5.070000000000E+003  5.568064698684E-009 -5.671952272589E-004  3.793386564272E-028  3.793386543150E-028  2.112182181698E-036  2.167419040613E-002
 5.129000000000E+003  5.415356126135E-009 -5.568291122813E-004  3.723982890619E-028  3.723982870452E-028  2.016669356034E-036  2.127764014693E-002
 5.188000000000E+003  5.268974745492E-009 -5.467659148680E-004  3.656299790223E-028  3.656299770958E-028  1.926495125663E-036  2.089092068952E-002
 5.248000000000E+003  5.126261691858E-009 -5.368273857073E-004  3.589170090124E-028  3.589170071725E-028  1.839902513856E-036  2.050736318318E-002
 5.309000000000E+003  4.987194595864E-009 -5.270174815036E-004  3.522615821165E-028  3.522615803597E-028  1.756797058662E-036  2.012709350505E-002
 5.370000000000E+003  4.853884428248E-009 -5.174913049377E-004  3.457707941722E-028  3.457707924939E-028  1.678331473575E-036  1.975623076674E-002
 5.432000000000E+003  4.723980209951E-009 -5.080872786602E-004  3.393362037714E-028  3.393362021684E-028  1.603017511136E-036  1.938857897509E-002
 5.495000000000E+003  4.597453705245E-009 -4.988076968183E-004  3.329596718461E-028  3.329596703153E-028  1.530766677026E-036  1.902424445778E-002
 5.559000000000E+003  4.474272027899E-009 -4.896544978441E-004  3.266429021104E-028  3.266429006489E-028  1.461489200024E-036  1.866332455958E-002
 5.623000000000E+003  4.356203776392E-009 -4.807664501500E-004  3.204824931580E-028  3.204824917619E-028  1.396087046962E-036  1.831133861330E-002
 5.688000000000E+003  4.241251599141E-009 -4.719987887058E-004  3.143800760509E-028  3.143800747176E-028  1.333365000289E-036  1.796266613437E-002
 5.754000000000E+003  4.129379921325E-009 -4.633517938677E-004  3.083370732467E-028  3.083370719735E-028  1.273240919265E-036  1.761738839742E-002
 5.821000000000E+003  4.020549867001E-009 -4.548281137221E-004  3.023547724545E-028  3.023547712389E-028  1.215632440179E-036  1.727557897802E-002
 5.888000000000E+003  3.916243407842E-009 -4.465497269037E-004  2.965203211284E-028  2.965203199671E-028  1.161245752910E-036  1.694221720130E-002
 5.957000000000E+003  3.813304523212E-009 -4.382695393040E-004  2.906606268104E-028  2.906606257020E-028  1.108377482936E-036  1.660741312115E-002
 6.026000000000E+003  3.714675836621E-009 -4.302280711730E-004  2.849465616122E-028  2.849465605537E-028  1.058484107149E-036  1.628092982025E-002
 6.095000000000E+003  3.620133346582E-009 -4.224168970090E-004  2.793728536919E-028  2.793728526805E-028  1.011366983780E-036  1.596246608254E-002
 6.166000000000E+003  3.526895050675E-009 -4.146078955959E-004  2.737788153230E-028  2.737788143574E-028  9.655891487423E-037  1.564284072832E-002
 6.237000000000E+003  3.434590061264E-009 -4.070217153346E-004  2.685536267811E-028  2.685536258588E-028  9.223716174590E-037  1.534429026652E-002
 6.310000000000E+003  3.341021620455E-009 -3.994470360687E-004  2.635204613031E-028  2.635204604227E-028  8.804275586459E-037  1.505671138478E-002
 6.383000000000E+003  3.251351742635E-009 -3.920888880183E-004  2.586127277911E-028  2.586127269503E-028  8.408409431711E-037  1.477629928194E-002
 6.456000000000E+003  3.165376831552E-009 -3.849401692994E-004  2.538258736855E-028  2.538258728821E-028  8.034545398127E-037  1.450279383940E-002
 6.531000000000E+003  3.080694297851E-009 -3.778031445145E-004  2.490292082931E-028  2.490292075259E-028  7.671828619869E-037  1.422872781144E-002
 6.607000000000E+003  2.998457471584E-009 -3.707782884850E-004  2.442894843601E-028  2.442894836276E-028  7.324916296089E-037  1.395791523519E-002
 6.683000000000E+003  2.919631293217E-009 -3.639541743011E-004  2.396670381821E-028  2.396670374823E-028  6.997393846290E-037  1.369380353248E-002
 6.761000000000E+003  2.842091938276E-009 -3.571475337369E-004  2.350404617128E-028  2.350404610448E-028  6.680066014027E-037  1.342945583816E-002
 6.839000000000E+003  2.767780173279E-009 -3.505328107046E-004  2.305286085766E-028  2.305286079385E-028  6.380525121918E-037  1.317166306593E-002
 6.918000000000E+003  2.695634219146E-009 -3.440264094858E-004  2.260716056138E-028  2.260716050044E-028  6.094063560700E-037  1.291700425608E-002
 6.998000000000E+003  2.625607302460E-009 -3.376189963261E-004  2.216695781960E-028  2.216695776140E-028  5.820172632446E-037  1.266548657196E-002
 7.080000000000E+003  2.552616448581E-009 -3.312404992456E-004  2.176281176588E-028  2.176281171032E-028  5.555211128096E-037  1.243457051942E-002
 7.161000000000E+003  2.483360460630E-009 -3.251188402326E-004  2.137475206715E-028  2.137475201407E-028  5.308121413935E-037  1.221284569255E-002
 7.244000000000E+003  2.415319769983E-009 -3.190217155617E-004  2.098694069401E-028  2.098694064332E-028  5.069017276969E-037  1.199126275087E-002
 7.328000000000E+003  2.349316619568E-009 -3.130258589072E-004  2.060421946639E-028  2.060421941799E-028  4.840583522563E-037  1.177258815455E-002
 7.413000000000E+003  2.285300275191E-009 -3.071287463704E-004  2.022657454519E-028  2.022657449897E-028  4.622379637430E-037  1.155681399635E-002
 7.499000000000E+003  2.223220383431E-009 -3.013306822375E-004  1.985398825673E-028  1.985398821259E-028  4.413979138477E-037  1.134393017811E-002
 7.586000000000E+003  2.163027073983E-009 -2.956267252023E-004  1.948643934537E-028  1.948643930322E-028  4.214969587957E-037  1.113392455504E-002
 7.674000000000E+003  2.104670999419E-009 -2.900229364870E-004  1.912390321596E-028  1.912390317571E-028  4.024952449432E-037  1.092678307427E-002
 7.762000000000E+003  2.048725823174E-009 -2.845767454993E-004  1.877031996888E-028  1.877031993042E-028  3.845523922947E-037  1.072475698240E-002
 7.852000000000E+003  1.993872908487E-009 -2.791592544348E-004  1.841762498866E-028  1.841762495194E-028  3.672240350355E-037  1.052323841760E-002
 7.943000000000E+003  1.940714238307E-009 -2.738356526947E-004  1.806985377314E-028  1.806985373807E-028  3.506842250166E-037  1.032453313352E-002
 8.035000000000E+003  1.889203227358E-009 -2.686051825491E-004  1.772697054053E-028  1.772697050704E-028  3.348984995645E-037  1.012862068558E-002
 8.128000000000E+003  1.839294113627E-009 -2.634632070056E-004  1.738893723597E-028  1.738893720399E-028  3.198336990035E-037  9.935479330470E-003
 8.222000000000E+003  1.790941973334E-009 -2.584117936777E-004  1.705571371683E-028  1.705571368629E-028  3.054579358064E-037  9.745086131982E-003
 8.318000000000E+003  1.743620187584E-009 -2.533959439284E-004  1.672384385809E-028  1.672384382893E-028  2.916003176497E-037  9.555466371472E-003
 8.414000000000E+003  1.698270800408E-009 -2.485210320482E-004  1.640019609173E-028  1.640019606388E-028  2.785197414356E-037  9.370544450006E-003
 8.511000000000E+003  1.654348176246E-009 -2.437319148664E-004  1.608122467981E-028  1.608122465321E-028  2.660394472085E-037  9.188294446996E-003
 8.610000000000E+003  1.611386222894E-009 -2.389817335484E-004  1.576371531165E-028  1.576371528625E-028  2.540143367482E-037  9.006879808734E-003
 8.710000000000E+003  1.569804882221E-009 -2.343145571155E-004  1.545094350379E-028  1.545094347954E-028  2.425496654718E-037  8.828172059991E-003
 8.810000000000E+003  1.529952705986E-009 -2.297713284045E-004  1.514586670506E-028  1.514586668188E-028  2.317245974990E-037  8.653860991882E-003
 8.912000000000E+003  1.490992748055E-009 -2.252743988438E-004  1.484232872191E-028  1.484232869978E-028  2.212980448862E-037  8.480429153478E-003
 9.016000000000E+003  1.452541239731E-009 -2.208112400339E-004  1.454443240812E-028  1.454443238700E-028  2.112638788128E-037  8.310220783433E-003
 9.120000000000E+003  1.413926553070E-009 -2.164714363387E-004  1.427175013539E-028  1.427175011521E-028  2.017920647520E-037  8.154418905299E-003
 9.226000000000E+003  1.376202547672E-009 -2.121689116701E-004  1.400070508617E-028  1.400070506691E-028  1.926780600879E-037  7.999552483997E-003
 9.332000000000E+003  1.340041618116E-009 -2.079890068970E-004  1.373635444607E-028  1.373635442766E-028  1.840728663892E-037  7.848511032674E-003
 9.441000000000E+003  1.304402278936E-009 -2.038063323111E-004  1.347124901253E-028  1.347124899496E-028  1.757192791206E-037  7.697038316656E-003
 9.550000000000E+003  1.270247997362E-009 -1.997370677120E-004  1.321271627853E-028  1.321271626175E-028  1.678342639252E-037  7.549321029684E-003
 9.660000000000E+003  1.237207579893E-009 -1.957432789823E-004  1.295823271053E-028  1.295823269449E-028  1.603202373148E-037  7.403917305885E-003
 9.772000000000E+003  1.204963076270E-009 -1.917890316767E-004  1.270550906819E-028  1.270550905288E-028  1.530966929238E-037  7.259519146977E-003
 9.886000000000E+003  1.173514717741E-009 -1.878768066112E-004  1.245464975281E-028  1.245464973820E-028  1.461571478924E-037  7.116186204508E-003
 1.000000000000E+004  1.143400993014E-009 -1.840690985482E-004  1.220974884561E-028  1.220974883164E-028  1.396063895451E-037  6.976257704766E-003
 1.012000000000E+004  1.115080356480E-009 -1.801775009991E-004  1.193649911481E-028  1.193649910150E-028  1.331015568806E-037  6.820131599180E-003
 1.023000000000E+004  1.090212689159E-009 -1.767040606690E-004  1.169206767648E-028  1.169206766374E-028  1.274684054341E-037  6.680471338803E-003
 1.035000000000E+004  1.064216327759E-009 -1.730117810667E-004  1.143177501794E-028  1.143177500578E-028  1.216588162936E-037  6.531748487448E-003
 1.047000000000E+004  1.039342321037E-009 -1.694236617212E-004  1.117788266532E-028  1.117788265370E-028  1.161764651364E-037  6.386682564979E-003
 1.059000000000E+004  1.015533977080E-009 -1.659325687850E-004  1.093015920780E-028  1.093015919670E-028  1.109994805041E-037  6.245141350713E-003
 1.072000000000E+004  9.908827240648E-010 -1.622580144206E-004  1.066849809350E-028  1.066849808293E-028  1.057123045257E-037  6.095636607727E-003
 1.084000000000E+004  9.691280256163E-010 -1.589595375105E-004  1.043293030224E-028  1.043293029213E-028  1.011084514520E-037  5.961040750088E-003
 1.096000000000E+004  9.482859806783E-010 -1.557473401844E-004  1.020288399872E-028  1.020288398904E-028  9.675251858471E-038  5.829599692904E-003
 1.109000000000E+004  9.256034596804E-010 -1.523529274672E-004  9.971371431977E-029  9.971371422748E-029  9.229535895197E-038  5.697320860093E-003
 1.122000000000E+004  9.034165418656E-010 -1.490520621883E-004  9.750994261150E-029  9.750994252340E-029  8.809209515159E-038  5.571404434276E-003
 1.135000000000E+004  8.821831028062E-010 -1.458547842591E-004  9.536049589132E-029  9.536049580719E-029  8.412541815054E-038  5.448591963506E-003
 1.148000000000E+004  8.618549325438E-010 -1.427301112786E-004  9.326340801134E-029  9.326340793096E-029  8.037952822042E-038  5.328771108418E-003
 1.161000000000E+004  8.423868728268E-010 -1.396886768281E-004  9.121680583990E-029  9.121680576306E-029  7.683983982073E-038  5.211834844296E-003
 1.175000000000E+004  8.223347270750E-010 -1.365078111320E-004  8.906718690521E-029  8.906718683196E-029  7.324304083503E-038  5.089012533722E-003
 1.188000000000E+004  8.045209940285E-010 -1.336344979324E-004  8.711982910480E-029  8.711982903471E-029  7.008973151098E-038  4.977746773677E-003
 1.202000000000E+004  7.861616377056E-010 -1.306193818962E-004  8.507323517093E-029  8.507323510405E-029  6.688131388689E-038  4.860810980205E-003
 1.216000000000E+004  7.686153552024E-010 -1.276834721887E-004  8.307719444595E-029  8.307719438210E-029  6.385440731829E-038  4.746763634452E-003
 1.230000000000E+004  7.518417744303E-010 -1.248311250589E-004  8.112987191590E-029  8.112987185490E-029  6.099682686055E-038  4.635499889625E-003
 1.244000000000E+004  7.352055384777E-010 -1.220913746065E-004  7.929385974337E-029  7.929385968508E-029  5.829728485060E-038  4.530596060543E-003
 1.259000000000E+004  7.166723528830E-010 -1.193570047492E-004  7.753676863477E-029  7.753676857920E-029  5.556845841242E-038  4.430201527172E-003
 1.274000000000E+004  6.989462849244E-010 -1.167212196670E-004  7.582478308029E-029  7.582478302729E-029  5.299745043917E-038  4.332384180053E-003
 1.288000000000E+004  6.830931685999E-010 -1.143376116773E-004  7.426610121548E-029  7.426610116475E-029  5.073066639884E-038  4.243326112579E-003
 1.303000000000E+004  6.668111534648E-010 -1.118692049180E-004  7.263650297783E-029  7.263650292939E-029  4.843483033430E-038  4.150216111695E-003
 1.318000000000E+004  6.512208808085E-010 -1.094932100820E-004  7.104719090485E-029  7.104719085858E-029  4.626741424003E-038  4.059407932656E-003
 1.334000000000E+004  6.353148939646E-010 -1.070370605310E-004  6.939465794813E-029  6.939465790404E-029  4.408745975602E-038  3.964987515697E-003
 1.349000000000E+004  6.210473558121E-010 -1.048152247343E-004  6.788398189596E-029  6.788398185380E-029  4.215916745848E-038  3.878672345908E-003
 1.365000000000E+004  6.064811799584E-010 -1.025200923260E-004  6.631219746462E-029  6.631219742440E-029  4.021709976398E-038  3.788865639914E-003
 1.380000000000E+004  5.934072805101E-010 -1.004413081595E-004  6.487443259968E-029  6.487443256118E-029  3.849696062361E-038  3.706716380801E-003
 1.396000000000E+004  5.800519896881E-010 -9.830079624766E-005  6.337759052475E-029  6.337759048798E-029  3.676229748552E-038  3.621191639957E-003
 1.412000000000E+004  5.672764791730E-010 -9.623981825140E-005  6.191733882627E-029  6.191733879114E-029  3.512424996912E-038  3.537757555510E-003
 1.429000000000E+004  5.543062898229E-010 -9.410625340357E-005  6.040442538043E-029  6.040442534695E-029  3.348255292151E-038  3.451314548228E-003
 1.445000000000E+004  5.426395941230E-010 -9.216658986490E-005  5.901550793475E-029  5.901550790273E-029  3.202415127268E-038  3.371956273499E-003
 1.462000000000E+004  5.307899571182E-010 -9.018232177409E-005  5.757559848346E-029  5.757559845290E-029  3.056054945009E-038  3.289684479607E-003
 1.479000000000E+004  5.194760632412E-010 -8.826617022508E-005  5.617124433418E-029  5.617124430500E-029  2.917961687408E-038  3.209444201288E-003
 1.496000000000E+004  5.086721351051E-010 -8.641737810503E-005  5.480113987490E-029  5.480113984702E-029  2.787581282636E-038  3.131160840073E-003
 1.514000000000E+004  4.958935730005E-010 -8.452359609456E-005  5.358734947004E-029  5.358734944346E-029  2.657362219632E-038  3.061808761078E-003
 1.531000000000E+004  4.838544274755E-010 -8.278954200579E-005  5.252169535513E-029  5.252169532972E-029  2.541285483610E-038  3.000920713141E-003
 1.549000000000E+004  4.716373808227E-010 -8.101948815285E-005  5.142097257608E-029  5.142097255183E-029  2.425205282514E-038  2.938028954548E-003
 1.567000000000E+004  4.599379904646E-010 -7.929941310144E-005  5.034761130039E-029  5.034761127723E-029  2.315677916619E-038  2.876700544233E-003
 1.585000000000E+004  4.487297232051E-010 -7.763726452550E-005  4.930059946727E-029  4.930059944515E-029  2.212264435280E-038  2.816877656299E-003
 1.603000000000E+004  4.379877229793E-010 -7.603997284477E-005  4.827897460264E-029  4.827897458149E-029  2.114559815398E-038  2.758505298073E-003
 1.622000000000E+004  4.271290700928E-010 -7.441521224885E-005  4.722712316589E-029  4.722712314572E-029  2.017207720100E-038  2.698405890753E-003
 1.641000000000E+004  4.167383405881E-010 -7.283340756777E-005  4.620151343144E-029  4.620151341219E-029  1.925394204008E-038  2.639805849882E-003
 1.660000000000E+004  4.067915306452E-010 -7.130088494648E-005  4.520117198865E-029  4.520117197026E-029  1.838745394022E-038  2.582649557907E-003
 1.679000000000E+004  3.972661713515E-010 -6.982870374889E-005  4.422517323583E-029  4.422517321826E-029  1.756916524876E-038  2.526884128926E-003
 1.698000000000E+004  3.881412322422E-010 -6.839338874409E-005  4.327263646695E-029  4.327263645016E-029  1.679589444065E-038  2.472459242229E-003
 1.718000000000E+004  3.789469555695E-010 -6.694005128262E-005  4.229439174149E-029  4.229439172546E-029  1.602733098810E-038  2.416565485593E-003
 1.738000000000E+004  3.701529889662E-010 -6.553359274900E-005  4.134028440105E-029  4.134028438575E-029  1.530222983576E-038  2.362050861487E-003
 1.758000000000E+004  3.617391972018E-010 -6.417749757533E-005  4.040942959593E-029  4.040942958132E-029  1.461767462142E-038  2.308864812446E-003
 1.778000000000E+004  3.536867430635E-010 -6.286688968551E-005  3.950098540938E-029  3.950098539541E-029  1.397097487724E-038  2.256959234054E-003
 1.799000000000E+004  3.456012779229E-010 -6.152506105669E-005  3.857036190074E-029  3.857036188741E-029  1.332996636284E-038  2.203786400546E-003
 1.820000000000E+004  3.378756541896E-010 -6.024424519399E-005  3.766267977419E-029  3.766267976146E-029  1.272530256724E-038  2.151924363809E-003
 1.841000000000E+004  3.304920491183E-010 -5.898138493140E-005  3.677709936692E-029  3.677709935477E-029  1.215453893040E-038  2.101325148210E-003
 1.862000000000E+004  3.234337787260E-010 -5.777581867027E-005  3.591282167383E-029  3.591282166222E-029  1.161541961868E-038  2.051943101169E-003
 1.884000000000E+004  3.163713783583E-010 -5.655379541671E-005  3.502940791459E-029  3.502940790351E-029  1.108230206502E-038  2.001467680866E-003
 1.906000000000E+004  3.096322082943E-010 -5.536494943506E-005  3.416770687943E-029  3.416770686886E-029  1.057942253343E-038  1.952232855767E-003
 1.928000000000E+004  3.032006477088E-010 -5.423766752139E-005  3.332692674137E-029  3.332692673127E-029  1.010474577413E-038  1.904193383427E-003
 1.950000000000E+004  2.970621487096E-010 -5.311176085916E-005  3.250631386014E-029  3.250631385048E-029  9.656395441921E-039  1.857306203263E-003
 1.972000000000E+004  2.912030974406E-010 -5.205575741060E-005  3.170515049812E-029  3.170515048889E-029  9.232638029874E-039  1.811530306059E-003
 1.995000000000E+004  2.853627692774E-010 -5.097996354264E-005  3.088762435506E-029  3.088762434624E-029  8.814178022360E-039  1.764819492183E-003
 2.018000000000E+004  2.786698952758E-010 -4.992835027487E-005  3.021194551152E-029  3.021194550310E-029  8.419159691773E-039  1.726213376689E-003
 2.042000000000E+004  2.716618923785E-010 -4.887902944896E-005  2.955981384889E-029  2.955981384086E-029  8.030274968545E-039  1.688952671363E-003
 2.065000000000E+004  2.652300052757E-010 -4.788435356640E-005  2.895012701399E-029  2.895012700632E-029  7.678442340654E-039  1.654117126950E-003
 2.089000000000E+004  2.587997855127E-010 -4.688667965340E-005  2.832928802793E-029  2.832928802060E-029  7.331613665356E-039  1.618644384494E-003
 2.114000000000E+004  2.523915341144E-010 -4.590939724426E-005  2.769864887256E-029  2.769864886557E-029  6.990904481844E-039  1.582611691891E-003
 2.138000000000E+004  2.465037006474E-010 -4.498170298243E-005  2.710809707917E-029  2.710809707248E-029  6.682246247524E-039  1.548869462190E-003
 2.163000000000E+004  2.406315773812E-010 -4.403745522351E-005  2.650785377502E-029  2.650785376864E-029  6.378626666873E-039  1.514573490742E-003
 2.188000000000E+004  2.350123978484E-010 -4.313598683994E-005  2.592227988424E-029  2.592227987814E-029  6.092057153291E-039  1.481115682383E-003
 2.213000000000E+004  2.296334364517E-010 -4.226291951802E-005  2.535084485849E-029  2.535084485267E-029  5.821401621809E-039  1.448465723287E-003
 2.239000000000E+004  2.242813395111E-010 -4.138241889702E-005  2.477100812252E-029  2.477100811696E-029  5.555674882758E-039  1.415335717496E-003
 2.265000000000E+004  2.191636375019E-010 -4.054216315853E-005  2.420537673796E-029  2.420537673265E-029  5.304938412993E-039  1.383017359786E-003
 2.291000000000E+004  2.142686148218E-010 -3.971167511061E-005  2.365343591608E-029  2.365343591102E-029  5.068188949516E-039  1.351481236786E-003
 2.317000000000E+004  2.095852992937E-010 -3.892746977995E-005  2.311469548953E-029  2.311469548468E-029  4.844500372255E-039  1.320699341910E-003
 2.344000000000E+004  2.049349517187E-010 -3.811242809945E-005  2.256870559474E-029  2.256870559012E-029  4.625116591411E-039  1.289503235739E-003
 2.371000000000E+004  2.004911079874E-010 -3.732640306924E-005  2.203594944446E-029  2.203594944005E-029  4.418011919675E-039  1.259063263157E-003
 2.399000000000E+004  1.960900627956E-010 -3.655963915068E-005  2.149693269126E-029  2.149693268704E-029  4.215334881342E-039  1.228265579863E-003
 2.427000000000E+004  1.918898579725E-010 -3.580321801293E-005  2.097113467754E-029  2.097113467352E-029  4.024148054795E-039  1.198223172819E-003
 2.455000000000E+004  1.878807375440E-010 -3.507843406302E-005  2.045807625273E-029  2.045807624888E-029  3.843678455093E-039  1.168908664903E-003
 2.483000000000E+004  1.839677658781E-010 -3.439432104751E-005  1.996662033088E-029  1.996662032720E-029  3.673214534408E-039  1.140828454512E-003
 2.512000000000E+004  1.794458996379E-010 -3.367352913448E-005  1.954080819073E-029  1.954080818722E-029  3.506517905438E-039  1.116498918636E-003
 2.541000000000E+004  1.751161807846E-010 -3.299535734622E-005  1.912542455441E-029  1.912542455106E-029  3.349171303854E-039  1.092765233921E-003
 2.570000000000E+004  1.709688391074E-010 -3.230259499017E-005  1.872009300661E-029  1.872009300341E-029  3.200552569322E-039  1.069605893206E-003
 2.600000000000E+004  1.668606454996E-010 -3.165395607302E-005  1.831098105931E-029  1.831098105626E-029  3.055382119289E-039  1.046230552626E-003
 2.630000000000E+004  1.629283282836E-010 -3.100549523784E-005  1.791186490203E-029  1.791186489911E-029  2.918350204928E-039  1.023426339330E-003
 2.661000000000E+004  1.590402636624E-010 -3.037825046102E-005  1.750956396528E-029  1.750956396249E-029  2.784725669651E-039  1.000440157981E-003
 2.692000000000E+004  1.553213428678E-010 -2.977073791856E-005  1.711717434581E-029  1.711717434315E-029  2.658662505493E-039  9.780202774173E-004
 2.723000000000E+004  1.517629999610E-010 -2.915016183095E-005  1.673433643877E-029  1.673433643623E-029  2.539653100304E-039  9.561461509742E-004
 2.754000000000E+004  1.483572109176E-010 -2.855597321644E-005  1.636070781955E-029  1.636070781713E-029  2.427228980747E-039  9.347982136114E-004
 2.786000000000E+004  1.449936194804E-010 -2.797531629338E-005  1.598434058981E-029  1.598434058749E-029  2.317627397124E-039  9.132938008525E-004
 2.818000000000E+004  1.417768642962E-010 -2.743232065733E-005  1.561709695157E-029  1.561709694936E-029  2.214143035204E-039  8.923106807625E-004
 2.851000000000E+004  1.386057450903E-010 -2.685825527560E-005  1.524758820451E-029  1.524758820239E-029  2.113403323916E-039  8.711981396403E-004
 2.884000000000E+004  1.355757021326E-010 -2.632520151471E-005  1.488709590775E-029  1.488709590573E-029  2.018328480409E-039  8.506007694835E-004
 2.917000000000E+004  1.326798292370E-010 -2.576840616243E-005  1.453529624867E-029  1.453529624674E-029  1.928540624182E-039  8.305000686793E-004
 2.951000000000E+004  1.298296971772E-010 -2.525892910024E-005  1.418160192705E-029  1.418160192521E-029  1.841193083677E-039  8.102911129529E-004
 2.985000000000E+004  1.271085319050E-010 -2.471679313342E-005  1.383648621346E-029  1.383648621170E-029  1.758735449317E-039  7.905723112919E-004
 3.020000000000E+004  1.240001722966E-010 -2.425091310019E-005  1.353718940415E-029  1.353718940247E-029  1.678613818526E-039  7.734714544256E-004
 3.055000000000E+004  1.207101899113E-010 -2.374103003714E-005  1.327974611178E-029  1.327974611018E-029  1.603000675127E-039  7.587619728783E-004
 3.090000000000E+004  1.175565262459E-010 -2.327256117752E-005  1.302860412723E-029  1.302860412570E-029  1.531597443031E-039  7.444125277884E-004
 3.126000000000E+004  1.144475776656E-010 -2.278751746506E-005  1.277662196924E-029  1.277662196777E-029  1.462253435128E-039  7.300150778905E-004
 3.162000000000E+004  1.114682478589E-010 -2.232443808338E-005  1.253083178099E-029  1.253083177960E-029  1.396789862843E-039  7.159714172251E-004
 3.199000000000E+004  1.085341707145E-010 -2.190167295824E-005  1.228443140298E-029  1.228443140165E-029  1.333280575022E-039  7.018928922790E-004
 3.236000000000E+004  1.057231123108E-010 -2.144104375760E-005  1.204410461113E-029  1.204410460985E-029  1.273340224485E-039  6.881613925075E-004
 3.273000000000E+004  1.030286807806E-010 -2.100218424999E-005  1.180963146319E-029  1.180963146197E-029  1.216730750157E-039  6.747643511183E-004
 3.311000000000E+004  1.003765436217E-010 -2.058562433195E-005  1.157469434497E-029  1.157469434381E-029  1.161827811826E-039  6.613407999599E-004
 3.350000000000E+004  9.776960891836E-011 -2.015151109163E-005  1.133953850793E-029  1.133953850682E-029  1.108662245235E-039  6.479047519116E-004
 3.388000000000E+004  9.533576237338E-011 -1.970881685956E-005  1.111601298052E-029  1.111601297946E-029  1.059753572050E-039  6.351332223413E-004
 3.428000000000E+004  9.288120068856E-011 -1.934776005836E-005  1.088647781905E-029  1.088647781804E-029  1.011149131102E-039  6.220183216136E-004
 3.467000000000E+004  9.058860570759E-011 -1.897152359491E-005  1.066815977084E-029  1.066815976987E-029  9.664137191060E-040  6.095443306529E-004
 3.508000000000E+004  8.827996773696E-011 -1.859441329395E-005  1.044426620842E-029  1.044426620750E-029  9.220194839154E-040  5.967517727460E-004
 3.548000000000E+004  8.612278035508E-011 -1.818535894689E-005  1.023118549349E-029  1.023118549261E-029  8.811381410279E-040  5.845770261606E-004
 3.589000000000E+004  8.400414691938E-011 -1.785574165418E-005  1.001806535234E-029  1.001806535150E-029  8.415590337059E-040  5.724000268876E-004
 3.631000000000E+004  8.192595107068E-011 -1.748679696732E-005  9.805097688197E-030  9.805097687394E-030  8.032919534465E-040  5.602317396602E-004
 3.673000000000E+004  7.993618237085E-011 -1.709880054354E-005  9.597349310075E-030  9.597349309308E-030  7.671754647269E-040  5.483616656459E-004
 3.715000000000E+004  7.803031268681E-011 -1.676261291739E-005  9.394632314150E-030  9.394632313417E-030  7.330660970507E-040  5.367790686247E-004
 3.758000000000E+004  7.616156819508E-011 -1.642332040556E-005  9.192114328158E-030  9.192114327458E-030  7.000858422610E-040  5.252078423909E-004
 3.802000000000E+004  7.433136993103E-011 -1.610600280026E-005  8.989960713917E-030  8.989960713248E-030  6.682360954915E-040  5.136574351865E-004
 3.846000000000E+004  7.257989391713E-011 -1.575769621060E-005  8.792754211350E-030  8.792754210711E-030  6.381771678992E-040  5.023896900288E-004
 3.890000000000E+004  7.090314835834E-011 -1.542147609667E-005  8.600316958096E-030  8.600316957486E-030  6.097895492086E-040  4.913944444344E-004
 3.936000000000E+004  6.922603475620E-011 -1.517394277608E-005  8.404048054409E-030  8.404048053827E-030  5.817789227073E-040  4.801802706603E-004
 3.981000000000E+004  6.765664303081E-011 -1.482994412684E-005  8.216733396809E-030  8.216733396253E-030  5.559165983073E-040  4.694777137025E-004
